ISO-10303-21;
HEADER;
FILE_DESCRIPTION(('Open CASCADE Model'),'2;1');
FILE_NAME('Open CASCADE Shape Model','2026-02-01T13:02:57',('Author'),(
    'Open CASCADE'),'Open CASCADE STEP processor 7.8','Open CASCADE 7.8'
  ,'Unknown');
FILE_SCHEMA(('AUTOMOTIVE_DESIGN { 1 0 10303 214 1 1 1 1 }'));
ENDSEC;
DATA;
#1 = APPLICATION_PROTOCOL_DEFINITION('international standard',
  'automotive_design',2000,#2);
#2 = APPLICATION_CONTEXT(
  'core data for automotive mechanical design processes');
#3 = SHAPE_DEFINITION_REPRESENTATION(#4,#10);
#4 = PRODUCT_DEFINITION_SHAPE('','',#5);
#5 = PRODUCT_DEFINITION('design','',#6,#9);
#6 = PRODUCT_DEFINITION_FORMATION('','',#7);
#7 = PRODUCT('Open CASCADE STEP translator 7.8 1',
  'Open CASCADE STEP translator 7.8 1','',(#8));
#8 = PRODUCT_CONTEXT('',#2,'mechanical');
#9 = PRODUCT_DEFINITION_CONTEXT('part definition',#2,'design');
#10 = SHAPE_REPRESENTATION('',(#11,#15,#19),#23);
#11 = AXIS2_PLACEMENT_3D('',#12,#13,#14);
#12 = CARTESIAN_POINT('',(0.,0.,0.));
#13 = DIRECTION('',(0.,0.,1.));
#14 = DIRECTION('',(1.,0.,-0.));
#15 = AXIS2_PLACEMENT_3D('',#16,#17,#18);
#16 = CARTESIAN_POINT('',(0.,0.,0.));
#17 = DIRECTION('',(0.,0.,1.));
#18 = DIRECTION('',(1.,0.,-0.));
#19 = AXIS2_PLACEMENT_3D('',#20,#21,#22);
#20 = CARTESIAN_POINT('',(0.,0.,0.));
#21 = DIRECTION('',(0.,0.,1.));
#22 = DIRECTION('',(1.,0.,-0.));
#23 = ( GEOMETRIC_REPRESENTATION_CONTEXT(3) 
GLOBAL_UNCERTAINTY_ASSIGNED_CONTEXT((#27)) GLOBAL_UNIT_ASSIGNED_CONTEXT(
(#24,#25,#26)) REPRESENTATION_CONTEXT('Context #1',
  '3D Context with UNIT and UNCERTAINTY') );
#24 = ( LENGTH_UNIT() NAMED_UNIT(*) SI_UNIT(.MILLI.,.METRE.) );
#25 = ( NAMED_UNIT(*) PLANE_ANGLE_UNIT() SI_UNIT($,.RADIAN.) );
#26 = ( NAMED_UNIT(*) SI_UNIT($,.STERADIAN.) SOLID_ANGLE_UNIT() );
#27 = UNCERTAINTY_MEASURE_WITH_UNIT(LENGTH_MEASURE(1.E-07),#24,
  'distance_accuracy_value','confusion accuracy');
#28 = PRODUCT_RELATED_PRODUCT_CATEGORY('part',$,(#7));
#29 = SHAPE_DEFINITION_REPRESENTATION(#30,#36);
#30 = PRODUCT_DEFINITION_SHAPE('','',#31);
#31 = PRODUCT_DEFINITION('design','',#32,#35);
#32 = PRODUCT_DEFINITION_FORMATION('','',#33);
#33 = PRODUCT('Open CASCADE STEP translator 7.8 1.1',
  'Open CASCADE STEP translator 7.8 1.1','',(#34));
#34 = PRODUCT_CONTEXT('',#2,'mechanical');
#35 = PRODUCT_DEFINITION_CONTEXT('part definition',#2,'design');
#36 = ADVANCED_BREP_SHAPE_REPRESENTATION('',(#11,#37),#1469);
#37 = MANIFOLD_SOLID_BREP('',#38);
#38 = CLOSED_SHELL('',(#39,#248,#375,#622,#626,#684,#688,#864,#995,#1112
    ,#1243,#1337,#1395,#1399,#1457,#1461,#1465));
#39 = ADVANCED_FACE('',(#40),#55,.T.);
#40 = FACE_BOUND('',#41,.F.);
#41 = EDGE_LOOP('',(#42,#90,#113,#140,#141,#177,#216));
#42 = ORIENTED_EDGE('',*,*,#43,.T.);
#43 = EDGE_CURVE('',#44,#46,#48,.T.);
#44 = VERTEX_POINT('',#45);
#45 = CARTESIAN_POINT('',(25.287941790506,14.6,1.3));
#46 = VERTEX_POINT('',#47);
#47 = CARTESIAN_POINT('',(27.539607840345,15.9,0.));
#48 = SURFACE_CURVE('',#49,(#54,#72),.PCURVE_S1.);
#49 = ELLIPSE('',#50,2.6,1.3);
#50 = AXIS2_PLACEMENT_3D('',#51,#52,#53);
#51 = CARTESIAN_POINT('',(25.287941790506,14.6,0.));
#52 = DIRECTION('',(-0.5,0.866025403784,0.));
#53 = DIRECTION('',(-0.866025403784,-0.5,0.));
#54 = PCURVE('',#55,#60);
#55 = CYLINDRICAL_SURFACE('',#56,1.3);
#56 = AXIS2_PLACEMENT_3D('',#57,#58,#59);
#57 = CARTESIAN_POINT('',(0.,14.6,0.));
#58 = DIRECTION('',(-1.,-0.,-0.));
#59 = DIRECTION('',(0.,1.,0.));
#60 = DEFINITIONAL_REPRESENTATION('',(#61),#71);
#61 = B_SPLINE_CURVE_WITH_KNOTS('',8,(#62,#63,#64,#65,#66,#67,#68,#69,
    #70),.UNSPECIFIED.,.F.,.F.,(9,9),(1.570796326795,3.14159265359),
  .PIECEWISE_BEZIER_KNOTS.);
#62 = CARTESIAN_POINT('',(-1.570796326795,-25.2879417905));
#63 = CARTESIAN_POINT('',(-1.374446785946,-25.73005538553));
#64 = CARTESIAN_POINT('',(-1.178097245096,-26.17216908552));
#65 = CARTESIAN_POINT('',(-0.981747704246,-26.58830879411));
#66 = CARTESIAN_POINT('',(-0.785398163394,-26.95250562111));
#67 = CARTESIAN_POINT('',(-0.589048622549,-27.24197822294));
#68 = CARTESIAN_POINT('',(-0.392699081698,-27.44039768691));
#69 = CARTESIAN_POINT('',(-0.196349540849,-27.53960784034));
#70 = CARTESIAN_POINT('',(-1.224646799147E-16,-27.53960784034));
#71 = ( GEOMETRIC_REPRESENTATION_CONTEXT(2) 
PARAMETRIC_REPRESENTATION_CONTEXT() REPRESENTATION_CONTEXT('2D SPACE',''
  ) );
#72 = PCURVE('',#73,#78);
#73 = CYLINDRICAL_SURFACE('',#74,1.3);
#74 = AXIS2_PLACEMENT_3D('',#75,#76,#77);
#75 = CARTESIAN_POINT('',(12.643970895253,-7.3,0.));
#76 = DIRECTION('',(-0.5,-0.866025403784,0.));
#77 = DIRECTION('',(0.866025403784,-0.5,0.));
#78 = DEFINITIONAL_REPRESENTATION('',(#79),#89);
#79 = B_SPLINE_CURVE_WITH_KNOTS('',8,(#80,#81,#82,#83,#84,#85,#86,#87,
    #88),.UNSPECIFIED.,.F.,.F.,(9,9),(1.570796326795,3.14159265359),
  .PIECEWISE_BEZIER_KNOTS.);
#80 = CARTESIAN_POINT('',(1.570796326795,-25.2879417905));
#81 = CARTESIAN_POINT('',(1.374446785946,-25.73005538553));
#82 = CARTESIAN_POINT('',(1.178097245096,-26.17216908552));
#83 = CARTESIAN_POINT('',(0.981747704246,-26.58830879411));
#84 = CARTESIAN_POINT('',(0.785398163399,-26.95250562111));
#85 = CARTESIAN_POINT('',(0.589048622546,-27.24197822294));
#86 = CARTESIAN_POINT('',(0.392699081699,-27.44039768691));
#87 = CARTESIAN_POINT('',(0.196349540849,-27.53960784034));
#88 = CARTESIAN_POINT('',(1.224646799147E-16,-27.53960784034));
#89 = ( GEOMETRIC_REPRESENTATION_CONTEXT(2) 
PARAMETRIC_REPRESENTATION_CONTEXT() REPRESENTATION_CONTEXT('2D SPACE',''
  ) );
#90 = ORIENTED_EDGE('',*,*,#91,.T.);
#91 = EDGE_CURVE('',#46,#92,#94,.T.);
#92 = VERTEX_POINT('',#93);
#93 = CARTESIAN_POINT('',(40.,15.9,0.));
#94 = SEAM_CURVE('',#95,(#99,#106),.PCURVE_S1.);
#95 = LINE('',#96,#97);
#96 = CARTESIAN_POINT('',(0.,15.9,0.));
#97 = VECTOR('',#98,1.);
#98 = DIRECTION('',(1.,0.,0.));
#99 = PCURVE('',#55,#100);
#100 = DEFINITIONAL_REPRESENTATION('',(#101),#105);
#101 = LINE('',#102,#103);
#102 = CARTESIAN_POINT('',(-6.28318530718,0.));
#103 = VECTOR('',#104,1.);
#104 = DIRECTION('',(-0.,-1.));
#105 = ( GEOMETRIC_REPRESENTATION_CONTEXT(2) 
PARAMETRIC_REPRESENTATION_CONTEXT() REPRESENTATION_CONTEXT('2D SPACE',''
  ) );
#106 = PCURVE('',#55,#107);
#107 = DEFINITIONAL_REPRESENTATION('',(#108),#112);
#108 = LINE('',#109,#110);
#109 = CARTESIAN_POINT('',(-0.,0.));
#110 = VECTOR('',#111,1.);
#111 = DIRECTION('',(-0.,-1.));
#112 = ( GEOMETRIC_REPRESENTATION_CONTEXT(2) 
PARAMETRIC_REPRESENTATION_CONTEXT() REPRESENTATION_CONTEXT('2D SPACE',''
  ) );
#113 = ORIENTED_EDGE('',*,*,#114,.T.);
#114 = EDGE_CURVE('',#92,#92,#115,.T.);
#115 = SURFACE_CURVE('',#116,(#121,#128),.PCURVE_S1.);
#116 = CIRCLE('',#117,1.3);
#117 = AXIS2_PLACEMENT_3D('',#118,#119,#120);
#118 = CARTESIAN_POINT('',(40.,14.6,0.));
#119 = DIRECTION('',(1.,0.,0.));
#120 = DIRECTION('',(0.,1.,0.));
#121 = PCURVE('',#55,#122);
#122 = DEFINITIONAL_REPRESENTATION('',(#123),#127);
#123 = LINE('',#124,#125);
#124 = CARTESIAN_POINT('',(-0.,-40.));
#125 = VECTOR('',#126,1.);
#126 = DIRECTION('',(-1.,0.));
#127 = ( GEOMETRIC_REPRESENTATION_CONTEXT(2) 
PARAMETRIC_REPRESENTATION_CONTEXT() REPRESENTATION_CONTEXT('2D SPACE',''
  ) );
#128 = PCURVE('',#129,#134);
#129 = PLANE('',#130);
#130 = AXIS2_PLACEMENT_3D('',#131,#132,#133);
#131 = CARTESIAN_POINT('',(40.,14.6,1.267428610134E-17));
#132 = DIRECTION('',(1.,0.,0.));
#133 = DIRECTION('',(0.,0.,1.));
#134 = DEFINITIONAL_REPRESENTATION('',(#135),#139);
#135 = CIRCLE('',#136,1.3);
#136 = AXIS2_PLACEMENT_2D('',#137,#138);
#137 = CARTESIAN_POINT('',(-1.267428610134E-17,0.));
#138 = DIRECTION('',(0.,-1.));
#139 = ( GEOMETRIC_REPRESENTATION_CONTEXT(2) 
PARAMETRIC_REPRESENTATION_CONTEXT() REPRESENTATION_CONTEXT('2D SPACE',''
  ) );
#140 = ORIENTED_EDGE('',*,*,#91,.F.);
#141 = ORIENTED_EDGE('',*,*,#142,.T.);
#142 = EDGE_CURVE('',#46,#143,#145,.T.);
#143 = VERTEX_POINT('',#144);
#144 = CARTESIAN_POINT('',(25.287941790506,14.6,-1.3));
#145 = SURFACE_CURVE('',#146,(#151,#164),.PCURVE_S1.);
#146 = ELLIPSE('',#147,2.6,1.3);
#147 = AXIS2_PLACEMENT_3D('',#148,#149,#150);
#148 = CARTESIAN_POINT('',(25.287941790506,14.6,0.));
#149 = DIRECTION('',(-0.5,0.866025403784,0.));
#150 = DIRECTION('',(-0.866025403784,-0.5,0.));
#151 = PCURVE('',#55,#152);
#152 = DEFINITIONAL_REPRESENTATION('',(#153),#163);
#153 = B_SPLINE_CURVE_WITH_KNOTS('',8,(#154,#155,#156,#157,#158,#159,
    #160,#161,#162),.UNSPECIFIED.,.F.,.F.,(9,9),(3.14159265359,
    4.712388980385),.PIECEWISE_BEZIER_KNOTS.);
#154 = CARTESIAN_POINT('',(-6.28318530718,-27.53960784034));
#155 = CARTESIAN_POINT('',(-6.08683576633,-27.53960784034));
#156 = CARTESIAN_POINT('',(-5.890486225482,-27.44039768692));
#157 = CARTESIAN_POINT('',(-5.694136684629,-27.24197822279));
#158 = CARTESIAN_POINT('',(-5.49778714379,-26.95250562125));
#159 = CARTESIAN_POINT('',(-5.301437602929,-26.58830879398));
#160 = CARTESIAN_POINT('',(-5.105088062085,-26.17216908554));
#161 = CARTESIAN_POINT('',(-4.908738521234,-25.73005538553));
#162 = CARTESIAN_POINT('',(-4.712388980385,-25.2879417905));
#163 = ( GEOMETRIC_REPRESENTATION_CONTEXT(2) 
PARAMETRIC_REPRESENTATION_CONTEXT() REPRESENTATION_CONTEXT('2D SPACE',''
  ) );
#164 = PCURVE('',#73,#165);
#165 = DEFINITIONAL_REPRESENTATION('',(#166),#176);
#166 = B_SPLINE_CURVE_WITH_KNOTS('',8,(#167,#168,#169,#170,#171,#172,
    #173,#174,#175),.UNSPECIFIED.,.F.,.F.,(9,9),(3.14159265359,
    4.712388980385),.PIECEWISE_BEZIER_KNOTS.);
#167 = CARTESIAN_POINT('',(6.28318530718,-27.53960784034));
#168 = CARTESIAN_POINT('',(6.08683576633,-27.53960784034));
#169 = CARTESIAN_POINT('',(5.890486225482,-27.44039768692));
#170 = CARTESIAN_POINT('',(5.69413668463,-27.24197822286));
#171 = CARTESIAN_POINT('',(5.497787143787,-26.95250562119));
#172 = CARTESIAN_POINT('',(5.301437602929,-26.58830879405));
#173 = CARTESIAN_POINT('',(5.105088062085,-26.17216908554));
#174 = CARTESIAN_POINT('',(4.908738521234,-25.73005538553));
#175 = CARTESIAN_POINT('',(4.712388980385,-25.2879417905));
#176 = ( GEOMETRIC_REPRESENTATION_CONTEXT(2) 
PARAMETRIC_REPRESENTATION_CONTEXT() REPRESENTATION_CONTEXT('2D SPACE',''
  ) );
#177 = ORIENTED_EDGE('',*,*,#178,.T.);
#178 = EDGE_CURVE('',#143,#179,#181,.T.);
#179 = VERTEX_POINT('',#180);
#180 = CARTESIAN_POINT('',(26.038497140452,13.3,0.));
#181 = SURFACE_CURVE('',#182,(#187,#199),.PCURVE_S1.);
#182 = ELLIPSE('',#183,1.501110699893,1.3);
#183 = AXIS2_PLACEMENT_3D('',#184,#185,#186);
#184 = CARTESIAN_POINT('',(25.287941790506,14.6,0.));
#185 = DIRECTION('',(-0.866025403784,-0.5,0.));
#186 = DIRECTION('',(-0.5,0.866025403784,0.));
#187 = PCURVE('',#55,#188);
#188 = DEFINITIONAL_REPRESENTATION('',(#189),#198);
#189 = B_SPLINE_CURVE_WITH_KNOTS('',7,(#190,#191,#192,#193,#194,#195,
    #196,#197),.UNSPECIFIED.,.F.,.F.,(8,8),(1.570796326795,3.14159265359
    ),.PIECEWISE_BEZIER_KNOTS.);
#190 = CARTESIAN_POINT('',(-4.712388980385,-25.2879417905));
#191 = CARTESIAN_POINT('',(-4.487989505128,-25.45636601718));
#192 = CARTESIAN_POINT('',(-4.263590029871,-25.62478955996));
#193 = CARTESIAN_POINT('',(-4.039190554617,-25.77936552344));
#194 = CARTESIAN_POINT('',(-3.814791079358,-25.90622114544));
#195 = CARTESIAN_POINT('',(-3.590391604103,-25.99440300992));
#196 = CARTESIAN_POINT('',(-3.365992128846,-26.03849714045));
#197 = CARTESIAN_POINT('',(-3.14159265359,-26.03849714045));
#198 = ( GEOMETRIC_REPRESENTATION_CONTEXT(2) 
PARAMETRIC_REPRESENTATION_CONTEXT() REPRESENTATION_CONTEXT('2D SPACE',''
  ) );
#199 = PCURVE('',#200,#205);
#200 = CYLINDRICAL_SURFACE('',#201,1.3);
#201 = AXIS2_PLACEMENT_3D('',#202,#203,#204);
#202 = CARTESIAN_POINT('',(12.643970895253,-7.3,0.));
#203 = DIRECTION('',(-0.5,-0.866025403784,0.));
#204 = DIRECTION('',(0.866025403784,-0.5,0.));
#205 = DEFINITIONAL_REPRESENTATION('',(#206),#215);
#206 = B_SPLINE_CURVE_WITH_KNOTS('',7,(#207,#208,#209,#210,#211,#212,
    #213,#214),.UNSPECIFIED.,.F.,.F.,(8,8),(1.570796326795,3.14159265359
    ),.PIECEWISE_BEZIER_KNOTS.);
#207 = CARTESIAN_POINT('',(4.712388980385,-25.2879417905));
#208 = CARTESIAN_POINT('',(4.936788455641,-25.11951756382));
#209 = CARTESIAN_POINT('',(5.161187930898,-24.95109402105));
#210 = CARTESIAN_POINT('',(5.385587406153,-24.79651805756));
#211 = CARTESIAN_POINT('',(5.609986881413,-24.66966243558));
#212 = CARTESIAN_POINT('',(5.834386356666,-24.58148057108));
#213 = CARTESIAN_POINT('',(6.058785831923,-24.53738644055));
#214 = CARTESIAN_POINT('',(6.28318530718,-24.53738644055));
#215 = ( GEOMETRIC_REPRESENTATION_CONTEXT(2) 
PARAMETRIC_REPRESENTATION_CONTEXT() REPRESENTATION_CONTEXT('2D SPACE',''
  ) );
#216 = ORIENTED_EDGE('',*,*,#217,.T.);
#217 = EDGE_CURVE('',#179,#44,#218,.T.);
#218 = SURFACE_CURVE('',#219,(#224,#236),.PCURVE_S1.);
#219 = ELLIPSE('',#220,1.501110699893,1.3);
#220 = AXIS2_PLACEMENT_3D('',#221,#222,#223);
#221 = CARTESIAN_POINT('',(25.287941790506,14.6,0.));
#222 = DIRECTION('',(-0.866025403784,-0.5,0.));
#223 = DIRECTION('',(-0.5,0.866025403784,0.));
#224 = PCURVE('',#55,#225);
#225 = DEFINITIONAL_REPRESENTATION('',(#226),#235);
#226 = B_SPLINE_CURVE_WITH_KNOTS('',7,(#227,#228,#229,#230,#231,#232,
    #233,#234),.UNSPECIFIED.,.F.,.F.,(8,8),(3.14159265359,4.712388980385
    ),.PIECEWISE_BEZIER_KNOTS.);
#227 = CARTESIAN_POINT('',(-3.14159265359,-26.03849714045));
#228 = CARTESIAN_POINT('',(-2.917193178333,-26.03849714045));
#229 = CARTESIAN_POINT('',(-2.692793703077,-25.99440300992));
#230 = CARTESIAN_POINT('',(-2.468394227821,-25.90622114543));
#231 = CARTESIAN_POINT('',(-2.243994752564,-25.77936552345));
#232 = CARTESIAN_POINT('',(-2.019595277308,-25.62478955996));
#233 = CARTESIAN_POINT('',(-1.795195802051,-25.45636601718));
#234 = CARTESIAN_POINT('',(-1.570796326795,-25.2879417905));
#235 = ( GEOMETRIC_REPRESENTATION_CONTEXT(2) 
PARAMETRIC_REPRESENTATION_CONTEXT() REPRESENTATION_CONTEXT('2D SPACE',''
  ) );
#236 = PCURVE('',#200,#237);
#237 = DEFINITIONAL_REPRESENTATION('',(#238),#247);
#238 = B_SPLINE_CURVE_WITH_KNOTS('',7,(#239,#240,#241,#242,#243,#244,
    #245,#246),.UNSPECIFIED.,.F.,.F.,(8,8),(3.14159265359,4.712388980385
    ),.PIECEWISE_BEZIER_KNOTS.);
#239 = CARTESIAN_POINT('',(-8.881784197001E-16,-24.53738644055));
#240 = CARTESIAN_POINT('',(0.224399475256,-24.53738644055));
#241 = CARTESIAN_POINT('',(0.448798950513,-24.58148057108));
#242 = CARTESIAN_POINT('',(0.673198425769,-24.66966243558));
#243 = CARTESIAN_POINT('',(0.897597901026,-24.79651805755));
#244 = CARTESIAN_POINT('',(1.121997376282,-24.95109402105));
#245 = CARTESIAN_POINT('',(1.346396851538,-25.11951756382));
#246 = CARTESIAN_POINT('',(1.570796326795,-25.2879417905));
#247 = ( GEOMETRIC_REPRESENTATION_CONTEXT(2) 
PARAMETRIC_REPRESENTATION_CONTEXT() REPRESENTATION_CONTEXT('2D SPACE',''
  ) );
#248 = ADVANCED_FACE('',(#249),#73,.T.);
#249 = FACE_BOUND('',#250,.T.);
#250 = EDGE_LOOP('',(#251,#252,#275,#302,#303,#304,#343));
#251 = ORIENTED_EDGE('',*,*,#43,.T.);
#252 = ORIENTED_EDGE('',*,*,#253,.T.);
#253 = EDGE_CURVE('',#46,#254,#256,.T.);
#254 = VERTEX_POINT('',#255);
#255 = CARTESIAN_POINT('',(33.769803920173,26.691016151378,0.));
#256 = SEAM_CURVE('',#257,(#261,#268),.PCURVE_S1.);
#257 = LINE('',#258,#259);
#258 = CARTESIAN_POINT('',(13.769803920173,-7.95,0.));
#259 = VECTOR('',#260,1.);
#260 = DIRECTION('',(0.5,0.866025403784,-0.));
#261 = PCURVE('',#73,#262);
#262 = DEFINITIONAL_REPRESENTATION('',(#263),#267);
#263 = LINE('',#264,#265);
#264 = CARTESIAN_POINT('',(6.28318530718,0.));
#265 = VECTOR('',#266,1.);
#266 = DIRECTION('',(0.,-1.));
#267 = ( GEOMETRIC_REPRESENTATION_CONTEXT(2) 
PARAMETRIC_REPRESENTATION_CONTEXT() REPRESENTATION_CONTEXT('2D SPACE',''
  ) );
#268 = PCURVE('',#73,#269);
#269 = DEFINITIONAL_REPRESENTATION('',(#270),#274);
#270 = LINE('',#271,#272);
#271 = CARTESIAN_POINT('',(0.,0.));
#272 = VECTOR('',#273,1.);
#273 = DIRECTION('',(0.,-1.));
#274 = ( GEOMETRIC_REPRESENTATION_CONTEXT(2) 
PARAMETRIC_REPRESENTATION_CONTEXT() REPRESENTATION_CONTEXT('2D SPACE',''
  ) );
#275 = ORIENTED_EDGE('',*,*,#276,.T.);
#276 = EDGE_CURVE('',#254,#254,#277,.T.);
#277 = SURFACE_CURVE('',#278,(#283,#290),.PCURVE_S1.);
#278 = CIRCLE('',#279,1.3);
#279 = AXIS2_PLACEMENT_3D('',#280,#281,#282);
#280 = CARTESIAN_POINT('',(32.643970895253,27.341016151378,0.));
#281 = DIRECTION('',(-0.5,-0.866025403784,0.));
#282 = DIRECTION('',(0.866025403784,-0.5,0.));
#283 = PCURVE('',#73,#284);
#284 = DEFINITIONAL_REPRESENTATION('',(#285),#289);
#285 = LINE('',#286,#287);
#286 = CARTESIAN_POINT('',(0.,-40.));
#287 = VECTOR('',#288,1.);
#288 = DIRECTION('',(1.,0.));
#289 = ( GEOMETRIC_REPRESENTATION_CONTEXT(2) 
PARAMETRIC_REPRESENTATION_CONTEXT() REPRESENTATION_CONTEXT('2D SPACE',''
  ) );
#290 = PCURVE('',#291,#296);
#291 = PLANE('',#292);
#292 = AXIS2_PLACEMENT_3D('',#293,#294,#295);
#293 = CARTESIAN_POINT('',(32.643970895253,27.341016151378,
    1.267428610134E-17));
#294 = DIRECTION('',(-0.5,-0.866025403784,0.));
#295 = DIRECTION('',(0.,0.,1.));
#296 = DEFINITIONAL_REPRESENTATION('',(#297),#301);
#297 = CIRCLE('',#298,1.3);
#298 = AXIS2_PLACEMENT_2D('',#299,#300);
#299 = CARTESIAN_POINT('',(-1.267428610134E-17,0.));
#300 = DIRECTION('',(0.,-1.));
#301 = ( GEOMETRIC_REPRESENTATION_CONTEXT(2) 
PARAMETRIC_REPRESENTATION_CONTEXT() REPRESENTATION_CONTEXT('2D SPACE',''
  ) );
#302 = ORIENTED_EDGE('',*,*,#253,.F.);
#303 = ORIENTED_EDGE('',*,*,#142,.T.);
#304 = ORIENTED_EDGE('',*,*,#305,.F.);
#305 = EDGE_CURVE('',#306,#143,#308,.T.);
#306 = VERTEX_POINT('',#307);
#307 = CARTESIAN_POINT('',(24.537386440559,15.9,0.));
#308 = SURFACE_CURVE('',#309,(#314,#326),.PCURVE_S1.);
#309 = ELLIPSE('',#310,1.501110699893,1.3);
#310 = AXIS2_PLACEMENT_3D('',#311,#312,#313);
#311 = CARTESIAN_POINT('',(25.287941790506,14.6,0.));
#312 = DIRECTION('',(-0.866025403784,-0.5,0.));
#313 = DIRECTION('',(-0.5,0.866025403784,0.));
#314 = PCURVE('',#73,#315);
#315 = DEFINITIONAL_REPRESENTATION('',(#316),#325);
#316 = B_SPLINE_CURVE_WITH_KNOTS('',7,(#317,#318,#319,#320,#321,#322,
    #323,#324),.UNSPECIFIED.,.F.,.F.,(8,8),(0.,1.570796326795),
  .PIECEWISE_BEZIER_KNOTS.);
#317 = CARTESIAN_POINT('',(3.14159265359,-26.03849714045));
#318 = CARTESIAN_POINT('',(3.365992128846,-26.03849714045));
#319 = CARTESIAN_POINT('',(3.590391604102,-25.99440300992));
#320 = CARTESIAN_POINT('',(3.81479107936,-25.90622114544));
#321 = CARTESIAN_POINT('',(4.039190554615,-25.77936552344));
#322 = CARTESIAN_POINT('',(4.263590029872,-25.62478955996));
#323 = CARTESIAN_POINT('',(4.487989505128,-25.45636601718));
#324 = CARTESIAN_POINT('',(4.712388980385,-25.2879417905));
#325 = ( GEOMETRIC_REPRESENTATION_CONTEXT(2) 
PARAMETRIC_REPRESENTATION_CONTEXT() REPRESENTATION_CONTEXT('2D SPACE',''
  ) );
#326 = PCURVE('',#327,#332);
#327 = CYLINDRICAL_SURFACE('',#328,1.3);
#328 = AXIS2_PLACEMENT_3D('',#329,#330,#331);
#329 = CARTESIAN_POINT('',(0.,14.6,0.));
#330 = DIRECTION('',(-1.,-0.,-0.));
#331 = DIRECTION('',(0.,1.,0.));
#332 = DEFINITIONAL_REPRESENTATION('',(#333),#342);
#333 = B_SPLINE_CURVE_WITH_KNOTS('',7,(#334,#335,#336,#337,#338,#339,
    #340,#341),.UNSPECIFIED.,.F.,.F.,(8,8),(0.,1.570796326795),
  .PIECEWISE_BEZIER_KNOTS.);
#334 = CARTESIAN_POINT('',(-6.28318530718,-24.53738644055));
#335 = CARTESIAN_POINT('',(-6.058785831923,-24.53738644055));
#336 = CARTESIAN_POINT('',(-5.834386356667,-24.58148057108));
#337 = CARTESIAN_POINT('',(-5.60998688141,-24.66966243557));
#338 = CARTESIAN_POINT('',(-5.385587406154,-24.79651805755));
#339 = CARTESIAN_POINT('',(-5.161187930897,-24.95109402105));
#340 = CARTESIAN_POINT('',(-4.936788455641,-25.11951756382));
#341 = CARTESIAN_POINT('',(-4.712388980385,-25.2879417905));
#342 = ( GEOMETRIC_REPRESENTATION_CONTEXT(2) 
PARAMETRIC_REPRESENTATION_CONTEXT() REPRESENTATION_CONTEXT('2D SPACE',''
  ) );
#343 = ORIENTED_EDGE('',*,*,#344,.F.);
#344 = EDGE_CURVE('',#44,#306,#345,.T.);
#345 = SURFACE_CURVE('',#346,(#351,#363),.PCURVE_S1.);
#346 = ELLIPSE('',#347,1.501110699893,1.3);
#347 = AXIS2_PLACEMENT_3D('',#348,#349,#350);
#348 = CARTESIAN_POINT('',(25.287941790506,14.6,0.));
#349 = DIRECTION('',(-0.866025403784,-0.5,0.));
#350 = DIRECTION('',(-0.5,0.866025403784,0.));
#351 = PCURVE('',#73,#352);
#352 = DEFINITIONAL_REPRESENTATION('',(#353),#362);
#353 = B_SPLINE_CURVE_WITH_KNOTS('',7,(#354,#355,#356,#357,#358,#359,
    #360,#361),.UNSPECIFIED.,.F.,.F.,(8,8),(4.712388980385,6.28318530718
    ),.PIECEWISE_BEZIER_KNOTS.);
#354 = CARTESIAN_POINT('',(1.570796326795,-25.2879417905));
#355 = CARTESIAN_POINT('',(1.795195802051,-25.45636601718));
#356 = CARTESIAN_POINT('',(2.019595277307,-25.62478955995));
#357 = CARTESIAN_POINT('',(2.243994752565,-25.77936552346));
#358 = CARTESIAN_POINT('',(2.46839422782,-25.90622114543));
#359 = CARTESIAN_POINT('',(2.692793703077,-25.99440300992));
#360 = CARTESIAN_POINT('',(2.917193178333,-26.03849714045));
#361 = CARTESIAN_POINT('',(3.14159265359,-26.03849714045));
#362 = ( GEOMETRIC_REPRESENTATION_CONTEXT(2) 
PARAMETRIC_REPRESENTATION_CONTEXT() REPRESENTATION_CONTEXT('2D SPACE',''
  ) );
#363 = PCURVE('',#327,#364);
#364 = DEFINITIONAL_REPRESENTATION('',(#365),#374);
#365 = B_SPLINE_CURVE_WITH_KNOTS('',7,(#366,#367,#368,#369,#370,#371,
    #372,#373),.UNSPECIFIED.,.F.,.F.,(8,8),(4.712388980385,6.28318530718
    ),.PIECEWISE_BEZIER_KNOTS.);
#366 = CARTESIAN_POINT('',(-1.570796326795,-25.2879417905));
#367 = CARTESIAN_POINT('',(-1.346396851538,-25.11951756382));
#368 = CARTESIAN_POINT('',(-1.121997376282,-24.95109402105));
#369 = CARTESIAN_POINT('',(-0.897597901026,-24.79651805755));
#370 = CARTESIAN_POINT('',(-0.673198425769,-24.66966243558));
#371 = CARTESIAN_POINT('',(-0.448798950513,-24.58148057108));
#372 = CARTESIAN_POINT('',(-0.224399475256,-24.53738644055));
#373 = CARTESIAN_POINT('',(-2.449293598295E-16,-24.53738644055));
#374 = ( GEOMETRIC_REPRESENTATION_CONTEXT(2) 
PARAMETRIC_REPRESENTATION_CONTEXT() REPRESENTATION_CONTEXT('2D SPACE',''
  ) );
#375 = ADVANCED_FACE('',(#376),#200,.T.);
#376 = FACE_BOUND('',#377,.T.);
#377 = EDGE_LOOP('',(#378,#379,#402,#441,#482,#518,#550,#551,#552,#588)
  );
#378 = ORIENTED_EDGE('',*,*,#178,.T.);
#379 = ORIENTED_EDGE('',*,*,#380,.T.);
#380 = EDGE_CURVE('',#179,#381,#383,.T.);
#381 = VERTEX_POINT('',#382);
#382 = CARTESIAN_POINT('',(1.501110699893,-29.2,0.));
#383 = SEAM_CURVE('',#384,(#388,#395),.PCURVE_S1.);
#384 = LINE('',#385,#386);
#385 = CARTESIAN_POINT('',(26.038497140452,13.3,0.));
#386 = VECTOR('',#387,1.);
#387 = DIRECTION('',(-0.5,-0.866025403784,0.));
#388 = PCURVE('',#200,#389);
#389 = DEFINITIONAL_REPRESENTATION('',(#390),#394);
#390 = LINE('',#391,#392);
#391 = CARTESIAN_POINT('',(6.28318530718,-24.53738644055));
#392 = VECTOR('',#393,1.);
#393 = DIRECTION('',(-0.,1.));
#394 = ( GEOMETRIC_REPRESENTATION_CONTEXT(2) 
PARAMETRIC_REPRESENTATION_CONTEXT() REPRESENTATION_CONTEXT('2D SPACE',''
  ) );
#395 = PCURVE('',#200,#396);
#396 = DEFINITIONAL_REPRESENTATION('',(#397),#401);
#397 = LINE('',#398,#399);
#398 = CARTESIAN_POINT('',(0.,-24.53738644055));
#399 = VECTOR('',#400,1.);
#400 = DIRECTION('',(-0.,1.));
#401 = ( GEOMETRIC_REPRESENTATION_CONTEXT(2) 
PARAMETRIC_REPRESENTATION_CONTEXT() REPRESENTATION_CONTEXT('2D SPACE',''
  ) );
#402 = ORIENTED_EDGE('',*,*,#403,.T.);
#403 = EDGE_CURVE('',#381,#404,#406,.T.);
#404 = VERTEX_POINT('',#405);
#405 = CARTESIAN_POINT('',(-9.402484020347E-15,-29.2,-1.3));
#406 = SURFACE_CURVE('',#407,(#412,#424),.PCURVE_S1.);
#407 = ELLIPSE('',#408,1.501110699893,1.3);
#408 = AXIS2_PLACEMENT_3D('',#409,#410,#411);
#409 = CARTESIAN_POINT('',(-9.540358801381E-15,-29.2,0.));
#410 = DIRECTION('',(3.525431591703E-16,1.,0.));
#411 = DIRECTION('',(-1.,3.525431591703E-16,0.));
#412 = PCURVE('',#200,#413);
#413 = DEFINITIONAL_REPRESENTATION('',(#414),#423);
#414 = B_SPLINE_CURVE_WITH_KNOTS('',7,(#415,#416,#417,#418,#419,#420,
    #421,#422),.UNSPECIFIED.,.F.,.F.,(8,8),(3.14159265359,4.712388980385
    ),.PIECEWISE_BEZIER_KNOTS.);
#415 = CARTESIAN_POINT('',(6.28318530718,24.537386440559));
#416 = CARTESIAN_POINT('',(6.058785831923,24.537386440559));
#417 = CARTESIAN_POINT('',(5.834386356667,24.581480571083));
#418 = CARTESIAN_POINT('',(5.60998688141,24.669662435589));
#419 = CARTESIAN_POINT('',(5.385587406154,24.796518057552));
#420 = CARTESIAN_POINT('',(5.161187930897,24.951094021054));
#421 = CARTESIAN_POINT('',(4.936788455641,25.119517563827));
#422 = CARTESIAN_POINT('',(4.712388980385,25.287941790506));
#423 = ( GEOMETRIC_REPRESENTATION_CONTEXT(2) 
PARAMETRIC_REPRESENTATION_CONTEXT() REPRESENTATION_CONTEXT('2D SPACE',''
  ) );
#424 = PCURVE('',#425,#430);
#425 = CYLINDRICAL_SURFACE('',#426,1.3);
#426 = AXIS2_PLACEMENT_3D('',#427,#428,#429);
#427 = CARTESIAN_POINT('',(-12.64397089525,-7.3,0.));
#428 = DIRECTION('',(-0.5,0.866025403784,0.));
#429 = DIRECTION('',(-0.866025403784,-0.5,0.));
#430 = DEFINITIONAL_REPRESENTATION('',(#431),#440);
#431 = B_SPLINE_CURVE_WITH_KNOTS('',7,(#432,#433,#434,#435,#436,#437,
    #438,#439),.UNSPECIFIED.,.F.,.F.,(8,8),(3.14159265359,4.712388980385
    ),.PIECEWISE_BEZIER_KNOTS.);
#432 = CARTESIAN_POINT('',(3.14159265359,-26.03849714045));
#433 = CARTESIAN_POINT('',(3.365992128846,-26.03849714045));
#434 = CARTESIAN_POINT('',(3.590391604102,-25.99440300992));
#435 = CARTESIAN_POINT('',(3.81479107936,-25.90622114543));
#436 = CARTESIAN_POINT('',(4.039190554616,-25.77936552345));
#437 = CARTESIAN_POINT('',(4.263590029872,-25.62478955996));
#438 = CARTESIAN_POINT('',(4.487989505128,-25.45636601718));
#439 = CARTESIAN_POINT('',(4.712388980385,-25.2879417905));
#440 = ( GEOMETRIC_REPRESENTATION_CONTEXT(2) 
PARAMETRIC_REPRESENTATION_CONTEXT() REPRESENTATION_CONTEXT('2D SPACE',''
  ) );
#441 = ORIENTED_EDGE('',*,*,#442,.F.);
#442 = EDGE_CURVE('',#443,#404,#445,.T.);
#443 = VERTEX_POINT('',#444);
#444 = CARTESIAN_POINT('',(-8.385726855771E-15,-26.6,1.592040838892E-16)
  );
#445 = SURFACE_CURVE('',#446,(#451,#464),.PCURVE_S1.);
#446 = ELLIPSE('',#447,2.6,1.3);
#447 = AXIS2_PLACEMENT_3D('',#448,#449,#450);
#448 = CARTESIAN_POINT('',(-9.540358801381E-15,-29.2,0.));
#449 = DIRECTION('',(-1.,4.440892098501E-16,0.));
#450 = DIRECTION('',(4.440892098501E-16,1.,0.));
#451 = PCURVE('',#200,#452);
#452 = DEFINITIONAL_REPRESENTATION('',(#453),#463);
#453 = B_SPLINE_CURVE_WITH_KNOTS('',8,(#454,#455,#456,#457,#458,#459,
    #460,#461,#462),.UNSPECIFIED.,.F.,.F.,(9,9),(0.,1.570796326795),
  .PIECEWISE_BEZIER_KNOTS.);
#454 = CARTESIAN_POINT('',(3.14159265359,23.036275740666));
#455 = CARTESIAN_POINT('',(3.337942194439,23.036275740666));
#456 = CARTESIAN_POINT('',(3.534291735288,23.135485894084));
#457 = CARTESIAN_POINT('',(3.730641276122,23.333905358059));
#458 = CARTESIAN_POINT('',(3.926990816995,23.62337795978));
#459 = CARTESIAN_POINT('',(4.123340357824,23.98757478684));
#460 = CARTESIAN_POINT('',(4.319689898686,24.403714495471));
#461 = CARTESIAN_POINT('',(4.516039439535,24.845828195474));
#462 = CARTESIAN_POINT('',(4.712388980385,25.287941790506));
#463 = ( GEOMETRIC_REPRESENTATION_CONTEXT(2) 
PARAMETRIC_REPRESENTATION_CONTEXT() REPRESENTATION_CONTEXT('2D SPACE',''
  ) );
#464 = PCURVE('',#465,#470);
#465 = CYLINDRICAL_SURFACE('',#466,1.3);
#466 = AXIS2_PLACEMENT_3D('',#467,#468,#469);
#467 = CARTESIAN_POINT('',(-12.64397089525,-7.3,0.));
#468 = DIRECTION('',(-0.5,0.866025403784,0.));
#469 = DIRECTION('',(-0.866025403784,-0.5,0.));
#470 = DEFINITIONAL_REPRESENTATION('',(#471),#481);
#471 = B_SPLINE_CURVE_WITH_KNOTS('',8,(#472,#473,#474,#475,#476,#477,
    #478,#479,#480),.UNSPECIFIED.,.F.,.F.,(9,9),(0.,1.570796326795),
  .PIECEWISE_BEZIER_KNOTS.);
#472 = CARTESIAN_POINT('',(3.14159265359,-23.03627574066));
#473 = CARTESIAN_POINT('',(3.337942194439,-23.03627574066));
#474 = CARTESIAN_POINT('',(3.534291735284,-23.13548589405));
#475 = CARTESIAN_POINT('',(3.730641276139,-23.33390535815));
#476 = CARTESIAN_POINT('',(3.926990816972,-23.62337795967));
#477 = CARTESIAN_POINT('',(4.123340357833,-23.9875747869));
#478 = CARTESIAN_POINT('',(4.319689898683,-24.40371449545));
#479 = CARTESIAN_POINT('',(4.516039439535,-24.84582819547));
#480 = CARTESIAN_POINT('',(4.712388980385,-25.2879417905));
#481 = ( GEOMETRIC_REPRESENTATION_CONTEXT(2) 
PARAMETRIC_REPRESENTATION_CONTEXT() REPRESENTATION_CONTEXT('2D SPACE',''
  ) );
#482 = ORIENTED_EDGE('',*,*,#483,.F.);
#483 = EDGE_CURVE('',#484,#443,#486,.T.);
#484 = VERTEX_POINT('',#485);
#485 = CARTESIAN_POINT('',(-9.586317061725E-15,-29.2,1.3));
#486 = SURFACE_CURVE('',#487,(#492,#505),.PCURVE_S1.);
#487 = ELLIPSE('',#488,2.6,1.3);
#488 = AXIS2_PLACEMENT_3D('',#489,#490,#491);
#489 = CARTESIAN_POINT('',(-9.540358801381E-15,-29.2,0.));
#490 = DIRECTION('',(-1.,4.440892098501E-16,0.));
#491 = DIRECTION('',(4.440892098501E-16,1.,0.));
#492 = PCURVE('',#200,#493);
#493 = DEFINITIONAL_REPRESENTATION('',(#494),#504);
#494 = B_SPLINE_CURVE_WITH_KNOTS('',8,(#495,#496,#497,#498,#499,#500,
    #501,#502,#503),.UNSPECIFIED.,.F.,.F.,(9,9),(4.712388980385,
    6.28318530718),.PIECEWISE_BEZIER_KNOTS.);
#495 = CARTESIAN_POINT('',(1.570796326795,25.287941790506));
#496 = CARTESIAN_POINT('',(1.767145867644,24.845828195474));
#497 = CARTESIAN_POINT('',(1.963495408492,24.40371449545));
#498 = CARTESIAN_POINT('',(2.159844949347,23.987574786938));
#499 = CARTESIAN_POINT('',(2.35619449018,23.623377959659));
#500 = CARTESIAN_POINT('',(2.552544031046,23.333905358144));
#501 = CARTESIAN_POINT('',(2.748893571889,23.13548589406));
#502 = CARTESIAN_POINT('',(2.94524311274,23.036275740666));
#503 = CARTESIAN_POINT('',(3.14159265359,23.036275740666));
#504 = ( GEOMETRIC_REPRESENTATION_CONTEXT(2) 
PARAMETRIC_REPRESENTATION_CONTEXT() REPRESENTATION_CONTEXT('2D SPACE',''
  ) );
#505 = PCURVE('',#465,#506);
#506 = DEFINITIONAL_REPRESENTATION('',(#507),#517);
#507 = B_SPLINE_CURVE_WITH_KNOTS('',8,(#508,#509,#510,#511,#512,#513,
    #514,#515,#516),.UNSPECIFIED.,.F.,.F.,(9,9),(4.712388980385,
    6.28318530718),.PIECEWISE_BEZIER_KNOTS.);
#508 = CARTESIAN_POINT('',(1.570796326795,-25.2879417905));
#509 = CARTESIAN_POINT('',(1.767145867644,-24.84582819547));
#510 = CARTESIAN_POINT('',(1.96349540849,-24.40371449545));
#511 = CARTESIAN_POINT('',(2.159844949351,-23.9875747869));
#512 = CARTESIAN_POINT('',(2.356194490178,-23.62337795973));
#513 = CARTESIAN_POINT('',(2.552544031049,-23.33390535813));
#514 = CARTESIAN_POINT('',(2.748893571888,-23.13548589406));
#515 = CARTESIAN_POINT('',(2.94524311274,-23.03627574066));
#516 = CARTESIAN_POINT('',(3.14159265359,-23.03627574066));
#517 = ( GEOMETRIC_REPRESENTATION_CONTEXT(2) 
PARAMETRIC_REPRESENTATION_CONTEXT() REPRESENTATION_CONTEXT('2D SPACE',''
  ) );
#518 = ORIENTED_EDGE('',*,*,#519,.T.);
#519 = EDGE_CURVE('',#484,#381,#520,.T.);
#520 = SURFACE_CURVE('',#521,(#526,#538),.PCURVE_S1.);
#521 = ELLIPSE('',#522,1.501110699893,1.3);
#522 = AXIS2_PLACEMENT_3D('',#523,#524,#525);
#523 = CARTESIAN_POINT('',(-9.540358801381E-15,-29.2,0.));
#524 = DIRECTION('',(3.525431591703E-16,1.,0.));
#525 = DIRECTION('',(-1.,3.525431591703E-16,0.));
#526 = PCURVE('',#200,#527);
#527 = DEFINITIONAL_REPRESENTATION('',(#528),#537);
#528 = B_SPLINE_CURVE_WITH_KNOTS('',7,(#529,#530,#531,#532,#533,#534,
    #535,#536),.UNSPECIFIED.,.F.,.F.,(8,8),(1.570796326795,3.14159265359
    ),.PIECEWISE_BEZIER_KNOTS.);
#529 = CARTESIAN_POINT('',(1.570796326795,25.287941790506));
#530 = CARTESIAN_POINT('',(1.346396851538,25.119517563827));
#531 = CARTESIAN_POINT('',(1.121997376282,24.951094021051));
#532 = CARTESIAN_POINT('',(0.897597901026,24.796518057557));
#533 = CARTESIAN_POINT('',(0.673198425769,24.669662435578));
#534 = CARTESIAN_POINT('',(0.448798950513,24.581480571088));
#535 = CARTESIAN_POINT('',(0.224399475256,24.537386440559));
#536 = CARTESIAN_POINT('',(1.224646799147E-16,24.537386440559));
#537 = ( GEOMETRIC_REPRESENTATION_CONTEXT(2) 
PARAMETRIC_REPRESENTATION_CONTEXT() REPRESENTATION_CONTEXT('2D SPACE',''
  ) );
#538 = PCURVE('',#425,#539);
#539 = DEFINITIONAL_REPRESENTATION('',(#540),#549);
#540 = B_SPLINE_CURVE_WITH_KNOTS('',7,(#541,#542,#543,#544,#545,#546,
    #547,#548),.UNSPECIFIED.,.F.,.F.,(8,8),(1.570796326795,3.14159265359
    ),.PIECEWISE_BEZIER_KNOTS.);
#541 = CARTESIAN_POINT('',(1.570796326795,-25.2879417905));
#542 = CARTESIAN_POINT('',(1.795195802051,-25.45636601718));
#543 = CARTESIAN_POINT('',(2.019595277307,-25.62478955996));
#544 = CARTESIAN_POINT('',(2.243994752565,-25.77936552345));
#545 = CARTESIAN_POINT('',(2.46839422782,-25.90622114543));
#546 = CARTESIAN_POINT('',(2.692793703077,-25.99440300992));
#547 = CARTESIAN_POINT('',(2.917193178333,-26.03849714045));
#548 = CARTESIAN_POINT('',(3.14159265359,-26.03849714045));
#549 = ( GEOMETRIC_REPRESENTATION_CONTEXT(2) 
PARAMETRIC_REPRESENTATION_CONTEXT() REPRESENTATION_CONTEXT('2D SPACE',''
  ) );
#550 = ORIENTED_EDGE('',*,*,#380,.F.);
#551 = ORIENTED_EDGE('',*,*,#217,.T.);
#552 = ORIENTED_EDGE('',*,*,#553,.F.);
#553 = EDGE_CURVE('',#554,#44,#556,.T.);
#554 = VERTEX_POINT('',#555);
#555 = CARTESIAN_POINT('',(23.036275740666,13.3,-1.592040838892E-16));
#556 = SURFACE_CURVE('',#557,(#562,#575),.PCURVE_S1.);
#557 = ELLIPSE('',#558,2.6,1.3);
#558 = AXIS2_PLACEMENT_3D('',#559,#560,#561);
#559 = CARTESIAN_POINT('',(25.287941790506,14.6,0.));
#560 = DIRECTION('',(-0.5,0.866025403784,0.));
#561 = DIRECTION('',(-0.866025403784,-0.5,0.));
#562 = PCURVE('',#200,#563);
#563 = DEFINITIONAL_REPRESENTATION('',(#564),#574);
#564 = B_SPLINE_CURVE_WITH_KNOTS('',8,(#565,#566,#567,#568,#569,#570,
    #571,#572,#573),.UNSPECIFIED.,.F.,.F.,(9,9),(0.,1.570796326795),
  .PIECEWISE_BEZIER_KNOTS.);
#565 = CARTESIAN_POINT('',(3.14159265359,-23.03627574066));
#566 = CARTESIAN_POINT('',(2.94524311274,-23.03627574066));
#567 = CARTESIAN_POINT('',(2.74889357189,-23.13548589406));
#568 = CARTESIAN_POINT('',(2.552544031042,-23.33390535815));
#569 = CARTESIAN_POINT('',(2.356194490189,-23.62337795971));
#570 = CARTESIAN_POINT('',(2.159844949342,-23.98757478691));
#571 = CARTESIAN_POINT('',(1.963495408493,-24.40371449545));
#572 = CARTESIAN_POINT('',(1.767145867644,-24.84582819547));
#573 = CARTESIAN_POINT('',(1.570796326795,-25.2879417905));
#574 = ( GEOMETRIC_REPRESENTATION_CONTEXT(2) 
PARAMETRIC_REPRESENTATION_CONTEXT() REPRESENTATION_CONTEXT('2D SPACE',''
  ) );
#575 = PCURVE('',#327,#576);
#576 = DEFINITIONAL_REPRESENTATION('',(#577),#587);
#577 = B_SPLINE_CURVE_WITH_KNOTS('',8,(#578,#579,#580,#581,#582,#583,
    #584,#585,#586),.UNSPECIFIED.,.F.,.F.,(9,9),(0.,1.570796326795),
  .PIECEWISE_BEZIER_KNOTS.);
#578 = CARTESIAN_POINT('',(-3.14159265359,-23.03627574066));
#579 = CARTESIAN_POINT('',(-2.94524311274,-23.03627574066));
#580 = CARTESIAN_POINT('',(-2.748893571891,-23.13548589405));
#581 = CARTESIAN_POINT('',(-2.552544031034,-23.33390535819));
#582 = CARTESIAN_POINT('',(-2.356194490194,-23.62337795965));
#583 = CARTESIAN_POINT('',(-2.159844949338,-23.98757478695));
#584 = CARTESIAN_POINT('',(-1.963495408495,-24.40371449543));
#585 = CARTESIAN_POINT('',(-1.767145867644,-24.84582819547));
#586 = CARTESIAN_POINT('',(-1.570796326795,-25.2879417905));
#587 = ( GEOMETRIC_REPRESENTATION_CONTEXT(2) 
PARAMETRIC_REPRESENTATION_CONTEXT() REPRESENTATION_CONTEXT('2D SPACE',''
  ) );
#588 = ORIENTED_EDGE('',*,*,#589,.F.);
#589 = EDGE_CURVE('',#143,#554,#590,.T.);
#590 = SURFACE_CURVE('',#591,(#596,#609),.PCURVE_S1.);
#591 = ELLIPSE('',#592,2.6,1.3);
#592 = AXIS2_PLACEMENT_3D('',#593,#594,#595);
#593 = CARTESIAN_POINT('',(25.287941790506,14.6,0.));
#594 = DIRECTION('',(-0.5,0.866025403784,0.));
#595 = DIRECTION('',(-0.866025403784,-0.5,0.));
#596 = PCURVE('',#200,#597);
#597 = DEFINITIONAL_REPRESENTATION('',(#598),#608);
#598 = B_SPLINE_CURVE_WITH_KNOTS('',8,(#599,#600,#601,#602,#603,#604,
    #605,#606,#607),.UNSPECIFIED.,.F.,.F.,(9,9),(4.712388980385,
    6.28318530718),.PIECEWISE_BEZIER_KNOTS.);
#599 = CARTESIAN_POINT('',(4.712388980385,-25.2879417905));
#600 = CARTESIAN_POINT('',(4.516039439535,-24.84582819547));
#601 = CARTESIAN_POINT('',(4.319689898689,-24.40371449544));
#602 = CARTESIAN_POINT('',(4.123340357816,-23.98757478694));
#603 = CARTESIAN_POINT('',(3.926990817006,-23.62337795966));
#604 = CARTESIAN_POINT('',(3.730641276116,-23.33390535815));
#605 = CARTESIAN_POINT('',(3.534291735292,-23.13548589406));
#606 = CARTESIAN_POINT('',(3.337942194439,-23.03627574066));
#607 = CARTESIAN_POINT('',(3.14159265359,-23.03627574066));
#608 = ( GEOMETRIC_REPRESENTATION_CONTEXT(2) 
PARAMETRIC_REPRESENTATION_CONTEXT() REPRESENTATION_CONTEXT('2D SPACE',''
  ) );
#609 = PCURVE('',#327,#610);
#610 = DEFINITIONAL_REPRESENTATION('',(#611),#621);
#611 = B_SPLINE_CURVE_WITH_KNOTS('',8,(#612,#613,#614,#615,#616,#617,
    #618,#619,#620),.UNSPECIFIED.,.F.,.F.,(9,9),(4.712388980385,
    6.28318530718),.PIECEWISE_BEZIER_KNOTS.);
#612 = CARTESIAN_POINT('',(-4.712388980385,-25.2879417905));
#613 = CARTESIAN_POINT('',(-4.516039439535,-24.84582819547));
#614 = CARTESIAN_POINT('',(-4.319689898684,-24.40371449544));
#615 = CARTESIAN_POINT('',(-4.12334035784,-23.98757478694));
#616 = CARTESIAN_POINT('',(-3.926990816972,-23.62337795966));
#617 = CARTESIAN_POINT('',(-3.730641276139,-23.33390535815));
#618 = CARTESIAN_POINT('',(-3.534291735286,-23.13548589406));
#619 = CARTESIAN_POINT('',(-3.337942194439,-23.03627574066));
#620 = CARTESIAN_POINT('',(-3.14159265359,-23.03627574066));
#621 = ( GEOMETRIC_REPRESENTATION_CONTEXT(2) 
PARAMETRIC_REPRESENTATION_CONTEXT() REPRESENTATION_CONTEXT('2D SPACE',''
  ) );
#622 = ADVANCED_FACE('',(#623),#129,.T.);
#623 = FACE_BOUND('',#624,.T.);
#624 = EDGE_LOOP('',(#625));
#625 = ORIENTED_EDGE('',*,*,#114,.T.);
#626 = ADVANCED_FACE('',(#627),#327,.T.);
#627 = FACE_BOUND('',#628,.F.);
#628 = EDGE_LOOP('',(#629,#630,#653,#680,#681,#682,#683));
#629 = ORIENTED_EDGE('',*,*,#305,.F.);
#630 = ORIENTED_EDGE('',*,*,#631,.F.);
#631 = EDGE_CURVE('',#632,#306,#634,.T.);
#632 = VERTEX_POINT('',#633);
#633 = CARTESIAN_POINT('',(0.,15.9,0.));
#634 = SEAM_CURVE('',#635,(#639,#646),.PCURVE_S1.);
#635 = LINE('',#636,#637);
#636 = CARTESIAN_POINT('',(0.,15.9,0.));
#637 = VECTOR('',#638,1.);
#638 = DIRECTION('',(1.,0.,0.));
#639 = PCURVE('',#327,#640);
#640 = DEFINITIONAL_REPRESENTATION('',(#641),#645);
#641 = LINE('',#642,#643);
#642 = CARTESIAN_POINT('',(-0.,0.));
#643 = VECTOR('',#644,1.);
#644 = DIRECTION('',(-0.,-1.));
#645 = ( GEOMETRIC_REPRESENTATION_CONTEXT(2) 
PARAMETRIC_REPRESENTATION_CONTEXT() REPRESENTATION_CONTEXT('2D SPACE',''
  ) );
#646 = PCURVE('',#327,#647);
#647 = DEFINITIONAL_REPRESENTATION('',(#648),#652);
#648 = LINE('',#649,#650);
#649 = CARTESIAN_POINT('',(-6.28318530718,0.));
#650 = VECTOR('',#651,1.);
#651 = DIRECTION('',(-0.,-1.));
#652 = ( GEOMETRIC_REPRESENTATION_CONTEXT(2) 
PARAMETRIC_REPRESENTATION_CONTEXT() REPRESENTATION_CONTEXT('2D SPACE',''
  ) );
#653 = ORIENTED_EDGE('',*,*,#654,.F.);
#654 = EDGE_CURVE('',#632,#632,#655,.T.);
#655 = SURFACE_CURVE('',#656,(#661,#668),.PCURVE_S1.);
#656 = CIRCLE('',#657,1.3);
#657 = AXIS2_PLACEMENT_3D('',#658,#659,#660);
#658 = CARTESIAN_POINT('',(0.,14.6,0.));
#659 = DIRECTION('',(1.,0.,0.));
#660 = DIRECTION('',(0.,1.,0.));
#661 = PCURVE('',#327,#662);
#662 = DEFINITIONAL_REPRESENTATION('',(#663),#667);
#663 = LINE('',#664,#665);
#664 = CARTESIAN_POINT('',(-0.,0.));
#665 = VECTOR('',#666,1.);
#666 = DIRECTION('',(-1.,0.));
#667 = ( GEOMETRIC_REPRESENTATION_CONTEXT(2) 
PARAMETRIC_REPRESENTATION_CONTEXT() REPRESENTATION_CONTEXT('2D SPACE',''
  ) );
#668 = PCURVE('',#669,#674);
#669 = CYLINDRICAL_SURFACE('',#670,1.3);
#670 = AXIS2_PLACEMENT_3D('',#671,#672,#673);
#671 = CARTESIAN_POINT('',(0.,14.6,0.));
#672 = DIRECTION('',(1.,0.,0.));
#673 = DIRECTION('',(0.,1.,0.));
#674 = DEFINITIONAL_REPRESENTATION('',(#675),#679);
#675 = LINE('',#676,#677);
#676 = CARTESIAN_POINT('',(0.,0.));
#677 = VECTOR('',#678,1.);
#678 = DIRECTION('',(1.,0.));
#679 = ( GEOMETRIC_REPRESENTATION_CONTEXT(2) 
PARAMETRIC_REPRESENTATION_CONTEXT() REPRESENTATION_CONTEXT('2D SPACE',''
  ) );
#680 = ORIENTED_EDGE('',*,*,#631,.T.);
#681 = ORIENTED_EDGE('',*,*,#344,.F.);
#682 = ORIENTED_EDGE('',*,*,#553,.F.);
#683 = ORIENTED_EDGE('',*,*,#589,.F.);
#684 = ADVANCED_FACE('',(#685),#291,.F.);
#685 = FACE_BOUND('',#686,.F.);
#686 = EDGE_LOOP('',(#687));
#687 = ORIENTED_EDGE('',*,*,#276,.T.);
#688 = ADVANCED_FACE('',(#689),#669,.T.);
#689 = FACE_BOUND('',#690,.T.);
#690 = EDGE_LOOP('',(#691,#732,#753,#754,#755,#789,#830));
#691 = ORIENTED_EDGE('',*,*,#692,.T.);
#692 = EDGE_CURVE('',#693,#695,#697,.T.);
#693 = VERTEX_POINT('',#694);
#694 = CARTESIAN_POINT('',(-25.2879417905,14.6,-1.3));
#695 = VERTEX_POINT('',#696);
#696 = CARTESIAN_POINT('',(-24.53738644055,15.9,0.));
#697 = SURFACE_CURVE('',#698,(#703,#715),.PCURVE_S1.);
#698 = ELLIPSE('',#699,1.501110699893,1.3);
#699 = AXIS2_PLACEMENT_3D('',#700,#701,#702);
#700 = CARTESIAN_POINT('',(-25.2879417905,14.6,0.));
#701 = DIRECTION('',(0.866025403784,-0.5,0.));
#702 = DIRECTION('',(0.5,0.866025403784,0.));
#703 = PCURVE('',#669,#704);
#704 = DEFINITIONAL_REPRESENTATION('',(#705),#714);
#705 = B_SPLINE_CURVE_WITH_KNOTS('',7,(#706,#707,#708,#709,#710,#711,
    #712,#713),.UNSPECIFIED.,.F.,.F.,(8,8),(4.712388980385,6.28318530718
    ),.PIECEWISE_BEZIER_KNOTS.);
#706 = CARTESIAN_POINT('',(4.712388980385,-25.2879417905));
#707 = CARTESIAN_POINT('',(4.936788455641,-25.11951756382));
#708 = CARTESIAN_POINT('',(5.161187930898,-24.95109402105));
#709 = CARTESIAN_POINT('',(5.385587406152,-24.79651805755));
#710 = CARTESIAN_POINT('',(5.609986881414,-24.66966243557));
#711 = CARTESIAN_POINT('',(5.834386356666,-24.58148057108));
#712 = CARTESIAN_POINT('',(6.058785831923,-24.53738644055));
#713 = CARTESIAN_POINT('',(6.28318530718,-24.53738644055));
#714 = ( GEOMETRIC_REPRESENTATION_CONTEXT(2) 
PARAMETRIC_REPRESENTATION_CONTEXT() REPRESENTATION_CONTEXT('2D SPACE',''
  ) );
#715 = PCURVE('',#716,#721);
#716 = CYLINDRICAL_SURFACE('',#717,1.3);
#717 = AXIS2_PLACEMENT_3D('',#718,#719,#720);
#718 = CARTESIAN_POINT('',(-12.64397089525,-7.3,0.));
#719 = DIRECTION('',(0.5,-0.866025403784,-0.));
#720 = DIRECTION('',(-0.866025403784,-0.5,0.));
#721 = DEFINITIONAL_REPRESENTATION('',(#722),#731);
#722 = B_SPLINE_CURVE_WITH_KNOTS('',7,(#723,#724,#725,#726,#727,#728,
    #729,#730),.UNSPECIFIED.,.F.,.F.,(8,8),(4.712388980385,6.28318530718
    ),.PIECEWISE_BEZIER_KNOTS.);
#723 = CARTESIAN_POINT('',(-4.712388980385,-25.2879417905));
#724 = CARTESIAN_POINT('',(-4.487989505128,-25.45636601718));
#725 = CARTESIAN_POINT('',(-4.263590029871,-25.62478955996));
#726 = CARTESIAN_POINT('',(-4.039190554618,-25.77936552345));
#727 = CARTESIAN_POINT('',(-3.814791079357,-25.90622114543));
#728 = CARTESIAN_POINT('',(-3.590391604103,-25.99440300992));
#729 = CARTESIAN_POINT('',(-3.365992128846,-26.03849714045));
#730 = CARTESIAN_POINT('',(-3.14159265359,-26.03849714045));
#731 = ( GEOMETRIC_REPRESENTATION_CONTEXT(2) 
PARAMETRIC_REPRESENTATION_CONTEXT() REPRESENTATION_CONTEXT('2D SPACE',''
  ) );
#732 = ORIENTED_EDGE('',*,*,#733,.F.);
#733 = EDGE_CURVE('',#632,#695,#734,.T.);
#734 = SEAM_CURVE('',#735,(#739,#746),.PCURVE_S1.);
#735 = LINE('',#736,#737);
#736 = CARTESIAN_POINT('',(0.,15.9,0.));
#737 = VECTOR('',#738,1.);
#738 = DIRECTION('',(-1.,-0.,-0.));
#739 = PCURVE('',#669,#740);
#740 = DEFINITIONAL_REPRESENTATION('',(#741),#745);
#741 = LINE('',#742,#743);
#742 = CARTESIAN_POINT('',(0.,0.));
#743 = VECTOR('',#744,1.);
#744 = DIRECTION('',(0.,-1.));
#745 = ( GEOMETRIC_REPRESENTATION_CONTEXT(2) 
PARAMETRIC_REPRESENTATION_CONTEXT() REPRESENTATION_CONTEXT('2D SPACE',''
  ) );
#746 = PCURVE('',#669,#747);
#747 = DEFINITIONAL_REPRESENTATION('',(#748),#752);
#748 = LINE('',#749,#750);
#749 = CARTESIAN_POINT('',(6.28318530718,0.));
#750 = VECTOR('',#751,1.);
#751 = DIRECTION('',(0.,-1.));
#752 = ( GEOMETRIC_REPRESENTATION_CONTEXT(2) 
PARAMETRIC_REPRESENTATION_CONTEXT() REPRESENTATION_CONTEXT('2D SPACE',''
  ) );
#753 = ORIENTED_EDGE('',*,*,#654,.F.);
#754 = ORIENTED_EDGE('',*,*,#733,.T.);
#755 = ORIENTED_EDGE('',*,*,#756,.T.);
#756 = EDGE_CURVE('',#695,#757,#759,.T.);
#757 = VERTEX_POINT('',#758);
#758 = CARTESIAN_POINT('',(-25.2879417905,14.6,1.3));
#759 = SURFACE_CURVE('',#760,(#765,#777),.PCURVE_S1.);
#760 = ELLIPSE('',#761,1.501110699893,1.3);
#761 = AXIS2_PLACEMENT_3D('',#762,#763,#764);
#762 = CARTESIAN_POINT('',(-25.2879417905,14.6,0.));
#763 = DIRECTION('',(0.866025403784,-0.5,0.));
#764 = DIRECTION('',(0.5,0.866025403784,0.));
#765 = PCURVE('',#669,#766);
#766 = DEFINITIONAL_REPRESENTATION('',(#767),#776);
#767 = B_SPLINE_CURVE_WITH_KNOTS('',7,(#768,#769,#770,#771,#772,#773,
    #774,#775),.UNSPECIFIED.,.F.,.F.,(8,8),(0.,1.570796326795),
  .PIECEWISE_BEZIER_KNOTS.);
#768 = CARTESIAN_POINT('',(0.,-24.53738644055));
#769 = CARTESIAN_POINT('',(0.224399475256,-24.53738644055));
#770 = CARTESIAN_POINT('',(0.448798950513,-24.58148057108));
#771 = CARTESIAN_POINT('',(0.673198425769,-24.66966243558));
#772 = CARTESIAN_POINT('',(0.897597901026,-24.79651805755));
#773 = CARTESIAN_POINT('',(1.121997376282,-24.95109402105));
#774 = CARTESIAN_POINT('',(1.346396851538,-25.11951756382));
#775 = CARTESIAN_POINT('',(1.570796326795,-25.2879417905));
#776 = ( GEOMETRIC_REPRESENTATION_CONTEXT(2) 
PARAMETRIC_REPRESENTATION_CONTEXT() REPRESENTATION_CONTEXT('2D SPACE',''
  ) );
#777 = PCURVE('',#716,#778);
#778 = DEFINITIONAL_REPRESENTATION('',(#779),#788);
#779 = B_SPLINE_CURVE_WITH_KNOTS('',7,(#780,#781,#782,#783,#784,#785,
    #786,#787),.UNSPECIFIED.,.F.,.F.,(8,8),(0.,1.570796326795),
  .PIECEWISE_BEZIER_KNOTS.);
#780 = CARTESIAN_POINT('',(-3.14159265359,-26.03849714045));
#781 = CARTESIAN_POINT('',(-2.917193178333,-26.03849714045));
#782 = CARTESIAN_POINT('',(-2.692793703077,-25.99440300992));
#783 = CARTESIAN_POINT('',(-2.46839422782,-25.90622114543));
#784 = CARTESIAN_POINT('',(-2.243994752566,-25.77936552345));
#785 = CARTESIAN_POINT('',(-2.019595277307,-25.62478955996));
#786 = CARTESIAN_POINT('',(-1.795195802051,-25.45636601718));
#787 = CARTESIAN_POINT('',(-1.570796326795,-25.2879417905));
#788 = ( GEOMETRIC_REPRESENTATION_CONTEXT(2) 
PARAMETRIC_REPRESENTATION_CONTEXT() REPRESENTATION_CONTEXT('2D SPACE',''
  ) );
#789 = ORIENTED_EDGE('',*,*,#790,.T.);
#790 = EDGE_CURVE('',#757,#791,#793,.T.);
#791 = VERTEX_POINT('',#792);
#792 = CARTESIAN_POINT('',(-23.03627574066,13.3,1.592040838892E-16));
#793 = SURFACE_CURVE('',#794,(#799,#812),.PCURVE_S1.);
#794 = ELLIPSE('',#795,2.6,1.3);
#795 = AXIS2_PLACEMENT_3D('',#796,#797,#798);
#796 = CARTESIAN_POINT('',(-25.2879417905,14.6,0.));
#797 = DIRECTION('',(0.5,0.866025403784,0.));
#798 = DIRECTION('',(0.866025403784,-0.5,0.));
#799 = PCURVE('',#669,#800);
#800 = DEFINITIONAL_REPRESENTATION('',(#801),#811);
#801 = B_SPLINE_CURVE_WITH_KNOTS('',8,(#802,#803,#804,#805,#806,#807,
    #808,#809,#810),.UNSPECIFIED.,.F.,.F.,(9,9),(4.712388980385,
    6.28318530718),.PIECEWISE_BEZIER_KNOTS.);
#802 = CARTESIAN_POINT('',(1.570796326795,-25.2879417905));
#803 = CARTESIAN_POINT('',(1.767145867644,-24.84582819547));
#804 = CARTESIAN_POINT('',(1.963495408492,-24.40371449545));
#805 = CARTESIAN_POINT('',(2.159844949341,-23.98757478692));
#806 = CARTESIAN_POINT('',(2.356194490185,-23.62337795967));
#807 = CARTESIAN_POINT('',(2.552544031038,-23.33390535813));
#808 = CARTESIAN_POINT('',(2.74889357189,-23.13548589406));
#809 = CARTESIAN_POINT('',(2.94524311274,-23.03627574066));
#810 = CARTESIAN_POINT('',(3.14159265359,-23.03627574066));
#811 = ( GEOMETRIC_REPRESENTATION_CONTEXT(2) 
PARAMETRIC_REPRESENTATION_CONTEXT() REPRESENTATION_CONTEXT('2D SPACE',''
  ) );
#812 = PCURVE('',#813,#818);
#813 = CYLINDRICAL_SURFACE('',#814,1.3);
#814 = AXIS2_PLACEMENT_3D('',#815,#816,#817);
#815 = CARTESIAN_POINT('',(-12.64397089525,-7.3,0.));
#816 = DIRECTION('',(0.5,-0.866025403784,-0.));
#817 = DIRECTION('',(-0.866025403784,-0.5,0.));
#818 = DEFINITIONAL_REPRESENTATION('',(#819),#829);
#819 = B_SPLINE_CURVE_WITH_KNOTS('',8,(#820,#821,#822,#823,#824,#825,
    #826,#827,#828),.UNSPECIFIED.,.F.,.F.,(9,9),(4.712388980385,
    6.28318530718),.PIECEWISE_BEZIER_KNOTS.);
#820 = CARTESIAN_POINT('',(-1.570796326795,-25.2879417905));
#821 = CARTESIAN_POINT('',(-1.767145867644,-24.84582819547));
#822 = CARTESIAN_POINT('',(-1.963495408491,-24.40371449544));
#823 = CARTESIAN_POINT('',(-2.159844949344,-23.98757478693));
#824 = CARTESIAN_POINT('',(-2.35619449018,-23.62337795968));
#825 = CARTESIAN_POINT('',(-2.55254403104,-23.33390535816));
#826 = CARTESIAN_POINT('',(-2.748893571889,-23.13548589405));
#827 = CARTESIAN_POINT('',(-2.94524311274,-23.03627574066));
#828 = CARTESIAN_POINT('',(-3.14159265359,-23.03627574066));
#829 = ( GEOMETRIC_REPRESENTATION_CONTEXT(2) 
PARAMETRIC_REPRESENTATION_CONTEXT() REPRESENTATION_CONTEXT('2D SPACE',''
  ) );
#830 = ORIENTED_EDGE('',*,*,#831,.T.);
#831 = EDGE_CURVE('',#791,#693,#832,.T.);
#832 = SURFACE_CURVE('',#833,(#838,#851),.PCURVE_S1.);
#833 = ELLIPSE('',#834,2.6,1.3);
#834 = AXIS2_PLACEMENT_3D('',#835,#836,#837);
#835 = CARTESIAN_POINT('',(-25.2879417905,14.6,0.));
#836 = DIRECTION('',(0.5,0.866025403784,0.));
#837 = DIRECTION('',(0.866025403784,-0.5,0.));
#838 = PCURVE('',#669,#839);
#839 = DEFINITIONAL_REPRESENTATION('',(#840),#850);
#840 = B_SPLINE_CURVE_WITH_KNOTS('',8,(#841,#842,#843,#844,#845,#846,
    #847,#848,#849),.UNSPECIFIED.,.F.,.F.,(9,9),(0.,1.570796326795),
  .PIECEWISE_BEZIER_KNOTS.);
#841 = CARTESIAN_POINT('',(3.14159265359,-23.03627574066));
#842 = CARTESIAN_POINT('',(3.337942194439,-23.03627574066));
#843 = CARTESIAN_POINT('',(3.534291735286,-23.13548589407));
#844 = CARTESIAN_POINT('',(3.730641276141,-23.3339053581));
#845 = CARTESIAN_POINT('',(3.926990816975,-23.6233779597));
#846 = CARTESIAN_POINT('',(4.123340357835,-23.98757478688));
#847 = CARTESIAN_POINT('',(4.319689898684,-24.40371449545));
#848 = CARTESIAN_POINT('',(4.516039439535,-24.84582819547));
#849 = CARTESIAN_POINT('',(4.712388980385,-25.2879417905));
#850 = ( GEOMETRIC_REPRESENTATION_CONTEXT(2) 
PARAMETRIC_REPRESENTATION_CONTEXT() REPRESENTATION_CONTEXT('2D SPACE',''
  ) );
#851 = PCURVE('',#813,#852);
#852 = DEFINITIONAL_REPRESENTATION('',(#853),#863);
#853 = B_SPLINE_CURVE_WITH_KNOTS('',8,(#854,#855,#856,#857,#858,#859,
    #860,#861,#862),.UNSPECIFIED.,.F.,.F.,(9,9),(0.,1.570796326795),
  .PIECEWISE_BEZIER_KNOTS.);
#854 = CARTESIAN_POINT('',(-3.14159265359,-23.03627574066));
#855 = CARTESIAN_POINT('',(-3.337942194439,-23.03627574066));
#856 = CARTESIAN_POINT('',(-3.534291735289,-23.13548589409));
#857 = CARTESIAN_POINT('',(-3.730641276126,-23.33390535803));
#858 = CARTESIAN_POINT('',(-3.926990816996,-23.62337795984));
#859 = CARTESIAN_POINT('',(-4.123340357828,-23.98757478681));
#860 = CARTESIAN_POINT('',(-4.319689898687,-24.40371449547));
#861 = CARTESIAN_POINT('',(-4.516039439535,-24.84582819547));
#862 = CARTESIAN_POINT('',(-4.712388980385,-25.2879417905));
#863 = ( GEOMETRIC_REPRESENTATION_CONTEXT(2) 
PARAMETRIC_REPRESENTATION_CONTEXT() REPRESENTATION_CONTEXT('2D SPACE',''
  ) );
#864 = ADVANCED_FACE('',(#865),#425,.T.);
#865 = FACE_BOUND('',#866,.T.);
#866 = EDGE_LOOP('',(#867,#908,#931,#958,#959,#993,#994));
#867 = ORIENTED_EDGE('',*,*,#868,.F.);
#868 = EDGE_CURVE('',#869,#484,#871,.T.);
#869 = VERTEX_POINT('',#870);
#870 = CARTESIAN_POINT('',(-1.018451118561E-14,-31.8,0.));
#871 = SURFACE_CURVE('',#872,(#877,#890),.PCURVE_S1.);
#872 = ELLIPSE('',#873,2.6,1.3);
#873 = AXIS2_PLACEMENT_3D('',#874,#875,#876);
#874 = CARTESIAN_POINT('',(-9.540358801381E-15,-29.2,0.));
#875 = DIRECTION('',(-1.,4.440892098501E-16,0.));
#876 = DIRECTION('',(4.440892098501E-16,1.,0.));
#877 = PCURVE('',#425,#878);
#878 = DEFINITIONAL_REPRESENTATION('',(#879),#889);
#879 = B_SPLINE_CURVE_WITH_KNOTS('',8,(#880,#881,#882,#883,#884,#885,
    #886,#887,#888),.UNSPECIFIED.,.F.,.F.,(9,9),(3.14159265359,
    4.712388980385),.PIECEWISE_BEZIER_KNOTS.);
#880 = CARTESIAN_POINT('',(-8.881784197001E-16,-27.53960784034));
#881 = CARTESIAN_POINT('',(0.196349540849,-27.53960784034));
#882 = CARTESIAN_POINT('',(0.392699081699,-27.44039768694));
#883 = CARTESIAN_POINT('',(0.589048622544,-27.24197822281));
#884 = CARTESIAN_POINT('',(0.7853981634,-26.95250562136));
#885 = CARTESIAN_POINT('',(0.981747704243,-26.588308794));
#886 = CARTESIAN_POINT('',(1.178097245097,-26.17216908554));
#887 = CARTESIAN_POINT('',(1.374446785946,-25.73005538553));
#888 = CARTESIAN_POINT('',(1.570796326795,-25.2879417905));
#889 = ( GEOMETRIC_REPRESENTATION_CONTEXT(2) 
PARAMETRIC_REPRESENTATION_CONTEXT() REPRESENTATION_CONTEXT('2D SPACE',''
  ) );
#890 = PCURVE('',#891,#896);
#891 = CYLINDRICAL_SURFACE('',#892,1.3);
#892 = AXIS2_PLACEMENT_3D('',#893,#894,#895);
#893 = CARTESIAN_POINT('',(12.643970895253,-7.3,0.));
#894 = DIRECTION('',(0.5,0.866025403784,-0.));
#895 = DIRECTION('',(0.866025403784,-0.5,0.));
#896 = DEFINITIONAL_REPRESENTATION('',(#897),#907);
#897 = B_SPLINE_CURVE_WITH_KNOTS('',8,(#898,#899,#900,#901,#902,#903,
    #904,#905,#906),.UNSPECIFIED.,.F.,.F.,(9,9),(3.14159265359,
    4.712388980385),.PIECEWISE_BEZIER_KNOTS.);
#898 = CARTESIAN_POINT('',(8.881784197001E-16,-27.53960784034));
#899 = CARTESIAN_POINT('',(-0.196349540849,-27.53960784034));
#900 = CARTESIAN_POINT('',(-0.392699081698,-27.44039768693));
#901 = CARTESIAN_POINT('',(-0.58904862255,-27.24197822279));
#902 = CARTESIAN_POINT('',(-0.785398163394,-26.9525056213));
#903 = CARTESIAN_POINT('',(-0.981747704248,-26.58830879402));
#904 = CARTESIAN_POINT('',(-1.178097245095,-26.17216908555));
#905 = CARTESIAN_POINT('',(-1.374446785946,-25.73005538553));
#906 = CARTESIAN_POINT('',(-1.570796326795,-25.2879417905));
#907 = ( GEOMETRIC_REPRESENTATION_CONTEXT(2) 
PARAMETRIC_REPRESENTATION_CONTEXT() REPRESENTATION_CONTEXT('2D SPACE',''
  ) );
#908 = ORIENTED_EDGE('',*,*,#909,.T.);
#909 = EDGE_CURVE('',#869,#910,#912,.T.);
#910 = VERTEX_POINT('',#911);
#911 = CARTESIAN_POINT('',(6.230196079827,-42.59101615137,0.));
#912 = SEAM_CURVE('',#913,(#917,#924),.PCURVE_S1.);
#913 = LINE('',#914,#915);
#914 = CARTESIAN_POINT('',(-13.76980392017,-7.95,0.));
#915 = VECTOR('',#916,1.);
#916 = DIRECTION('',(0.5,-0.866025403784,-0.));
#917 = PCURVE('',#425,#918);
#918 = DEFINITIONAL_REPRESENTATION('',(#919),#923);
#919 = LINE('',#920,#921);
#920 = CARTESIAN_POINT('',(6.28318530718,0.));
#921 = VECTOR('',#922,1.);
#922 = DIRECTION('',(0.,-1.));
#923 = ( GEOMETRIC_REPRESENTATION_CONTEXT(2) 
PARAMETRIC_REPRESENTATION_CONTEXT() REPRESENTATION_CONTEXT('2D SPACE',''
  ) );
#924 = PCURVE('',#425,#925);
#925 = DEFINITIONAL_REPRESENTATION('',(#926),#930);
#926 = LINE('',#927,#928);
#927 = CARTESIAN_POINT('',(0.,0.));
#928 = VECTOR('',#929,1.);
#929 = DIRECTION('',(0.,-1.));
#930 = ( GEOMETRIC_REPRESENTATION_CONTEXT(2) 
PARAMETRIC_REPRESENTATION_CONTEXT() REPRESENTATION_CONTEXT('2D SPACE',''
  ) );
#931 = ORIENTED_EDGE('',*,*,#932,.T.);
#932 = EDGE_CURVE('',#910,#910,#933,.T.);
#933 = SURFACE_CURVE('',#934,(#939,#946),.PCURVE_S1.);
#934 = CIRCLE('',#935,1.3);
#935 = AXIS2_PLACEMENT_3D('',#936,#937,#938);
#936 = CARTESIAN_POINT('',(7.356029104747,-41.94101615137,0.));
#937 = DIRECTION('',(-0.5,0.866025403784,0.));
#938 = DIRECTION('',(-0.866025403784,-0.5,0.));
#939 = PCURVE('',#425,#940);
#940 = DEFINITIONAL_REPRESENTATION('',(#941),#945);
#941 = LINE('',#942,#943);
#942 = CARTESIAN_POINT('',(0.,-40.));
#943 = VECTOR('',#944,1.);
#944 = DIRECTION('',(1.,0.));
#945 = ( GEOMETRIC_REPRESENTATION_CONTEXT(2) 
PARAMETRIC_REPRESENTATION_CONTEXT() REPRESENTATION_CONTEXT('2D SPACE',''
  ) );
#946 = PCURVE('',#947,#952);
#947 = PLANE('',#948);
#948 = AXIS2_PLACEMENT_3D('',#949,#950,#951);
#949 = CARTESIAN_POINT('',(7.356029104747,-41.94101615137,
    1.267428610134E-17));
#950 = DIRECTION('',(-0.5,0.866025403784,0.));
#951 = DIRECTION('',(0.,0.,1.));
#952 = DEFINITIONAL_REPRESENTATION('',(#953),#957);
#953 = CIRCLE('',#954,1.3);
#954 = AXIS2_PLACEMENT_2D('',#955,#956);
#955 = CARTESIAN_POINT('',(-1.267428610134E-17,0.));
#956 = DIRECTION('',(0.,-1.));
#957 = ( GEOMETRIC_REPRESENTATION_CONTEXT(2) 
PARAMETRIC_REPRESENTATION_CONTEXT() REPRESENTATION_CONTEXT('2D SPACE',''
  ) );
#958 = ORIENTED_EDGE('',*,*,#909,.F.);
#959 = ORIENTED_EDGE('',*,*,#960,.F.);
#960 = EDGE_CURVE('',#404,#869,#961,.T.);
#961 = SURFACE_CURVE('',#962,(#967,#980),.PCURVE_S1.);
#962 = ELLIPSE('',#963,2.6,1.3);
#963 = AXIS2_PLACEMENT_3D('',#964,#965,#966);
#964 = CARTESIAN_POINT('',(-9.540358801381E-15,-29.2,0.));
#965 = DIRECTION('',(-1.,4.440892098501E-16,0.));
#966 = DIRECTION('',(4.440892098501E-16,1.,0.));
#967 = PCURVE('',#425,#968);
#968 = DEFINITIONAL_REPRESENTATION('',(#969),#979);
#969 = B_SPLINE_CURVE_WITH_KNOTS('',8,(#970,#971,#972,#973,#974,#975,
    #976,#977,#978),.UNSPECIFIED.,.F.,.F.,(9,9),(1.570796326795,
    3.14159265359),.PIECEWISE_BEZIER_KNOTS.);
#970 = CARTESIAN_POINT('',(4.712388980385,-25.2879417905));
#971 = CARTESIAN_POINT('',(4.908738521234,-25.73005538553));
#972 = CARTESIAN_POINT('',(5.105088062082,-26.17216908553));
#973 = CARTESIAN_POINT('',(5.301437602923,-26.58830879406));
#974 = CARTESIAN_POINT('',(5.497787143761,-26.95250562129));
#975 = CARTESIAN_POINT('',(5.694136684626,-27.24197822281));
#976 = CARTESIAN_POINT('',(5.89048622548,-27.44039768693));
#977 = CARTESIAN_POINT('',(6.08683576633,-27.53960784034));
#978 = CARTESIAN_POINT('',(6.28318530718,-27.53960784034));
#979 = ( GEOMETRIC_REPRESENTATION_CONTEXT(2) 
PARAMETRIC_REPRESENTATION_CONTEXT() REPRESENTATION_CONTEXT('2D SPACE',''
  ) );
#980 = PCURVE('',#891,#981);
#981 = DEFINITIONAL_REPRESENTATION('',(#982),#992);
#982 = B_SPLINE_CURVE_WITH_KNOTS('',8,(#983,#984,#985,#986,#987,#988,
    #989,#990,#991),.UNSPECIFIED.,.F.,.F.,(9,9),(1.570796326795,
    3.14159265359),.PIECEWISE_BEZIER_KNOTS.);
#983 = CARTESIAN_POINT('',(-4.712388980385,-25.2879417905));
#984 = CARTESIAN_POINT('',(-4.908738521234,-25.73005538553));
#985 = CARTESIAN_POINT('',(-5.105088062078,-26.17216908554));
#986 = CARTESIAN_POINT('',(-5.30143760294,-26.58830879406));
#987 = CARTESIAN_POINT('',(-5.497787143756,-26.95250562121));
#988 = CARTESIAN_POINT('',(-5.694136684638,-27.24197822281));
#989 = CARTESIAN_POINT('',(-5.890486225476,-27.44039768692));
#990 = CARTESIAN_POINT('',(-6.08683576633,-27.53960784034));
#991 = CARTESIAN_POINT('',(-6.28318530718,-27.53960784034));
#992 = ( GEOMETRIC_REPRESENTATION_CONTEXT(2) 
PARAMETRIC_REPRESENTATION_CONTEXT() REPRESENTATION_CONTEXT('2D SPACE',''
  ) );
#993 = ORIENTED_EDGE('',*,*,#403,.F.);
#994 = ORIENTED_EDGE('',*,*,#519,.F.);
#995 = ADVANCED_FACE('',(#996),#465,.T.);
#996 = FACE_BOUND('',#997,.T.);
#997 = EDGE_LOOP('',(#998,#1032,#1055,#1077,#1078,#1110,#1111));
#998 = ORIENTED_EDGE('',*,*,#999,.T.);
#999 = EDGE_CURVE('',#404,#1000,#1002,.T.);
#1000 = VERTEX_POINT('',#1001);
#1001 = CARTESIAN_POINT('',(-1.501110699893,-29.2,0.));
#1002 = SURFACE_CURVE('',#1003,(#1008,#1020),.PCURVE_S1.);
#1003 = ELLIPSE('',#1004,1.501110699893,1.3);
#1004 = AXIS2_PLACEMENT_3D('',#1005,#1006,#1007);
#1005 = CARTESIAN_POINT('',(-9.540358801381E-15,-29.2,0.));
#1006 = DIRECTION('',(3.525431591703E-16,1.,0.));
#1007 = DIRECTION('',(-1.,3.525431591703E-16,0.));
#1008 = PCURVE('',#465,#1009);
#1009 = DEFINITIONAL_REPRESENTATION('',(#1010),#1019);
#1010 = B_SPLINE_CURVE_WITH_KNOTS('',7,(#1011,#1012,#1013,#1014,#1015,
    #1016,#1017,#1018),.UNSPECIFIED.,.F.,.F.,(8,8),(4.712388980385,
    6.28318530718),.PIECEWISE_BEZIER_KNOTS.);
#1011 = CARTESIAN_POINT('',(4.712388980385,-25.2879417905));
#1012 = CARTESIAN_POINT('',(4.936788455641,-25.11951756382));
#1013 = CARTESIAN_POINT('',(5.161187930898,-24.95109402104));
#1014 = CARTESIAN_POINT('',(5.385587406153,-24.79651805756));
#1015 = CARTESIAN_POINT('',(5.609986881412,-24.66966243556));
#1016 = CARTESIAN_POINT('',(5.834386356667,-24.58148057109));
#1017 = CARTESIAN_POINT('',(6.058785831923,-24.53738644055));
#1018 = CARTESIAN_POINT('',(6.28318530718,-24.53738644055));
#1019 = ( GEOMETRIC_REPRESENTATION_CONTEXT(2) 
PARAMETRIC_REPRESENTATION_CONTEXT() REPRESENTATION_CONTEXT('2D SPACE',''
  ) );
#1020 = PCURVE('',#891,#1021);
#1021 = DEFINITIONAL_REPRESENTATION('',(#1022),#1031);
#1022 = B_SPLINE_CURVE_WITH_KNOTS('',7,(#1023,#1024,#1025,#1026,#1027,
    #1028,#1029,#1030),.UNSPECIFIED.,.F.,.F.,(8,8),(4.712388980385,
    6.28318530718),.PIECEWISE_BEZIER_KNOTS.);
#1023 = CARTESIAN_POINT('',(-4.712388980385,-25.2879417905));
#1024 = CARTESIAN_POINT('',(-4.487989505128,-25.45636601718));
#1025 = CARTESIAN_POINT('',(-4.263590029871,-25.62478955996));
#1026 = CARTESIAN_POINT('',(-4.039190554617,-25.77936552345));
#1027 = CARTESIAN_POINT('',(-3.814791079357,-25.90622114543));
#1028 = CARTESIAN_POINT('',(-3.590391604103,-25.99440300992));
#1029 = CARTESIAN_POINT('',(-3.365992128846,-26.03849714045));
#1030 = CARTESIAN_POINT('',(-3.14159265359,-26.03849714045));
#1031 = ( GEOMETRIC_REPRESENTATION_CONTEXT(2) 
PARAMETRIC_REPRESENTATION_CONTEXT() REPRESENTATION_CONTEXT('2D SPACE',''
  ) );
#1032 = ORIENTED_EDGE('',*,*,#1033,.F.);
#1033 = EDGE_CURVE('',#1034,#1000,#1036,.T.);
#1034 = VERTEX_POINT('',#1035);
#1035 = CARTESIAN_POINT('',(-13.76980392017,-7.95,0.));
#1036 = SEAM_CURVE('',#1037,(#1041,#1048),.PCURVE_S1.);
#1037 = LINE('',#1038,#1039);
#1038 = CARTESIAN_POINT('',(-13.76980392017,-7.95,0.));
#1039 = VECTOR('',#1040,1.);
#1040 = DIRECTION('',(0.5,-0.866025403784,-0.));
#1041 = PCURVE('',#465,#1042);
#1042 = DEFINITIONAL_REPRESENTATION('',(#1043),#1047);
#1043 = LINE('',#1044,#1045);
#1044 = CARTESIAN_POINT('',(0.,0.));
#1045 = VECTOR('',#1046,1.);
#1046 = DIRECTION('',(0.,-1.));
#1047 = ( GEOMETRIC_REPRESENTATION_CONTEXT(2) 
PARAMETRIC_REPRESENTATION_CONTEXT() REPRESENTATION_CONTEXT('2D SPACE',''
  ) );
#1048 = PCURVE('',#465,#1049);
#1049 = DEFINITIONAL_REPRESENTATION('',(#1050),#1054);
#1050 = LINE('',#1051,#1052);
#1051 = CARTESIAN_POINT('',(6.28318530718,0.));
#1052 = VECTOR('',#1053,1.);
#1053 = DIRECTION('',(0.,-1.));
#1054 = ( GEOMETRIC_REPRESENTATION_CONTEXT(2) 
PARAMETRIC_REPRESENTATION_CONTEXT() REPRESENTATION_CONTEXT('2D SPACE',''
  ) );
#1055 = ORIENTED_EDGE('',*,*,#1056,.F.);
#1056 = EDGE_CURVE('',#1034,#1034,#1057,.T.);
#1057 = SURFACE_CURVE('',#1058,(#1063,#1070),.PCURVE_S1.);
#1058 = CIRCLE('',#1059,1.3);
#1059 = AXIS2_PLACEMENT_3D('',#1060,#1061,#1062);
#1060 = CARTESIAN_POINT('',(-12.64397089525,-7.3,0.));
#1061 = DIRECTION('',(-0.5,0.866025403784,0.));
#1062 = DIRECTION('',(-0.866025403784,-0.5,0.));
#1063 = PCURVE('',#465,#1064);
#1064 = DEFINITIONAL_REPRESENTATION('',(#1065),#1069);
#1065 = LINE('',#1066,#1067);
#1066 = CARTESIAN_POINT('',(0.,0.));
#1067 = VECTOR('',#1068,1.);
#1068 = DIRECTION('',(1.,0.));
#1069 = ( GEOMETRIC_REPRESENTATION_CONTEXT(2) 
PARAMETRIC_REPRESENTATION_CONTEXT() REPRESENTATION_CONTEXT('2D SPACE',''
  ) );
#1070 = PCURVE('',#813,#1071);
#1071 = DEFINITIONAL_REPRESENTATION('',(#1072),#1076);
#1072 = LINE('',#1073,#1074);
#1073 = CARTESIAN_POINT('',(-0.,0.));
#1074 = VECTOR('',#1075,1.);
#1075 = DIRECTION('',(-1.,0.));
#1076 = ( GEOMETRIC_REPRESENTATION_CONTEXT(2) 
PARAMETRIC_REPRESENTATION_CONTEXT() REPRESENTATION_CONTEXT('2D SPACE',''
  ) );
#1077 = ORIENTED_EDGE('',*,*,#1033,.T.);
#1078 = ORIENTED_EDGE('',*,*,#1079,.T.);
#1079 = EDGE_CURVE('',#1000,#484,#1080,.T.);
#1080 = SURFACE_CURVE('',#1081,(#1086,#1098),.PCURVE_S1.);
#1081 = ELLIPSE('',#1082,1.501110699893,1.3);
#1082 = AXIS2_PLACEMENT_3D('',#1083,#1084,#1085);
#1083 = CARTESIAN_POINT('',(-9.540358801381E-15,-29.2,0.));
#1084 = DIRECTION('',(3.525431591703E-16,1.,0.));
#1085 = DIRECTION('',(-1.,3.525431591703E-16,0.));
#1086 = PCURVE('',#465,#1087);
#1087 = DEFINITIONAL_REPRESENTATION('',(#1088),#1097);
#1088 = B_SPLINE_CURVE_WITH_KNOTS('',7,(#1089,#1090,#1091,#1092,#1093,
    #1094,#1095,#1096),.UNSPECIFIED.,.F.,.F.,(8,8),(0.,1.570796326795),
  .PIECEWISE_BEZIER_KNOTS.);
#1089 = CARTESIAN_POINT('',(0.,-24.53738644055));
#1090 = CARTESIAN_POINT('',(0.224399475256,-24.53738644055));
#1091 = CARTESIAN_POINT('',(0.448798950513,-24.58148057108));
#1092 = CARTESIAN_POINT('',(0.673198425769,-24.66966243557));
#1093 = CARTESIAN_POINT('',(0.897597901026,-24.79651805755));
#1094 = CARTESIAN_POINT('',(1.121997376282,-24.95109402105));
#1095 = CARTESIAN_POINT('',(1.346396851538,-25.11951756382));
#1096 = CARTESIAN_POINT('',(1.570796326795,-25.2879417905));
#1097 = ( GEOMETRIC_REPRESENTATION_CONTEXT(2) 
PARAMETRIC_REPRESENTATION_CONTEXT() REPRESENTATION_CONTEXT('2D SPACE',''
  ) );
#1098 = PCURVE('',#891,#1099);
#1099 = DEFINITIONAL_REPRESENTATION('',(#1100),#1109);
#1100 = B_SPLINE_CURVE_WITH_KNOTS('',7,(#1101,#1102,#1103,#1104,#1105,
    #1106,#1107,#1108),.UNSPECIFIED.,.F.,.F.,(8,8),(0.,1.570796326795),
  .PIECEWISE_BEZIER_KNOTS.);
#1101 = CARTESIAN_POINT('',(-3.14159265359,-26.03849714045));
#1102 = CARTESIAN_POINT('',(-2.917193178333,-26.03849714045));
#1103 = CARTESIAN_POINT('',(-2.692793703077,-25.99440300992));
#1104 = CARTESIAN_POINT('',(-2.468394227821,-25.90622114544));
#1105 = CARTESIAN_POINT('',(-2.243994752564,-25.77936552345));
#1106 = CARTESIAN_POINT('',(-2.019595277308,-25.62478955996));
#1107 = CARTESIAN_POINT('',(-1.795195802051,-25.45636601718));
#1108 = CARTESIAN_POINT('',(-1.570796326795,-25.2879417905));
#1109 = ( GEOMETRIC_REPRESENTATION_CONTEXT(2) 
PARAMETRIC_REPRESENTATION_CONTEXT() REPRESENTATION_CONTEXT('2D SPACE',''
  ) );
#1110 = ORIENTED_EDGE('',*,*,#483,.T.);
#1111 = ORIENTED_EDGE('',*,*,#442,.T.);
#1112 = ADVANCED_FACE('',(#1113),#716,.T.);
#1113 = FACE_BOUND('',#1114,.F.);
#1114 = EDGE_LOOP('',(#1115,#1156,#1179,#1206,#1207,#1241,#1242));
#1115 = ORIENTED_EDGE('',*,*,#1116,.F.);
#1116 = EDGE_CURVE('',#1117,#757,#1119,.T.);
#1117 = VERTEX_POINT('',#1118);
#1118 = CARTESIAN_POINT('',(-27.53960784034,15.9,0.));
#1119 = SURFACE_CURVE('',#1120,(#1125,#1138),.PCURVE_S1.);
#1120 = ELLIPSE('',#1121,2.6,1.3);
#1121 = AXIS2_PLACEMENT_3D('',#1122,#1123,#1124);
#1122 = CARTESIAN_POINT('',(-25.2879417905,14.6,0.));
#1123 = DIRECTION('',(0.5,0.866025403784,0.));
#1124 = DIRECTION('',(0.866025403784,-0.5,0.));
#1125 = PCURVE('',#716,#1126);
#1126 = DEFINITIONAL_REPRESENTATION('',(#1127),#1137);
#1127 = B_SPLINE_CURVE_WITH_KNOTS('',8,(#1128,#1129,#1130,#1131,#1132,
    #1133,#1134,#1135,#1136),.UNSPECIFIED.,.F.,.F.,(9,9),(3.14159265359,
    4.712388980385),.PIECEWISE_BEZIER_KNOTS.);
#1128 = CARTESIAN_POINT('',(8.881784197001E-16,-27.53960784034));
#1129 = CARTESIAN_POINT('',(-0.196349540849,-27.53960784034));
#1130 = CARTESIAN_POINT('',(-0.392699081698,-27.44039768694));
#1131 = CARTESIAN_POINT('',(-0.589048622547,-27.24197822281));
#1132 = CARTESIAN_POINT('',(-0.785398163396,-26.95250562136));
#1133 = CARTESIAN_POINT('',(-0.981747704246,-26.588308794));
#1134 = CARTESIAN_POINT('',(-1.178097245096,-26.17216908554));
#1135 = CARTESIAN_POINT('',(-1.374446785946,-25.73005538553));
#1136 = CARTESIAN_POINT('',(-1.570796326795,-25.2879417905));
#1137 = ( GEOMETRIC_REPRESENTATION_CONTEXT(2) 
PARAMETRIC_REPRESENTATION_CONTEXT() REPRESENTATION_CONTEXT('2D SPACE',''
  ) );
#1138 = PCURVE('',#1139,#1144);
#1139 = CYLINDRICAL_SURFACE('',#1140,1.3);
#1140 = AXIS2_PLACEMENT_3D('',#1141,#1142,#1143);
#1141 = CARTESIAN_POINT('',(0.,14.6,0.));
#1142 = DIRECTION('',(1.,0.,0.));
#1143 = DIRECTION('',(0.,1.,0.));
#1144 = DEFINITIONAL_REPRESENTATION('',(#1145),#1155);
#1145 = B_SPLINE_CURVE_WITH_KNOTS('',8,(#1146,#1147,#1148,#1149,#1150,
    #1151,#1152,#1153,#1154),.UNSPECIFIED.,.F.,.F.,(9,9),(3.14159265359,
    4.712388980385),.PIECEWISE_BEZIER_KNOTS.);
#1146 = CARTESIAN_POINT('',(-8.881784197001E-16,-27.53960784034));
#1147 = CARTESIAN_POINT('',(0.196349540849,-27.53960784034));
#1148 = CARTESIAN_POINT('',(0.392699081699,-27.44039768694));
#1149 = CARTESIAN_POINT('',(0.589048622547,-27.24197822278));
#1150 = CARTESIAN_POINT('',(0.785398163395,-26.95250562136));
#1151 = CARTESIAN_POINT('',(0.981747704246,-26.58830879397));
#1152 = CARTESIAN_POINT('',(1.178097245096,-26.17216908555));
#1153 = CARTESIAN_POINT('',(1.374446785946,-25.73005538553));
#1154 = CARTESIAN_POINT('',(1.570796326795,-25.2879417905));
#1155 = ( GEOMETRIC_REPRESENTATION_CONTEXT(2) 
PARAMETRIC_REPRESENTATION_CONTEXT() REPRESENTATION_CONTEXT('2D SPACE',''
  ) );
#1156 = ORIENTED_EDGE('',*,*,#1157,.T.);
#1157 = EDGE_CURVE('',#1117,#1158,#1160,.T.);
#1158 = VERTEX_POINT('',#1159);
#1159 = CARTESIAN_POINT('',(-33.76980392017,26.691016151378,0.));
#1160 = SEAM_CURVE('',#1161,(#1165,#1172),.PCURVE_S1.);
#1161 = LINE('',#1162,#1163);
#1162 = CARTESIAN_POINT('',(-13.76980392017,-7.95,0.));
#1163 = VECTOR('',#1164,1.);
#1164 = DIRECTION('',(-0.5,0.866025403784,0.));
#1165 = PCURVE('',#716,#1166);
#1166 = DEFINITIONAL_REPRESENTATION('',(#1167),#1171);
#1167 = LINE('',#1168,#1169);
#1168 = CARTESIAN_POINT('',(-6.28318530718,0.));
#1169 = VECTOR('',#1170,1.);
#1170 = DIRECTION('',(-0.,-1.));
#1171 = ( GEOMETRIC_REPRESENTATION_CONTEXT(2) 
PARAMETRIC_REPRESENTATION_CONTEXT() REPRESENTATION_CONTEXT('2D SPACE',''
  ) );
#1172 = PCURVE('',#716,#1173);
#1173 = DEFINITIONAL_REPRESENTATION('',(#1174),#1178);
#1174 = LINE('',#1175,#1176);
#1175 = CARTESIAN_POINT('',(-0.,0.));
#1176 = VECTOR('',#1177,1.);
#1177 = DIRECTION('',(-0.,-1.));
#1178 = ( GEOMETRIC_REPRESENTATION_CONTEXT(2) 
PARAMETRIC_REPRESENTATION_CONTEXT() REPRESENTATION_CONTEXT('2D SPACE',''
  ) );
#1179 = ORIENTED_EDGE('',*,*,#1180,.T.);
#1180 = EDGE_CURVE('',#1158,#1158,#1181,.T.);
#1181 = SURFACE_CURVE('',#1182,(#1187,#1194),.PCURVE_S1.);
#1182 = CIRCLE('',#1183,1.3);
#1183 = AXIS2_PLACEMENT_3D('',#1184,#1185,#1186);
#1184 = CARTESIAN_POINT('',(-32.64397089525,27.341016151378,0.));
#1185 = DIRECTION('',(-0.5,0.866025403784,0.));
#1186 = DIRECTION('',(-0.866025403784,-0.5,0.));
#1187 = PCURVE('',#716,#1188);
#1188 = DEFINITIONAL_REPRESENTATION('',(#1189),#1193);
#1189 = LINE('',#1190,#1191);
#1190 = CARTESIAN_POINT('',(-0.,-40.));
#1191 = VECTOR('',#1192,1.);
#1192 = DIRECTION('',(-1.,0.));
#1193 = ( GEOMETRIC_REPRESENTATION_CONTEXT(2) 
PARAMETRIC_REPRESENTATION_CONTEXT() REPRESENTATION_CONTEXT('2D SPACE',''
  ) );
#1194 = PCURVE('',#1195,#1200);
#1195 = PLANE('',#1196);
#1196 = AXIS2_PLACEMENT_3D('',#1197,#1198,#1199);
#1197 = CARTESIAN_POINT('',(-32.64397089525,27.341016151378,
    1.267428610134E-17));
#1198 = DIRECTION('',(-0.5,0.866025403784,0.));
#1199 = DIRECTION('',(0.,0.,1.));
#1200 = DEFINITIONAL_REPRESENTATION('',(#1201),#1205);
#1201 = CIRCLE('',#1202,1.3);
#1202 = AXIS2_PLACEMENT_2D('',#1203,#1204);
#1203 = CARTESIAN_POINT('',(-1.267428610134E-17,0.));
#1204 = DIRECTION('',(0.,-1.));
#1205 = ( GEOMETRIC_REPRESENTATION_CONTEXT(2) 
PARAMETRIC_REPRESENTATION_CONTEXT() REPRESENTATION_CONTEXT('2D SPACE',''
  ) );
#1206 = ORIENTED_EDGE('',*,*,#1157,.F.);
#1207 = ORIENTED_EDGE('',*,*,#1208,.F.);
#1208 = EDGE_CURVE('',#693,#1117,#1209,.T.);
#1209 = SURFACE_CURVE('',#1210,(#1215,#1228),.PCURVE_S1.);
#1210 = ELLIPSE('',#1211,2.6,1.3);
#1211 = AXIS2_PLACEMENT_3D('',#1212,#1213,#1214);
#1212 = CARTESIAN_POINT('',(-25.2879417905,14.6,0.));
#1213 = DIRECTION('',(0.5,0.866025403784,0.));
#1214 = DIRECTION('',(0.866025403784,-0.5,0.));
#1215 = PCURVE('',#716,#1216);
#1216 = DEFINITIONAL_REPRESENTATION('',(#1217),#1227);
#1217 = B_SPLINE_CURVE_WITH_KNOTS('',8,(#1218,#1219,#1220,#1221,#1222,
    #1223,#1224,#1225,#1226),.UNSPECIFIED.,.F.,.F.,(9,9),(1.570796326795
    ,3.14159265359),.PIECEWISE_BEZIER_KNOTS.);
#1218 = CARTESIAN_POINT('',(-4.712388980385,-25.2879417905));
#1219 = CARTESIAN_POINT('',(-4.908738521234,-25.73005538553));
#1220 = CARTESIAN_POINT('',(-5.105088062082,-26.17216908552));
#1221 = CARTESIAN_POINT('',(-5.301437602923,-26.58830879407));
#1222 = CARTESIAN_POINT('',(-5.497787143761,-26.95250562116));
#1223 = CARTESIAN_POINT('',(-5.694136684626,-27.24197822288));
#1224 = CARTESIAN_POINT('',(-5.89048622548,-27.44039768691));
#1225 = CARTESIAN_POINT('',(-6.08683576633,-27.53960784034));
#1226 = CARTESIAN_POINT('',(-6.28318530718,-27.53960784034));
#1227 = ( GEOMETRIC_REPRESENTATION_CONTEXT(2) 
PARAMETRIC_REPRESENTATION_CONTEXT() REPRESENTATION_CONTEXT('2D SPACE',''
  ) );
#1228 = PCURVE('',#1139,#1229);
#1229 = DEFINITIONAL_REPRESENTATION('',(#1230),#1240);
#1230 = B_SPLINE_CURVE_WITH_KNOTS('',8,(#1231,#1232,#1233,#1234,#1235,
    #1236,#1237,#1238,#1239),.UNSPECIFIED.,.F.,.F.,(9,9),(1.570796326795
    ,3.14159265359),.PIECEWISE_BEZIER_KNOTS.);
#1231 = CARTESIAN_POINT('',(4.712388980385,-25.2879417905));
#1232 = CARTESIAN_POINT('',(4.908738521234,-25.73005538553));
#1233 = CARTESIAN_POINT('',(5.10508806208,-26.17216908553));
#1234 = CARTESIAN_POINT('',(5.301437602931,-26.5883087941));
#1235 = CARTESIAN_POINT('',(5.49778714378,-26.95250562115));
#1236 = CARTESIAN_POINT('',(5.694136684627,-27.24197822285));
#1237 = CARTESIAN_POINT('',(5.890486225479,-27.44039768691));
#1238 = CARTESIAN_POINT('',(6.08683576633,-27.53960784034));
#1239 = CARTESIAN_POINT('',(6.28318530718,-27.53960784034));
#1240 = ( GEOMETRIC_REPRESENTATION_CONTEXT(2) 
PARAMETRIC_REPRESENTATION_CONTEXT() REPRESENTATION_CONTEXT('2D SPACE',''
  ) );
#1241 = ORIENTED_EDGE('',*,*,#692,.T.);
#1242 = ORIENTED_EDGE('',*,*,#756,.T.);
#1243 = ADVANCED_FACE('',(#1244),#813,.T.);
#1244 = FACE_BOUND('',#1245,.F.);
#1245 = EDGE_LOOP('',(#1246,#1280,#1301,#1302,#1303,#1335,#1336));
#1246 = ORIENTED_EDGE('',*,*,#1247,.F.);
#1247 = EDGE_CURVE('',#1248,#693,#1250,.T.);
#1248 = VERTEX_POINT('',#1249);
#1249 = CARTESIAN_POINT('',(-26.03849714045,13.3,0.));
#1250 = SURFACE_CURVE('',#1251,(#1256,#1268),.PCURVE_S1.);
#1251 = ELLIPSE('',#1252,1.501110699893,1.3);
#1252 = AXIS2_PLACEMENT_3D('',#1253,#1254,#1255);
#1253 = CARTESIAN_POINT('',(-25.2879417905,14.6,0.));
#1254 = DIRECTION('',(0.866025403784,-0.5,0.));
#1255 = DIRECTION('',(0.5,0.866025403784,0.));
#1256 = PCURVE('',#813,#1257);
#1257 = DEFINITIONAL_REPRESENTATION('',(#1258),#1267);
#1258 = B_SPLINE_CURVE_WITH_KNOTS('',7,(#1259,#1260,#1261,#1262,#1263,
    #1264,#1265,#1266),.UNSPECIFIED.,.F.,.F.,(8,8),(3.14159265359,
    4.712388980385),.PIECEWISE_BEZIER_KNOTS.);
#1259 = CARTESIAN_POINT('',(-6.28318530718,-24.53738644055));
#1260 = CARTESIAN_POINT('',(-6.058785831923,-24.53738644055));
#1261 = CARTESIAN_POINT('',(-5.834386356667,-24.58148057108));
#1262 = CARTESIAN_POINT('',(-5.60998688141,-24.66966243558));
#1263 = CARTESIAN_POINT('',(-5.385587406154,-24.79651805755));
#1264 = CARTESIAN_POINT('',(-5.161187930897,-24.95109402105));
#1265 = CARTESIAN_POINT('',(-4.936788455641,-25.11951756382));
#1266 = CARTESIAN_POINT('',(-4.712388980385,-25.2879417905));
#1267 = ( GEOMETRIC_REPRESENTATION_CONTEXT(2) 
PARAMETRIC_REPRESENTATION_CONTEXT() REPRESENTATION_CONTEXT('2D SPACE',''
  ) );
#1268 = PCURVE('',#1139,#1269);
#1269 = DEFINITIONAL_REPRESENTATION('',(#1270),#1279);
#1270 = B_SPLINE_CURVE_WITH_KNOTS('',7,(#1271,#1272,#1273,#1274,#1275,
    #1276,#1277,#1278),.UNSPECIFIED.,.F.,.F.,(8,8),(3.14159265359,
    4.712388980385),.PIECEWISE_BEZIER_KNOTS.);
#1271 = CARTESIAN_POINT('',(3.14159265359,-26.03849714045));
#1272 = CARTESIAN_POINT('',(3.365992128846,-26.03849714045));
#1273 = CARTESIAN_POINT('',(3.590391604102,-25.99440300992));
#1274 = CARTESIAN_POINT('',(3.814791079361,-25.90622114543));
#1275 = CARTESIAN_POINT('',(4.039190554614,-25.77936552345));
#1276 = CARTESIAN_POINT('',(4.263590029872,-25.62478955996));
#1277 = CARTESIAN_POINT('',(4.487989505128,-25.45636601718));
#1278 = CARTESIAN_POINT('',(4.712388980385,-25.2879417905));
#1279 = ( GEOMETRIC_REPRESENTATION_CONTEXT(2) 
PARAMETRIC_REPRESENTATION_CONTEXT() REPRESENTATION_CONTEXT('2D SPACE',''
  ) );
#1280 = ORIENTED_EDGE('',*,*,#1281,.F.);
#1281 = EDGE_CURVE('',#1034,#1248,#1282,.T.);
#1282 = SEAM_CURVE('',#1283,(#1287,#1294),.PCURVE_S1.);
#1283 = LINE('',#1284,#1285);
#1284 = CARTESIAN_POINT('',(-13.76980392017,-7.95,0.));
#1285 = VECTOR('',#1286,1.);
#1286 = DIRECTION('',(-0.5,0.866025403784,0.));
#1287 = PCURVE('',#813,#1288);
#1288 = DEFINITIONAL_REPRESENTATION('',(#1289),#1293);
#1289 = LINE('',#1290,#1291);
#1290 = CARTESIAN_POINT('',(-0.,0.));
#1291 = VECTOR('',#1292,1.);
#1292 = DIRECTION('',(-0.,-1.));
#1293 = ( GEOMETRIC_REPRESENTATION_CONTEXT(2) 
PARAMETRIC_REPRESENTATION_CONTEXT() REPRESENTATION_CONTEXT('2D SPACE',''
  ) );
#1294 = PCURVE('',#813,#1295);
#1295 = DEFINITIONAL_REPRESENTATION('',(#1296),#1300);
#1296 = LINE('',#1297,#1298);
#1297 = CARTESIAN_POINT('',(-6.28318530718,0.));
#1298 = VECTOR('',#1299,1.);
#1299 = DIRECTION('',(-0.,-1.));
#1300 = ( GEOMETRIC_REPRESENTATION_CONTEXT(2) 
PARAMETRIC_REPRESENTATION_CONTEXT() REPRESENTATION_CONTEXT('2D SPACE',''
  ) );
#1301 = ORIENTED_EDGE('',*,*,#1056,.F.);
#1302 = ORIENTED_EDGE('',*,*,#1281,.T.);
#1303 = ORIENTED_EDGE('',*,*,#1304,.F.);
#1304 = EDGE_CURVE('',#757,#1248,#1305,.T.);
#1305 = SURFACE_CURVE('',#1306,(#1311,#1323),.PCURVE_S1.);
#1306 = ELLIPSE('',#1307,1.501110699893,1.3);
#1307 = AXIS2_PLACEMENT_3D('',#1308,#1309,#1310);
#1308 = CARTESIAN_POINT('',(-25.2879417905,14.6,0.));
#1309 = DIRECTION('',(0.866025403784,-0.5,0.));
#1310 = DIRECTION('',(0.5,0.866025403784,0.));
#1311 = PCURVE('',#813,#1312);
#1312 = DEFINITIONAL_REPRESENTATION('',(#1313),#1322);
#1313 = B_SPLINE_CURVE_WITH_KNOTS('',7,(#1314,#1315,#1316,#1317,#1318,
    #1319,#1320,#1321),.UNSPECIFIED.,.F.,.F.,(8,8),(1.570796326795,
    3.14159265359),.PIECEWISE_BEZIER_KNOTS.);
#1314 = CARTESIAN_POINT('',(-1.570796326795,-25.2879417905));
#1315 = CARTESIAN_POINT('',(-1.346396851538,-25.11951756382));
#1316 = CARTESIAN_POINT('',(-1.121997376282,-24.95109402104));
#1317 = CARTESIAN_POINT('',(-0.897597901026,-24.79651805756));
#1318 = CARTESIAN_POINT('',(-0.673198425769,-24.66966243556));
#1319 = CARTESIAN_POINT('',(-0.448798950513,-24.58148057109));
#1320 = CARTESIAN_POINT('',(-0.224399475256,-24.53738644055));
#1321 = CARTESIAN_POINT('',(-1.224646799147E-16,-24.53738644055));
#1322 = ( GEOMETRIC_REPRESENTATION_CONTEXT(2) 
PARAMETRIC_REPRESENTATION_CONTEXT() REPRESENTATION_CONTEXT('2D SPACE',''
  ) );
#1323 = PCURVE('',#1139,#1324);
#1324 = DEFINITIONAL_REPRESENTATION('',(#1325),#1334);
#1325 = B_SPLINE_CURVE_WITH_KNOTS('',7,(#1326,#1327,#1328,#1329,#1330,
    #1331,#1332,#1333),.UNSPECIFIED.,.F.,.F.,(8,8),(1.570796326795,
    3.14159265359),.PIECEWISE_BEZIER_KNOTS.);
#1326 = CARTESIAN_POINT('',(1.570796326795,-25.2879417905));
#1327 = CARTESIAN_POINT('',(1.795195802051,-25.45636601718));
#1328 = CARTESIAN_POINT('',(2.019595277308,-25.62478955996));
#1329 = CARTESIAN_POINT('',(2.243994752564,-25.77936552345));
#1330 = CARTESIAN_POINT('',(2.468394227821,-25.90622114544));
#1331 = CARTESIAN_POINT('',(2.692793703077,-25.99440300992));
#1332 = CARTESIAN_POINT('',(2.917193178333,-26.03849714045));
#1333 = CARTESIAN_POINT('',(3.14159265359,-26.03849714045));
#1334 = ( GEOMETRIC_REPRESENTATION_CONTEXT(2) 
PARAMETRIC_REPRESENTATION_CONTEXT() REPRESENTATION_CONTEXT('2D SPACE',''
  ) );
#1335 = ORIENTED_EDGE('',*,*,#790,.T.);
#1336 = ORIENTED_EDGE('',*,*,#831,.T.);
#1337 = ADVANCED_FACE('',(#1338),#891,.T.);
#1338 = FACE_BOUND('',#1339,.F.);
#1339 = EDGE_LOOP('',(#1340,#1341,#1364,#1391,#1392,#1393,#1394));
#1340 = ORIENTED_EDGE('',*,*,#868,.F.);
#1341 = ORIENTED_EDGE('',*,*,#1342,.T.);
#1342 = EDGE_CURVE('',#869,#1343,#1345,.T.);
#1343 = VERTEX_POINT('',#1344);
#1344 = CARTESIAN_POINT('',(-6.230196079827,-42.59101615137,0.));
#1345 = SEAM_CURVE('',#1346,(#1350,#1357),.PCURVE_S1.);
#1346 = LINE('',#1347,#1348);
#1347 = CARTESIAN_POINT('',(13.769803920173,-7.95,0.));
#1348 = VECTOR('',#1349,1.);
#1349 = DIRECTION('',(-0.5,-0.866025403784,0.));
#1350 = PCURVE('',#891,#1351);
#1351 = DEFINITIONAL_REPRESENTATION('',(#1352),#1356);
#1352 = LINE('',#1353,#1354);
#1353 = CARTESIAN_POINT('',(-6.28318530718,0.));
#1354 = VECTOR('',#1355,1.);
#1355 = DIRECTION('',(-0.,-1.));
#1356 = ( GEOMETRIC_REPRESENTATION_CONTEXT(2) 
PARAMETRIC_REPRESENTATION_CONTEXT() REPRESENTATION_CONTEXT('2D SPACE',''
  ) );
#1357 = PCURVE('',#891,#1358);
#1358 = DEFINITIONAL_REPRESENTATION('',(#1359),#1363);
#1359 = LINE('',#1360,#1361);
#1360 = CARTESIAN_POINT('',(-0.,0.));
#1361 = VECTOR('',#1362,1.);
#1362 = DIRECTION('',(-0.,-1.));
#1363 = ( GEOMETRIC_REPRESENTATION_CONTEXT(2) 
PARAMETRIC_REPRESENTATION_CONTEXT() REPRESENTATION_CONTEXT('2D SPACE',''
  ) );
#1364 = ORIENTED_EDGE('',*,*,#1365,.T.);
#1365 = EDGE_CURVE('',#1343,#1343,#1366,.T.);
#1366 = SURFACE_CURVE('',#1367,(#1372,#1379),.PCURVE_S1.);
#1367 = CIRCLE('',#1368,1.3);
#1368 = AXIS2_PLACEMENT_3D('',#1369,#1370,#1371);
#1369 = CARTESIAN_POINT('',(-7.356029104747,-41.94101615137,0.));
#1370 = DIRECTION('',(-0.5,-0.866025403784,0.));
#1371 = DIRECTION('',(0.866025403784,-0.5,0.));
#1372 = PCURVE('',#891,#1373);
#1373 = DEFINITIONAL_REPRESENTATION('',(#1374),#1378);
#1374 = LINE('',#1375,#1376);
#1375 = CARTESIAN_POINT('',(-0.,-40.));
#1376 = VECTOR('',#1377,1.);
#1377 = DIRECTION('',(-1.,0.));
#1378 = ( GEOMETRIC_REPRESENTATION_CONTEXT(2) 
PARAMETRIC_REPRESENTATION_CONTEXT() REPRESENTATION_CONTEXT('2D SPACE',''
  ) );
#1379 = PCURVE('',#1380,#1385);
#1380 = PLANE('',#1381);
#1381 = AXIS2_PLACEMENT_3D('',#1382,#1383,#1384);
#1382 = CARTESIAN_POINT('',(-7.356029104747,-41.94101615137,
    1.267428610134E-17));
#1383 = DIRECTION('',(-0.5,-0.866025403784,0.));
#1384 = DIRECTION('',(0.,0.,1.));
#1385 = DEFINITIONAL_REPRESENTATION('',(#1386),#1390);
#1386 = CIRCLE('',#1387,1.3);
#1387 = AXIS2_PLACEMENT_2D('',#1388,#1389);
#1388 = CARTESIAN_POINT('',(-1.267428610134E-17,0.));
#1389 = DIRECTION('',(0.,-1.));
#1390 = ( GEOMETRIC_REPRESENTATION_CONTEXT(2) 
PARAMETRIC_REPRESENTATION_CONTEXT() REPRESENTATION_CONTEXT('2D SPACE',''
  ) );
#1391 = ORIENTED_EDGE('',*,*,#1342,.F.);
#1392 = ORIENTED_EDGE('',*,*,#960,.F.);
#1393 = ORIENTED_EDGE('',*,*,#999,.T.);
#1394 = ORIENTED_EDGE('',*,*,#1079,.T.);
#1395 = ADVANCED_FACE('',(#1396),#947,.F.);
#1396 = FACE_BOUND('',#1397,.F.);
#1397 = EDGE_LOOP('',(#1398));
#1398 = ORIENTED_EDGE('',*,*,#932,.T.);
#1399 = ADVANCED_FACE('',(#1400),#1139,.T.);
#1400 = FACE_BOUND('',#1401,.T.);
#1401 = EDGE_LOOP('',(#1402,#1403,#1426,#1453,#1454,#1455,#1456));
#1402 = ORIENTED_EDGE('',*,*,#1116,.F.);
#1403 = ORIENTED_EDGE('',*,*,#1404,.T.);
#1404 = EDGE_CURVE('',#1117,#1405,#1407,.T.);
#1405 = VERTEX_POINT('',#1406);
#1406 = CARTESIAN_POINT('',(-40.,15.9,0.));
#1407 = SEAM_CURVE('',#1408,(#1412,#1419),.PCURVE_S1.);
#1408 = LINE('',#1409,#1410);
#1409 = CARTESIAN_POINT('',(0.,15.9,0.));
#1410 = VECTOR('',#1411,1.);
#1411 = DIRECTION('',(-1.,-0.,-0.));
#1412 = PCURVE('',#1139,#1413);
#1413 = DEFINITIONAL_REPRESENTATION('',(#1414),#1418);
#1414 = LINE('',#1415,#1416);
#1415 = CARTESIAN_POINT('',(6.28318530718,0.));
#1416 = VECTOR('',#1417,1.);
#1417 = DIRECTION('',(0.,-1.));
#1418 = ( GEOMETRIC_REPRESENTATION_CONTEXT(2) 
PARAMETRIC_REPRESENTATION_CONTEXT() REPRESENTATION_CONTEXT('2D SPACE',''
  ) );
#1419 = PCURVE('',#1139,#1420);
#1420 = DEFINITIONAL_REPRESENTATION('',(#1421),#1425);
#1421 = LINE('',#1422,#1423);
#1422 = CARTESIAN_POINT('',(0.,0.));
#1423 = VECTOR('',#1424,1.);
#1424 = DIRECTION('',(0.,-1.));
#1425 = ( GEOMETRIC_REPRESENTATION_CONTEXT(2) 
PARAMETRIC_REPRESENTATION_CONTEXT() REPRESENTATION_CONTEXT('2D SPACE',''
  ) );
#1426 = ORIENTED_EDGE('',*,*,#1427,.T.);
#1427 = EDGE_CURVE('',#1405,#1405,#1428,.T.);
#1428 = SURFACE_CURVE('',#1429,(#1434,#1441),.PCURVE_S1.);
#1429 = CIRCLE('',#1430,1.3);
#1430 = AXIS2_PLACEMENT_3D('',#1431,#1432,#1433);
#1431 = CARTESIAN_POINT('',(-40.,14.6,0.));
#1432 = DIRECTION('',(1.,0.,0.));
#1433 = DIRECTION('',(0.,1.,0.));
#1434 = PCURVE('',#1139,#1435);
#1435 = DEFINITIONAL_REPRESENTATION('',(#1436),#1440);
#1436 = LINE('',#1437,#1438);
#1437 = CARTESIAN_POINT('',(0.,-40.));
#1438 = VECTOR('',#1439,1.);
#1439 = DIRECTION('',(1.,0.));
#1440 = ( GEOMETRIC_REPRESENTATION_CONTEXT(2) 
PARAMETRIC_REPRESENTATION_CONTEXT() REPRESENTATION_CONTEXT('2D SPACE',''
  ) );
#1441 = PCURVE('',#1442,#1447);
#1442 = PLANE('',#1443);
#1443 = AXIS2_PLACEMENT_3D('',#1444,#1445,#1446);
#1444 = CARTESIAN_POINT('',(-40.,14.6,1.267428610134E-17));
#1445 = DIRECTION('',(1.,0.,0.));
#1446 = DIRECTION('',(0.,0.,1.));
#1447 = DEFINITIONAL_REPRESENTATION('',(#1448),#1452);
#1448 = CIRCLE('',#1449,1.3);
#1449 = AXIS2_PLACEMENT_2D('',#1450,#1451);
#1450 = CARTESIAN_POINT('',(-1.267428610134E-17,0.));
#1451 = DIRECTION('',(0.,-1.));
#1452 = ( GEOMETRIC_REPRESENTATION_CONTEXT(2) 
PARAMETRIC_REPRESENTATION_CONTEXT() REPRESENTATION_CONTEXT('2D SPACE',''
  ) );
#1453 = ORIENTED_EDGE('',*,*,#1404,.F.);
#1454 = ORIENTED_EDGE('',*,*,#1208,.F.);
#1455 = ORIENTED_EDGE('',*,*,#1247,.F.);
#1456 = ORIENTED_EDGE('',*,*,#1304,.F.);
#1457 = ADVANCED_FACE('',(#1458),#1195,.T.);
#1458 = FACE_BOUND('',#1459,.T.);
#1459 = EDGE_LOOP('',(#1460));
#1460 = ORIENTED_EDGE('',*,*,#1180,.T.);
#1461 = ADVANCED_FACE('',(#1462),#1380,.T.);
#1462 = FACE_BOUND('',#1463,.T.);
#1463 = EDGE_LOOP('',(#1464));
#1464 = ORIENTED_EDGE('',*,*,#1365,.T.);
#1465 = ADVANCED_FACE('',(#1466),#1442,.F.);
#1466 = FACE_BOUND('',#1467,.F.);
#1467 = EDGE_LOOP('',(#1468));
#1468 = ORIENTED_EDGE('',*,*,#1427,.T.);
#1469 = ( GEOMETRIC_REPRESENTATION_CONTEXT(3) 
GLOBAL_UNCERTAINTY_ASSIGNED_CONTEXT((#1473)) 
GLOBAL_UNIT_ASSIGNED_CONTEXT((#1470,#1471,#1472)) REPRESENTATION_CONTEXT
('Context #1','3D Context with UNIT and UNCERTAINTY') );
#1470 = ( LENGTH_UNIT() NAMED_UNIT(*) SI_UNIT(.MILLI.,.METRE.) );
#1471 = ( NAMED_UNIT(*) PLANE_ANGLE_UNIT() SI_UNIT($,.RADIAN.) );
#1472 = ( NAMED_UNIT(*) SI_UNIT($,.STERADIAN.) SOLID_ANGLE_UNIT() );
#1473 = UNCERTAINTY_MEASURE_WITH_UNIT(LENGTH_MEASURE(1.E-07),#1470,
  'distance_accuracy_value','confusion accuracy');
#1474 = CONTEXT_DEPENDENT_SHAPE_REPRESENTATION(#1475,#1477);
#1475 = ( REPRESENTATION_RELATIONSHIP('','',#36,#10) 
REPRESENTATION_RELATIONSHIP_WITH_TRANSFORMATION(#1476) 
SHAPE_REPRESENTATION_RELATIONSHIP() );
#1476 = ITEM_DEFINED_TRANSFORMATION('','',#11,#15);
#1477 = PRODUCT_DEFINITION_SHAPE('Placement','Placement of an item',
  #1478);
#1478 = NEXT_ASSEMBLY_USAGE_OCCURRENCE('1','','',#5,#31,$);
#1479 = PRODUCT_RELATED_PRODUCT_CATEGORY('part',$,(#33));
#1480 = SHAPE_DEFINITION_REPRESENTATION(#1481,#1487);
#1481 = PRODUCT_DEFINITION_SHAPE('','',#1482);
#1482 = PRODUCT_DEFINITION('design','',#1483,#1486);
#1483 = PRODUCT_DEFINITION_FORMATION('','',#1484);
#1484 = PRODUCT('Open CASCADE STEP translator 7.8 1.2',
  'Open CASCADE STEP translator 7.8 1.2','',(#1485));
#1485 = PRODUCT_CONTEXT('',#2,'mechanical');
#1486 = PRODUCT_DEFINITION_CONTEXT('part definition',#2,'design');
#1487 = ADVANCED_BREP_SHAPE_REPRESENTATION('',(#11,#1488),#1882);
#1488 = MANIFOLD_SOLID_BREP('',#1489);
#1489 = CLOSED_SHELL('',(#1490,#1581,#1636,#1671,#1675,#1729,#1784,#1823
    ,#1878));
#1490 = ADVANCED_FACE('',(#1491),#1504,.T.);
#1491 = FACE_BOUND('',#1492,.F.);
#1492 = EDGE_LOOP('',(#1493,#1526,#1549,#1580));
#1493 = ORIENTED_EDGE('',*,*,#1494,.F.);
#1494 = EDGE_CURVE('',#1495,#1495,#1497,.T.);
#1495 = VERTEX_POINT('',#1496);
#1496 = CARTESIAN_POINT('',(12.6,0.,0.));
#1497 = SURFACE_CURVE('',#1498,(#1503,#1515),.PCURVE_S1.);
#1498 = CIRCLE('',#1499,12.6);
#1499 = AXIS2_PLACEMENT_3D('',#1500,#1501,#1502);
#1500 = CARTESIAN_POINT('',(0.,0.,0.));
#1501 = DIRECTION('',(0.,0.,1.));
#1502 = DIRECTION('',(1.,0.,0.));
#1503 = PCURVE('',#1504,#1509);
#1504 = CYLINDRICAL_SURFACE('',#1505,12.6);
#1505 = AXIS2_PLACEMENT_3D('',#1506,#1507,#1508);
#1506 = CARTESIAN_POINT('',(0.,0.,0.));
#1507 = DIRECTION('',(-0.,-0.,-1.));
#1508 = DIRECTION('',(1.,0.,0.));
#1509 = DEFINITIONAL_REPRESENTATION('',(#1510),#1514);
#1510 = LINE('',#1511,#1512);
#1511 = CARTESIAN_POINT('',(-0.,0.));
#1512 = VECTOR('',#1513,1.);
#1513 = DIRECTION('',(-1.,0.));
#1514 = ( GEOMETRIC_REPRESENTATION_CONTEXT(2) 
PARAMETRIC_REPRESENTATION_CONTEXT() REPRESENTATION_CONTEXT('2D SPACE',''
  ) );
#1515 = PCURVE('',#1516,#1521);
#1516 = CYLINDRICAL_SURFACE('',#1517,12.6);
#1517 = AXIS2_PLACEMENT_3D('',#1518,#1519,#1520);
#1518 = CARTESIAN_POINT('',(0.,0.,0.));
#1519 = DIRECTION('',(0.,0.,1.));
#1520 = DIRECTION('',(1.,0.,0.));
#1521 = DEFINITIONAL_REPRESENTATION('',(#1522),#1525);
#1522 = B_SPLINE_CURVE_WITH_KNOTS('',1,(#1523,#1524),.UNSPECIFIED.,.F.,
  .F.,(2,2),(0.,6.28318530718),.PIECEWISE_BEZIER_KNOTS.);
#1523 = CARTESIAN_POINT('',(0.,0.));
#1524 = CARTESIAN_POINT('',(6.28318530718,0.));
#1525 = ( GEOMETRIC_REPRESENTATION_CONTEXT(2) 
PARAMETRIC_REPRESENTATION_CONTEXT() REPRESENTATION_CONTEXT('2D SPACE',''
  ) );
#1526 = ORIENTED_EDGE('',*,*,#1527,.T.);
#1527 = EDGE_CURVE('',#1495,#1528,#1530,.T.);
#1528 = VERTEX_POINT('',#1529);
#1529 = CARTESIAN_POINT('',(12.6,0.,12.));
#1530 = SEAM_CURVE('',#1531,(#1535,#1542),.PCURVE_S1.);
#1531 = LINE('',#1532,#1533);
#1532 = CARTESIAN_POINT('',(12.6,0.,0.));
#1533 = VECTOR('',#1534,1.);
#1534 = DIRECTION('',(0.,0.,1.));
#1535 = PCURVE('',#1504,#1536);
#1536 = DEFINITIONAL_REPRESENTATION('',(#1537),#1541);
#1537 = LINE('',#1538,#1539);
#1538 = CARTESIAN_POINT('',(-6.28318530718,0.));
#1539 = VECTOR('',#1540,1.);
#1540 = DIRECTION('',(-0.,-1.));
#1541 = ( GEOMETRIC_REPRESENTATION_CONTEXT(2) 
PARAMETRIC_REPRESENTATION_CONTEXT() REPRESENTATION_CONTEXT('2D SPACE',''
  ) );
#1542 = PCURVE('',#1504,#1543);
#1543 = DEFINITIONAL_REPRESENTATION('',(#1544),#1548);
#1544 = LINE('',#1545,#1546);
#1545 = CARTESIAN_POINT('',(-0.,0.));
#1546 = VECTOR('',#1547,1.);
#1547 = DIRECTION('',(-0.,-1.));
#1548 = ( GEOMETRIC_REPRESENTATION_CONTEXT(2) 
PARAMETRIC_REPRESENTATION_CONTEXT() REPRESENTATION_CONTEXT('2D SPACE',''
  ) );
#1549 = ORIENTED_EDGE('',*,*,#1550,.F.);
#1550 = EDGE_CURVE('',#1528,#1528,#1551,.T.);
#1551 = SURFACE_CURVE('',#1552,(#1557,#1564),.PCURVE_S1.);
#1552 = CIRCLE('',#1553,12.6);
#1553 = AXIS2_PLACEMENT_3D('',#1554,#1555,#1556);
#1554 = CARTESIAN_POINT('',(0.,0.,12.));
#1555 = DIRECTION('',(0.,0.,-1.));
#1556 = DIRECTION('',(1.,0.,0.));
#1557 = PCURVE('',#1504,#1558);
#1558 = DEFINITIONAL_REPRESENTATION('',(#1559),#1563);
#1559 = LINE('',#1560,#1561);
#1560 = CARTESIAN_POINT('',(-6.28318530718,-12.));
#1561 = VECTOR('',#1562,1.);
#1562 = DIRECTION('',(1.,-0.));
#1563 = ( GEOMETRIC_REPRESENTATION_CONTEXT(2) 
PARAMETRIC_REPRESENTATION_CONTEXT() REPRESENTATION_CONTEXT('2D SPACE',''
  ) );
#1564 = PCURVE('',#1565,#1570);
#1565 = PLANE('',#1566);
#1566 = AXIS2_PLACEMENT_3D('',#1567,#1568,#1569);
#1567 = CARTESIAN_POINT('',(-8.546500828371E-16,1.186784198038E-15,12.)
  );
#1568 = DIRECTION('',(0.,0.,1.));
#1569 = DIRECTION('',(1.,0.,-0.));
#1570 = DEFINITIONAL_REPRESENTATION('',(#1571),#1579);
#1571 = ( BOUNDED_CURVE() B_SPLINE_CURVE(2,(#1572,#1573,#1574,#1575,
#1576,#1577,#1578),.UNSPECIFIED.,.T.,.F.) B_SPLINE_CURVE_WITH_KNOTS((1,2
    ,2,2,2,1),(-2.094395102393,0.,2.094395102393,4.188790204786,
6.28318530718,8.377580409573),.UNSPECIFIED.) CURVE() 
GEOMETRIC_REPRESENTATION_ITEM() RATIONAL_B_SPLINE_CURVE((1.,0.5,1.,0.5,
1.,0.5,1.)) REPRESENTATION_ITEM('') );
#1572 = CARTESIAN_POINT('',(12.6,-1.186784198038E-15));
#1573 = CARTESIAN_POINT('',(12.6,-21.82384017536));
#1574 = CARTESIAN_POINT('',(-6.3,-10.91192008768));
#1575 = CARTESIAN_POINT('',(-25.2,-4.272894131889E-15));
#1576 = CARTESIAN_POINT('',(-6.3,10.911920087684));
#1577 = CARTESIAN_POINT('',(12.6,21.823840175368));
#1578 = CARTESIAN_POINT('',(12.6,-1.186784198038E-15));
#1579 = ( GEOMETRIC_REPRESENTATION_CONTEXT(2) 
PARAMETRIC_REPRESENTATION_CONTEXT() REPRESENTATION_CONTEXT('2D SPACE',''
  ) );
#1580 = ORIENTED_EDGE('',*,*,#1527,.F.);
#1581 = ADVANCED_FACE('',(#1582),#1516,.T.);
#1582 = FACE_BOUND('',#1583,.T.);
#1583 = EDGE_LOOP('',(#1584,#1607,#1634,#1635));
#1584 = ORIENTED_EDGE('',*,*,#1585,.T.);
#1585 = EDGE_CURVE('',#1495,#1586,#1588,.T.);
#1586 = VERTEX_POINT('',#1587);
#1587 = CARTESIAN_POINT('',(12.6,0.,-30.));
#1588 = SEAM_CURVE('',#1589,(#1593,#1600),.PCURVE_S1.);
#1589 = LINE('',#1590,#1591);
#1590 = CARTESIAN_POINT('',(12.6,0.,0.));
#1591 = VECTOR('',#1592,1.);
#1592 = DIRECTION('',(-0.,-0.,-1.));
#1593 = PCURVE('',#1516,#1594);
#1594 = DEFINITIONAL_REPRESENTATION('',(#1595),#1599);
#1595 = LINE('',#1596,#1597);
#1596 = CARTESIAN_POINT('',(0.,0.));
#1597 = VECTOR('',#1598,1.);
#1598 = DIRECTION('',(0.,-1.));
#1599 = ( GEOMETRIC_REPRESENTATION_CONTEXT(2) 
PARAMETRIC_REPRESENTATION_CONTEXT() REPRESENTATION_CONTEXT('2D SPACE',''
  ) );
#1600 = PCURVE('',#1516,#1601);
#1601 = DEFINITIONAL_REPRESENTATION('',(#1602),#1606);
#1602 = LINE('',#1603,#1604);
#1603 = CARTESIAN_POINT('',(6.28318530718,0.));
#1604 = VECTOR('',#1605,1.);
#1605 = DIRECTION('',(0.,-1.));
#1606 = ( GEOMETRIC_REPRESENTATION_CONTEXT(2) 
PARAMETRIC_REPRESENTATION_CONTEXT() REPRESENTATION_CONTEXT('2D SPACE',''
  ) );
#1607 = ORIENTED_EDGE('',*,*,#1608,.T.);
#1608 = EDGE_CURVE('',#1586,#1586,#1609,.T.);
#1609 = SURFACE_CURVE('',#1610,(#1615,#1622),.PCURVE_S1.);
#1610 = CIRCLE('',#1611,12.6);
#1611 = AXIS2_PLACEMENT_3D('',#1612,#1613,#1614);
#1612 = CARTESIAN_POINT('',(0.,0.,-30.));
#1613 = DIRECTION('',(0.,0.,1.));
#1614 = DIRECTION('',(1.,0.,0.));
#1615 = PCURVE('',#1516,#1616);
#1616 = DEFINITIONAL_REPRESENTATION('',(#1617),#1621);
#1617 = LINE('',#1618,#1619);
#1618 = CARTESIAN_POINT('',(0.,-30.));
#1619 = VECTOR('',#1620,1.);
#1620 = DIRECTION('',(1.,0.));
#1621 = ( GEOMETRIC_REPRESENTATION_CONTEXT(2) 
PARAMETRIC_REPRESENTATION_CONTEXT() REPRESENTATION_CONTEXT('2D SPACE',''
  ) );
#1622 = PCURVE('',#1623,#1628);
#1623 = PLANE('',#1624);
#1624 = AXIS2_PLACEMENT_3D('',#1625,#1626,#1627);
#1625 = CARTESIAN_POINT('',(-4.341079785839E-16,3.53864301526E-16,-30.)
  );
#1626 = DIRECTION('',(0.,0.,1.));
#1627 = DIRECTION('',(1.,0.,-0.));
#1628 = DEFINITIONAL_REPRESENTATION('',(#1629),#1633);
#1629 = CIRCLE('',#1630,12.6);
#1630 = AXIS2_PLACEMENT_2D('',#1631,#1632);
#1631 = CARTESIAN_POINT('',(4.341079785839E-16,-3.53864301526E-16));
#1632 = DIRECTION('',(1.,0.));
#1633 = ( GEOMETRIC_REPRESENTATION_CONTEXT(2) 
PARAMETRIC_REPRESENTATION_CONTEXT() REPRESENTATION_CONTEXT('2D SPACE',''
  ) );
#1634 = ORIENTED_EDGE('',*,*,#1585,.F.);
#1635 = ORIENTED_EDGE('',*,*,#1494,.F.);
#1636 = ADVANCED_FACE('',(#1637,#1668),#1565,.F.);
#1637 = FACE_BOUND('',#1638,.F.);
#1638 = EDGE_LOOP('',(#1639));
#1639 = ORIENTED_EDGE('',*,*,#1640,.T.);
#1640 = EDGE_CURVE('',#1641,#1641,#1643,.T.);
#1641 = VERTEX_POINT('',#1642);
#1642 = CARTESIAN_POINT('',(12.8,0.,12.));
#1643 = SURFACE_CURVE('',#1644,(#1649,#1656),.PCURVE_S1.);
#1644 = CIRCLE('',#1645,12.8);
#1645 = AXIS2_PLACEMENT_3D('',#1646,#1647,#1648);
#1646 = CARTESIAN_POINT('',(0.,0.,12.));
#1647 = DIRECTION('',(0.,0.,1.));
#1648 = DIRECTION('',(1.,0.,0.));
#1649 = PCURVE('',#1565,#1650);
#1650 = DEFINITIONAL_REPRESENTATION('',(#1651),#1655);
#1651 = CIRCLE('',#1652,12.8);
#1652 = AXIS2_PLACEMENT_2D('',#1653,#1654);
#1653 = CARTESIAN_POINT('',(8.546500828371E-16,-1.186784198038E-15));
#1654 = DIRECTION('',(1.,0.));
#1655 = ( GEOMETRIC_REPRESENTATION_CONTEXT(2) 
PARAMETRIC_REPRESENTATION_CONTEXT() REPRESENTATION_CONTEXT('2D SPACE',''
  ) );
#1656 = PCURVE('',#1657,#1662);
#1657 = CYLINDRICAL_SURFACE('',#1658,12.8);
#1658 = AXIS2_PLACEMENT_3D('',#1659,#1660,#1661);
#1659 = CARTESIAN_POINT('',(0.,0.,14.));
#1660 = DIRECTION('',(0.,0.,1.));
#1661 = DIRECTION('',(1.,0.,0.));
#1662 = DEFINITIONAL_REPRESENTATION('',(#1663),#1667);
#1663 = LINE('',#1664,#1665);
#1664 = CARTESIAN_POINT('',(0.,-2.));
#1665 = VECTOR('',#1666,1.);
#1666 = DIRECTION('',(1.,0.));
#1667 = ( GEOMETRIC_REPRESENTATION_CONTEXT(2) 
PARAMETRIC_REPRESENTATION_CONTEXT() REPRESENTATION_CONTEXT('2D SPACE',''
  ) );
#1668 = FACE_BOUND('',#1669,.F.);
#1669 = EDGE_LOOP('',(#1670));
#1670 = ORIENTED_EDGE('',*,*,#1550,.T.);
#1671 = ADVANCED_FACE('',(#1672),#1623,.F.);
#1672 = FACE_BOUND('',#1673,.F.);
#1673 = EDGE_LOOP('',(#1674));
#1674 = ORIENTED_EDGE('',*,*,#1608,.T.);
#1675 = ADVANCED_FACE('',(#1676),#1657,.T.);
#1676 = FACE_BOUND('',#1677,.T.);
#1677 = EDGE_LOOP('',(#1678,#1701,#1702,#1703));
#1678 = ORIENTED_EDGE('',*,*,#1679,.T.);
#1679 = EDGE_CURVE('',#1680,#1641,#1682,.T.);
#1680 = VERTEX_POINT('',#1681);
#1681 = CARTESIAN_POINT('',(12.8,0.,14.));
#1682 = SEAM_CURVE('',#1683,(#1687,#1694),.PCURVE_S1.);
#1683 = LINE('',#1684,#1685);
#1684 = CARTESIAN_POINT('',(12.8,0.,14.));
#1685 = VECTOR('',#1686,1.);
#1686 = DIRECTION('',(-0.,-0.,-1.));
#1687 = PCURVE('',#1657,#1688);
#1688 = DEFINITIONAL_REPRESENTATION('',(#1689),#1693);
#1689 = LINE('',#1690,#1691);
#1690 = CARTESIAN_POINT('',(0.,0.));
#1691 = VECTOR('',#1692,1.);
#1692 = DIRECTION('',(0.,-1.));
#1693 = ( GEOMETRIC_REPRESENTATION_CONTEXT(2) 
PARAMETRIC_REPRESENTATION_CONTEXT() REPRESENTATION_CONTEXT('2D SPACE',''
  ) );
#1694 = PCURVE('',#1657,#1695);
#1695 = DEFINITIONAL_REPRESENTATION('',(#1696),#1700);
#1696 = LINE('',#1697,#1698);
#1697 = CARTESIAN_POINT('',(6.28318530718,0.));
#1698 = VECTOR('',#1699,1.);
#1699 = DIRECTION('',(0.,-1.));
#1700 = ( GEOMETRIC_REPRESENTATION_CONTEXT(2) 
PARAMETRIC_REPRESENTATION_CONTEXT() REPRESENTATION_CONTEXT('2D SPACE',''
  ) );
#1701 = ORIENTED_EDGE('',*,*,#1640,.T.);
#1702 = ORIENTED_EDGE('',*,*,#1679,.F.);
#1703 = ORIENTED_EDGE('',*,*,#1704,.F.);
#1704 = EDGE_CURVE('',#1680,#1680,#1705,.T.);
#1705 = SURFACE_CURVE('',#1706,(#1711,#1717),.PCURVE_S1.);
#1706 = CIRCLE('',#1707,12.8);
#1707 = AXIS2_PLACEMENT_3D('',#1708,#1709,#1710);
#1708 = CARTESIAN_POINT('',(0.,0.,14.));
#1709 = DIRECTION('',(0.,0.,1.));
#1710 = DIRECTION('',(1.,0.,0.));
#1711 = PCURVE('',#1657,#1712);
#1712 = DEFINITIONAL_REPRESENTATION('',(#1713),#1716);
#1713 = B_SPLINE_CURVE_WITH_KNOTS('',1,(#1714,#1715),.UNSPECIFIED.,.F.,
  .F.,(2,2),(0.,6.28318530718),.PIECEWISE_BEZIER_KNOTS.);
#1714 = CARTESIAN_POINT('',(0.,0.));
#1715 = CARTESIAN_POINT('',(6.28318530718,0.));
#1716 = ( GEOMETRIC_REPRESENTATION_CONTEXT(2) 
PARAMETRIC_REPRESENTATION_CONTEXT() REPRESENTATION_CONTEXT('2D SPACE',''
  ) );
#1717 = PCURVE('',#1718,#1723);
#1718 = CYLINDRICAL_SURFACE('',#1719,12.8);
#1719 = AXIS2_PLACEMENT_3D('',#1720,#1721,#1722);
#1720 = CARTESIAN_POINT('',(0.,0.,14.));
#1721 = DIRECTION('',(-0.,-0.,-1.));
#1722 = DIRECTION('',(1.,0.,0.));
#1723 = DEFINITIONAL_REPRESENTATION('',(#1724),#1728);
#1724 = LINE('',#1725,#1726);
#1725 = CARTESIAN_POINT('',(-0.,0.));
#1726 = VECTOR('',#1727,1.);
#1727 = DIRECTION('',(-1.,0.));
#1728 = ( GEOMETRIC_REPRESENTATION_CONTEXT(2) 
PARAMETRIC_REPRESENTATION_CONTEXT() REPRESENTATION_CONTEXT('2D SPACE',''
  ) );
#1729 = ADVANCED_FACE('',(#1730),#1718,.T.);
#1730 = FACE_BOUND('',#1731,.F.);
#1731 = EDGE_LOOP('',(#1732,#1755,#1782,#1783));
#1732 = ORIENTED_EDGE('',*,*,#1733,.T.);
#1733 = EDGE_CURVE('',#1680,#1734,#1736,.T.);
#1734 = VERTEX_POINT('',#1735);
#1735 = CARTESIAN_POINT('',(12.8,0.,16.));
#1736 = SEAM_CURVE('',#1737,(#1741,#1748),.PCURVE_S1.);
#1737 = LINE('',#1738,#1739);
#1738 = CARTESIAN_POINT('',(12.8,0.,14.));
#1739 = VECTOR('',#1740,1.);
#1740 = DIRECTION('',(0.,0.,1.));
#1741 = PCURVE('',#1718,#1742);
#1742 = DEFINITIONAL_REPRESENTATION('',(#1743),#1747);
#1743 = LINE('',#1744,#1745);
#1744 = CARTESIAN_POINT('',(-0.,0.));
#1745 = VECTOR('',#1746,1.);
#1746 = DIRECTION('',(-0.,-1.));
#1747 = ( GEOMETRIC_REPRESENTATION_CONTEXT(2) 
PARAMETRIC_REPRESENTATION_CONTEXT() REPRESENTATION_CONTEXT('2D SPACE',''
  ) );
#1748 = PCURVE('',#1718,#1749);
#1749 = DEFINITIONAL_REPRESENTATION('',(#1750),#1754);
#1750 = LINE('',#1751,#1752);
#1751 = CARTESIAN_POINT('',(-6.28318530718,0.));
#1752 = VECTOR('',#1753,1.);
#1753 = DIRECTION('',(-0.,-1.));
#1754 = ( GEOMETRIC_REPRESENTATION_CONTEXT(2) 
PARAMETRIC_REPRESENTATION_CONTEXT() REPRESENTATION_CONTEXT('2D SPACE',''
  ) );
#1755 = ORIENTED_EDGE('',*,*,#1756,.T.);
#1756 = EDGE_CURVE('',#1734,#1734,#1757,.T.);
#1757 = SURFACE_CURVE('',#1758,(#1763,#1770),.PCURVE_S1.);
#1758 = CIRCLE('',#1759,12.8);
#1759 = AXIS2_PLACEMENT_3D('',#1760,#1761,#1762);
#1760 = CARTESIAN_POINT('',(0.,0.,16.));
#1761 = DIRECTION('',(0.,0.,1.));
#1762 = DIRECTION('',(1.,0.,0.));
#1763 = PCURVE('',#1718,#1764);
#1764 = DEFINITIONAL_REPRESENTATION('',(#1765),#1769);
#1765 = LINE('',#1766,#1767);
#1766 = CARTESIAN_POINT('',(-0.,-2.));
#1767 = VECTOR('',#1768,1.);
#1768 = DIRECTION('',(-1.,0.));
#1769 = ( GEOMETRIC_REPRESENTATION_CONTEXT(2) 
PARAMETRIC_REPRESENTATION_CONTEXT() REPRESENTATION_CONTEXT('2D SPACE',''
  ) );
#1770 = PCURVE('',#1771,#1776);
#1771 = PLANE('',#1772);
#1772 = AXIS2_PLACEMENT_3D('',#1773,#1774,#1775);
#1773 = CARTESIAN_POINT('',(-8.546500828371E-16,1.186784198038E-15,16.)
  );
#1774 = DIRECTION('',(0.,0.,1.));
#1775 = DIRECTION('',(1.,0.,-0.));
#1776 = DEFINITIONAL_REPRESENTATION('',(#1777),#1781);
#1777 = CIRCLE('',#1778,12.8);
#1778 = AXIS2_PLACEMENT_2D('',#1779,#1780);
#1779 = CARTESIAN_POINT('',(8.546500828371E-16,-1.186784198038E-15));
#1780 = DIRECTION('',(1.,0.));
#1781 = ( GEOMETRIC_REPRESENTATION_CONTEXT(2) 
PARAMETRIC_REPRESENTATION_CONTEXT() REPRESENTATION_CONTEXT('2D SPACE',''
  ) );
#1782 = ORIENTED_EDGE('',*,*,#1733,.F.);
#1783 = ORIENTED_EDGE('',*,*,#1704,.F.);
#1784 = ADVANCED_FACE('',(#1785,#1788),#1771,.T.);
#1785 = FACE_BOUND('',#1786,.T.);
#1786 = EDGE_LOOP('',(#1787));
#1787 = ORIENTED_EDGE('',*,*,#1756,.T.);
#1788 = FACE_BOUND('',#1789,.T.);
#1789 = EDGE_LOOP('',(#1790));
#1790 = ORIENTED_EDGE('',*,*,#1791,.T.);
#1791 = EDGE_CURVE('',#1792,#1792,#1794,.T.);
#1792 = VERTEX_POINT('',#1793);
#1793 = CARTESIAN_POINT('',(12.6,0.,16.));
#1794 = SURFACE_CURVE('',#1795,(#1800,#1811),.PCURVE_S1.);
#1795 = CIRCLE('',#1796,12.6);
#1796 = AXIS2_PLACEMENT_3D('',#1797,#1798,#1799);
#1797 = CARTESIAN_POINT('',(0.,0.,16.));
#1798 = DIRECTION('',(0.,0.,-1.));
#1799 = DIRECTION('',(1.,0.,0.));
#1800 = PCURVE('',#1771,#1801);
#1801 = DEFINITIONAL_REPRESENTATION('',(#1802),#1810);
#1802 = ( BOUNDED_CURVE() B_SPLINE_CURVE(2,(#1803,#1804,#1805,#1806,
#1807,#1808,#1809),.UNSPECIFIED.,.T.,.F.) B_SPLINE_CURVE_WITH_KNOTS((1,2
    ,2,2,2,1),(-2.094395102393,0.,2.094395102393,4.188790204786,
6.28318530718,8.377580409573),.UNSPECIFIED.) CURVE() 
GEOMETRIC_REPRESENTATION_ITEM() RATIONAL_B_SPLINE_CURVE((1.,0.5,1.,0.5,
1.,0.5,1.)) REPRESENTATION_ITEM('') );
#1803 = CARTESIAN_POINT('',(12.6,-1.186784198038E-15));
#1804 = CARTESIAN_POINT('',(12.6,-21.82384017536));
#1805 = CARTESIAN_POINT('',(-6.3,-10.91192008768));
#1806 = CARTESIAN_POINT('',(-25.2,-4.272894131889E-15));
#1807 = CARTESIAN_POINT('',(-6.3,10.911920087684));
#1808 = CARTESIAN_POINT('',(12.6,21.823840175368));
#1809 = CARTESIAN_POINT('',(12.6,-1.186784198038E-15));
#1810 = ( GEOMETRIC_REPRESENTATION_CONTEXT(2) 
PARAMETRIC_REPRESENTATION_CONTEXT() REPRESENTATION_CONTEXT('2D SPACE',''
  ) );
#1811 = PCURVE('',#1812,#1817);
#1812 = CYLINDRICAL_SURFACE('',#1813,12.6);
#1813 = AXIS2_PLACEMENT_3D('',#1814,#1815,#1816);
#1814 = CARTESIAN_POINT('',(0.,0.,0.));
#1815 = DIRECTION('',(-0.,-0.,-1.));
#1816 = DIRECTION('',(1.,0.,0.));
#1817 = DEFINITIONAL_REPRESENTATION('',(#1818),#1822);
#1818 = LINE('',#1819,#1820);
#1819 = CARTESIAN_POINT('',(-6.28318530718,-16.));
#1820 = VECTOR('',#1821,1.);
#1821 = DIRECTION('',(1.,-0.));
#1822 = ( GEOMETRIC_REPRESENTATION_CONTEXT(2) 
PARAMETRIC_REPRESENTATION_CONTEXT() REPRESENTATION_CONTEXT('2D SPACE',''
  ) );
#1823 = ADVANCED_FACE('',(#1824),#1812,.T.);
#1824 = FACE_BOUND('',#1825,.F.);
#1825 = EDGE_LOOP('',(#1826,#1827,#1850,#1877));
#1826 = ORIENTED_EDGE('',*,*,#1791,.T.);
#1827 = ORIENTED_EDGE('',*,*,#1828,.T.);
#1828 = EDGE_CURVE('',#1792,#1829,#1831,.T.);
#1829 = VERTEX_POINT('',#1830);
#1830 = CARTESIAN_POINT('',(12.6,0.,30.));
#1831 = SEAM_CURVE('',#1832,(#1836,#1843),.PCURVE_S1.);
#1832 = LINE('',#1833,#1834);
#1833 = CARTESIAN_POINT('',(12.6,0.,0.));
#1834 = VECTOR('',#1835,1.);
#1835 = DIRECTION('',(0.,0.,1.));
#1836 = PCURVE('',#1812,#1837);
#1837 = DEFINITIONAL_REPRESENTATION('',(#1838),#1842);
#1838 = LINE('',#1839,#1840);
#1839 = CARTESIAN_POINT('',(-6.28318530718,0.));
#1840 = VECTOR('',#1841,1.);
#1841 = DIRECTION('',(-0.,-1.));
#1842 = ( GEOMETRIC_REPRESENTATION_CONTEXT(2) 
PARAMETRIC_REPRESENTATION_CONTEXT() REPRESENTATION_CONTEXT('2D SPACE',''
  ) );
#1843 = PCURVE('',#1812,#1844);
#1844 = DEFINITIONAL_REPRESENTATION('',(#1845),#1849);
#1845 = LINE('',#1846,#1847);
#1846 = CARTESIAN_POINT('',(-0.,0.));
#1847 = VECTOR('',#1848,1.);
#1848 = DIRECTION('',(-0.,-1.));
#1849 = ( GEOMETRIC_REPRESENTATION_CONTEXT(2) 
PARAMETRIC_REPRESENTATION_CONTEXT() REPRESENTATION_CONTEXT('2D SPACE',''
  ) );
#1850 = ORIENTED_EDGE('',*,*,#1851,.T.);
#1851 = EDGE_CURVE('',#1829,#1829,#1852,.T.);
#1852 = SURFACE_CURVE('',#1853,(#1858,#1865),.PCURVE_S1.);
#1853 = CIRCLE('',#1854,12.6);
#1854 = AXIS2_PLACEMENT_3D('',#1855,#1856,#1857);
#1855 = CARTESIAN_POINT('',(0.,0.,30.));
#1856 = DIRECTION('',(0.,0.,1.));
#1857 = DIRECTION('',(1.,0.,0.));
#1858 = PCURVE('',#1812,#1859);
#1859 = DEFINITIONAL_REPRESENTATION('',(#1860),#1864);
#1860 = LINE('',#1861,#1862);
#1861 = CARTESIAN_POINT('',(-0.,-30.));
#1862 = VECTOR('',#1863,1.);
#1863 = DIRECTION('',(-1.,0.));
#1864 = ( GEOMETRIC_REPRESENTATION_CONTEXT(2) 
PARAMETRIC_REPRESENTATION_CONTEXT() REPRESENTATION_CONTEXT('2D SPACE',''
  ) );
#1865 = PCURVE('',#1866,#1871);
#1866 = PLANE('',#1867);
#1867 = AXIS2_PLACEMENT_3D('',#1868,#1869,#1870);
#1868 = CARTESIAN_POINT('',(-4.341079785839E-16,3.53864301526E-16,30.));
#1869 = DIRECTION('',(0.,0.,1.));
#1870 = DIRECTION('',(1.,0.,-0.));
#1871 = DEFINITIONAL_REPRESENTATION('',(#1872),#1876);
#1872 = CIRCLE('',#1873,12.6);
#1873 = AXIS2_PLACEMENT_2D('',#1874,#1875);
#1874 = CARTESIAN_POINT('',(4.341079785839E-16,-3.53864301526E-16));
#1875 = DIRECTION('',(1.,0.));
#1876 = ( GEOMETRIC_REPRESENTATION_CONTEXT(2) 
PARAMETRIC_REPRESENTATION_CONTEXT() REPRESENTATION_CONTEXT('2D SPACE',''
  ) );
#1877 = ORIENTED_EDGE('',*,*,#1828,.F.);
#1878 = ADVANCED_FACE('',(#1879),#1866,.T.);
#1879 = FACE_BOUND('',#1880,.T.);
#1880 = EDGE_LOOP('',(#1881));
#1881 = ORIENTED_EDGE('',*,*,#1851,.T.);
#1882 = ( GEOMETRIC_REPRESENTATION_CONTEXT(3) 
GLOBAL_UNCERTAINTY_ASSIGNED_CONTEXT((#1886)) 
GLOBAL_UNIT_ASSIGNED_CONTEXT((#1883,#1884,#1885)) REPRESENTATION_CONTEXT
('Context #1','3D Context with UNIT and UNCERTAINTY') );
#1883 = ( LENGTH_UNIT() NAMED_UNIT(*) SI_UNIT(.MILLI.,.METRE.) );
#1884 = ( NAMED_UNIT(*) PLANE_ANGLE_UNIT() SI_UNIT($,.RADIAN.) );
#1885 = ( NAMED_UNIT(*) SI_UNIT($,.STERADIAN.) SOLID_ANGLE_UNIT() );
#1886 = UNCERTAINTY_MEASURE_WITH_UNIT(LENGTH_MEASURE(1.E-07),#1883,
  'distance_accuracy_value','confusion accuracy');
#1887 = CONTEXT_DEPENDENT_SHAPE_REPRESENTATION(#1888,#1890);
#1888 = ( REPRESENTATION_RELATIONSHIP('','',#1487,#10) 
REPRESENTATION_RELATIONSHIP_WITH_TRANSFORMATION(#1889) 
SHAPE_REPRESENTATION_RELATIONSHIP() );
#1889 = ITEM_DEFINED_TRANSFORMATION('','',#11,#19);
#1890 = PRODUCT_DEFINITION_SHAPE('Placement','Placement of an item',
  #1891);
#1891 = NEXT_ASSEMBLY_USAGE_OCCURRENCE('2','','',#5,#1482,$);
#1892 = PRODUCT_RELATED_PRODUCT_CATEGORY('part',$,(#1484));
ENDSEC;
END-ISO-10303-21;
