ISO-10303-21;
HEADER;
FILE_DESCRIPTION(('Open CASCADE Model'),'2;1');
FILE_NAME('Open CASCADE Shape Model','2026-08-15T22:43:09',('Author'),(
    'Open CASCADE'),'Open CASCADE STEP processor 7.9','Open CASCADE 7.9'
  ,'Unknown');
FILE_SCHEMA(('AUTOMOTIVE_DESIGN { 1 0 10303 214 1 1 1 1 }'));
ENDSEC;
DATA;
#1 = APPLICATION_PROTOCOL_DEFINITION('international standard',
  'automotive_design',2000,#2);
#2 = APPLICATION_CONTEXT(
  'core data for automotive mechanical design processes');
#3 = SHAPE_DEFINITION_REPRESENTATION(#4,#10);
#4 = PRODUCT_DEFINITION_SHAPE('','',#5);
#5 = PRODUCT_DEFINITION('design','',#6,#9);
#6 = PRODUCT_DEFINITION_FORMATION('','',#7);
#7 = PRODUCT('Open CASCADE STEP translator 7.9 2',
  'Open CASCADE STEP translator 7.9 2','',(#8));
#8 = PRODUCT_CONTEXT('',#2,'mechanical');
#9 = PRODUCT_DEFINITION_CONTEXT('part definition',#2,'design');
#10 = ADVANCED_BREP_SHAPE_REPRESENTATION('',(#11,#15),#7176);
#11 = AXIS2_PLACEMENT_3D('',#12,#13,#14);
#12 = CARTESIAN_POINT('',(0.,0.,0.));
#13 = DIRECTION('',(0.,0.,1.));
#14 = DIRECTION('',(1.,0.,-0.));
#15 = MANIFOLD_SOLID_BREP('',#16);
#16 = CLOSED_SHELL('',(#17,#54,#559,#626,#716,#821,#1329,#1493,#1919,
    #2083,#2509,#2673,#3099,#3263,#3689,#3853,#4279,#4443,#4869,#5033,
    #5454,#5555,#5671,#5772,#5888,#5989,#6105,#6206,#6322,#6423,#6539,
    #6640,#6756,#6857,#6973,#7026,#7045,#7056,#7062,#7073,#7079,#7090,
    #7096,#7107,#7113,#7124,#7130,#7141,#7147,#7158,#7164));
#17 = ADVANCED_FACE('',(#18),#31,.F.);
#18 = FACE_BOUND('',#19,.T.);
#19 = EDGE_LOOP('',(#20));
#20 = ORIENTED_EDGE('',*,*,#21,.F.);
#21 = EDGE_CURVE('',#22,#22,#24,.T.);
#22 = VERTEX_POINT('',#23);
#23 = CARTESIAN_POINT('',(19.650491378626,0.,12.6));
#24 = SURFACE_CURVE('',#25,(#30,#42),.PCURVE_S1.);
#25 = CIRCLE('',#26,19.650491378626);
#26 = AXIS2_PLACEMENT_3D('',#27,#28,#29);
#27 = CARTESIAN_POINT('',(0.,0.,12.6));
#28 = DIRECTION('',(0.,0.,1.));
#29 = DIRECTION('',(1.,0.,-0.));
#30 = PCURVE('',#31,#36);
#31 = PLANE('',#32);
#32 = AXIS2_PLACEMENT_3D('',#33,#34,#35);
#33 = CARTESIAN_POINT('',(0.,0.,12.6));
#34 = DIRECTION('',(0.,0.,1.));
#35 = DIRECTION('',(1.,0.,-0.));
#36 = DEFINITIONAL_REPRESENTATION('',(#37),#41);
#37 = CIRCLE('',#38,19.650491378626);
#38 = AXIS2_PLACEMENT_2D('',#39,#40);
#39 = CARTESIAN_POINT('',(0.,0.));
#40 = DIRECTION('',(1.,-0.));
#41 = ( GEOMETRIC_REPRESENTATION_CONTEXT(2) 
PARAMETRIC_REPRESENTATION_CONTEXT() REPRESENTATION_CONTEXT('2D SPACE',''
  ) );
#42 = PCURVE('',#43,#48);
#43 = CONICAL_SURFACE('',#44,19.650491378626,0.785398163397);
#44 = AXIS2_PLACEMENT_3D('',#45,#46,#47);
#45 = CARTESIAN_POINT('',(0.,0.,12.6));
#46 = DIRECTION('',(0.,0.,1.));
#47 = DIRECTION('',(1.,0.,-0.));
#48 = DEFINITIONAL_REPRESENTATION('',(#49),#53);
#49 = LINE('',#50,#51);
#50 = CARTESIAN_POINT('',(0.,0.));
#51 = VECTOR('',#52,1.);
#52 = DIRECTION('',(1.,0.));
#53 = ( GEOMETRIC_REPRESENTATION_CONTEXT(2) 
PARAMETRIC_REPRESENTATION_CONTEXT() REPRESENTATION_CONTEXT('2D SPACE',''
  ) );
#54 = ADVANCED_FACE('',(#55),#43,.T.);
#55 = FACE_BOUND('',#56,.T.);
#56 = EDGE_LOOP('',(#57,#58,#81,#109,#138,#166,#195,#223,#252,#280,#309,
    #337,#366,#394,#423,#451,#480,#508,#537,#558));
#57 = ORIENTED_EDGE('',*,*,#21,.T.);
#58 = ORIENTED_EDGE('',*,*,#59,.T.);
#59 = EDGE_CURVE('',#22,#60,#62,.T.);
#60 = VERTEX_POINT('',#61);
#61 = CARTESIAN_POINT('',(20.050491378626,0.,13.));
#62 = SEAM_CURVE('',#63,(#67,#74),.PCURVE_S1.);
#63 = LINE('',#64,#65);
#64 = CARTESIAN_POINT('',(19.650491378626,0.,12.6));
#65 = VECTOR('',#66,1.);
#66 = DIRECTION('',(0.707106781187,0.,0.707106781187));
#67 = PCURVE('',#43,#68);
#68 = DEFINITIONAL_REPRESENTATION('',(#69),#73);
#69 = LINE('',#70,#71);
#70 = CARTESIAN_POINT('',(0.,0.));
#71 = VECTOR('',#72,1.);
#72 = DIRECTION('',(0.,1.));
#73 = ( GEOMETRIC_REPRESENTATION_CONTEXT(2) 
PARAMETRIC_REPRESENTATION_CONTEXT() REPRESENTATION_CONTEXT('2D SPACE',''
  ) );
#74 = PCURVE('',#43,#75);
#75 = DEFINITIONAL_REPRESENTATION('',(#76),#80);
#76 = LINE('',#77,#78);
#77 = CARTESIAN_POINT('',(6.28318530718,0.));
#78 = VECTOR('',#79,1.);
#79 = DIRECTION('',(0.,1.));
#80 = ( GEOMETRIC_REPRESENTATION_CONTEXT(2) 
PARAMETRIC_REPRESENTATION_CONTEXT() REPRESENTATION_CONTEXT('2D SPACE',''
  ) );
#81 = ORIENTED_EDGE('',*,*,#82,.F.);
#82 = EDGE_CURVE('',#83,#60,#85,.T.);
#83 = VERTEX_POINT('',#84);
#84 = CARTESIAN_POINT('',(18.797259733039,-6.977480279659,13.));
#85 = SURFACE_CURVE('',#86,(#91,#98),.PCURVE_S1.);
#86 = CIRCLE('',#87,20.050491378626);
#87 = AXIS2_PLACEMENT_3D('',#88,#89,#90);
#88 = CARTESIAN_POINT('',(0.,0.,13.));
#89 = DIRECTION('',(0.,0.,1.));
#90 = DIRECTION('',(1.,0.,-0.));
#91 = PCURVE('',#43,#92);
#92 = DEFINITIONAL_REPRESENTATION('',(#93),#97);
#93 = LINE('',#94,#95);
#94 = CARTESIAN_POINT('',(0.,0.4));
#95 = VECTOR('',#96,1.);
#96 = DIRECTION('',(1.,0.));
#97 = ( GEOMETRIC_REPRESENTATION_CONTEXT(2) 
PARAMETRIC_REPRESENTATION_CONTEXT() REPRESENTATION_CONTEXT('2D SPACE',''
  ) );
#98 = PCURVE('',#99,#104);
#99 = CONICAL_SURFACE('',#100,20.050491378626,0.13962634016);
#100 = AXIS2_PLACEMENT_3D('',#101,#102,#103);
#101 = CARTESIAN_POINT('',(0.,0.,13.));
#102 = DIRECTION('',(-0.,-0.,-1.));
#103 = DIRECTION('',(1.,0.,-0.));
#104 = DEFINITIONAL_REPRESENTATION('',(#105),#108);
#105 = B_SPLINE_CURVE_WITH_KNOTS('',1,(#106,#107),.UNSPECIFIED.,.F.,.F.,
  (2,2),(0.429966078762,6.28318530718),.PIECEWISE_BEZIER_KNOTS.);
#106 = CARTESIAN_POINT('',(-0.429966078762,0.));
#107 = CARTESIAN_POINT('',(-6.28318530718,0.));
#108 = ( GEOMETRIC_REPRESENTATION_CONTEXT(2) 
PARAMETRIC_REPRESENTATION_CONTEXT() REPRESENTATION_CONTEXT('2D SPACE',''
  ) );
#109 = ORIENTED_EDGE('',*,*,#110,.F.);
#110 = EDGE_CURVE('',#111,#83,#113,.T.);
#111 = VERTEX_POINT('',#112);
#112 = CARTESIAN_POINT('',(18.225493446299,-8.357846203614,13.));
#113 = SURFACE_CURVE('',#114,(#119,#126),.PCURVE_S1.);
#114 = CIRCLE('',#115,20.050491378626);
#115 = AXIS2_PLACEMENT_3D('',#116,#117,#118);
#116 = CARTESIAN_POINT('',(0.,0.,13.));
#117 = DIRECTION('',(0.,0.,1.));
#118 = DIRECTION('',(1.,0.,-0.));
#119 = PCURVE('',#43,#120);
#120 = DEFINITIONAL_REPRESENTATION('',(#121),#125);
#121 = LINE('',#122,#123);
#122 = CARTESIAN_POINT('',(0.,0.4));
#123 = VECTOR('',#124,1.);
#124 = DIRECTION('',(1.,0.));
#125 = ( GEOMETRIC_REPRESENTATION_CONTEXT(2) 
PARAMETRIC_REPRESENTATION_CONTEXT() REPRESENTATION_CONTEXT('2D SPACE',''
  ) );
#126 = PCURVE('',#127,#132);
#127 = PLANE('',#128);
#128 = AXIS2_PLACEMENT_3D('',#129,#130,#131);
#129 = CARTESIAN_POINT('',(-52.26251859505,-21.64784400584,13.));
#130 = DIRECTION('',(0.,0.,1.));
#131 = DIRECTION('',(0.923879532511,-0.382683432365,0.));
#132 = DEFINITIONAL_REPRESENTATION('',(#133),#137);
#133 = CIRCLE('',#134,20.050491378626);
#134 = AXIS2_PLACEMENT_2D('',#135,#136);
#135 = CARTESIAN_POINT('',(40.,40.));
#136 = DIRECTION('',(0.923879532511,0.382683432365));
#137 = ( GEOMETRIC_REPRESENTATION_CONTEXT(2) 
PARAMETRIC_REPRESENTATION_CONTEXT() REPRESENTATION_CONTEXT('2D SPACE',''
  ) );
#138 = ORIENTED_EDGE('',*,*,#139,.F.);
#139 = EDGE_CURVE('',#140,#111,#142,.T.);
#140 = VERTEX_POINT('',#141);
#141 = CARTESIAN_POINT('',(8.357846203614,-18.22549344629,13.));
#142 = SURFACE_CURVE('',#143,(#148,#155),.PCURVE_S1.);
#143 = CIRCLE('',#144,20.050491378626);
#144 = AXIS2_PLACEMENT_3D('',#145,#146,#147);
#145 = CARTESIAN_POINT('',(0.,0.,13.));
#146 = DIRECTION('',(0.,0.,1.));
#147 = DIRECTION('',(1.,0.,-0.));
#148 = PCURVE('',#43,#149);
#149 = DEFINITIONAL_REPRESENTATION('',(#150),#154);
#150 = LINE('',#151,#152);
#151 = CARTESIAN_POINT('',(0.,0.4));
#152 = VECTOR('',#153,1.);
#153 = DIRECTION('',(1.,0.));
#154 = ( GEOMETRIC_REPRESENTATION_CONTEXT(2) 
PARAMETRIC_REPRESENTATION_CONTEXT() REPRESENTATION_CONTEXT('2D SPACE',''
  ) );
#155 = PCURVE('',#156,#161);
#156 = CONICAL_SURFACE('',#157,20.050491378626,0.13962634016);
#157 = AXIS2_PLACEMENT_3D('',#158,#159,#160);
#158 = CARTESIAN_POINT('',(0.,0.,13.));
#159 = DIRECTION('',(-0.,-0.,-1.));
#160 = DIRECTION('',(1.,0.,-0.));
#161 = DEFINITIONAL_REPRESENTATION('',(#162),#165);
#162 = B_SPLINE_CURVE_WITH_KNOTS('',1,(#163,#164),.UNSPECIFIED.,.F.,.F.,
  (2,2),(0.429966078762,6.28318530718),.PIECEWISE_BEZIER_KNOTS.);
#163 = CARTESIAN_POINT('',(-0.429966078762,0.));
#164 = CARTESIAN_POINT('',(-6.28318530718,0.));
#165 = ( GEOMETRIC_REPRESENTATION_CONTEXT(2) 
PARAMETRIC_REPRESENTATION_CONTEXT() REPRESENTATION_CONTEXT('2D SPACE',''
  ) );
#166 = ORIENTED_EDGE('',*,*,#167,.F.);
#167 = EDGE_CURVE('',#168,#140,#170,.T.);
#168 = VERTEX_POINT('',#169);
#169 = CARTESIAN_POINT('',(6.977480279659,-18.79725973303,13.));
#170 = SURFACE_CURVE('',#171,(#176,#183),.PCURVE_S1.);
#171 = CIRCLE('',#172,20.050491378626);
#172 = AXIS2_PLACEMENT_3D('',#173,#174,#175);
#173 = CARTESIAN_POINT('',(0.,0.,13.));
#174 = DIRECTION('',(0.,0.,1.));
#175 = DIRECTION('',(1.,0.,-0.));
#176 = PCURVE('',#43,#177);
#177 = DEFINITIONAL_REPRESENTATION('',(#178),#182);
#178 = LINE('',#179,#180);
#179 = CARTESIAN_POINT('',(0.,0.4));
#180 = VECTOR('',#181,1.);
#181 = DIRECTION('',(1.,0.));
#182 = ( GEOMETRIC_REPRESENTATION_CONTEXT(2) 
PARAMETRIC_REPRESENTATION_CONTEXT() REPRESENTATION_CONTEXT('2D SPACE',''
  ) );
#183 = PCURVE('',#184,#189);
#184 = PLANE('',#185);
#185 = AXIS2_PLACEMENT_3D('',#186,#187,#188);
#186 = CARTESIAN_POINT('',(-52.26251859505,21.647844005848,13.));
#187 = DIRECTION('',(0.,0.,1.));
#188 = DIRECTION('',(0.382683432365,-0.923879532511,0.));
#189 = DEFINITIONAL_REPRESENTATION('',(#190),#194);
#190 = CIRCLE('',#191,20.050491378626);
#191 = AXIS2_PLACEMENT_2D('',#192,#193);
#192 = CARTESIAN_POINT('',(40.,40.));
#193 = DIRECTION('',(0.382683432365,0.923879532511));
#194 = ( GEOMETRIC_REPRESENTATION_CONTEXT(2) 
PARAMETRIC_REPRESENTATION_CONTEXT() REPRESENTATION_CONTEXT('2D SPACE',''
  ) );
#195 = ORIENTED_EDGE('',*,*,#196,.F.);
#196 = EDGE_CURVE('',#197,#168,#199,.T.);
#197 = VERTEX_POINT('',#198);
#198 = CARTESIAN_POINT('',(-6.977480279659,-18.79725973303,13.));
#199 = SURFACE_CURVE('',#200,(#205,#212),.PCURVE_S1.);
#200 = CIRCLE('',#201,20.050491378626);
#201 = AXIS2_PLACEMENT_3D('',#202,#203,#204);
#202 = CARTESIAN_POINT('',(0.,0.,13.));
#203 = DIRECTION('',(0.,0.,1.));
#204 = DIRECTION('',(1.,0.,-0.));
#205 = PCURVE('',#43,#206);
#206 = DEFINITIONAL_REPRESENTATION('',(#207),#211);
#207 = LINE('',#208,#209);
#208 = CARTESIAN_POINT('',(0.,0.4));
#209 = VECTOR('',#210,1.);
#210 = DIRECTION('',(1.,0.));
#211 = ( GEOMETRIC_REPRESENTATION_CONTEXT(2) 
PARAMETRIC_REPRESENTATION_CONTEXT() REPRESENTATION_CONTEXT('2D SPACE',''
  ) );
#212 = PCURVE('',#213,#218);
#213 = CONICAL_SURFACE('',#214,20.050491378626,0.13962634016);
#214 = AXIS2_PLACEMENT_3D('',#215,#216,#217);
#215 = CARTESIAN_POINT('',(0.,0.,13.));
#216 = DIRECTION('',(-0.,-0.,-1.));
#217 = DIRECTION('',(1.,0.,-0.));
#218 = DEFINITIONAL_REPRESENTATION('',(#219),#222);
#219 = B_SPLINE_CURVE_WITH_KNOTS('',1,(#220,#221),.UNSPECIFIED.,.F.,.F.,
  (2,2),(0.429966078762,6.28318530718),.PIECEWISE_BEZIER_KNOTS.);
#220 = CARTESIAN_POINT('',(-0.429966078762,0.));
#221 = CARTESIAN_POINT('',(-6.28318530718,0.));
#222 = ( GEOMETRIC_REPRESENTATION_CONTEXT(2) 
PARAMETRIC_REPRESENTATION_CONTEXT() REPRESENTATION_CONTEXT('2D SPACE',''
  ) );
#223 = ORIENTED_EDGE('',*,*,#224,.F.);
#224 = EDGE_CURVE('',#225,#197,#227,.T.);
#225 = VERTEX_POINT('',#226);
#226 = CARTESIAN_POINT('',(-8.357846203614,-18.22549344629,13.));
#227 = SURFACE_CURVE('',#228,(#233,#240),.PCURVE_S1.);
#228 = CIRCLE('',#229,20.050491378626);
#229 = AXIS2_PLACEMENT_3D('',#230,#231,#232);
#230 = CARTESIAN_POINT('',(0.,0.,13.));
#231 = DIRECTION('',(0.,0.,1.));
#232 = DIRECTION('',(1.,0.,-0.));
#233 = PCURVE('',#43,#234);
#234 = DEFINITIONAL_REPRESENTATION('',(#235),#239);
#235 = LINE('',#236,#237);
#236 = CARTESIAN_POINT('',(0.,0.4));
#237 = VECTOR('',#238,1.);
#238 = DIRECTION('',(1.,0.));
#239 = ( GEOMETRIC_REPRESENTATION_CONTEXT(2) 
PARAMETRIC_REPRESENTATION_CONTEXT() REPRESENTATION_CONTEXT('2D SPACE',''
  ) );
#240 = PCURVE('',#241,#246);
#241 = PLANE('',#242);
#242 = AXIS2_PLACEMENT_3D('',#243,#244,#245);
#243 = CARTESIAN_POINT('',(-21.64784400584,52.262518595055,13.));
#244 = DIRECTION('',(0.,0.,1.));
#245 = DIRECTION('',(-0.382683432365,-0.923879532511,0.));
#246 = DEFINITIONAL_REPRESENTATION('',(#247),#251);
#247 = CIRCLE('',#248,20.050491378626);
#248 = AXIS2_PLACEMENT_2D('',#249,#250);
#249 = CARTESIAN_POINT('',(40.,40.));
#250 = DIRECTION('',(-0.382683432365,0.923879532511));
#251 = ( GEOMETRIC_REPRESENTATION_CONTEXT(2) 
PARAMETRIC_REPRESENTATION_CONTEXT() REPRESENTATION_CONTEXT('2D SPACE',''
  ) );
#252 = ORIENTED_EDGE('',*,*,#253,.F.);
#253 = EDGE_CURVE('',#254,#225,#256,.T.);
#254 = VERTEX_POINT('',#255);
#255 = CARTESIAN_POINT('',(-18.22549344629,-8.357846203614,13.));
#256 = SURFACE_CURVE('',#257,(#262,#269),.PCURVE_S1.);
#257 = CIRCLE('',#258,20.050491378626);
#258 = AXIS2_PLACEMENT_3D('',#259,#260,#261);
#259 = CARTESIAN_POINT('',(0.,0.,13.));
#260 = DIRECTION('',(0.,0.,1.));
#261 = DIRECTION('',(1.,0.,-0.));
#262 = PCURVE('',#43,#263);
#263 = DEFINITIONAL_REPRESENTATION('',(#264),#268);
#264 = LINE('',#265,#266);
#265 = CARTESIAN_POINT('',(0.,0.4));
#266 = VECTOR('',#267,1.);
#267 = DIRECTION('',(1.,0.));
#268 = ( GEOMETRIC_REPRESENTATION_CONTEXT(2) 
PARAMETRIC_REPRESENTATION_CONTEXT() REPRESENTATION_CONTEXT('2D SPACE',''
  ) );
#269 = PCURVE('',#270,#275);
#270 = CONICAL_SURFACE('',#271,20.050491378626,0.13962634016);
#271 = AXIS2_PLACEMENT_3D('',#272,#273,#274);
#272 = CARTESIAN_POINT('',(0.,0.,13.));
#273 = DIRECTION('',(-0.,-0.,-1.));
#274 = DIRECTION('',(1.,0.,-0.));
#275 = DEFINITIONAL_REPRESENTATION('',(#276),#279);
#276 = B_SPLINE_CURVE_WITH_KNOTS('',1,(#277,#278),.UNSPECIFIED.,.F.,.F.,
  (2,2),(0.429966078762,6.28318530718),.PIECEWISE_BEZIER_KNOTS.);
#277 = CARTESIAN_POINT('',(-0.429966078762,0.));
#278 = CARTESIAN_POINT('',(-6.28318530718,0.));
#279 = ( GEOMETRIC_REPRESENTATION_CONTEXT(2) 
PARAMETRIC_REPRESENTATION_CONTEXT() REPRESENTATION_CONTEXT('2D SPACE',''
  ) );
#280 = ORIENTED_EDGE('',*,*,#281,.F.);
#281 = EDGE_CURVE('',#282,#254,#284,.T.);
#282 = VERTEX_POINT('',#283);
#283 = CARTESIAN_POINT('',(-18.79725973303,-6.977480279659,13.));
#284 = SURFACE_CURVE('',#285,(#290,#297),.PCURVE_S1.);
#285 = CIRCLE('',#286,20.050491378626);
#286 = AXIS2_PLACEMENT_3D('',#287,#288,#289);
#287 = CARTESIAN_POINT('',(0.,0.,13.));
#288 = DIRECTION('',(0.,0.,1.));
#289 = DIRECTION('',(1.,0.,-0.));
#290 = PCURVE('',#43,#291);
#291 = DEFINITIONAL_REPRESENTATION('',(#292),#296);
#292 = LINE('',#293,#294);
#293 = CARTESIAN_POINT('',(0.,0.4));
#294 = VECTOR('',#295,1.);
#295 = DIRECTION('',(1.,0.));
#296 = ( GEOMETRIC_REPRESENTATION_CONTEXT(2) 
PARAMETRIC_REPRESENTATION_CONTEXT() REPRESENTATION_CONTEXT('2D SPACE',''
  ) );
#297 = PCURVE('',#298,#303);
#298 = PLANE('',#299);
#299 = AXIS2_PLACEMENT_3D('',#300,#301,#302);
#300 = CARTESIAN_POINT('',(21.647844005848,52.262518595055,13.));
#301 = DIRECTION('',(0.,0.,1.));
#302 = DIRECTION('',(-0.923879532511,-0.382683432365,0.));
#303 = DEFINITIONAL_REPRESENTATION('',(#304),#308);
#304 = CIRCLE('',#305,20.050491378626);
#305 = AXIS2_PLACEMENT_2D('',#306,#307);
#306 = CARTESIAN_POINT('',(40.,40.));
#307 = DIRECTION('',(-0.923879532511,0.382683432365));
#308 = ( GEOMETRIC_REPRESENTATION_CONTEXT(2) 
PARAMETRIC_REPRESENTATION_CONTEXT() REPRESENTATION_CONTEXT('2D SPACE',''
  ) );
#309 = ORIENTED_EDGE('',*,*,#310,.F.);
#310 = EDGE_CURVE('',#311,#282,#313,.T.);
#311 = VERTEX_POINT('',#312);
#312 = CARTESIAN_POINT('',(-18.79725973303,6.977480279659,13.));
#313 = SURFACE_CURVE('',#314,(#319,#326),.PCURVE_S1.);
#314 = CIRCLE('',#315,20.050491378626);
#315 = AXIS2_PLACEMENT_3D('',#316,#317,#318);
#316 = CARTESIAN_POINT('',(0.,0.,13.));
#317 = DIRECTION('',(0.,0.,1.));
#318 = DIRECTION('',(1.,0.,-0.));
#319 = PCURVE('',#43,#320);
#320 = DEFINITIONAL_REPRESENTATION('',(#321),#325);
#321 = LINE('',#322,#323);
#322 = CARTESIAN_POINT('',(0.,0.4));
#323 = VECTOR('',#324,1.);
#324 = DIRECTION('',(1.,0.));
#325 = ( GEOMETRIC_REPRESENTATION_CONTEXT(2) 
PARAMETRIC_REPRESENTATION_CONTEXT() REPRESENTATION_CONTEXT('2D SPACE',''
  ) );
#326 = PCURVE('',#327,#332);
#327 = CONICAL_SURFACE('',#328,20.050491378626,0.13962634016);
#328 = AXIS2_PLACEMENT_3D('',#329,#330,#331);
#329 = CARTESIAN_POINT('',(0.,0.,13.));
#330 = DIRECTION('',(-0.,-0.,-1.));
#331 = DIRECTION('',(1.,0.,-0.));
#332 = DEFINITIONAL_REPRESENTATION('',(#333),#336);
#333 = B_SPLINE_CURVE_WITH_KNOTS('',1,(#334,#335),.UNSPECIFIED.,.F.,.F.,
  (2,2),(0.429966078762,6.28318530718),.PIECEWISE_BEZIER_KNOTS.);
#334 = CARTESIAN_POINT('',(-0.429966078762,0.));
#335 = CARTESIAN_POINT('',(-6.28318530718,0.));
#336 = ( GEOMETRIC_REPRESENTATION_CONTEXT(2) 
PARAMETRIC_REPRESENTATION_CONTEXT() REPRESENTATION_CONTEXT('2D SPACE',''
  ) );
#337 = ORIENTED_EDGE('',*,*,#338,.F.);
#338 = EDGE_CURVE('',#339,#311,#341,.T.);
#339 = VERTEX_POINT('',#340);
#340 = CARTESIAN_POINT('',(-18.22549344629,8.357846203614,13.));
#341 = SURFACE_CURVE('',#342,(#347,#354),.PCURVE_S1.);
#342 = CIRCLE('',#343,20.050491378626);
#343 = AXIS2_PLACEMENT_3D('',#344,#345,#346);
#344 = CARTESIAN_POINT('',(0.,0.,13.));
#345 = DIRECTION('',(0.,0.,1.));
#346 = DIRECTION('',(1.,0.,-0.));
#347 = PCURVE('',#43,#348);
#348 = DEFINITIONAL_REPRESENTATION('',(#349),#353);
#349 = LINE('',#350,#351);
#350 = CARTESIAN_POINT('',(0.,0.4));
#351 = VECTOR('',#352,1.);
#352 = DIRECTION('',(1.,0.));
#353 = ( GEOMETRIC_REPRESENTATION_CONTEXT(2) 
PARAMETRIC_REPRESENTATION_CONTEXT() REPRESENTATION_CONTEXT('2D SPACE',''
  ) );
#354 = PCURVE('',#355,#360);
#355 = PLANE('',#356);
#356 = AXIS2_PLACEMENT_3D('',#357,#358,#359);
#357 = CARTESIAN_POINT('',(52.262518595055,21.647844005848,13.));
#358 = DIRECTION('',(0.,0.,1.));
#359 = DIRECTION('',(-0.923879532511,0.382683432365,0.));
#360 = DEFINITIONAL_REPRESENTATION('',(#361),#365);
#361 = CIRCLE('',#362,20.050491378626);
#362 = AXIS2_PLACEMENT_2D('',#363,#364);
#363 = CARTESIAN_POINT('',(40.,40.));
#364 = DIRECTION('',(-0.923879532511,-0.382683432365));
#365 = ( GEOMETRIC_REPRESENTATION_CONTEXT(2) 
PARAMETRIC_REPRESENTATION_CONTEXT() REPRESENTATION_CONTEXT('2D SPACE',''
  ) );
#366 = ORIENTED_EDGE('',*,*,#367,.F.);
#367 = EDGE_CURVE('',#368,#339,#370,.T.);
#368 = VERTEX_POINT('',#369);
#369 = CARTESIAN_POINT('',(-8.357846203614,18.225493446299,13.));
#370 = SURFACE_CURVE('',#371,(#376,#383),.PCURVE_S1.);
#371 = CIRCLE('',#372,20.050491378626);
#372 = AXIS2_PLACEMENT_3D('',#373,#374,#375);
#373 = CARTESIAN_POINT('',(0.,0.,13.));
#374 = DIRECTION('',(0.,0.,1.));
#375 = DIRECTION('',(1.,0.,-0.));
#376 = PCURVE('',#43,#377);
#377 = DEFINITIONAL_REPRESENTATION('',(#378),#382);
#378 = LINE('',#379,#380);
#379 = CARTESIAN_POINT('',(0.,0.4));
#380 = VECTOR('',#381,1.);
#381 = DIRECTION('',(1.,0.));
#382 = ( GEOMETRIC_REPRESENTATION_CONTEXT(2) 
PARAMETRIC_REPRESENTATION_CONTEXT() REPRESENTATION_CONTEXT('2D SPACE',''
  ) );
#383 = PCURVE('',#384,#389);
#384 = CONICAL_SURFACE('',#385,20.050491378626,0.13962634016);
#385 = AXIS2_PLACEMENT_3D('',#386,#387,#388);
#386 = CARTESIAN_POINT('',(0.,0.,13.));
#387 = DIRECTION('',(-0.,-0.,-1.));
#388 = DIRECTION('',(1.,0.,-0.));
#389 = DEFINITIONAL_REPRESENTATION('',(#390),#393);
#390 = B_SPLINE_CURVE_WITH_KNOTS('',1,(#391,#392),.UNSPECIFIED.,.F.,.F.,
  (2,2),(0.429966078762,6.28318530718),.PIECEWISE_BEZIER_KNOTS.);
#391 = CARTESIAN_POINT('',(-0.429966078762,0.));
#392 = CARTESIAN_POINT('',(-6.28318530718,0.));
#393 = ( GEOMETRIC_REPRESENTATION_CONTEXT(2) 
PARAMETRIC_REPRESENTATION_CONTEXT() REPRESENTATION_CONTEXT('2D SPACE',''
  ) );
#394 = ORIENTED_EDGE('',*,*,#395,.F.);
#395 = EDGE_CURVE('',#396,#368,#398,.T.);
#396 = VERTEX_POINT('',#397);
#397 = CARTESIAN_POINT('',(-6.977480279659,18.797259733039,13.));
#398 = SURFACE_CURVE('',#399,(#404,#411),.PCURVE_S1.);
#399 = CIRCLE('',#400,20.050491378626);
#400 = AXIS2_PLACEMENT_3D('',#401,#402,#403);
#401 = CARTESIAN_POINT('',(0.,0.,13.));
#402 = DIRECTION('',(0.,0.,1.));
#403 = DIRECTION('',(1.,0.,-0.));
#404 = PCURVE('',#43,#405);
#405 = DEFINITIONAL_REPRESENTATION('',(#406),#410);
#406 = LINE('',#407,#408);
#407 = CARTESIAN_POINT('',(0.,0.4));
#408 = VECTOR('',#409,1.);
#409 = DIRECTION('',(1.,0.));
#410 = ( GEOMETRIC_REPRESENTATION_CONTEXT(2) 
PARAMETRIC_REPRESENTATION_CONTEXT() REPRESENTATION_CONTEXT('2D SPACE',''
  ) );
#411 = PCURVE('',#412,#417);
#412 = PLANE('',#413);
#413 = AXIS2_PLACEMENT_3D('',#414,#415,#416);
#414 = CARTESIAN_POINT('',(52.262518595055,-21.64784400584,13.));
#415 = DIRECTION('',(0.,0.,1.));
#416 = DIRECTION('',(-0.382683432365,0.923879532511,0.));
#417 = DEFINITIONAL_REPRESENTATION('',(#418),#422);
#418 = CIRCLE('',#419,20.050491378626);
#419 = AXIS2_PLACEMENT_2D('',#420,#421);
#420 = CARTESIAN_POINT('',(40.,40.));
#421 = DIRECTION('',(-0.382683432365,-0.923879532511));
#422 = ( GEOMETRIC_REPRESENTATION_CONTEXT(2) 
PARAMETRIC_REPRESENTATION_CONTEXT() REPRESENTATION_CONTEXT('2D SPACE',''
  ) );
#423 = ORIENTED_EDGE('',*,*,#424,.F.);
#424 = EDGE_CURVE('',#425,#396,#427,.T.);
#425 = VERTEX_POINT('',#426);
#426 = CARTESIAN_POINT('',(6.977480279659,18.797259733039,13.));
#427 = SURFACE_CURVE('',#428,(#433,#440),.PCURVE_S1.);
#428 = CIRCLE('',#429,20.050491378626);
#429 = AXIS2_PLACEMENT_3D('',#430,#431,#432);
#430 = CARTESIAN_POINT('',(0.,0.,13.));
#431 = DIRECTION('',(0.,0.,1.));
#432 = DIRECTION('',(1.,0.,-0.));
#433 = PCURVE('',#43,#434);
#434 = DEFINITIONAL_REPRESENTATION('',(#435),#439);
#435 = LINE('',#436,#437);
#436 = CARTESIAN_POINT('',(0.,0.4));
#437 = VECTOR('',#438,1.);
#438 = DIRECTION('',(1.,0.));
#439 = ( GEOMETRIC_REPRESENTATION_CONTEXT(2) 
PARAMETRIC_REPRESENTATION_CONTEXT() REPRESENTATION_CONTEXT('2D SPACE',''
  ) );
#440 = PCURVE('',#441,#446);
#441 = CONICAL_SURFACE('',#442,20.050491378626,0.13962634016);
#442 = AXIS2_PLACEMENT_3D('',#443,#444,#445);
#443 = CARTESIAN_POINT('',(0.,0.,13.));
#444 = DIRECTION('',(-0.,-0.,-1.));
#445 = DIRECTION('',(1.,0.,-0.));
#446 = DEFINITIONAL_REPRESENTATION('',(#447),#450);
#447 = B_SPLINE_CURVE_WITH_KNOTS('',1,(#448,#449),.UNSPECIFIED.,.F.,.F.,
  (2,2),(0.429966078762,6.28318530718),.PIECEWISE_BEZIER_KNOTS.);
#448 = CARTESIAN_POINT('',(-0.429966078762,0.));
#449 = CARTESIAN_POINT('',(-6.28318530718,0.));
#450 = ( GEOMETRIC_REPRESENTATION_CONTEXT(2) 
PARAMETRIC_REPRESENTATION_CONTEXT() REPRESENTATION_CONTEXT('2D SPACE',''
  ) );
#451 = ORIENTED_EDGE('',*,*,#452,.F.);
#452 = EDGE_CURVE('',#453,#425,#455,.T.);
#453 = VERTEX_POINT('',#454);
#454 = CARTESIAN_POINT('',(8.357846203614,18.225493446299,13.));
#455 = SURFACE_CURVE('',#456,(#461,#468),.PCURVE_S1.);
#456 = CIRCLE('',#457,20.050491378626);
#457 = AXIS2_PLACEMENT_3D('',#458,#459,#460);
#458 = CARTESIAN_POINT('',(0.,0.,13.));
#459 = DIRECTION('',(0.,0.,1.));
#460 = DIRECTION('',(1.,0.,-0.));
#461 = PCURVE('',#43,#462);
#462 = DEFINITIONAL_REPRESENTATION('',(#463),#467);
#463 = LINE('',#464,#465);
#464 = CARTESIAN_POINT('',(0.,0.4));
#465 = VECTOR('',#466,1.);
#466 = DIRECTION('',(1.,0.));
#467 = ( GEOMETRIC_REPRESENTATION_CONTEXT(2) 
PARAMETRIC_REPRESENTATION_CONTEXT() REPRESENTATION_CONTEXT('2D SPACE',''
  ) );
#468 = PCURVE('',#469,#474);
#469 = PLANE('',#470);
#470 = AXIS2_PLACEMENT_3D('',#471,#472,#473);
#471 = CARTESIAN_POINT('',(21.647844005848,-52.26251859505,13.));
#472 = DIRECTION('',(0.,0.,1.));
#473 = DIRECTION('',(0.382683432365,0.923879532511,0.));
#474 = DEFINITIONAL_REPRESENTATION('',(#475),#479);
#475 = CIRCLE('',#476,20.050491378626);
#476 = AXIS2_PLACEMENT_2D('',#477,#478);
#477 = CARTESIAN_POINT('',(40.,40.));
#478 = DIRECTION('',(0.382683432365,-0.923879532511));
#479 = ( GEOMETRIC_REPRESENTATION_CONTEXT(2) 
PARAMETRIC_REPRESENTATION_CONTEXT() REPRESENTATION_CONTEXT('2D SPACE',''
  ) );
#480 = ORIENTED_EDGE('',*,*,#481,.F.);
#481 = EDGE_CURVE('',#482,#453,#484,.T.);
#482 = VERTEX_POINT('',#483);
#483 = CARTESIAN_POINT('',(18.225493446299,8.357846203615,13.));
#484 = SURFACE_CURVE('',#485,(#490,#497),.PCURVE_S1.);
#485 = CIRCLE('',#486,20.050491378626);
#486 = AXIS2_PLACEMENT_3D('',#487,#488,#489);
#487 = CARTESIAN_POINT('',(0.,0.,13.));
#488 = DIRECTION('',(0.,0.,1.));
#489 = DIRECTION('',(1.,0.,-0.));
#490 = PCURVE('',#43,#491);
#491 = DEFINITIONAL_REPRESENTATION('',(#492),#496);
#492 = LINE('',#493,#494);
#493 = CARTESIAN_POINT('',(0.,0.4));
#494 = VECTOR('',#495,1.);
#495 = DIRECTION('',(1.,0.));
#496 = ( GEOMETRIC_REPRESENTATION_CONTEXT(2) 
PARAMETRIC_REPRESENTATION_CONTEXT() REPRESENTATION_CONTEXT('2D SPACE',''
  ) );
#497 = PCURVE('',#498,#503);
#498 = CONICAL_SURFACE('',#499,20.050491378626,0.13962634016);
#499 = AXIS2_PLACEMENT_3D('',#500,#501,#502);
#500 = CARTESIAN_POINT('',(0.,0.,13.));
#501 = DIRECTION('',(-0.,-0.,-1.));
#502 = DIRECTION('',(1.,0.,-0.));
#503 = DEFINITIONAL_REPRESENTATION('',(#504),#507);
#504 = B_SPLINE_CURVE_WITH_KNOTS('',1,(#505,#506),.UNSPECIFIED.,.F.,.F.,
  (2,2),(0.429966078762,6.28318530718),.PIECEWISE_BEZIER_KNOTS.);
#505 = CARTESIAN_POINT('',(-0.429966078762,0.));
#506 = CARTESIAN_POINT('',(-6.28318530718,0.));
#507 = ( GEOMETRIC_REPRESENTATION_CONTEXT(2) 
PARAMETRIC_REPRESENTATION_CONTEXT() REPRESENTATION_CONTEXT('2D SPACE',''
  ) );
#508 = ORIENTED_EDGE('',*,*,#509,.F.);
#509 = EDGE_CURVE('',#510,#482,#512,.T.);
#510 = VERTEX_POINT('',#511);
#511 = CARTESIAN_POINT('',(18.797259733039,6.977480279659,13.));
#512 = SURFACE_CURVE('',#513,(#518,#525),.PCURVE_S1.);
#513 = CIRCLE('',#514,20.050491378626);
#514 = AXIS2_PLACEMENT_3D('',#515,#516,#517);
#515 = CARTESIAN_POINT('',(0.,0.,13.));
#516 = DIRECTION('',(0.,0.,1.));
#517 = DIRECTION('',(1.,0.,-0.));
#518 = PCURVE('',#43,#519);
#519 = DEFINITIONAL_REPRESENTATION('',(#520),#524);
#520 = LINE('',#521,#522);
#521 = CARTESIAN_POINT('',(0.,0.4));
#522 = VECTOR('',#523,1.);
#523 = DIRECTION('',(1.,0.));
#524 = ( GEOMETRIC_REPRESENTATION_CONTEXT(2) 
PARAMETRIC_REPRESENTATION_CONTEXT() REPRESENTATION_CONTEXT('2D SPACE',''
  ) );
#525 = PCURVE('',#526,#531);
#526 = PLANE('',#527);
#527 = AXIS2_PLACEMENT_3D('',#528,#529,#530);
#528 = CARTESIAN_POINT('',(-21.64784400584,-52.26251859505,13.));
#529 = DIRECTION('',(0.,0.,1.));
#530 = DIRECTION('',(0.923879532511,0.382683432365,0.));
#531 = DEFINITIONAL_REPRESENTATION('',(#532),#536);
#532 = CIRCLE('',#533,20.050491378626);
#533 = AXIS2_PLACEMENT_2D('',#534,#535);
#534 = CARTESIAN_POINT('',(40.,40.));
#535 = DIRECTION('',(0.923879532511,-0.382683432365));
#536 = ( GEOMETRIC_REPRESENTATION_CONTEXT(2) 
PARAMETRIC_REPRESENTATION_CONTEXT() REPRESENTATION_CONTEXT('2D SPACE',''
  ) );
#537 = ORIENTED_EDGE('',*,*,#538,.F.);
#538 = EDGE_CURVE('',#60,#510,#539,.T.);
#539 = SURFACE_CURVE('',#540,(#545,#552),.PCURVE_S1.);
#540 = CIRCLE('',#541,20.050491378626);
#541 = AXIS2_PLACEMENT_3D('',#542,#543,#544);
#542 = CARTESIAN_POINT('',(0.,0.,13.));
#543 = DIRECTION('',(0.,0.,1.));
#544 = DIRECTION('',(1.,0.,-0.));
#545 = PCURVE('',#43,#546);
#546 = DEFINITIONAL_REPRESENTATION('',(#547),#551);
#547 = LINE('',#548,#549);
#548 = CARTESIAN_POINT('',(0.,0.4));
#549 = VECTOR('',#550,1.);
#550 = DIRECTION('',(1.,0.));
#551 = ( GEOMETRIC_REPRESENTATION_CONTEXT(2) 
PARAMETRIC_REPRESENTATION_CONTEXT() REPRESENTATION_CONTEXT('2D SPACE',''
  ) );
#552 = PCURVE('',#99,#553);
#553 = DEFINITIONAL_REPRESENTATION('',(#554),#557);
#554 = B_SPLINE_CURVE_WITH_KNOTS('',1,(#555,#556),.UNSPECIFIED.,.F.,.F.,
  (2,2),(0.,0.355432084636),.PIECEWISE_BEZIER_KNOTS.);
#555 = CARTESIAN_POINT('',(-6.28318530718,0.));
#556 = CARTESIAN_POINT('',(-6.638617391815,0.));
#557 = ( GEOMETRIC_REPRESENTATION_CONTEXT(2) 
PARAMETRIC_REPRESENTATION_CONTEXT() REPRESENTATION_CONTEXT('2D SPACE',''
  ) );
#558 = ORIENTED_EDGE('',*,*,#59,.F.);
#559 = ADVANCED_FACE('',(#560),#127,.F.);
#560 = FACE_BOUND('',#561,.F.);
#561 = EDGE_LOOP('',(#562,#597,#625));
#562 = ORIENTED_EDGE('',*,*,#563,.T.);
#563 = EDGE_CURVE('',#111,#564,#566,.T.);
#564 = VERTEX_POINT('',#565);
#565 = CARTESIAN_POINT('',(18.990718114314,-7.866213002153,13.));
#566 = SURFACE_CURVE('',#567,(#572,#579),.PCURVE_S1.);
#567 = ELLIPSE('',#568,0.807862058015,0.8);
#568 = AXIS2_PLACEMENT_3D('',#569,#570,#571);
#569 = CARTESIAN_POINT('',(18.244350893822,-7.557057576915,13.));
#570 = DIRECTION('',(0.,0.,1.));
#571 = DIRECTION('',(-0.923879532511,0.382683432365,0.));
#572 = PCURVE('',#127,#573);
#573 = DEFINITIONAL_REPRESENTATION('',(#574),#578);
#574 = ELLIPSE('',#575,0.807862058015,0.8);
#575 = AXIS2_PLACEMENT_2D('',#576,#577);
#576 = CARTESIAN_POINT('',(59.74754310687,40.));
#577 = DIRECTION('',(-1.,0.));
#578 = ( GEOMETRIC_REPRESENTATION_CONTEXT(2) 
PARAMETRIC_REPRESENTATION_CONTEXT() REPRESENTATION_CONTEXT('2D SPACE',''
  ) );
#579 = PCURVE('',#580,#585);
#580 = CYLINDRICAL_SURFACE('',#581,0.8);
#581 = AXIS2_PLACEMENT_3D('',#582,#583,#584);
#582 = CARTESIAN_POINT('',(18.258807393986,-7.563045655347,
    12.888661519232));
#583 = DIRECTION('',(-0.128579179453,5.325923996829E-02,0.990268068742)
  );
#584 = DIRECTION('',(0.91488840041,-0.378959183508,0.13917310096));
#585 = DEFINITIONAL_REPRESENTATION('',(#586),#596);
#586 = B_SPLINE_CURVE_WITH_KNOTS('',8,(#587,#588,#589,#590,#591,#592,
    #593,#594,#595),.UNSPECIFIED.,.F.,.F.,(9,9),(8.219857345201,
    9.424777960769),.PIECEWISE_BEZIER_KNOTS.);
#587 = CARTESIAN_POINT('',(5.078264691611,7.220804542988E-02));
#588 = CARTESIAN_POINT('',(5.228879768557,5.639486914545E-02));
#589 = CARTESIAN_POINT('',(5.379494845503,4.162446621757E-02));
#590 = CARTESIAN_POINT('',(5.530109922449,2.8443423991E-02));
#591 = CARTESIAN_POINT('',(5.680724999395,1.734797757347E-02));
#592 = CARTESIAN_POINT('',(5.831340076341,8.744418132883E-03));
#593 = CARTESIAN_POINT('',(5.981955153287,2.915235087022E-03));
#594 = CARTESIAN_POINT('',(6.132570230234,6.221470841243E-18));
#595 = CARTESIAN_POINT('',(6.28318530718,0.));
#596 = ( GEOMETRIC_REPRESENTATION_CONTEXT(2) 
PARAMETRIC_REPRESENTATION_CONTEXT() REPRESENTATION_CONTEXT('2D SPACE',''
  ) );
#597 = ORIENTED_EDGE('',*,*,#598,.T.);
#598 = EDGE_CURVE('',#564,#83,#599,.T.);
#599 = SURFACE_CURVE('',#600,(#605,#612),.PCURVE_S1.);
#600 = ELLIPSE('',#601,0.807862058015,0.8);
#601 = AXIS2_PLACEMENT_3D('',#602,#603,#604);
#602 = CARTESIAN_POINT('',(18.244350893822,-7.557057576915,13.));
#603 = DIRECTION('',(0.,0.,1.));
#604 = DIRECTION('',(-0.923879532511,0.382683432365,0.));
#605 = PCURVE('',#127,#606);
#606 = DEFINITIONAL_REPRESENTATION('',(#607),#611);
#607 = ELLIPSE('',#608,0.807862058015,0.8);
#608 = AXIS2_PLACEMENT_2D('',#609,#610);
#609 = CARTESIAN_POINT('',(59.74754310687,40.));
#610 = DIRECTION('',(-1.,0.));
#611 = ( GEOMETRIC_REPRESENTATION_CONTEXT(2) 
PARAMETRIC_REPRESENTATION_CONTEXT() REPRESENTATION_CONTEXT('2D SPACE',''
  ) );
#612 = PCURVE('',#580,#613);
#613 = DEFINITIONAL_REPRESENTATION('',(#614),#624);
#614 = B_SPLINE_CURVE_WITH_KNOTS('',8,(#615,#616,#617,#618,#619,#620,
    #621,#622,#623),.UNSPECIFIED.,.F.,.F.,(9,9),(3.14159265359,
    4.346513269158),.PIECEWISE_BEZIER_KNOTS.);
#615 = CARTESIAN_POINT('',(6.28318530718,0.));
#616 = CARTESIAN_POINT('',(6.433800384126,-9.594054676604E-18));
#617 = CARTESIAN_POINT('',(6.584415461072,2.914270667757E-03));
#618 = CARTESIAN_POINT('',(6.735030538018,8.745027382164E-03));
#619 = CARTESIAN_POINT('',(6.885645614964,1.734897769606E-02));
#620 = CARTESIAN_POINT('',(7.03626069191,2.844341430743E-02));
#621 = CARTESIAN_POINT('',(7.186875768856,4.162404483167E-02));
#622 = CARTESIAN_POINT('',(7.337490845802,5.639455837508E-02));
#623 = CARTESIAN_POINT('',(7.488105922748,7.220792890935E-02));
#624 = ( GEOMETRIC_REPRESENTATION_CONTEXT(2) 
PARAMETRIC_REPRESENTATION_CONTEXT() REPRESENTATION_CONTEXT('2D SPACE',''
  ) );
#625 = ORIENTED_EDGE('',*,*,#110,.F.);
#626 = ADVANCED_FACE('',(#627),#580,.T.);
#627 = FACE_BOUND('',#628,.T.);
#628 = EDGE_LOOP('',(#629,#660,#687,#688,#689));
#629 = ORIENTED_EDGE('',*,*,#630,.T.);
#630 = EDGE_CURVE('',#631,#633,#635,.T.);
#631 = VERTEX_POINT('',#632);
#632 = CARTESIAN_POINT('',(18.413119157916,-6.818241264727,
    15.956710691609));
#633 = VERTEX_POINT('',#634);
#634 = CARTESIAN_POINT('',(17.841266053407,-8.198816785303,
    15.956710691608));
#635 = SURFACE_CURVE('',#636,(#641,#648),.PCURVE_S1.);
#636 = CIRCLE('',#637,0.8);
#637 = AXIS2_PLACEMENT_3D('',#638,#639,#640);
#638 = CARTESIAN_POINT('',(17.865610004788,-7.400177964051,
    15.916918667024));
#639 = DIRECTION('',(0.128579179453,-5.325923996829E-02,-0.990268068742)
  );
#640 = DIRECTION('',(0.68438644141,0.727420874155,4.974003073069E-02));
#641 = PCURVE('',#580,#642);
#642 = DEFINITIONAL_REPRESENTATION('',(#643),#647);
#643 = LINE('',#644,#645);
#644 = CARTESIAN_POINT('',(7.488502450202,3.058017564517));
#645 = VECTOR('',#646,1.);
#646 = DIRECTION('',(-1.,-0.));
#647 = ( GEOMETRIC_REPRESENTATION_CONTEXT(2) 
PARAMETRIC_REPRESENTATION_CONTEXT() REPRESENTATION_CONTEXT('2D SPACE',''
  ) );
#648 = PCURVE('',#649,#654);
#649 = TOROIDAL_SURFACE('',#650,1.,0.2);
#650 = AXIS2_PLACEMENT_3D('',#651,#652,#653);
#651 = CARTESIAN_POINT('',(17.865610004788,-7.400177964051,
    15.916918667024));
#652 = DIRECTION('',(0.128579179453,-5.325923996829E-02,-0.990268068742)
  );
#653 = DIRECTION('',(0.91488840041,-0.378959183508,0.13917310096));
#654 = DEFINITIONAL_REPRESENTATION('',(#655),#659);
#655 = LINE('',#656,#657);
#656 = CARTESIAN_POINT('',(-7.488502450202,3.14159265359));
#657 = VECTOR('',#658,1.);
#658 = DIRECTION('',(1.,-0.));
#659 = ( GEOMETRIC_REPRESENTATION_CONTEXT(2) 
PARAMETRIC_REPRESENTATION_CONTEXT() REPRESENTATION_CONTEXT('2D SPACE',''
  ) );
#660 = ORIENTED_EDGE('',*,*,#661,.F.);
#661 = EDGE_CURVE('',#111,#633,#662,.T.);
#662 = SURFACE_CURVE('',#663,(#669,#678),.PCURVE_S1.);
#663 = B_SPLINE_CURVE_WITH_KNOTS('',4,(#664,#665,#666,#667,#668),
  .UNSPECIFIED.,.F.,.F.,(5,5),(0.,1.),.PIECEWISE_BEZIER_KNOTS.);
#664 = CARTESIAN_POINT('',(18.225493446299,-8.357846203614,13.));
#665 = CARTESIAN_POINT('',(18.129438235482,-8.318088899409,
    13.739177966495));
#666 = CARTESIAN_POINT('',(18.033381943322,-8.278331557321,
    14.478355838423));
#667 = CARTESIAN_POINT('',(17.937324535892,-8.23857417586,
    15.217533612523));
#668 = CARTESIAN_POINT('',(17.841265976201,-8.198816753346,
    15.956711285761));
#669 = PCURVE('',#580,#670);
#670 = DEFINITIONAL_REPRESENTATION('',(#671),#677);
#671 = B_SPLINE_CURVE_WITH_KNOTS('',4,(#672,#673,#674,#675,#676),
  .UNSPECIFIED.,.F.,.F.,(5,5),(0.,0.99999979905),
  .PIECEWISE_BEZIER_KNOTS.);
#672 = CARTESIAN_POINT('',(5.078264691611,7.220794940052E-02));
#673 = CARTESIAN_POINT('',(5.07816763777,0.818660280732));
#674 = CARTESIAN_POINT('',(5.078069227615,1.565112659152));
#675 = CARTESIAN_POINT('',(5.077969418538,2.311565086693));
#676 = CARTESIAN_POINT('',(5.077868164157,3.058017564517));
#677 = ( GEOMETRIC_REPRESENTATION_CONTEXT(2) 
PARAMETRIC_REPRESENTATION_CONTEXT() REPRESENTATION_CONTEXT('2D SPACE',''
  ) );
#678 = PCURVE('',#156,#679);
#679 = DEFINITIONAL_REPRESENTATION('',(#680),#686);
#680 = B_SPLINE_CURVE_WITH_KNOTS('',4,(#681,#682,#683,#684,#685),
  .UNSPECIFIED.,.F.,.F.,(5,5),(0.,1.),.PIECEWISE_BEZIER_KNOTS.);
#681 = CARTESIAN_POINT('',(-5.853219228418,0.));
#682 = CARTESIAN_POINT('',(-5.853024666548,-0.739177966495));
#683 = CARTESIAN_POINT('',(-5.852827395755,-1.478355838423));
#684 = CARTESIAN_POINT('',(-5.852627331248,-2.217533612523));
#685 = CARTESIAN_POINT('',(-5.852424380761,-2.956711285761));
#686 = ( GEOMETRIC_REPRESENTATION_CONTEXT(2) 
PARAMETRIC_REPRESENTATION_CONTEXT() REPRESENTATION_CONTEXT('2D SPACE',''
  ) );
#687 = ORIENTED_EDGE('',*,*,#563,.T.);
#688 = ORIENTED_EDGE('',*,*,#598,.T.);
#689 = ORIENTED_EDGE('',*,*,#690,.F.);
#690 = EDGE_CURVE('',#631,#83,#691,.T.);
#691 = SURFACE_CURVE('',#692,(#698,#707),.PCURVE_S1.);
#692 = B_SPLINE_CURVE_WITH_KNOTS('',4,(#693,#694,#695,#696,#697),
  .UNSPECIFIED.,.F.,.F.,(5,5),(0.,1.),.PIECEWISE_BEZIER_KNOTS.);
#693 = CARTESIAN_POINT('',(18.413119080722,-6.818241232727,
    15.956711285761));
#694 = CARTESIAN_POINT('',(18.509155482733,-6.858052148615,
    15.217533612517));
#695 = CARTESIAN_POINT('',(18.605191040948,-6.89786227876,
    14.478355838379));
#696 = CARTESIAN_POINT('',(18.701225782696,-6.937671648127,
    13.739177966501));
#697 = CARTESIAN_POINT('',(18.797259733039,-6.977480279659,13.));
#698 = PCURVE('',#580,#699);
#699 = DEFINITIONAL_REPRESENTATION('',(#700),#706);
#700 = B_SPLINE_CURVE_WITH_KNOTS('',4,(#701,#702,#703,#704,#705),
  .UNSPECIFIED.,.F.,.F.,(5,5),(2.009504615393E-07,1.),
  .PIECEWISE_BEZIER_KNOTS.);
#701 = CARTESIAN_POINT('',(7.488502450202,3.058017564517));
#702 = CARTESIAN_POINT('',(7.488401195821,2.311565086686));
#703 = CARTESIAN_POINT('',(7.488301386744,1.565112659203));
#704 = CARTESIAN_POINT('',(7.488202976589,0.818660280662));
#705 = CARTESIAN_POINT('',(7.488105922748,7.220794932407E-02));
#706 = ( GEOMETRIC_REPRESENTATION_CONTEXT(2) 
PARAMETRIC_REPRESENTATION_CONTEXT() REPRESENTATION_CONTEXT('2D SPACE',''
  ) );
#707 = PCURVE('',#99,#708);
#708 = DEFINITIONAL_REPRESENTATION('',(#709),#715);
#709 = B_SPLINE_CURVE_WITH_KNOTS('',4,(#710,#711,#712,#713,#714),
  .UNSPECIFIED.,.F.,.F.,(5,5),(0.,1.),.PIECEWISE_BEZIER_KNOTS.);
#710 = CARTESIAN_POINT('',(-5.928548070201,-2.956711285761));
#711 = CARTESIAN_POINT('',(-5.928345119714,-2.217533612517));
#712 = CARTESIAN_POINT('',(-5.928145055207,-1.478355838379));
#713 = CARTESIAN_POINT('',(-5.927947784414,-0.739177966501));
#714 = CARTESIAN_POINT('',(-5.927753222544,0.));
#715 = ( GEOMETRIC_REPRESENTATION_CONTEXT(2) 
PARAMETRIC_REPRESENTATION_CONTEXT() REPRESENTATION_CONTEXT('2D SPACE',''
  ) );
#716 = ADVANCED_FACE('',(#717),#649,.F.);
#717 = FACE_BOUND('',#718,.T.);
#718 = EDGE_LOOP('',(#719,#754,#787,#788));
#719 = ORIENTED_EDGE('',*,*,#720,.T.);
#720 = EDGE_CURVE('',#721,#723,#725,.T.);
#721 = VERTEX_POINT('',#722);
#722 = CARTESIAN_POINT('',(18.414852474829,-6.760440668253,
    16.087414712335));
#723 = VERTEX_POINT('',#724);
#724 = CARTESIAN_POINT('',(17.801620499833,-8.240913619171,
    16.087414712335));
#725 = SURFACE_CURVE('',#726,(#731,#738),.PCURVE_S1.);
#726 = CIRCLE('',#727,0.85);
#727 = AXIS2_PLACEMENT_3D('',#728,#729,#730);
#728 = CARTESIAN_POINT('',(17.848600578157,-7.393132428853,
    16.047918819083));
#729 = DIRECTION('',(0.128579179453,-5.325923996829E-02,-0.990268068742)
  );
#730 = DIRECTION('',(0.666178701968,0.744343247765,4.646575676742E-02));
#731 = PCURVE('',#649,#732);
#732 = DEFINITIONAL_REPRESENTATION('',(#733),#737);
#733 = LINE('',#734,#735);
#734 = CARTESIAN_POINT('',(-7.513575190501,3.864326901403));
#735 = VECTOR('',#736,1.);
#736 = DIRECTION('',(1.,-0.));
#737 = ( GEOMETRIC_REPRESENTATION_CONTEXT(2) 
PARAMETRIC_REPRESENTATION_CONTEXT() REPRESENTATION_CONTEXT('2D SPACE',''
  ) );
#738 = PCURVE('',#739,#748);
#739 = SURFACE_OF_REVOLUTION('',#740,#745);
#740 = CIRCLE('',#741,1.);
#741 = AXIS2_PLACEMENT_3D('',#742,#743,#744);
#742 = CARTESIAN_POINT('',(17.855042285044,-7.39580067121,
    16.716836889474));
#743 = DIRECTION('',(-0.382683432365,-0.923879532511,2.775557561563E-17)
  );
#744 = DIRECTION('',(0.771213433461,-0.319447063624,-0.550620934575));
#745 = AXIS1_PLACEMENT('',#746,#747);
#746 = CARTESIAN_POINT('',(18.258807393986,-7.563045655347,
    12.888661519232));
#747 = DIRECTION('',(-0.128579179453,5.325923996829E-02,0.990268068742)
  );
#748 = DEFINITIONAL_REPRESENTATION('',(#749),#753);
#749 = LINE('',#750,#751);
#750 = CARTESIAN_POINT('',(7.513575190501,0.));
#751 = VECTOR('',#752,1.);
#752 = DIRECTION('',(-1.,-0.));
#753 = ( GEOMETRIC_REPRESENTATION_CONTEXT(2) 
PARAMETRIC_REPRESENTATION_CONTEXT() REPRESENTATION_CONTEXT('2D SPACE',''
  ) );
#754 = ORIENTED_EDGE('',*,*,#755,.F.);
#755 = EDGE_CURVE('',#633,#723,#756,.T.);
#756 = SURFACE_CURVE('',#757,(#765,#776),.PCURVE_S1.);
#757 = B_SPLINE_CURVE_WITH_KNOTS('',6,(#758,#759,#760,#761,#762,#763,
    #764),.UNSPECIFIED.,.F.,.F.,(7,7),(0.,1.),.PIECEWISE_BEZIER_KNOTS.);
#758 = CARTESIAN_POINT('',(17.841266053413,-8.198816785304,
    15.956710691609));
#759 = CARTESIAN_POINT('',(17.83817129399,-8.197535903534,
    15.980525092707));
#760 = CARTESIAN_POINT('',(17.83350371221,-8.199683937982,
    16.004320628953));
#761 = CARTESIAN_POINT('',(17.827341958348,-8.205294492989,
    16.027488467993));
#762 = CARTESIAN_POINT('',(17.819831684898,-8.214240753627,
    16.049423225928));
#763 = CARTESIAN_POINT('',(17.811176327062,-8.226244922226,
    16.069559443186));
#764 = CARTESIAN_POINT('',(17.801620499833,-8.240913619171,
    16.087414712335));
#765 = PCURVE('',#649,#766);
#766 = DEFINITIONAL_REPRESENTATION('',(#767),#775);
#767 = B_SPLINE_CURVE_WITH_KNOTS('',6,(#768,#769,#770,#771,#772,#773,
    #774),.UNSPECIFIED.,.F.,.F.,(7,7),(0.,1.),.PIECEWISE_BEZIER_KNOTS.);
#768 = CARTESIAN_POINT('',(-5.077868164157,3.14159265359));
#769 = CARTESIAN_POINT('',(-5.077864902001,3.261836560594));
#770 = CARTESIAN_POINT('',(-5.076011962968,3.382084964867));
#771 = CARTESIAN_POINT('',(-5.072306008083,3.502394269469));
#772 = CARTESIAN_POINT('',(-5.066955597173,3.622833999413));
#773 = CARTESIAN_POINT('',(-5.060329746266,3.743467303601));
#774 = CARTESIAN_POINT('',(-5.052795423858,3.864326901403));
#775 = ( GEOMETRIC_REPRESENTATION_CONTEXT(2) 
PARAMETRIC_REPRESENTATION_CONTEXT() REPRESENTATION_CONTEXT('2D SPACE',''
  ) );
#776 = PCURVE('',#156,#777);
#777 = DEFINITIONAL_REPRESENTATION('',(#778),#786);
#778 = B_SPLINE_CURVE_WITH_KNOTS('',6,(#779,#780,#781,#782,#783,#784,
    #785),.UNSPECIFIED.,.F.,.F.,(7,7),(0.,1.),.PIECEWISE_BEZIER_KNOTS.);
#779 = CARTESIAN_POINT('',(-5.852424380924,-2.956710691609));
#780 = CARTESIAN_POINT('',(-5.852417842382,-2.980525092707));
#781 = CARTESIAN_POINT('',(-5.852219172779,-3.004320628953));
#782 = CARTESIAN_POINT('',(-5.851828342803,-3.027488467993));
#783 = CARTESIAN_POINT('',(-5.851254169707,-3.049423225928));
#784 = CARTESIAN_POINT('',(-5.85051375981,-3.069559443186));
#785 = CARTESIAN_POINT('',(-5.849630531687,-3.087414712335));
#786 = ( GEOMETRIC_REPRESENTATION_CONTEXT(2) 
PARAMETRIC_REPRESENTATION_CONTEXT() REPRESENTATION_CONTEXT('2D SPACE',''
  ) );
#787 = ORIENTED_EDGE('',*,*,#630,.F.);
#788 = ORIENTED_EDGE('',*,*,#789,.T.);
#789 = EDGE_CURVE('',#631,#721,#790,.T.);
#790 = SURFACE_CURVE('',#791,(#799,#810),.PCURVE_S1.);
#791 = B_SPLINE_CURVE_WITH_KNOTS('',6,(#792,#793,#794,#795,#796,#797,
    #798),.UNSPECIFIED.,.F.,.F.,(7,7),(0.,1.),.PIECEWISE_BEZIER_KNOTS.);
#792 = CARTESIAN_POINT('',(18.413119157916,-6.818241264727,
    15.956710691609));
#793 = CARTESIAN_POINT('',(18.410025112356,-6.816958659539,
    15.980525092707));
#794 = CARTESIAN_POINT('',(18.408243523353,-6.812139291086,
    16.004320628953));
#795 = CARTESIAN_POINT('',(18.407853766905,-6.803815011654,
    16.027488467993));
#796 = CARTESIAN_POINT('',(18.408869163183,-6.792178484806,
    16.049423225928));
#797 = CARTESIAN_POINT('',(18.411237129982,-6.777569993567,
    16.069559443186));
#798 = CARTESIAN_POINT('',(18.414852474829,-6.760440668253,
    16.087414712335));
#799 = PCURVE('',#649,#800);
#800 = DEFINITIONAL_REPRESENTATION('',(#801),#809);
#801 = B_SPLINE_CURVE_WITH_KNOTS('',6,(#802,#803,#804,#805,#806,#807,
    #808),.UNSPECIFIED.,.F.,.F.,(7,7),(0.,1.),.PIECEWISE_BEZIER_KNOTS.);
#802 = CARTESIAN_POINT('',(-7.488502450202,3.14159265359));
#803 = CARTESIAN_POINT('',(-7.488505712358,3.261836560594));
#804 = CARTESIAN_POINT('',(-7.490358651391,3.382084964867));
#805 = CARTESIAN_POINT('',(-7.494064606276,3.502394269469));
#806 = CARTESIAN_POINT('',(-7.499415017187,3.622833999413));
#807 = CARTESIAN_POINT('',(-7.506040868093,3.743467303601));
#808 = CARTESIAN_POINT('',(-7.513575190501,3.864326901403));
#809 = ( GEOMETRIC_REPRESENTATION_CONTEXT(2) 
PARAMETRIC_REPRESENTATION_CONTEXT() REPRESENTATION_CONTEXT('2D SPACE',''
  ) );
#810 = PCURVE('',#99,#811);
#811 = DEFINITIONAL_REPRESENTATION('',(#812),#820);
#812 = B_SPLINE_CURVE_WITH_KNOTS('',6,(#813,#814,#815,#816,#817,#818,
    #819),.UNSPECIFIED.,.F.,.F.,(7,7),(0.,1.),.PIECEWISE_BEZIER_KNOTS.);
#813 = CARTESIAN_POINT('',(-5.928548070038,-2.956710691609));
#814 = CARTESIAN_POINT('',(-5.92855460858,-2.980525092707));
#815 = CARTESIAN_POINT('',(-5.928753278183,-3.004320628953));
#816 = CARTESIAN_POINT('',(-5.929144108159,-3.027488467993));
#817 = CARTESIAN_POINT('',(-5.929718281255,-3.049423225928));
#818 = CARTESIAN_POINT('',(-5.930458691152,-3.069559443186));
#819 = CARTESIAN_POINT('',(-5.931341919275,-3.087414712335));
#820 = ( GEOMETRIC_REPRESENTATION_CONTEXT(2) 
PARAMETRIC_REPRESENTATION_CONTEXT() REPRESENTATION_CONTEXT('2D SPACE',''
  ) );
#821 = ADVANCED_FACE('',(#822),#739,.T.);
#822 = FACE_BOUND('',#823,.T.);
#823 = EDGE_LOOP('',(#824,#990,#1096,#1159,#1160,#1225));
#824 = ORIENTED_EDGE('',*,*,#825,.T.);
#825 = EDGE_CURVE('',#826,#828,#830,.T.);
#826 = VERTEX_POINT('',#827);
#827 = CARTESIAN_POINT('',(18.099751970648,-6.358287119494,17.));
#828 = VERTEX_POINT('',#829);
#829 = CARTESIAN_POINT('',(17.294445295166,-8.302469417314,17.));
#830 = SURFACE_CURVE('',#831,(#870,#943),.PCURVE_S1.);
#831 = B_SPLINE_CURVE_WITH_KNOTS('',7,(#832,#833,#834,#835,#836,#837,
    #838,#839,#840,#841,#842,#843,#844,#845,#846,#847,#848,#849,#850,
    #851,#852,#853,#854,#855,#856,#857,#858,#859,#860,#861,#862,#863,
    #864,#865,#866,#867,#868,#869),.UNSPECIFIED.,.F.,.F.,(8,6,6,6,6,6,8)
  ,(0.741795890122,0.823668423302,0.878544277659,1.,1.121448595208,
    1.176320530943,1.258204133755),.UNSPECIFIED.);
#832 = CARTESIAN_POINT('',(18.099751970648,-6.358287119494,17.));
#833 = CARTESIAN_POINT('',(18.173412852413,-6.382717141379,17.));
#834 = CARTESIAN_POINT('',(18.245107036386,-6.413527827986,17.));
#835 = CARTESIAN_POINT('',(18.314150797699,-6.450538827693,17.));
#836 = CARTESIAN_POINT('',(18.379891719818,-6.493477003886,17.));
#837 = CARTESIAN_POINT('',(18.441714452163,-6.541984944335,17.));
#838 = CARTESIAN_POINT('',(18.499050738792,-6.595623140716,17.));
#839 = CARTESIAN_POINT('',(18.586477104535,-6.692903567608,17.));
#840 = CARTESIAN_POINT('',(18.619320133397,-6.734013124117,17.));
#841 = CARTESIAN_POINT('',(18.649771306224,-6.777038350437,17.));
#842 = CARTESIAN_POINT('',(18.67769408994,-6.821810286382,17.));
#843 = CARTESIAN_POINT('',(18.702967718533,-6.868148131167,17.));
#844 = CARTESIAN_POINT('',(18.72548799466,-6.915860205627,17.));
#845 = CARTESIAN_POINT('',(18.788725688178,-7.07294054413,17.));
#846 = CARTESIAN_POINT('',(18.818392392113,-7.186934630736,17.));
#847 = CARTESIAN_POINT('',(18.833174974172,-7.304477022433,17.));
#848 = CARTESIAN_POINT('',(18.832622682432,-7.423200571487,17.));
#849 = CARTESIAN_POINT('',(18.816722982182,-7.540732102736,17.));
#850 = CARTESIAN_POINT('',(18.785895721835,-7.654696980436,17.));
#851 = CARTESIAN_POINT('',(18.69632502649,-7.87093976793,17.));
#852 = CARTESIAN_POINT('',(18.637542132839,-7.973317579949,17.));
#853 = CARTESIAN_POINT('',(18.56568334211,-8.067663105251,17.));
#854 = CARTESIAN_POINT('',(18.482130617546,-8.152000670283,17.));
#855 = CARTESIAN_POINT('',(18.388570578809,-8.22466131057,17.));
#856 = CARTESIAN_POINT('',(18.286995371261,-8.284290101103,17.));
#857 = CARTESIAN_POINT('',(18.131219724897,-8.350649825647,17.));
#858 = CARTESIAN_POINT('',(18.08156237683,-8.368464313411,17.));
#859 = CARTESIAN_POINT('',(18.030929831228,-8.383360625756,17.));
#860 = CARTESIAN_POINT('',(17.9795312563,-8.395276905641,17.));
#861 = CARTESIAN_POINT('',(17.927579843916,-8.404170698232,17.));
#862 = CARTESIAN_POINT('',(17.875291562878,-8.410019064524,17.));
#863 = CARTESIAN_POINT('',(17.744677681721,-8.416996492308,17.));
#864 = CARTESIAN_POINT('',(17.66619596548,-8.414385787792,17.));
#865 = CARTESIAN_POINT('',(17.58816922987,-8.404973162962,17.));
#866 = CARTESIAN_POINT('',(17.511310367056,-8.388849654959,17.));
#867 = CARTESIAN_POINT('',(17.436307512478,-8.366197702398,17.));
#868 = CARTESIAN_POINT('',(17.363815405783,-8.337285593619,17.));
#869 = CARTESIAN_POINT('',(17.294445295166,-8.302469417314,17.));
#870 = PCURVE('',#739,#871);
#871 = DEFINITIONAL_REPRESENTATION('',(#872),#942);
#872 = B_SPLINE_CURVE_WITH_KNOTS('',3,(#873,#874,#875,#876,#877,#878,
    #879,#880,#881,#882,#883,#884,#885,#886,#887,#888,#889,#890,#891,
    #892,#893,#894,#895,#896,#897,#898,#899,#900,#901,#902,#903,#904,
    #905,#906,#907,#908,#909,#910,#911,#912,#913,#914,#915,#916,#917,
    #918,#919,#920,#921,#922,#923,#924,#925,#926,#927,#928,#929,#930,
    #931,#932,#933,#934,#935,#936,#937,#938,#939,#940,#941),
  .UNSPECIFIED.,.F.,.F.,(4,1,1,1,1,1,1,1,1,1,1,1,1,1,1,1,1,1,1,1,1,1,1,1
    ,1,1,1,1,1,1,1,1,1,1,1,1,1,1,1,1,1,1,1,1,1,1,1,1,1,1,1,1,1,1,1,1,1,1
    ,1,1,1,1,1,1,1,1,4),(0.741795890122,0.74962025745,0.757444624778,
    0.765268992106,0.773093359433,0.780917726761,0.788742094089,
    0.796566461417,0.804390828744,0.812215196072,0.8200395634,
    0.827863930728,0.835688298055,0.843512665383,0.851337032711,
    0.859161400039,0.866985767366,0.874810134694,0.882634502022,
    0.89045886935,0.898283236678,0.906107604005,0.913931971333,
    0.921756338661,0.929580705989,0.937405073316,0.945229440644,
    0.953053807972,0.9608781753,0.968702542627,0.976526909955,
    0.984351277283,0.992175644611,1.000000011938,1.007824379266,
    1.015648746594,1.023473113922,1.03129748125,1.039121848577,
    1.046946215905,1.054770583233,1.062594950561,1.070419317888,
    1.078243685216,1.086068052544,1.093892419872,1.101716787199,
    1.109541154527,1.117365521855,1.125189889183,1.13301425651,
    1.140838623838,1.148662991166,1.156487358494,1.164311725821,
    1.172136093149,1.179960460477,1.187784827805,1.195609195133,
    1.20343356246,1.211257929788,1.219082297116,1.226906664444,
    1.234731031771,1.242555399099,1.250379766427,1.258204133755),
  .QUASI_UNIFORM_KNOTS.);
#873 = CARTESIAN_POINT('',(7.882376400371,1.0318327639));
#874 = CARTESIAN_POINT('',(7.866111179149,1.029311100647));
#875 = CARTESIAN_POINT('',(7.833599900695,1.024262236658));
#876 = CARTESIAN_POINT('',(7.784886972822,1.016690572896));
#877 = CARTESIAN_POINT('',(7.736224774471,1.009138842031));
#878 = CARTESIAN_POINT('',(7.68760919878,1.001625148722));
#879 = CARTESIAN_POINT('',(7.639035855156,0.994167452767));
#880 = CARTESIAN_POINT('',(7.590500170013,0.986783538481));
#881 = CARTESIAN_POINT('',(7.54199760645,0.979491005414));
#882 = CARTESIAN_POINT('',(7.493523835337,0.972307249751));
#883 = CARTESIAN_POINT('',(7.445074989818,0.965249456045));
#884 = CARTESIAN_POINT('',(7.396647683907,0.958334554034));
#885 = CARTESIAN_POINT('',(7.34823997835,0.95157930635));
#886 = CARTESIAN_POINT('',(7.299845714699,0.944999475521));
#887 = CARTESIAN_POINT('',(7.251462334976,0.938610883601));
#888 = CARTESIAN_POINT('',(7.203086687271,0.932428801319));
#889 = CARTESIAN_POINT('',(7.154715816594,0.926468004413));
#890 = CARTESIAN_POINT('',(7.10634705288,0.920742743528));
#891 = CARTESIAN_POINT('',(7.057978018869,0.9152667207));
#892 = CARTESIAN_POINT('',(7.00960763409,0.910053161132));
#893 = CARTESIAN_POINT('',(6.961226030003,0.90511375784));
#894 = CARTESIAN_POINT('',(6.912836950529,0.900460999335));
#895 = CARTESIAN_POINT('',(6.864441088319,0.896106267805));
#896 = CARTESIAN_POINT('',(6.816039010585,0.892060170525));
#897 = CARTESIAN_POINT('',(6.767630645494,0.888332473036));
#898 = CARTESIAN_POINT('',(6.719215661895,0.884932133771));
#899 = CARTESIAN_POINT('',(6.670793587479,0.881867305558));
#900 = CARTESIAN_POINT('',(6.622363979924,0.879145339522));
#901 = CARTESIAN_POINT('',(6.573926574989,0.876772781504));
#902 = CARTESIAN_POINT('',(6.525481428129,0.874755363339));
#903 = CARTESIAN_POINT('',(6.477029086507,0.873097988139));
#904 = CARTESIAN_POINT('',(6.428570654872,0.871804709649));
#905 = CARTESIAN_POINT('',(6.380108292812,0.870878705593));
#906 = CARTESIAN_POINT('',(6.33164415905,0.870322244779));
#907 = CARTESIAN_POINT('',(6.28318523297,0.870136648905));
#908 = CARTESIAN_POINT('',(6.234726308535,0.87032224591));
#909 = CARTESIAN_POINT('',(6.186262178567,0.870878707791));
#910 = CARTESIAN_POINT('',(6.137799821495,0.871804712823));
#911 = CARTESIAN_POINT('',(6.089341395374,0.873097992188));
#912 = CARTESIAN_POINT('',(6.040889059306,0.874755368168));
#913 = CARTESIAN_POINT('',(5.992443917709,0.876772787032));
#914 = CARTESIAN_POINT('',(5.944006517539,0.879145345683));
#915 = CARTESIAN_POINT('',(5.895576914151,0.881867312305));
#916 = CARTESIAN_POINT('',(5.847154843306,0.884932141069));
#917 = CARTESIAN_POINT('',(5.798739862791,0.888332480854));
#918 = CARTESIAN_POINT('',(5.750331500538,0.892060178824));
#919 = CARTESIAN_POINT('',(5.701929425746,0.896106276521));
#920 = CARTESIAN_POINT('',(5.653533567257,0.900461008336));
#921 = CARTESIAN_POINT('',(5.605144492695,0.905113766943));
#922 = CARTESIAN_POINT('',(5.556762897313,0.910053169857));
#923 = CARTESIAN_POINT('',(5.508392521037,0.915266728946));
#924 = CARTESIAN_POINT('',(5.460023490231,0.920742751784));
#925 = CARTESIAN_POINT('',(5.41165473151,0.926468012423));
#926 = CARTESIAN_POINT('',(5.363283865282,0.932428809088));
#927 = CARTESIAN_POINT('',(5.314908222006,0.938610891071));
#928 = CARTESIAN_POINT('',(5.266524846414,0.944999482667));
#929 = CARTESIAN_POINT('',(5.218130587903,0.951579312975));
#930 = CARTESIAN_POINT('',(5.169722885503,0.95833456039));
#931 = CARTESIAN_POINT('',(5.121295582234,0.965249462152));
#932 = CARTESIAN_POINT('',(5.072846741587,0.972307255257));
#933 = CARTESIAN_POINT('',(5.024372975624,0.979491010238));
#934 = CARTESIAN_POINT('',(4.975870417175,0.986783542596));
#935 = CARTESIAN_POINT('',(4.927334736697,0.994167456211));
#936 = CARTESIAN_POINT('',(4.878761397216,1.001625151553));
#937 = CARTESIAN_POINT('',(4.830145825283,1.009138844294));
#938 = CARTESIAN_POINT('',(4.781483630697,1.01669057458));
#939 = CARTESIAN_POINT('',(4.732770707211,1.024262237661));
#940 = CARTESIAN_POINT('',(4.700259432777,1.029311101025));
#941 = CARTESIAN_POINT('',(4.683994213989,1.0318327639));
#942 = ( GEOMETRIC_REPRESENTATION_CONTEXT(2) 
PARAMETRIC_REPRESENTATION_CONTEXT() REPRESENTATION_CONTEXT('2D SPACE',''
  ) );
#943 = PCURVE('',#944,#949);
#944 = PLANE('',#945);
#945 = AXIS2_PLACEMENT_3D('',#946,#947,#948);
#946 = CARTESIAN_POINT('',(-52.26251859505,-21.64784400584,17.));
#947 = DIRECTION('',(0.,0.,1.));
#948 = DIRECTION('',(0.923879532511,-0.382683432365,0.));
#949 = DEFINITIONAL_REPRESENTATION('',(#950),#989);
#950 = B_SPLINE_CURVE_WITH_KNOTS('',7,(#951,#952,#953,#954,#955,#956,
    #957,#958,#959,#960,#961,#962,#963,#964,#965,#966,#967,#968,#969,
    #970,#971,#972,#973,#974,#975,#976,#977,#978,#979,#980,#981,#982,
    #983,#984,#985,#986,#987,#988),.UNSPECIFIED.,.F.,.F.,(8,6,6,6,6,6,8)
  ,(0.741795890122,0.823668423302,0.878544277659,1.,1.121448595208,
    1.176320530943,1.258204133755),.UNSPECIFIED.);
#951 = CARTESIAN_POINT('',(59.155201528064,41.052183877554));
#952 = CARTESIAN_POINT('',(59.232604273701,41.05780227942));
#953 = CARTESIAN_POINT('',(59.310631802177,41.056773093084));
#954 = CARTESIAN_POINT('',(59.388583416505,41.049001291541));
#955 = CARTESIAN_POINT('',(59.465751837545,41.034489551116));
#956 = CARTESIAN_POINT('',(59.54143177975,41.013332593182));
#957 = CARTESIAN_POINT('',(59.614930050534,40.985719008351));
#958 = CARTESIAN_POINT('',(59.73292908811,40.929300234754));
#959 = CARTESIAN_POINT('',(59.77900403645,40.903888439918));
#960 = CARTESIAN_POINT('',(59.823602293052,40.875791473277));
#961 = CARTESIAN_POINT('',(59.866533059538,40.84511318474));
#962 = CARTESIAN_POINT('',(59.907615573199,40.811974397301));
#963 = CARTESIAN_POINT('',(59.946680215798,40.77651232482));
#964 = CARTESIAN_POINT('',(60.065216269619,40.655589032728));
#965 = CARTESIAN_POINT('',(60.136248378513,40.561625185373));
#966 = CARTESIAN_POINT('',(60.194887229418,40.458687224723));
#967 = CARTESIAN_POINT('',(60.239810513638,40.348789614827));
#968 = CARTESIAN_POINT('',(60.270098475794,40.234120086816));
#969 = CARTESIAN_POINT('',(60.285230271483,40.117033187084));
#970 = CARTESIAN_POINT('',(60.285230271483,39.882973680531));
#971 = CARTESIAN_POINT('',(60.270100251679,39.765893675916));
#972 = CARTESIAN_POINT('',(60.239815855143,39.651230607424));
#973 = CARTESIAN_POINT('',(60.194897791897,39.54133861385));
#974 = CARTESIAN_POINT('',(60.13626561027,39.438405058714));
#975 = CARTESIAN_POINT('',(60.065241305235,39.344444090523));
#976 = CARTESIAN_POINT('',(59.946718141055,39.223522940205));
#977 = CARTESIAN_POINT('',(59.90765804286,39.188061455177));
#978 = CARTESIAN_POINT('',(59.866580242237,39.154922820751));
#979 = CARTESIAN_POINT('',(59.823654313749,39.12424423059));
#980 = CARTESIAN_POINT('',(59.779060974238,39.096146492842));
#981 = CARTESIAN_POINT('',(59.732990974483,39.070733448065));
#982 = CARTESIAN_POINT('',(59.614989629033,39.014303376991));
#983 = CARTESIAN_POINT('',(59.541482904356,38.986681700909));
#984 = CARTESIAN_POINT('',(59.465793544761,38.965518293338));
#985 = CARTESIAN_POINT('',(59.388615015131,38.951001858945));
#986 = CARTESIAN_POINT('',(59.31065288595,38.94322718446));
#987 = CARTESIAN_POINT('',(59.232614727281,38.942196961793));
#988 = CARTESIAN_POINT('',(59.155201528064,38.947816122447));
#989 = ( GEOMETRIC_REPRESENTATION_CONTEXT(2) 
PARAMETRIC_REPRESENTATION_CONTEXT() REPRESENTATION_CONTEXT('2D SPACE',''
  ) );
#990 = ORIENTED_EDGE('',*,*,#991,.T.);
#991 = EDGE_CURVE('',#828,#992,#994,.T.);
#992 = VERTEX_POINT('',#993);
#993 = CARTESIAN_POINT('',(17.609534081622,-8.446978092159,
    16.698710585336));
#994 = SURFACE_CURVE('',#995,(#1025,#1058),.PCURVE_S1.);
#995 = B_SPLINE_CURVE_WITH_KNOTS('',4,(#996,#997,#998,#999,#1000,#1001,
    #1002,#1003,#1004,#1005,#1006,#1007,#1008,#1009,#1010,#1011,#1012,
    #1013,#1014,#1015,#1016,#1017,#1018,#1019,#1020,#1021,#1022,#1023,
    #1024),.UNSPECIFIED.,.F.,.F.,(5,3,3,3,3,3,3,3,3,5),(0.,
    0.122414532581,0.244580566132,0.366792883873,0.489088027815,
    0.611497051893,0.734032485134,0.856681573233,0.979531280324,1.),
  .UNSPECIFIED.);
#996 = CARTESIAN_POINT('',(17.294445295214,-8.302469417215,17.));
#997 = CARTESIAN_POINT('',(17.308176834327,-8.309361141514,17.));
#998 = CARTESIAN_POINT('',(17.321916508755,-8.3162358033,16.999101037665
    ));
#999 = CARTESIAN_POINT('',(17.335593973916,-8.323056695204,
    16.997303124491));
#1000 = CARTESIAN_POINT('',(17.362658880457,-8.336502820068,
    16.991942925263));
#1001 = CARTESIAN_POINT('',(17.376046937085,-8.343128481823,
    16.988384218838));
#1002 = CARTESIAN_POINT('',(17.389235708131,-8.349626553866,
    16.98395817443));
#1003 = CARTESIAN_POINT('',(17.415089036609,-8.362298043867,
    16.973424838643));
#1004 = CARTESIAN_POINT('',(17.427753476224,-8.368471401357,
    16.967316877174));
#1005 = CARTESIAN_POINT('',(17.440087913076,-8.374445197047,
    16.960396414374));
#1006 = CARTESIAN_POINT('',(17.46398531182,-8.385931297087,
    16.945006569335));
#1007 = CARTESIAN_POINT('',(17.475547818537,-8.391443343684,
    16.936536080693));
#1008 = CARTESIAN_POINT('',(17.48666022698,-8.396689274425,
    16.92733340106));
#1009 = CARTESIAN_POINT('',(17.507890022879,-8.406596113673,
    16.907558470853));
#1010 = CARTESIAN_POINT('',(17.518006527813,-8.411256516495,
    16.896984876568));
#1011 = CARTESIAN_POINT('',(17.527567261897,-8.415592858323,
    16.885781912343));
#1012 = CARTESIAN_POINT('',(17.545499483674,-8.423575474165,
    16.862227652626));
#1013 = CARTESIAN_POINT('',(17.553869765006,-8.427221058415,
    16.849875104092));
#1014 = CARTESIAN_POINT('',(17.561596027564,-8.430495792479,
    16.837014664303));
#1015 = CARTESIAN_POINT('',(17.575699617466,-8.436273111129,
    16.810402334355));
#1016 = CARTESIAN_POINT('',(17.582075702814,-8.438774991428,
    16.796649556307));
#1017 = CARTESIAN_POINT('',(17.587739029194,-8.440872168446,
    16.782524824727));
#1018 = CARTESIAN_POINT('',(17.597601276746,-8.444240588655,
    16.753654427607));
#1019 = CARTESIAN_POINT('',(17.601797795597,-8.445510482451,
    16.738907721225));
#1020 = CARTESIAN_POINT('',(17.60523210119,-8.446355008449,
    16.72393492189));
#1021 = CARTESIAN_POINT('',(17.608334274865,-8.44684111742,
    16.706292955263));
#1022 = CARTESIAN_POINT('',(17.608755807285,-8.446898666218,
    16.703769179185));
#1023 = CARTESIAN_POINT('',(17.609155760042,-8.446944326388,
    16.701241604557));
#1024 = CARTESIAN_POINT('',(17.609534081622,-8.446978092159,
    16.698710585336));
#1025 = PCURVE('',#739,#1026);
#1026 = DEFINITIONAL_REPRESENTATION('',(#1027),#1057);
#1027 = B_SPLINE_CURVE_WITH_KNOTS('',4,(#1028,#1029,#1030,#1031,#1032,
    #1033,#1034,#1035,#1036,#1037,#1038,#1039,#1040,#1041,#1042,#1043,
    #1044,#1045,#1046,#1047,#1048,#1049,#1050,#1051,#1052,#1053,#1054,
    #1055,#1056),.UNSPECIFIED.,.F.,.F.,(5,3,3,3,3,3,3,3,3,5),(0.,
    0.122414532581,0.244580566132,0.366792883873,0.489088027815,
    0.611497051893,0.734032485134,0.856681573233,0.979531280324,1.),
  .UNSPECIFIED.);
#1028 = CARTESIAN_POINT('',(4.683994211959,1.031832750713));
#1029 = CARTESIAN_POINT('',(4.698434504475,1.029594014938));
#1030 = CARTESIAN_POINT('',(4.712731569184,1.026422761026));
#1031 = CARTESIAN_POINT('',(4.726796190175,1.022334653287));
#1032 = CARTESIAN_POINT('',(4.754273664488,1.012402528586));
#1033 = CARTESIAN_POINT('',(4.767687960648,1.00656196175));
#1034 = CARTESIAN_POINT('',(4.780713002683,0.999875530088));
#1035 = CARTESIAN_POINT('',(4.805861128662,0.984904615347));
#1036 = CARTESIAN_POINT('',(4.817983939979,0.976619378877));
#1037 = CARTESIAN_POINT('',(4.829589199738,0.967584122816));
#1038 = CARTESIAN_POINT('',(4.851677242538,0.948124173938));
#1039 = CARTESIAN_POINT('',(4.862159228657,0.937698392826));
#1040 = CARTESIAN_POINT('',(4.872028125331,0.926638763953));
#1041 = CARTESIAN_POINT('',(4.89048430655,0.903370145617));
#1042 = CARTESIAN_POINT('',(4.89907028976,0.891159974203));
#1043 = CARTESIAN_POINT('',(4.906977880856,0.878444002963));
#1044 = CARTESIAN_POINT('',(4.921404026597,0.852121099481));
#1045 = CARTESIAN_POINT('',(4.927921015498,0.838513186955));
#1046 = CARTESIAN_POINT('',(4.933718293464,0.824532793202));
#1047 = CARTESIAN_POINT('',(4.943855038823,0.79594894316));
#1048 = CARTESIAN_POINT('',(4.948193042269,0.781344895544));
#1049 = CARTESIAN_POINT('',(4.951786678904,0.766503001981));
#1050 = CARTESIAN_POINT('',(4.957476812249,0.736453666914));
#1051 = CARTESIAN_POINT('',(4.95957078611,0.721245677662));
#1052 = CARTESIAN_POINT('',(4.96090466431,0.705934258361));
#1053 = CARTESIAN_POINT('',(4.96156998728,0.688029966674));
#1054 = CARTESIAN_POINT('',(4.961643825416,0.685471884867));
#1055 = CARTESIAN_POINT('',(4.961696407573,0.682913122947));
#1056 = CARTESIAN_POINT('',(4.961727787476,0.680353994951));
#1057 = ( GEOMETRIC_REPRESENTATION_CONTEXT(2) 
PARAMETRIC_REPRESENTATION_CONTEXT() REPRESENTATION_CONTEXT('2D SPACE',''
  ) );
#1058 = PCURVE('',#1059,#1064);
#1059 = TOROIDAL_SURFACE('',#1060,19.184077681581,0.35);
#1060 = AXIS2_PLACEMENT_3D('',#1061,#1062,#1063);
#1061 = CARTESIAN_POINT('',(0.,0.,16.65));
#1062 = DIRECTION('',(0.,0.,1.));
#1063 = DIRECTION('',(1.,0.,-0.));
#1064 = DEFINITIONAL_REPRESENTATION('',(#1065),#1095);
#1065 = B_SPLINE_CURVE_WITH_KNOTS('',4,(#1066,#1067,#1068,#1069,#1070,
    #1071,#1072,#1073,#1074,#1075,#1076,#1077,#1078,#1079,#1080,#1081,
    #1082,#1083,#1084,#1085,#1086,#1087,#1088,#1089,#1090,#1091,#1092,
    #1093,#1094),.UNSPECIFIED.,.F.,.F.,(5,3,3,3,3,3,3,3,3,5),(0.,
    0.122414532581,0.244580566132,0.366792883873,0.489088027815,
    0.611497051893,0.734032485134,0.856681573233,0.979531280324,1.),
  .UNSPECIFIED.);
#1066 = CARTESIAN_POINT('',(5.835611962886,1.570796326795));
#1067 = CARTESIAN_POINT('',(5.835597880116,1.526906107428));
#1068 = CARTESIAN_POINT('',(5.835584812745,1.483016137827));
#1069 = CARTESIAN_POINT('',(5.835572893945,1.439126816566));
#1070 = CARTESIAN_POINT('',(5.835551743095,1.351441224053));
#1071 = CARTESIAN_POINT('',(5.835542504716,1.307644899673));
#1072 = CARTESIAN_POINT('',(5.835534776217,1.263851848181));
#1073 = CARTESIAN_POINT('',(5.835522749379,1.176260099799));
#1074 = CARTESIAN_POINT('',(5.835518451268,1.132461348698));
#1075 = CARTESIAN_POINT('',(5.835516076239,1.088670214535));
#1076 = CARTESIAN_POINT('',(5.835515566266,1.00107823868));
#1077 = CARTESIAN_POINT('',(5.835517433205,0.957277348739));
#1078 = CARTESIAN_POINT('',(5.835521619204,0.913488698645));
#1079 = CARTESIAN_POINT('',(5.835534950522,0.825898250633));
#1080 = CARTESIAN_POINT('',(5.835544099691,0.782096432627));
#1081 = CARTESIAN_POINT('',(5.835555886619,0.738309871357));
#1082 = CARTESIAN_POINT('',(5.835584940222,0.650722226334));
#1083 = CARTESIAN_POINT('',(5.835602212039,0.60692115448));
#1084 = CARTESIAN_POINT('',(5.835622315751,0.563135412209));
#1085 = CARTESIAN_POINT('',(5.835668240641,0.475550874691));
#1086 = CARTESIAN_POINT('',(5.835694066812,0.431752110307));
#1087 = CARTESIAN_POINT('',(5.835722761924,0.387965508775));
#1088 = CARTESIAN_POINT('',(5.835785798746,0.300339357904));
#1089 = CARTESIAN_POINT('',(5.835820149469,0.25649986209));
#1090 = CARTESIAN_POINT('',(5.835857234736,0.212666856585));
#1091 = CARTESIAN_POINT('',(5.8359034976,0.161534175397));
#1092 = CARTESIAN_POINT('',(5.835910176211,0.154231497442));
#1093 = CARTESIAN_POINT('',(5.835916925414,0.146928891577));
#1094 = CARTESIAN_POINT('',(5.835923744379,0.13962634016));
#1095 = ( GEOMETRIC_REPRESENTATION_CONTEXT(2) 
PARAMETRIC_REPRESENTATION_CONTEXT() REPRESENTATION_CONTEXT('2D SPACE',''
  ) );
#1096 = ORIENTED_EDGE('',*,*,#1097,.F.);
#1097 = EDGE_CURVE('',#723,#992,#1098,.T.);
#1098 = SURFACE_CURVE('',#1099,(#1117,#1138),.PCURVE_S1.);
#1099 = B_SPLINE_CURVE_WITH_KNOTS('',6,(#1100,#1101,#1102,#1103,#1104,
    #1105,#1106,#1107,#1108,#1109,#1110,#1111,#1112,#1113,#1114,#1115,
    #1116),.UNSPECIFIED.,.F.,.F.,(7,5,5,7),(0.,0.493872364423,
    0.948341652732,1.),.UNSPECIFIED.);
#1100 = CARTESIAN_POINT('',(17.801620499833,-8.240913619171,
    16.087414712335));
#1101 = CARTESIAN_POINT('',(17.778878846261,-8.275823252452,
    16.129907982221));
#1102 = CARTESIAN_POINT('',(17.757244446732,-8.307259927644,
    16.174892809534));
#1103 = CARTESIAN_POINT('',(17.736879740429,-8.335094443054,
    16.221949280885));
#1104 = CARTESIAN_POINT('',(17.717887972939,-8.359310586369,
    16.270687346253));
#1105 = CARTESIAN_POINT('',(17.700331908328,-8.379940828454,
    16.320784017637));
#1106 = CARTESIAN_POINT('',(17.669455294667,-8.412750099182,
    16.419111531155));
#1107 = CARTESIAN_POINT('',(17.655912837277,-8.425467508717,
    16.467158832587));
#1108 = CARTESIAN_POINT('',(17.643659240913,-8.435210517022,
    16.515924669477));
#1109 = CARTESIAN_POINT('',(17.632722426794,-8.442009157062,
    16.565217559063));
#1110 = CARTESIAN_POINT('',(17.623124904849,-8.445890435318,
    16.614861302374));
#1111 = CARTESIAN_POINT('',(17.613951298835,-8.446982482571,
    16.670357955093));
#1112 = CARTESIAN_POINT('',(17.613032567671,-8.44705646483,
    16.67602466721));
#1113 = CARTESIAN_POINT('',(17.612131448813,-8.447092993784,
    16.681693532674));
#1114 = CARTESIAN_POINT('',(17.611247973821,-8.447092093244,
    16.687364305316));
#1115 = CARTESIAN_POINT('',(17.610382174246,-8.447053785669,
    16.693036738542));
#1116 = CARTESIAN_POINT('',(17.609534081622,-8.446978092159,
    16.698710585336));
#1117 = PCURVE('',#739,#1118);
#1118 = DEFINITIONAL_REPRESENTATION('',(#1119),#1137);
#1119 = B_SPLINE_CURVE_WITH_KNOTS('',6,(#1120,#1121,#1122,#1123,#1124,
    #1125,#1126,#1127,#1128,#1129,#1130,#1131,#1132,#1133,#1134,#1135,
    #1136),.UNSPECIFIED.,.F.,.F.,(7,5,5,7),(0.,0.493872364423,
    0.948341652732,1.),.UNSPECIFIED.);
#1120 = CARTESIAN_POINT('',(5.052795423858,0.));
#1121 = CARTESIAN_POINT('',(5.034864694683,5.752609456465E-02));
#1122 = CARTESIAN_POINT('',(5.020335149972,0.11489635074));
#1123 = CARTESIAN_POINT('',(5.008338251646,0.171917291573));
#1124 = CARTESIAN_POINT('',(4.998393776607,0.228534481467));
#1125 = CARTESIAN_POINT('',(4.990158893419,0.284754015954));
#1126 = CARTESIAN_POINT('',(4.977189597277,0.392087131634));
#1127 = CARTESIAN_POINT('',(4.972229806608,0.443235339948));
#1128 = CARTESIAN_POINT('',(4.968346346403,0.494138548117));
#1129 = CARTESIAN_POINT('',(4.965436991748,0.544847500895));
#1130 = CARTESIAN_POINT('',(4.963437032776,0.595419422515));
#1131 = CARTESIAN_POINT('',(4.962192560975,0.651663197025));
#1132 = CARTESIAN_POINT('',(4.96207692878,0.657402842657));
#1133 = CARTESIAN_POINT('',(4.961972674149,0.663141652532));
#1134 = CARTESIAN_POINT('',(4.961879771439,0.668879717182));
#1135 = CARTESIAN_POINT('',(4.961798177682,0.67461713042));
#1136 = CARTESIAN_POINT('',(4.961727832578,0.680353989335));
#1137 = ( GEOMETRIC_REPRESENTATION_CONTEXT(2) 
PARAMETRIC_REPRESENTATION_CONTEXT() REPRESENTATION_CONTEXT('2D SPACE',''
  ) );
#1138 = PCURVE('',#156,#1139);
#1139 = DEFINITIONAL_REPRESENTATION('',(#1140),#1158);
#1140 = B_SPLINE_CURVE_WITH_KNOTS('',6,(#1141,#1142,#1143,#1144,#1145,
    #1146,#1147,#1148,#1149,#1150,#1151,#1152,#1153,#1154,#1155,#1156,
    #1157),.UNSPECIFIED.,.F.,.F.,(7,5,5,7),(0.,0.493872364423,
    0.948341652732,1.),.UNSPECIFIED.);
#1141 = CARTESIAN_POINT('',(-5.849630531687,-3.087414712335));
#1142 = CARTESIAN_POINT('',(-5.847528561075,-3.129907982221));
#1143 = CARTESIAN_POINT('',(-5.845609428842,-3.174892809534));
#1144 = CARTESIAN_POINT('',(-5.843882655065,-3.221949280885));
#1145 = CARTESIAN_POINT('',(-5.842351405008,-3.270687346253));
#1146 = CARTESIAN_POINT('',(-5.841015793832,-3.320784017637));
#1147 = CARTESIAN_POINT('',(-5.838825331037,-3.419111531155));
#1148 = CARTESIAN_POINT('',(-5.837940928663,-3.467158832587));
#1149 = CARTESIAN_POINT('',(-5.837221381681,-3.515924669477));
#1150 = CARTESIAN_POINT('',(-5.83666616532,-3.565217559063));
#1151 = CARTESIAN_POINT('',(-5.836274788709,-3.614861302374));
#1152 = CARTESIAN_POINT('',(-5.836021340161,-3.670357955093));
#1153 = CARTESIAN_POINT('',(-5.835997588187,-3.67602466721));
#1154 = CARTESIAN_POINT('',(-5.835975952604,-3.681693532674));
#1155 = CARTESIAN_POINT('',(-5.835956433398,-3.687364305316));
#1156 = CARTESIAN_POINT('',(-5.835939030619,-3.693036738542));
#1157 = CARTESIAN_POINT('',(-5.835923744379,-3.698710585336));
#1158 = ( GEOMETRIC_REPRESENTATION_CONTEXT(2) 
PARAMETRIC_REPRESENTATION_CONTEXT() REPRESENTATION_CONTEXT('2D SPACE',''
  ) );
#1159 = ORIENTED_EDGE('',*,*,#720,.F.);
#1160 = ORIENTED_EDGE('',*,*,#1161,.T.);
#1161 = EDGE_CURVE('',#721,#1162,#1164,.T.);
#1162 = VERTEX_POINT('',#1163);
#1163 = CARTESIAN_POINT('',(18.424736452151,-6.478905473151,
    16.698710585336));
#1164 = SURFACE_CURVE('',#1165,(#1183,#1204),.PCURVE_S1.);
#1165 = B_SPLINE_CURVE_WITH_KNOTS('',6,(#1166,#1167,#1168,#1169,#1170,
    #1171,#1172,#1173,#1174,#1175,#1176,#1177,#1178,#1179,#1180,#1181,
    #1182),.UNSPECIFIED.,.F.,.F.,(7,5,5,7),(0.,0.493872364423,
    0.948341652732,1.),.UNSPECIFIED.);
#1166 = CARTESIAN_POINT('',(18.414852474829,-6.760440668253,
    16.087414712335));
#1167 = CARTESIAN_POINT('',(18.423456535795,-6.719675052375,
    16.129907982221));
#1168 = CARTESIAN_POINT('',(18.430387791388,-6.682148135556,
    16.174892809534));
#1169 = CARTESIAN_POINT('',(18.435669744061,-6.648066139034,
    16.221949280885));
#1170 = CARTESIAN_POINT('',(18.439363935634,-6.617513532303,
    16.270687346253));
#1171 = CARTESIAN_POINT('',(18.441537707373,-6.590511735889,
    16.320784017637));
#1172 = CARTESIAN_POINT('',(18.442904302292,-6.545479015172,
    16.419111531155));
#1173 = CARTESIAN_POINT('',(18.442320905358,-6.526910485197,
    16.467158832587));
#1174 = CARTESIAN_POINT('',(18.440545651517,-6.511356536872,
    16.515924669477));
#1175 = CARTESIAN_POINT('',(18.437619520564,-6.498815676969,
    16.565217559063));
#1176 = CARTESIAN_POINT('',(18.433577525888,-6.489284725944,
    16.614861302374));
#1177 = CARTESIAN_POINT('',(18.427863000886,-6.482025812906,
    16.670357955093));
#1178 = CARTESIAN_POINT('',(18.427265673207,-6.481323858513,
    16.67602466721));
#1179 = CARTESIAN_POINT('',(18.426654315822,-6.480660841387,
    16.681693532674));
#1180 = CARTESIAN_POINT('',(18.426028967887,-6.480036767007,
    16.687364305316));
#1181 = CARTESIAN_POINT('',(18.42538966759,-6.479451641802,
    16.693036738542));
#1182 = CARTESIAN_POINT('',(18.424736452151,-6.478905473151,
    16.698710585336));
#1183 = PCURVE('',#739,#1184);
#1184 = DEFINITIONAL_REPRESENTATION('',(#1185),#1203);
#1185 = B_SPLINE_CURVE_WITH_KNOTS('',6,(#1186,#1187,#1188,#1189,#1190,
    #1191,#1192,#1193,#1194,#1195,#1196,#1197,#1198,#1199,#1200,#1201,
    #1202),.UNSPECIFIED.,.F.,.F.,(7,5,5,7),(0.,0.493872364423,
    0.948341652732,1.),.UNSPECIFIED.);
#1186 = CARTESIAN_POINT('',(7.513575190501,0.));
#1187 = CARTESIAN_POINT('',(7.531505919677,5.752609456465E-02));
#1188 = CARTESIAN_POINT('',(7.546035464387,0.11489635074));
#1189 = CARTESIAN_POINT('',(7.558032362714,0.171917291573));
#1190 = CARTESIAN_POINT('',(7.567976837752,0.228534481467));
#1191 = CARTESIAN_POINT('',(7.57621172094,0.284754015954));
#1192 = CARTESIAN_POINT('',(7.589181017082,0.392087131634));
#1193 = CARTESIAN_POINT('',(7.594140807751,0.443235339948));
#1194 = CARTESIAN_POINT('',(7.598024267956,0.494138548116));
#1195 = CARTESIAN_POINT('',(7.600933622611,0.544847500896));
#1196 = CARTESIAN_POINT('',(7.602933581583,0.595419422515));
#1197 = CARTESIAN_POINT('',(7.604178053384,0.651663197025));
#1198 = CARTESIAN_POINT('',(7.604293685579,0.657402842657));
#1199 = CARTESIAN_POINT('',(7.604397940211,0.663141652532));
#1200 = CARTESIAN_POINT('',(7.60449084292,0.668879717182));
#1201 = CARTESIAN_POINT('',(7.604572436677,0.67461713042));
#1202 = CARTESIAN_POINT('',(7.604642781781,0.680353989335));
#1203 = ( GEOMETRIC_REPRESENTATION_CONTEXT(2) 
PARAMETRIC_REPRESENTATION_CONTEXT() REPRESENTATION_CONTEXT('2D SPACE',''
  ) );
#1204 = PCURVE('',#99,#1205);
#1205 = DEFINITIONAL_REPRESENTATION('',(#1206),#1224);
#1206 = B_SPLINE_CURVE_WITH_KNOTS('',6,(#1207,#1208,#1209,#1210,#1211,
    #1212,#1213,#1214,#1215,#1216,#1217,#1218,#1219,#1220,#1221,#1222,
    #1223),.UNSPECIFIED.,.F.,.F.,(7,5,5,7),(0.,0.493872364423,
    0.948341652732,1.),.UNSPECIFIED.);
#1207 = CARTESIAN_POINT('',(-5.931341919275,-3.087414712335));
#1208 = CARTESIAN_POINT('',(-5.933443889886,-3.129907982221));
#1209 = CARTESIAN_POINT('',(-5.935363022119,-3.174892809534));
#1210 = CARTESIAN_POINT('',(-5.937089795897,-3.221949280885));
#1211 = CARTESIAN_POINT('',(-5.938621045954,-3.270687346253));
#1212 = CARTESIAN_POINT('',(-5.93995665713,-3.320784017637));
#1213 = CARTESIAN_POINT('',(-5.942147119925,-3.419111531155));
#1214 = CARTESIAN_POINT('',(-5.943031522299,-3.467158832587));
#1215 = CARTESIAN_POINT('',(-5.943751069281,-3.515924669477));
#1216 = CARTESIAN_POINT('',(-5.944306285641,-3.565217559063));
#1217 = CARTESIAN_POINT('',(-5.944697662253,-3.614861302374));
#1218 = CARTESIAN_POINT('',(-5.9449511108,-3.670357955093));
#1219 = CARTESIAN_POINT('',(-5.944974862774,-3.67602466721));
#1220 = CARTESIAN_POINT('',(-5.944996498357,-3.681693532674));
#1221 = CARTESIAN_POINT('',(-5.945016017563,-3.687364305316));
#1222 = CARTESIAN_POINT('',(-5.945033420342,-3.693036738542));
#1223 = CARTESIAN_POINT('',(-5.945048706582,-3.698710585336));
#1224 = ( GEOMETRIC_REPRESENTATION_CONTEXT(2) 
PARAMETRIC_REPRESENTATION_CONTEXT() REPRESENTATION_CONTEXT('2D SPACE',''
  ) );
#1225 = ORIENTED_EDGE('',*,*,#1226,.T.);
#1226 = EDGE_CURVE('',#1162,#826,#1227,.T.);
#1227 = SURFACE_CURVE('',#1228,(#1258,#1291),.PCURVE_S1.);
#1228 = B_SPLINE_CURVE_WITH_KNOTS('',4,(#1229,#1230,#1231,#1232,#1233,
    #1234,#1235,#1236,#1237,#1238,#1239,#1240,#1241,#1242,#1243,#1244,
    #1245,#1246,#1247,#1248,#1249,#1250,#1251,#1252,#1253,#1254,#1255,
    #1256,#1257),.UNSPECIFIED.,.F.,.F.,(5,3,3,3,3,3,3,3,3,5),(0.,
    1.966648927434E-02,0.14291746128,0.265566872348,0.388102712142,
    0.510512141863,0.633207116506,0.755419434121,0.877585467546,1.),
  .UNSPECIFIED.);
#1229 = CARTESIAN_POINT('',(18.424736452151,-6.478905473151,
    16.698710585336));
#1230 = CARTESIAN_POINT('',(18.424456482828,-6.478671384295,
    16.701142406333));
#1231 = CARTESIAN_POINT('',(18.42415462916,-6.478430939605,
    16.703571047441));
#1232 = CARTESIAN_POINT('',(18.423830927069,-6.478184167765,
    16.705996194772));
#1233 = CARTESIAN_POINT('',(18.421320115592,-6.476345104652,
    16.723592201521));
#1234 = CARTESIAN_POINT('',(18.418298432689,-6.474511798491,
    16.738617350853));
#1235 = CARTESIAN_POINT('',(18.41443131794,-6.472438659092,
    16.753415665942));
#1236 = CARTESIAN_POINT('',(18.405076518423,-6.467843794625,
    16.782339158211));
#1237 = CARTESIAN_POINT('',(18.399596824565,-6.4653243077,
    16.796467331303));
#1238 = CARTESIAN_POINT('',(18.393326768225,-6.462586919683,
    16.810224014211));
#1239 = CARTESIAN_POINT('',(18.379283585555,-6.456703369233,
    16.836845046843));
#1240 = CARTESIAN_POINT('',(18.371511834913,-6.453557586889,
    16.849710283001));
#1241 = CARTESIAN_POINT('',(18.363022187928,-6.450218556906,
    16.862068050901));
#1242 = CARTESIAN_POINT('',(18.344710706745,-6.443186600362,
    16.885633536159));
#1243 = CARTESIAN_POINT('',(18.334890214037,-6.439494039302,
    16.896842505739));
#1244 = CARTESIAN_POINT('',(18.324447239503,-6.435637531465,
    16.907422474228));
#1245 = CARTESIAN_POINT('',(18.302405387796,-6.42762078369,
    16.927243116369));
#1246 = CARTESIAN_POINT('',(18.29080380158,-6.42345984904,
    16.936480685406));
#1247 = CARTESIAN_POINT('',(18.278692241076,-6.419167904935,
    16.944981403091));
#1248 = CARTESIAN_POINT('',(18.253631415333,-6.410377440319,
    16.960396414374));
#1249 = CARTESIAN_POINT('',(18.240685539951,-6.405879787821,
    16.967316877174));
#1250 = CARTESIAN_POINT('',(18.227365205875,-6.401289899633,
    16.973424838643));
#1251 = CARTESIAN_POINT('',(18.200124045484,-6.391968932257,
    16.98395817443));
#1252 = CARTESIAN_POINT('',(18.186203345236,-6.387237893621,
    16.988384218838));
#1253 = CARTESIAN_POINT('',(18.172051509251,-6.382456158349,
    16.991942925263));
#1254 = CARTESIAN_POINT('',(18.143405884232,-6.372826225474,
    16.997303124491));
#1255 = CARTESIAN_POINT('',(18.128911356948,-6.367977896028,
    16.999101037665));
#1256 = CARTESIAN_POINT('',(18.114334820021,-6.363123599036,17.));
#1257 = CARTESIAN_POINT('',(18.099751970612,-6.358287119599,17.));
#1258 = PCURVE('',#739,#1259);
#1259 = DEFINITIONAL_REPRESENTATION('',(#1260),#1290);
#1260 = B_SPLINE_CURVE_WITH_KNOTS('',4,(#1261,#1262,#1263,#1264,#1265,
    #1266,#1267,#1268,#1269,#1270,#1271,#1272,#1273,#1274,#1275,#1276,
    #1277,#1278,#1279,#1280,#1281,#1282,#1283,#1284,#1285,#1286,#1287,
    #1288,#1289),.UNSPECIFIED.,.F.,.F.,(5,3,3,3,3,3,3,3,3,5),(0.,
    1.966648927434E-02,0.14291746128,0.265566872348,0.388102712142,
    0.510512141863,0.633207116506,0.755419434121,0.877585467546,1.),
  .UNSPECIFIED.);
#1261 = CARTESIAN_POINT('',(7.604642826883,0.680353994951));
#1262 = CARTESIAN_POINT('',(7.604672976913,0.682812823056));
#1263 = CARTESIAN_POINT('',(7.604722697761,0.685271313243));
#1264 = CARTESIAN_POINT('',(7.60479204477,0.687729186889));
#1265 = CARTESIAN_POINT('',(7.605438103004,0.705584192455));
#1266 = CARTESIAN_POINT('',(7.606763878592,0.720947090724));
#1267 = CARTESIAN_POINT('',(7.608854777003,0.736206547811));
#1268 = CARTESIAN_POINT('',(7.614539451843,0.766308385912));
#1269 = CARTESIAN_POINT('',(7.618125779117,0.781152428406));
#1270 = CARTESIAN_POINT('',(7.622456533827,0.795759064964));
#1271 = CARTESIAN_POINT('',(7.63257895521,0.82434898052));
#1272 = CARTESIAN_POINT('',(7.63836915889,0.838332849468));
#1273 = CARTESIAN_POINT('',(7.644879177339,0.851944676433));
#1274 = CARTESIAN_POINT('',(7.659291663235,0.878276274538));
#1275 = CARTESIAN_POINT('',(7.667192564644,0.890997024901));
#1276 = CARTESIAN_POINT('',(7.675772028283,0.903212405446));
#1277 = CARTESIAN_POINT('',(7.694245712335,0.926530269449));
#1278 = CARTESIAN_POINT('',(7.704142852724,0.937630212835));
#1279 = CARTESIAN_POINT('',(7.714657252349,0.948092352056));
#1280 = CARTESIAN_POINT('',(7.736781414622,0.967584122816));
#1281 = CARTESIAN_POINT('',(7.74838667438,0.976619378877));
#1282 = CARTESIAN_POINT('',(7.760509485698,0.984904615347));
#1283 = CARTESIAN_POINT('',(7.785657611677,0.999875530088));
#1284 = CARTESIAN_POINT('',(7.798682653711,1.00656196175));
#1285 = CARTESIAN_POINT('',(7.812096949871,1.012402528586));
#1286 = CARTESIAN_POINT('',(7.839574424184,1.022334653287));
#1287 = CARTESIAN_POINT('',(7.853639045175,1.026422761026));
#1288 = CARTESIAN_POINT('',(7.867936109885,1.029594014938));
#1289 = CARTESIAN_POINT('',(7.8823764024,1.031832750713));
#1290 = ( GEOMETRIC_REPRESENTATION_CONTEXT(2) 
PARAMETRIC_REPRESENTATION_CONTEXT() REPRESENTATION_CONTEXT('2D SPACE',''
  ) );
#1291 = PCURVE('',#1292,#1297);
#1292 = TOROIDAL_SURFACE('',#1293,19.184077681581,0.35);
#1293 = AXIS2_PLACEMENT_3D('',#1294,#1295,#1296);
#1294 = CARTESIAN_POINT('',(0.,0.,16.65));
#1295 = DIRECTION('',(0.,0.,1.));
#1296 = DIRECTION('',(1.,0.,-0.));
#1297 = DEFINITIONAL_REPRESENTATION('',(#1298),#1328);
#1298 = B_SPLINE_CURVE_WITH_KNOTS('',4,(#1299,#1300,#1301,#1302,#1303,
    #1304,#1305,#1306,#1307,#1308,#1309,#1310,#1311,#1312,#1313,#1314,
    #1315,#1316,#1317,#1318,#1319,#1320,#1321,#1322,#1323,#1324,#1325,
    #1326,#1327),.UNSPECIFIED.,.F.,.F.,(5,3,3,3,3,3,3,3,3,5),(0.,
    1.966648927434E-02,0.14291746128,0.265566872348,0.388102712142,
    0.510512141863,0.633207116506,0.755419434121,0.877585467546,1.),
  .UNSPECIFIED.);
#1299 = CARTESIAN_POINT('',(5.945048706582,0.13962634016));
#1300 = CARTESIAN_POINT('',(5.945055258292,0.146642682714));
#1301 = CARTESIAN_POINT('',(5.9450617456,0.153659075498));
#1302 = CARTESIAN_POINT('',(5.945068167772,0.160675534328));
#1303 = CARTESIAN_POINT('',(5.94511435976,0.211665090087));
#1304 = CARTESIAN_POINT('',(5.945151610398,0.255641173321));
#1305 = CARTESIAN_POINT('',(5.94518610961,0.299623757937));
#1306 = CARTESIAN_POINT('',(5.945249304551,0.387393064558));
#1307 = CARTESIAN_POINT('',(5.945278027637,0.431179671629));
#1308 = CARTESIAN_POINT('',(5.945303881943,0.474978426449));
#1309 = CARTESIAN_POINT('',(5.945349862866,0.562562954445));
#1310 = CARTESIAN_POINT('',(5.945369994472,0.606348696724));
#1311 = CARTESIAN_POINT('',(5.945387293793,0.650149763372));
#1312 = CARTESIAN_POINT('',(5.945416401124,0.737737398159));
#1313 = CARTESIAN_POINT('',(5.945428214278,0.781523954311));
#1314 = CARTESIAN_POINT('',(5.945437388815,0.825325772697));
#1315 = CARTESIAN_POINT('',(5.945450790622,0.913059212175));
#1316 = CARTESIAN_POINT('',(5.945455005531,0.95699094413));
#1317 = CARTESIAN_POINT('',(5.94545688553,1.000935003901));
#1318 = CARTESIAN_POINT('',(5.945456374723,1.088670214535));
#1319 = CARTESIAN_POINT('',(5.945453999694,1.132461348698));
#1320 = CARTESIAN_POINT('',(5.945449701582,1.176260099799));
#1321 = CARTESIAN_POINT('',(5.945437674744,1.263851848181));
#1322 = CARTESIAN_POINT('',(5.945429946245,1.307644899673));
#1323 = CARTESIAN_POINT('',(5.945420707867,1.351441224053));
#1324 = CARTESIAN_POINT('',(5.945399557017,1.439126816566));
#1325 = CARTESIAN_POINT('',(5.945387638217,1.483016137827));
#1326 = CARTESIAN_POINT('',(5.945374570845,1.526906107428));
#1327 = CARTESIAN_POINT('',(5.945360488076,1.570796326795));
#1328 = ( GEOMETRIC_REPRESENTATION_CONTEXT(2) 
PARAMETRIC_REPRESENTATION_CONTEXT() REPRESENTATION_CONTEXT('2D SPACE',''
  ) );
#1329 = ADVANCED_FACE('',(#1330),#1292,.T.);
#1330 = FACE_BOUND('',#1331,.T.);
#1331 = EDGE_LOOP('',(#1332,#1444,#1470,#1471));
#1332 = ORIENTED_EDGE('',*,*,#1333,.F.);
#1333 = EDGE_CURVE('',#1334,#1336,#1338,.T.);
#1334 = VERTEX_POINT('',#1335);
#1335 = CARTESIAN_POINT('',(18.099751970648,6.358287119495,17.));
#1336 = VERTEX_POINT('',#1337);
#1337 = CARTESIAN_POINT('',(18.424736452151,6.478905473151,
    16.698710585336));
#1338 = SURFACE_CURVE('',#1339,(#1369,#1402),.PCURVE_S1.);
#1339 = B_SPLINE_CURVE_WITH_KNOTS('',4,(#1340,#1341,#1342,#1343,#1344,
    #1345,#1346,#1347,#1348,#1349,#1350,#1351,#1352,#1353,#1354,#1355,
    #1356,#1357,#1358,#1359,#1360,#1361,#1362,#1363,#1364,#1365,#1366,
    #1367,#1368),.UNSPECIFIED.,.F.,.F.,(5,3,3,3,3,3,3,3,3,5),(0.,
    0.122817224681,0.244983356564,0.367195886311,0.489491361735,
    0.611900794922,0.734436638187,0.857086051994,0.979935874979,1.),
  .UNSPECIFIED.);
#1340 = CARTESIAN_POINT('',(18.099751970612,6.358287119599,17.));
#1341 = CARTESIAN_POINT('',(18.114382791418,6.363139509005,17.));
#1342 = CARTESIAN_POINT('',(18.129007258643,6.368009833476,
    16.999095113531));
#1343 = CARTESIAN_POINT('',(18.143548923852,6.372874072111,
    16.99728535217));
#1344 = CARTESIAN_POINT('',(18.172238616434,6.382519300582,
    16.991898849431));
#1345 = CARTESIAN_POINT('',(18.186388423206,6.387300611477,
    16.988331516746));
#1346 = CARTESIAN_POINT('',(18.200306609001,6.392031083294,
    16.983896982792));
#1347 = CARTESIAN_POINT('',(18.227541811107,6.401350647826,
    16.97334702216));
#1348 = CARTESIAN_POINT('',(18.240858700423,6.405939699746,
    16.967230923876));
#1349 = CARTESIAN_POINT('',(18.253800674408,6.410436384861,
    16.960302548462));
#1350 = CARTESIAN_POINT('',(18.278811927083,6.419210318203,
    16.944897394716));
#1351 = CARTESIAN_POINT('',(18.290880700148,6.423487426437,
    16.936419508756));
#1352 = CARTESIAN_POINT('',(18.302442622707,6.427634321236,
    16.927209735717));
#1353 = CARTESIAN_POINT('',(18.324448451414,6.435637977254,
    16.907421282328));
#1354 = CARTESIAN_POINT('',(18.334891374441,6.439494471602,
    16.896841258007));
#1355 = CARTESIAN_POINT('',(18.344711812604,6.443187018271,
    16.885632235828));
#1356 = CARTESIAN_POINT('',(18.363023179193,6.45021894434,
    16.862066652252));
#1357 = CARTESIAN_POINT('',(18.371512766123,6.453557958239,
    16.849708838641));
#1358 = CARTESIAN_POINT('',(18.379284454296,6.456703723725,
    16.836843560479));
#1359 = CARTESIAN_POINT('',(18.393327507779,6.462587239014,
    16.810222451637));
#1360 = CARTESIAN_POINT('',(18.399597497405,6.465324608728,
    16.796465734536));
#1361 = CARTESIAN_POINT('',(18.405077122822,6.467844076712,
    16.782337531312));
#1362 = CARTESIAN_POINT('',(18.414416521559,6.472431406252,
    16.753461171678));
#1363 = CARTESIAN_POINT('',(18.418273644271,6.474498523846,
    16.738711977052));
#1364 = CARTESIAN_POINT('',(18.42129090527,6.476327398452,
    16.723737185352));
#1365 = CARTESIAN_POINT('',(18.423811265526,6.478169191604,
    16.706143292274));
#1366 = CARTESIAN_POINT('',(18.424142413884,6.478421213928,
    16.703669255296));
#1367 = CARTESIAN_POINT('',(18.424450822142,6.478666651264,
    16.701191575202));
#1368 = CARTESIAN_POINT('',(18.424736452151,6.478905473151,
    16.698710585336));
#1369 = PCURVE('',#1292,#1370);
#1370 = DEFINITIONAL_REPRESENTATION('',(#1371),#1401);
#1371 = B_SPLINE_CURVE_WITH_KNOTS('',4,(#1372,#1373,#1374,#1375,#1376,
    #1377,#1378,#1379,#1380,#1381,#1382,#1383,#1384,#1385,#1386,#1387,
    #1388,#1389,#1390,#1391,#1392,#1393,#1394,#1395,#1396,#1397,#1398,
    #1399,#1400),.UNSPECIFIED.,.F.,.F.,(5,3,3,3,3,3,3,3,3,5),(0.,
    0.122817224681,0.244983356564,0.367195886311,0.489491361735,
    0.611900794922,0.734436638187,0.857086051994,0.979935874979,1.),
  .UNSPECIFIED.);
#1372 = CARTESIAN_POINT('',(6.621010126283,1.570796326795));
#1373 = CARTESIAN_POINT('',(6.620995997187,1.526761727198));
#1374 = CARTESIAN_POINT('',(6.620982890177,1.482727378786));
#1375 = CARTESIAN_POINT('',(6.62097093976,1.438693684314));
#1376 = CARTESIAN_POINT('',(6.620949780401,1.350863724479));
#1377 = CARTESIAN_POINT('',(6.620940556333,1.307067392757));
#1378 = CARTESIAN_POINT('',(6.620932843463,1.263274345899));
#1379 = CARTESIAN_POINT('',(6.62092085057,1.175682594074));
#1380 = CARTESIAN_POINT('',(6.620916570778,1.131883834871));
#1381 = CARTESIAN_POINT('',(6.620914215438,1.088092708427));
#1382 = CARTESIAN_POINT('',(6.620913747428,1.00050073477));
#1383 = CARTESIAN_POINT('',(6.620915636647,0.956699839369));
#1384 = CARTESIAN_POINT('',(6.620919846134,0.912911197372));
#1385 = CARTESIAN_POINT('',(6.620933226524,0.825320756963));
#1386 = CARTESIAN_POINT('',(6.620942401283,0.781518938574));
#1387 = CARTESIAN_POINT('',(6.620954214666,0.737732382467));
#1388 = CARTESIAN_POINT('',(6.620983322468,0.650144747769));
#1389 = CARTESIAN_POINT('',(6.62100062203,0.606343681167));
#1390 = CARTESIAN_POINT('',(6.621020753881,0.562557938887));
#1391 = CARTESIAN_POINT('',(6.621066735295,0.474973410975));
#1392 = CARTESIAN_POINT('',(6.621092589847,0.431174656239));
#1393 = CARTESIAN_POINT('',(6.621121313178,0.387388049119));
#1394 = CARTESIAN_POINT('',(6.621184405508,0.299761925315));
#1395 = CARTESIAN_POINT('',(6.621218783508,0.255922462105));
#1396 = CARTESIAN_POINT('',(6.621255895282,0.212089467712));
#1397 = CARTESIAN_POINT('',(6.621302057118,0.161101130677));
#1398 = CARTESIAN_POINT('',(6.621308606452,0.153942803732));
#1399 = CARTESIAN_POINT('',(6.621315223599,0.146784545799));
#1400 = CARTESIAN_POINT('',(6.621321907777,0.13962634016));
#1401 = ( GEOMETRIC_REPRESENTATION_CONTEXT(2) 
PARAMETRIC_REPRESENTATION_CONTEXT() REPRESENTATION_CONTEXT('2D SPACE',''
  ) );
#1402 = PCURVE('',#1403,#1412);
#1403 = SURFACE_OF_REVOLUTION('',#1404,#1409);
#1404 = CIRCLE('',#1405,1.);
#1405 = AXIS2_PLACEMENT_3D('',#1406,#1407,#1408);
#1406 = CARTESIAN_POINT('',(17.855042285044,7.39580067121,
    16.716836889474));
#1407 = DIRECTION('',(0.382683432365,-0.923879532511,-2.775557561563E-17
    ));
#1408 = DIRECTION('',(0.771213433461,0.319447063624,-0.550620934575));
#1409 = AXIS1_PLACEMENT('',#1410,#1411);
#1410 = CARTESIAN_POINT('',(18.258807393986,7.563045655347,
    12.888661519232));
#1411 = DIRECTION('',(-0.128579179453,-5.325923996829E-02,0.990268068742
    ));
#1412 = DEFINITIONAL_REPRESENTATION('',(#1413),#1443);
#1413 = B_SPLINE_CURVE_WITH_KNOTS('',4,(#1414,#1415,#1416,#1417,#1418,
    #1419,#1420,#1421,#1422,#1423,#1424,#1425,#1426,#1427,#1428,#1429,
    #1430,#1431,#1432,#1433,#1434,#1435,#1436,#1437,#1438,#1439,#1440,
    #1441,#1442),.UNSPECIFIED.,.F.,.F.,(5,3,3,3,3,3,3,3,3,5),(0.,
    0.122817224681,0.244983356564,0.367195886311,0.489491361735,
    0.611900794922,0.734436638187,0.857086051994,0.979935874979,1.),
  .UNSPECIFIED.);
#1414 = CARTESIAN_POINT('',(4.683994211987,1.031832750891));
#1415 = CARTESIAN_POINT('',(4.698482006947,1.029586650624));
#1416 = CARTESIAN_POINT('',(4.712825631283,1.026401885889));
#1417 = CARTESIAN_POINT('',(4.726934981664,1.022294279677));
#1418 = CARTESIAN_POINT('',(4.754451544156,1.012328359853));
#1419 = CARTESIAN_POINT('',(4.767862260557,1.006479311299));
#1420 = CARTESIAN_POINT('',(4.78088324795,0.999784670764));
#1421 = CARTESIAN_POINT('',(4.806022432603,0.984797957058));
#1422 = CARTESIAN_POINT('',(4.818140355711,0.976505129187));
#1423 = CARTESIAN_POINT('',(4.829740358429,0.967462636215));
#1424 = CARTESIAN_POINT('',(4.851817265198,0.947988961556));
#1425 = CARTESIAN_POINT('',(4.862293370503,0.937556690791));
#1426 = CARTESIAN_POINT('',(4.872156124122,0.926490979157));
#1427 = CARTESIAN_POINT('',(4.890599586956,0.903211023108));
#1428 = CARTESIAN_POINT('',(4.899178993467,0.890995596942));
#1429 = CARTESIAN_POINT('',(4.907079836257,0.878274804724));
#1430 = CARTESIAN_POINT('',(4.921492202461,0.85194313048));
#1431 = CARTESIAN_POINT('',(4.928002159834,0.838331269238));
#1432 = CARTESIAN_POINT('',(4.933792301529,0.824347369861));
#1433 = CARTESIAN_POINT('',(4.943914597406,0.795757401201));
#1434 = CARTESIAN_POINT('',(4.948245288603,0.781150741979));
#1435 = CARTESIAN_POINT('',(4.951831551834,0.766306680676));
#1436 = CARTESIAN_POINT('',(4.957506823892,0.736253919533));
#1437 = CARTESIAN_POINT('',(4.959593312462,0.721044674069));
#1438 = CARTESIAN_POINT('',(4.960919671633,0.705732443109));
#1439 = CARTESIAN_POINT('',(4.961574340097,0.687878273013));
#1440 = CARTESIAN_POINT('',(4.961645896994,0.685370729275));
#1441 = CARTESIAN_POINT('',(4.961697027772,0.682862537979));
#1442 = CARTESIAN_POINT('',(4.961727787404,0.680353994949));
#1443 = ( GEOMETRIC_REPRESENTATION_CONTEXT(2) 
PARAMETRIC_REPRESENTATION_CONTEXT() REPRESENTATION_CONTEXT('2D SPACE',''
  ) );
#1444 = ORIENTED_EDGE('',*,*,#1445,.T.);
#1445 = EDGE_CURVE('',#1334,#826,#1446,.T.);
#1446 = SURFACE_CURVE('',#1447,(#1452,#1459),.PCURVE_S1.);
#1447 = CIRCLE('',#1448,19.184077681581);
#1448 = AXIS2_PLACEMENT_3D('',#1449,#1450,#1451);
#1449 = CARTESIAN_POINT('',(0.,0.,17.));
#1450 = DIRECTION('',(0.,0.,-1.));
#1451 = DIRECTION('',(0.943477829431,0.331435642882,0.));
#1452 = PCURVE('',#1292,#1453);
#1453 = DEFINITIONAL_REPRESENTATION('',(#1454),#1458);
#1454 = LINE('',#1455,#1456);
#1455 = CARTESIAN_POINT('',(6.621010126278,1.570796326795));
#1456 = VECTOR('',#1457,1.);
#1457 = DIRECTION('',(-1.,-0.));
#1458 = ( GEOMETRIC_REPRESENTATION_CONTEXT(2) 
PARAMETRIC_REPRESENTATION_CONTEXT() REPRESENTATION_CONTEXT('2D SPACE',''
  ) );
#1459 = PCURVE('',#944,#1460);
#1460 = DEFINITIONAL_REPRESENTATION('',(#1461),#1469);
#1461 = ( BOUNDED_CURVE() B_SPLINE_CURVE(2,(#1462,#1463,#1464,#1465,
#1466,#1467,#1468),.UNSPECIFIED.,.T.,.F.) B_SPLINE_CURVE_WITH_KNOTS((1,2
    ,2,2,2,1),(-2.094395102393,0.,2.094395102393,4.188790204786,
6.28318530718,8.377580409573),.UNSPECIFIED.) CURVE() 
GEOMETRIC_REPRESENTATION_ITEM() RATIONAL_B_SPLINE_CURVE((1.,0.5,1.,0.5,
1.,0.5,1.)) REPRESENTATION_ITEM('') );
#1462 = CARTESIAN_POINT('',(54.288779250362,52.800766540616));
#1463 = CARTESIAN_POINT('',(76.460357274536,28.051874900854));
#1464 = CARTESIAN_POINT('',(43.941399386907,21.225170909811));
#1465 = CARTESIAN_POINT('',(11.422441499277,14.398466918768));
#1466 = CARTESIAN_POINT('',(21.769821362732,45.974062549573));
#1467 = CARTESIAN_POINT('',(32.117201226187,77.549658180378));
#1468 = CARTESIAN_POINT('',(54.288779250362,52.800766540616));
#1469 = ( GEOMETRIC_REPRESENTATION_CONTEXT(2) 
PARAMETRIC_REPRESENTATION_CONTEXT() REPRESENTATION_CONTEXT('2D SPACE',''
  ) );
#1470 = ORIENTED_EDGE('',*,*,#1226,.F.);
#1471 = ORIENTED_EDGE('',*,*,#1472,.F.);
#1472 = EDGE_CURVE('',#1336,#1162,#1473,.T.);
#1473 = SURFACE_CURVE('',#1474,(#1479,#1486),.PCURVE_S1.);
#1474 = CIRCLE('',#1475,19.53067150564);
#1475 = AXIS2_PLACEMENT_3D('',#1476,#1477,#1478);
#1476 = CARTESIAN_POINT('',(0.,0.,16.698710585336));
#1477 = DIRECTION('',(0.,0.,-1.));
#1478 = DIRECTION('',(0.943374448074,0.3317297857,0.));
#1479 = PCURVE('',#1292,#1480);
#1480 = DEFINITIONAL_REPRESENTATION('',(#1481),#1485);
#1481 = LINE('',#1482,#1483);
#1482 = CARTESIAN_POINT('',(6.621321907777,0.13962634016));
#1483 = VECTOR('',#1484,1.);
#1484 = DIRECTION('',(-1.,-0.));
#1485 = ( GEOMETRIC_REPRESENTATION_CONTEXT(2) 
PARAMETRIC_REPRESENTATION_CONTEXT() REPRESENTATION_CONTEXT('2D SPACE',''
  ) );
#1486 = PCURVE('',#99,#1487);
#1487 = DEFINITIONAL_REPRESENTATION('',(#1488),#1492);
#1488 = LINE('',#1489,#1490);
#1489 = CARTESIAN_POINT('',(-6.621321907777,-3.698710585336));
#1490 = VECTOR('',#1491,1.);
#1491 = DIRECTION('',(1.,-0.));
#1492 = ( GEOMETRIC_REPRESENTATION_CONTEXT(2) 
PARAMETRIC_REPRESENTATION_CONTEXT() REPRESENTATION_CONTEXT('2D SPACE',''
  ) );
#1493 = ADVANCED_FACE('',(#1494),#1403,.T.);
#1494 = FACE_BOUND('',#1495,.T.);
#1495 = EDGE_LOOP('',(#1496,#1527,#1592,#1698,#1855,#1856));
#1496 = ORIENTED_EDGE('',*,*,#1497,.T.);
#1497 = EDGE_CURVE('',#1498,#1500,#1502,.T.);
#1498 = VERTEX_POINT('',#1499);
#1499 = CARTESIAN_POINT('',(18.414852474829,6.760440668253,
    16.087414712335));
#1500 = VERTEX_POINT('',#1501);
#1501 = CARTESIAN_POINT('',(17.801620499833,8.240913619171,
    16.087414712335));
#1502 = SURFACE_CURVE('',#1503,(#1508,#1515),.PCURVE_S1.);
#1503 = CIRCLE('',#1504,0.85);
#1504 = AXIS2_PLACEMENT_3D('',#1505,#1506,#1507);
#1505 = CARTESIAN_POINT('',(17.848600578157,7.393132428853,
    16.047918819083));
#1506 = DIRECTION('',(-0.128579179453,-5.325923996829E-02,0.990268068742
    ));
#1507 = DIRECTION('',(0.666178701968,-0.744343247765,4.646575676742E-02)
  );
#1508 = PCURVE('',#1403,#1509);
#1509 = DEFINITIONAL_REPRESENTATION('',(#1510),#1514);
#1510 = LINE('',#1511,#1512);
#1511 = CARTESIAN_POINT('',(5.052795423858,0.));
#1512 = VECTOR('',#1513,1.);
#1513 = DIRECTION('',(1.,0.));
#1514 = ( GEOMETRIC_REPRESENTATION_CONTEXT(2) 
PARAMETRIC_REPRESENTATION_CONTEXT() REPRESENTATION_CONTEXT('2D SPACE',''
  ) );
#1515 = PCURVE('',#1516,#1521);
#1516 = TOROIDAL_SURFACE('',#1517,1.,0.2);
#1517 = AXIS2_PLACEMENT_3D('',#1518,#1519,#1520);
#1518 = CARTESIAN_POINT('',(17.865610004788,7.400177964051,
    15.916918667024));
#1519 = DIRECTION('',(0.128579179453,5.325923996829E-02,-0.990268068742)
  );
#1520 = DIRECTION('',(0.91488840041,0.378959183508,0.13917310096));
#1521 = DEFINITIONAL_REPRESENTATION('',(#1522),#1526);
#1522 = LINE('',#1523,#1524);
#1523 = CARTESIAN_POINT('',(-5.052795423858,3.864326901403));
#1524 = VECTOR('',#1525,1.);
#1525 = DIRECTION('',(-1.,0.));
#1526 = ( GEOMETRIC_REPRESENTATION_CONTEXT(2) 
PARAMETRIC_REPRESENTATION_CONTEXT() REPRESENTATION_CONTEXT('2D SPACE',''
  ) );
#1527 = ORIENTED_EDGE('',*,*,#1528,.T.);
#1528 = EDGE_CURVE('',#1500,#1529,#1531,.T.);
#1529 = VERTEX_POINT('',#1530);
#1530 = CARTESIAN_POINT('',(17.609534081622,8.446978092159,
    16.698710585336));
#1531 = SURFACE_CURVE('',#1532,(#1550,#1571),.PCURVE_S1.);
#1532 = B_SPLINE_CURVE_WITH_KNOTS('',6,(#1533,#1534,#1535,#1536,#1537,
    #1538,#1539,#1540,#1541,#1542,#1543,#1544,#1545,#1546,#1547,#1548,
    #1549),.UNSPECIFIED.,.F.,.F.,(7,5,5,7),(0.,0.493872364423,
    0.948341652732,1.),.UNSPECIFIED.);
#1533 = CARTESIAN_POINT('',(17.801620499833,8.240913619171,
    16.087414712335));
#1534 = CARTESIAN_POINT('',(17.778878846261,8.275823252452,
    16.129907982221));
#1535 = CARTESIAN_POINT('',(17.757244446732,8.307259927644,
    16.174892809534));
#1536 = CARTESIAN_POINT('',(17.736879740429,8.335094443054,
    16.221949280885));
#1537 = CARTESIAN_POINT('',(17.717887972939,8.359310586369,
    16.270687346253));
#1538 = CARTESIAN_POINT('',(17.700331908328,8.379940828454,
    16.320784017637));
#1539 = CARTESIAN_POINT('',(17.669455294667,8.412750099182,
    16.419111531155));
#1540 = CARTESIAN_POINT('',(17.655912837277,8.425467508717,
    16.467158832587));
#1541 = CARTESIAN_POINT('',(17.643659240913,8.435210517022,
    16.515924669477));
#1542 = CARTESIAN_POINT('',(17.632722426794,8.442009157062,
    16.565217559063));
#1543 = CARTESIAN_POINT('',(17.623124904849,8.445890435318,
    16.614861302374));
#1544 = CARTESIAN_POINT('',(17.613951298835,8.446982482571,
    16.670357955093));
#1545 = CARTESIAN_POINT('',(17.613032567671,8.44705646483,16.67602466721
    ));
#1546 = CARTESIAN_POINT('',(17.612131448813,8.447092993784,
    16.681693532674));
#1547 = CARTESIAN_POINT('',(17.611247973821,8.447092093244,
    16.687364305316));
#1548 = CARTESIAN_POINT('',(17.610382174246,8.447053785669,
    16.693036738542));
#1549 = CARTESIAN_POINT('',(17.609534081622,8.446978092159,
    16.698710585336));
#1550 = PCURVE('',#1403,#1551);
#1551 = DEFINITIONAL_REPRESENTATION('',(#1552),#1570);
#1552 = B_SPLINE_CURVE_WITH_KNOTS('',6,(#1553,#1554,#1555,#1556,#1557,
    #1558,#1559,#1560,#1561,#1562,#1563,#1564,#1565,#1566,#1567,#1568,
    #1569),.UNSPECIFIED.,.F.,.F.,(7,5,5,7),(0.,0.493872364423,
    0.948341652732,1.),.UNSPECIFIED.);
#1553 = CARTESIAN_POINT('',(7.513575190501,0.));
#1554 = CARTESIAN_POINT('',(7.531505919677,5.752609456464E-02));
#1555 = CARTESIAN_POINT('',(7.546035464387,0.11489635074));
#1556 = CARTESIAN_POINT('',(7.558032362714,0.171917291573));
#1557 = CARTESIAN_POINT('',(7.567976837752,0.228534481467));
#1558 = CARTESIAN_POINT('',(7.57621172094,0.284754015954));
#1559 = CARTESIAN_POINT('',(7.589181017082,0.392087131634));
#1560 = CARTESIAN_POINT('',(7.594140807751,0.443235339948));
#1561 = CARTESIAN_POINT('',(7.598024267956,0.494138548117));
#1562 = CARTESIAN_POINT('',(7.600933622611,0.544847500895));
#1563 = CARTESIAN_POINT('',(7.602933581583,0.595419422515));
#1564 = CARTESIAN_POINT('',(7.604178053384,0.651663197025));
#1565 = CARTESIAN_POINT('',(7.604293685579,0.657402842657));
#1566 = CARTESIAN_POINT('',(7.604397940211,0.663141652532));
#1567 = CARTESIAN_POINT('',(7.60449084292,0.668879717182));
#1568 = CARTESIAN_POINT('',(7.604572436677,0.67461713042));
#1569 = CARTESIAN_POINT('',(7.604642781781,0.680353989335));
#1570 = ( GEOMETRIC_REPRESENTATION_CONTEXT(2) 
PARAMETRIC_REPRESENTATION_CONTEXT() REPRESENTATION_CONTEXT('2D SPACE',''
  ) );
#1571 = PCURVE('',#498,#1572);
#1572 = DEFINITIONAL_REPRESENTATION('',(#1573),#1591);
#1573 = B_SPLINE_CURVE_WITH_KNOTS('',6,(#1574,#1575,#1576,#1577,#1578,
    #1579,#1580,#1581,#1582,#1583,#1584,#1585,#1586,#1587,#1588,#1589,
    #1590),.UNSPECIFIED.,.F.,.F.,(7,5,5,7),(0.,0.493872364423,
    0.948341652732,1.),.UNSPECIFIED.);
#1574 = CARTESIAN_POINT('',(-0.433554775493,-3.087414712335));
#1575 = CARTESIAN_POINT('',(-0.435656746104,-3.129907982221));
#1576 = CARTESIAN_POINT('',(-0.437575878337,-3.174892809534));
#1577 = CARTESIAN_POINT('',(-0.439302652115,-3.221949280885));
#1578 = CARTESIAN_POINT('',(-0.440833902172,-3.270687346253));
#1579 = CARTESIAN_POINT('',(-0.442169513348,-3.320784017637));
#1580 = CARTESIAN_POINT('',(-0.444359976142,-3.419111531155));
#1581 = CARTESIAN_POINT('',(-0.445244378517,-3.467158832587));
#1582 = CARTESIAN_POINT('',(-0.445963925499,-3.515924669477));
#1583 = CARTESIAN_POINT('',(-0.446519141859,-3.565217559063));
#1584 = CARTESIAN_POINT('',(-0.446910518471,-3.614861302374));
#1585 = CARTESIAN_POINT('',(-0.447163967018,-3.670357955093));
#1586 = CARTESIAN_POINT('',(-0.447187718992,-3.67602466721));
#1587 = CARTESIAN_POINT('',(-0.447209354575,-3.681693532674));
#1588 = CARTESIAN_POINT('',(-0.447228873781,-3.687364305316));
#1589 = CARTESIAN_POINT('',(-0.44724627656,-3.693036738542));
#1590 = CARTESIAN_POINT('',(-0.4472615628,-3.698710585336));
#1591 = ( GEOMETRIC_REPRESENTATION_CONTEXT(2) 
PARAMETRIC_REPRESENTATION_CONTEXT() REPRESENTATION_CONTEXT('2D SPACE',''
  ) );
#1592 = ORIENTED_EDGE('',*,*,#1593,.T.);
#1593 = EDGE_CURVE('',#1529,#1594,#1596,.T.);
#1594 = VERTEX_POINT('',#1595);
#1595 = CARTESIAN_POINT('',(17.294445295166,8.302469417315,17.));
#1596 = SURFACE_CURVE('',#1597,(#1627,#1660),.PCURVE_S1.);
#1597 = B_SPLINE_CURVE_WITH_KNOTS('',4,(#1598,#1599,#1600,#1601,#1602,
    #1603,#1604,#1605,#1606,#1607,#1608,#1609,#1610,#1611,#1612,#1613,
    #1614,#1615,#1616,#1617,#1618,#1619,#1620,#1621,#1622,#1623,#1624,
    #1625,#1626),.UNSPECIFIED.,.F.,.F.,(5,3,3,3,3,3,3,3,3,5),(0.,
    1.97181394917E-02,0.142986738954,0.265636094336,0.388171863983,
    0.510581223694,0.633276141455,0.75548842287,0.877654439556,1.),
  .UNSPECIFIED.);
#1598 = CARTESIAN_POINT('',(17.609534081622,8.446978092159,
    16.698710585336));
#1599 = CARTESIAN_POINT('',(17.609169632957,8.446945564567,
    16.701148792998));
#1600 = CARTESIAN_POINT('',(17.608785110435,8.446901998907,
    16.70358380412));
#1601 = CARTESIAN_POINT('',(17.608380560126,8.446847400341,
    16.706015302143));
#1602 = CARTESIAN_POINT('',(17.605302105095,8.446371544134,
    16.723619620191));
#1603 = CARTESIAN_POINT('',(17.601867536414,8.445530513625,
    16.738646644308));
#1604 = CARTESIAN_POINT('',(17.597665367235,8.444261143224,
    16.753446694383));
#1605 = CARTESIAN_POINT('',(17.587798258486,8.440893712401,
    16.782371240074));
#1606 = CARTESIAN_POINT('',(17.582140765067,8.438799839771,
    16.796498818885));
#1607 = CARTESIAN_POINT('',(17.575770354629,8.436301191013,
    16.810254827449));
#1608 = CARTESIAN_POINT('',(17.561677734872,8.430530148664,
    16.836874357087));
#1609 = CARTESIAN_POINT('',(17.553956767157,8.427258459116,
    16.849738764847));
#1610 = CARTESIAN_POINT('',(17.545591567796,8.423615809792,
    16.862095631254));
#1611 = CARTESIAN_POINT('',(17.527669028352,8.4156388085,16.885659177558
    ));
#1612 = CARTESIAN_POINT('',(17.518112895177,8.411305146599,
    16.896867109817));
#1613 = CARTESIAN_POINT('',(17.50800072796,8.406647281207,
    16.907445977244));
#1614 = CARTESIAN_POINT('',(17.486744391999,8.396729038456,
    16.927264299876));
#1615 = CARTESIAN_POINT('',(17.475597816593,8.391467236827,
    16.936500650043));
#1616 = CARTESIAN_POINT('',(17.463998061709,8.385937502245,
    16.945000096467));
#1617 = CARTESIAN_POINT('',(17.440060270622,8.374431834023,
    16.960412480934));
#1618 = CARTESIAN_POINT('',(17.427725244513,8.368457683216,
    16.967331588264));
#1619 = CARTESIAN_POINT('',(17.415060286835,8.36228401004,
    16.973438155891));
#1620 = CARTESIAN_POINT('',(17.389206067694,8.349611968795,
    16.983968643894));
#1621 = CARTESIAN_POINT('',(17.376016923908,8.34311366111,
    16.988393234102));
#1622 = CARTESIAN_POINT('',(17.362628570565,8.336487805232,
    16.991950462939));
#1623 = CARTESIAN_POINT('',(17.335570855335,8.323045166061,
    16.997306162584));
#1624 = CARTESIAN_POINT('',(17.32190102603,8.316228056481,
    16.999102050388));
#1625 = CARTESIAN_POINT('',(17.308169097713,8.309357258583,17.));
#1626 = CARTESIAN_POINT('',(17.294445295214,8.302469417215,17.));
#1627 = PCURVE('',#1403,#1628);
#1628 = DEFINITIONAL_REPRESENTATION('',(#1629),#1659);
#1629 = B_SPLINE_CURVE_WITH_KNOTS('',4,(#1630,#1631,#1632,#1633,#1634,
    #1635,#1636,#1637,#1638,#1639,#1640,#1641,#1642,#1643,#1644,#1645,
    #1646,#1647,#1648,#1649,#1650,#1651,#1652,#1653,#1654,#1655,#1656,
    #1657,#1658),.UNSPECIFIED.,.F.,.F.,(5,3,3,3,3,3,3,3,3,5),(0.,
    1.97181394917E-02,0.142986738954,0.265636094336,0.388171863983,
    0.510581223694,0.633276141455,0.75548842287,0.877654439556,1.),
  .UNSPECIFIED.);
#1630 = CARTESIAN_POINT('',(7.604642823913,0.680353995004));
#1631 = CARTESIAN_POINT('',(7.604673053126,0.682819280703));
#1632 = CARTESIAN_POINT('',(7.604722962912,0.685284226658));
#1633 = CARTESIAN_POINT('',(7.604792591435,0.687748552169));
#1634 = CARTESIAN_POINT('',(7.605440083893,0.705612161486));
#1635 = CARTESIAN_POINT('',(7.606767122468,0.720977150413));
#1636 = CARTESIAN_POINT('',(7.608859498118,0.736238601637));
#1637 = CARTESIAN_POINT('',(7.614547130713,0.766342012846));
#1638 = CARTESIAN_POINT('',(7.618134720913,0.781185684368));
#1639 = CARTESIAN_POINT('',(7.622466728081,0.795791873929));
#1640 = CARTESIAN_POINT('',(7.632591624427,0.824380742127));
#1641 = CARTESIAN_POINT('',(7.638383050446,0.838364010952));
#1642 = CARTESIAN_POINT('',(7.644894273306,0.851975161902));
#1643 = CARTESIAN_POINT('',(7.659309119494,0.878305258389));
#1644 = CARTESIAN_POINT('',(7.667211176834,0.891025183334));
#1645 = CARTESIAN_POINT('',(7.675791767031,0.903239664161));
#1646 = CARTESIAN_POINT('',(7.694267633291,0.926555583698));
#1647 = CARTESIAN_POINT('',(7.704165829323,0.937654481898));
#1648 = CARTESIAN_POINT('',(7.71468123938,0.948115505786));
#1649 = CARTESIAN_POINT('',(7.736807311474,0.967604921058));
#1650 = CARTESIAN_POINT('',(7.748413471291,0.976638937256));
#1651 = CARTESIAN_POINT('',(7.760537119458,0.98492287317));
#1652 = CARTESIAN_POINT('',(7.785686776038,0.999891081318));
#1653 = CARTESIAN_POINT('',(7.798712512084,1.006576106719));
#1654 = CARTESIAN_POINT('',(7.812127420887,1.012415220592));
#1655 = CARTESIAN_POINT('',(7.83959819721,1.0223415623));
#1656 = CARTESIAN_POINT('',(7.853655155848,1.026426336462));
#1657 = CARTESIAN_POINT('',(7.867944246076,1.029595274635));
#1658 = CARTESIAN_POINT('',(7.882376402652,1.031832749062));
#1659 = ( GEOMETRIC_REPRESENTATION_CONTEXT(2) 
PARAMETRIC_REPRESENTATION_CONTEXT() REPRESENTATION_CONTEXT('2D SPACE',''
  ) );
#1660 = PCURVE('',#1661,#1666);
#1661 = TOROIDAL_SURFACE('',#1662,19.184077681581,0.35);
#1662 = AXIS2_PLACEMENT_3D('',#1663,#1664,#1665);
#1663 = CARTESIAN_POINT('',(0.,0.,16.65));
#1664 = DIRECTION('',(0.,0.,1.));
#1665 = DIRECTION('',(1.,0.,-0.));
#1666 = DEFINITIONAL_REPRESENTATION('',(#1667),#1697);
#1667 = B_SPLINE_CURVE_WITH_KNOTS('',4,(#1668,#1669,#1670,#1671,#1672,
    #1673,#1674,#1675,#1676,#1677,#1678,#1679,#1680,#1681,#1682,#1683,
    #1684,#1685,#1686,#1687,#1688,#1689,#1690,#1691,#1692,#1693,#1694,
    #1695,#1696),.UNSPECIFIED.,.F.,.F.,(5,3,3,3,3,3,3,3,3,5),(0.,
    1.97181394917E-02,0.142986738954,0.265636094336,0.388171863983,
    0.510581223694,0.633276141455,0.75548842287,0.877654439556,1.),
  .UNSPECIFIED.);
#1668 = CARTESIAN_POINT('',(0.4472615628,0.13962634016));
#1669 = CARTESIAN_POINT('',(0.447268131716,0.146661109658));
#1670 = CARTESIAN_POINT('',(0.447274635893,0.153695929863));
#1671 = CARTESIAN_POINT('',(0.447281074588,0.160730816164));
#1672 = CARTESIAN_POINT('',(0.447327285197,0.211745093016));
#1673 = CARTESIAN_POINT('',(0.447364537403,0.255727472844));
#1674 = CARTESIAN_POINT('',(0.447399037272,0.299716359188));
#1675 = CARTESIAN_POINT('',(0.447462227225,0.387491969318));
#1676 = CARTESIAN_POINT('',(0.447490945478,0.431278575431));
#1677 = CARTESIAN_POINT('',(0.447516794923,0.475077331904));
#1678 = CARTESIAN_POINT('',(0.447562766165,0.562661861544));
#1679 = CARTESIAN_POINT('',(0.447582892951,0.606447603821));
#1680 = CARTESIAN_POINT('',(0.44760018752,0.650248671369));
#1681 = CARTESIAN_POINT('',(0.447629285567,0.737836307925));
#1682 = CARTESIAN_POINT('',(0.447641094189,0.781622864961));
#1683 = CARTESIAN_POINT('',(0.447650264342,0.825424683282));
#1684 = CARTESIAN_POINT('',(0.44766365773,0.913158124085));
#1685 = CARTESIAN_POINT('',(0.447667868602,0.957089857437));
#1686 = CARTESIAN_POINT('',(0.447669744773,1.001033916267));
#1687 = CARTESIAN_POINT('',(0.44766922677,1.088769127253));
#1688 = CARTESIAN_POINT('',(0.44766684837,1.132560262738));
#1689 = CARTESIAN_POINT('',(0.447662547122,1.176359012451));
#1690 = CARTESIAN_POINT('',(0.447650514473,1.263950760241));
#1691 = CARTESIAN_POINT('',(0.447642783298,1.307743812526));
#1692 = CARTESIAN_POINT('',(0.44763354247,1.351540135649));
#1693 = CARTESIAN_POINT('',(0.447612393089,1.439201001276));
#1694 = CARTESIAN_POINT('',(0.447600479708,1.483065595616));
#1695 = CARTESIAN_POINT('',(0.447587419129,1.526930836023));
#1696 = CARTESIAN_POINT('',(0.447573344294,1.570796326795));
#1697 = ( GEOMETRIC_REPRESENTATION_CONTEXT(2) 
PARAMETRIC_REPRESENTATION_CONTEXT() REPRESENTATION_CONTEXT('2D SPACE',''
  ) );
#1698 = ORIENTED_EDGE('',*,*,#1699,.T.);
#1699 = EDGE_CURVE('',#1594,#1334,#1700,.T.);
#1700 = SURFACE_CURVE('',#1701,(#1740,#1813),.PCURVE_S1.);
#1701 = B_SPLINE_CURVE_WITH_KNOTS('',7,(#1702,#1703,#1704,#1705,#1706,
    #1707,#1708,#1709,#1710,#1711,#1712,#1713,#1714,#1715,#1716,#1717,
    #1718,#1719,#1720,#1721,#1722,#1723,#1724,#1725,#1726,#1727,#1728,
    #1729,#1730,#1731,#1732,#1733,#1734,#1735,#1736,#1737,#1738,#1739),
  .UNSPECIFIED.,.F.,.F.,(8,6,6,6,6,6,8),(0.741795890122,0.823668423302,
    0.878544277659,1.,1.121448595208,1.176320530943,1.258204133755),
  .UNSPECIFIED.);
#1702 = CARTESIAN_POINT('',(17.294445295166,8.302469417315,17.));
#1703 = CARTESIAN_POINT('',(17.363806038309,8.337280892179,17.));
#1704 = CARTESIAN_POINT('',(17.436287927401,8.366189890405,17.));
#1705 = CARTESIAN_POINT('',(17.511279968094,8.388840473357,17.));
#1706 = CARTESIAN_POINT('',(17.588127695485,8.404964449632,17.));
#1707 = CARTESIAN_POINT('',(17.66614326239,8.41437942927,17.));
#1708 = CARTESIAN_POINT('',(17.744614071865,8.416994373963,17.));
#1709 = CARTESIAN_POINT('',(17.875221497468,8.410026500502,17.));
#1710 = CARTESIAN_POINT('',(17.927513872071,8.404181182746,17.));
#1711 = CARTESIAN_POINT('',(17.979469532165,8.395289984254,17.));
#1712 = CARTESIAN_POINT('',(18.030872461393,8.383375834456,17.));
#1713 = CARTESIAN_POINT('',(18.08150941983,8.368481184346,17.));
#1714 = CARTESIAN_POINT('',(18.131171191188,8.350667892914,17.));
#1715 = CARTESIAN_POINT('',(18.286959565648,8.284311122281,17.));
#1716 = CARTESIAN_POINT('',(18.38854308483,8.224682658155,17.));
#1717 = CARTESIAN_POINT('',(18.482110971093,8.152020499926,17.));
#1718 = CARTESIAN_POINT('',(18.565670668482,8.06767974407,17.));
#1719 = CARTESIAN_POINT('',(18.637535225365,7.973329615455,17.));
#1720 = CARTESIAN_POINT('',(18.696322398368,7.870946112779,17.));
#1721 = CARTESIAN_POINT('',(18.785893093713,7.654703325285,17.));
#1722 = CARTESIAN_POINT('',(18.816719356117,7.540745497445,17.));
#1723 = CARTESIAN_POINT('',(18.832619878619,7.423221298517,17.));
#1724 = CARTESIAN_POINT('',(18.833174844636,7.304504936248,17.));
#1725 = CARTESIAN_POINT('',(18.81839673827,7.186969166937,17.));
#1726 = CARTESIAN_POINT('',(18.788736142352,7.072980726739,17.));
#1727 = CARTESIAN_POINT('',(18.725509537688,6.915907299629,17.));
#1728 = CARTESIAN_POINT('',(18.702993235235,6.868197506974,17.));
#1729 = CARTESIAN_POINT('',(18.677723902365,6.821861607156,17.));
#1730 = CARTESIAN_POINT('',(18.649805703803,6.777091243968,17.));
#1731 = CARTESIAN_POINT('',(18.619359368866,6.734067186927,17.));
#1732 = CARTESIAN_POINT('',(18.586521390231,6.692958369364,17.));
#1733 = CARTESIAN_POINT('',(18.499097215649,6.59566662178,17.));
#1734 = CARTESIAN_POINT('',(18.441756215028,6.542017714894,17.));
#1735 = CARTESIAN_POINT('',(18.379927250319,6.493500211877,17.));
#1736 = CARTESIAN_POINT('',(18.314178785384,6.450553830632,17.));
#1737 = CARTESIAN_POINT('',(18.24512640904,6.413536152814,17.));
#1738 = CARTESIAN_POINT('',(18.173422800638,6.382720440763,17.));
#1739 = CARTESIAN_POINT('',(18.099751970648,6.358287119495,17.));
#1740 = PCURVE('',#1403,#1741);
#1741 = DEFINITIONAL_REPRESENTATION('',(#1742),#1812);
#1742 = B_SPLINE_CURVE_WITH_KNOTS('',3,(#1743,#1744,#1745,#1746,#1747,
    #1748,#1749,#1750,#1751,#1752,#1753,#1754,#1755,#1756,#1757,#1758,
    #1759,#1760,#1761,#1762,#1763,#1764,#1765,#1766,#1767,#1768,#1769,
    #1770,#1771,#1772,#1773,#1774,#1775,#1776,#1777,#1778,#1779,#1780,
    #1781,#1782,#1783,#1784,#1785,#1786,#1787,#1788,#1789,#1790,#1791,
    #1792,#1793,#1794,#1795,#1796,#1797,#1798,#1799,#1800,#1801,#1802,
    #1803,#1804,#1805,#1806,#1807,#1808,#1809,#1810,#1811),
  .UNSPECIFIED.,.F.,.F.,(4,1,1,1,1,1,1,1,1,1,1,1,1,1,1,1,1,1,1,1,1,1,1,1
    ,1,1,1,1,1,1,1,1,1,1,1,1,1,1,1,1,1,1,1,1,1,1,1,1,1,1,1,1,1,1,1,1,1,1
    ,1,1,1,1,1,1,1,1,4),(0.741795890122,0.74962025745,0.757444624778,
    0.765268992106,0.773093359433,0.780917726761,0.788742094089,
    0.796566461417,0.804390828744,0.812215196072,0.8200395634,
    0.827863930728,0.835688298055,0.843512665383,0.851337032711,
    0.859161400039,0.866985767367,0.874810134694,0.882634502022,
    0.89045886935,0.898283236678,0.906107604005,0.913931971333,
    0.921756338661,0.929580705989,0.937405073316,0.945229440644,
    0.953053807972,0.9608781753,0.968702542627,0.976526909955,
    0.984351277283,0.992175644611,1.000000011938,1.007824379266,
    1.015648746594,1.023473113922,1.03129748125,1.039121848577,
    1.046946215905,1.054770583233,1.062594950561,1.070419317888,
    1.078243685216,1.086068052544,1.093892419872,1.101716787199,
    1.109541154527,1.117365521855,1.125189889183,1.13301425651,
    1.140838623838,1.148662991166,1.156487358494,1.164311725822,
    1.172136093149,1.179960460477,1.187784827805,1.195609195133,
    1.20343356246,1.211257929788,1.219082297116,1.226906664444,
    1.234731031771,1.242555399099,1.250379766427,1.258204133755),
  .QUASI_UNIFORM_KNOTS.);
#1743 = CARTESIAN_POINT('',(7.882376400371,1.0318327639));
#1744 = CARTESIAN_POINT('',(7.866111179149,1.029311100647));
#1745 = CARTESIAN_POINT('',(7.833599900695,1.024262236658));
#1746 = CARTESIAN_POINT('',(7.784886972822,1.016690572896));
#1747 = CARTESIAN_POINT('',(7.736224774471,1.009138842031));
#1748 = CARTESIAN_POINT('',(7.68760919878,1.001625148722));
#1749 = CARTESIAN_POINT('',(7.639035855156,0.994167452767));
#1750 = CARTESIAN_POINT('',(7.590500170013,0.986783538481));
#1751 = CARTESIAN_POINT('',(7.54199760645,0.979491005414));
#1752 = CARTESIAN_POINT('',(7.493523835336,0.972307249751));
#1753 = CARTESIAN_POINT('',(7.445074989818,0.965249456045));
#1754 = CARTESIAN_POINT('',(7.396647683907,0.958334554034));
#1755 = CARTESIAN_POINT('',(7.34823997835,0.95157930635));
#1756 = CARTESIAN_POINT('',(7.299845714699,0.944999475521));
#1757 = CARTESIAN_POINT('',(7.251462334976,0.938610883601));
#1758 = CARTESIAN_POINT('',(7.203086687271,0.932428801319));
#1759 = CARTESIAN_POINT('',(7.154715816594,0.926468004413));
#1760 = CARTESIAN_POINT('',(7.10634705288,0.920742743528));
#1761 = CARTESIAN_POINT('',(7.057978018868,0.9152667207));
#1762 = CARTESIAN_POINT('',(7.00960763409,0.910053161132));
#1763 = CARTESIAN_POINT('',(6.961226030003,0.90511375784));
#1764 = CARTESIAN_POINT('',(6.912836950529,0.900460999335));
#1765 = CARTESIAN_POINT('',(6.864441088319,0.896106267805));
#1766 = CARTESIAN_POINT('',(6.816039010584,0.892060170525));
#1767 = CARTESIAN_POINT('',(6.767630645494,0.888332473036));
#1768 = CARTESIAN_POINT('',(6.719215661895,0.884932133771));
#1769 = CARTESIAN_POINT('',(6.670793587479,0.881867305558));
#1770 = CARTESIAN_POINT('',(6.622363979924,0.879145339522));
#1771 = CARTESIAN_POINT('',(6.573926574989,0.876772781504));
#1772 = CARTESIAN_POINT('',(6.525481428129,0.874755363339));
#1773 = CARTESIAN_POINT('',(6.477029086507,0.873097988139));
#1774 = CARTESIAN_POINT('',(6.428570654872,0.871804709649));
#1775 = CARTESIAN_POINT('',(6.380108292812,0.870878705593));
#1776 = CARTESIAN_POINT('',(6.33164415905,0.870322244779));
#1777 = CARTESIAN_POINT('',(6.28318523297,0.870136648905));
#1778 = CARTESIAN_POINT('',(6.234726308535,0.87032224591));
#1779 = CARTESIAN_POINT('',(6.186262178567,0.870878707791));
#1780 = CARTESIAN_POINT('',(6.137799821495,0.871804712823));
#1781 = CARTESIAN_POINT('',(6.089341395374,0.873097992188));
#1782 = CARTESIAN_POINT('',(6.040889059306,0.874755368168));
#1783 = CARTESIAN_POINT('',(5.992443917709,0.876772787032));
#1784 = CARTESIAN_POINT('',(5.944006517539,0.879145345683));
#1785 = CARTESIAN_POINT('',(5.895576914151,0.881867312305));
#1786 = CARTESIAN_POINT('',(5.847154843306,0.884932141069));
#1787 = CARTESIAN_POINT('',(5.798739862791,0.888332480854));
#1788 = CARTESIAN_POINT('',(5.750331500538,0.892060178824));
#1789 = CARTESIAN_POINT('',(5.701929425746,0.896106276521));
#1790 = CARTESIAN_POINT('',(5.653533567257,0.900461008336));
#1791 = CARTESIAN_POINT('',(5.605144492695,0.905113766943));
#1792 = CARTESIAN_POINT('',(5.556762897313,0.910053169857));
#1793 = CARTESIAN_POINT('',(5.508392521037,0.915266728946));
#1794 = CARTESIAN_POINT('',(5.460023490231,0.920742751784));
#1795 = CARTESIAN_POINT('',(5.41165473151,0.926468012423));
#1796 = CARTESIAN_POINT('',(5.363283865282,0.932428809088));
#1797 = CARTESIAN_POINT('',(5.314908222006,0.938610891071));
#1798 = CARTESIAN_POINT('',(5.266524846414,0.944999482667));
#1799 = CARTESIAN_POINT('',(5.218130587903,0.951579312975));
#1800 = CARTESIAN_POINT('',(5.169722885502,0.95833456039));
#1801 = CARTESIAN_POINT('',(5.121295582234,0.965249462152));
#1802 = CARTESIAN_POINT('',(5.072846741587,0.972307255257));
#1803 = CARTESIAN_POINT('',(5.024372975624,0.979491010238));
#1804 = CARTESIAN_POINT('',(4.975870417175,0.986783542596));
#1805 = CARTESIAN_POINT('',(4.927334736697,0.994167456211));
#1806 = CARTESIAN_POINT('',(4.878761397216,1.001625151553));
#1807 = CARTESIAN_POINT('',(4.830145825283,1.009138844294));
#1808 = CARTESIAN_POINT('',(4.781483630697,1.01669057458));
#1809 = CARTESIAN_POINT('',(4.732770707211,1.024262237661));
#1810 = CARTESIAN_POINT('',(4.700259432777,1.029311101025));
#1811 = CARTESIAN_POINT('',(4.683994213989,1.0318327639));
#1812 = ( GEOMETRIC_REPRESENTATION_CONTEXT(2) 
PARAMETRIC_REPRESENTATION_CONTEXT() REPRESENTATION_CONTEXT('2D SPACE',''
  ) );
#1813 = PCURVE('',#944,#1814);
#1814 = DEFINITIONAL_REPRESENTATION('',(#1815),#1854);
#1815 = B_SPLINE_CURVE_WITH_KNOTS('',7,(#1816,#1817,#1818,#1819,#1820,
    #1821,#1822,#1823,#1824,#1825,#1826,#1827,#1828,#1829,#1830,#1831,
    #1832,#1833,#1834,#1835,#1836,#1837,#1838,#1839,#1840,#1841,#1842,
    #1843,#1844,#1845,#1846,#1847,#1848,#1849,#1850,#1851,#1852,#1853),
  .UNSPECIFIED.,.F.,.F.,(8,6,6,6,6,6,8),(0.741795890122,0.823668423302,
    0.878544277659,1.,1.121448595208,1.176320530943,1.258204133755),
  .UNSPECIFIED.);
#1816 = CARTESIAN_POINT('',(52.800766540616,54.288779250362));
#1817 = CARTESIAN_POINT('',(52.851525736879,54.347484066744));
#1818 = CARTESIAN_POINT('',(52.907427276021,54.401930116612));
#1819 = CARTESIAN_POINT('',(52.96804288469,54.451554738133));
#1820 = CARTESIAN_POINT('',(53.032870548562,54.495859701883));
#1821 = CARTESIAN_POINT('',(53.101344577319,54.534413273792));
#1822 = CARTESIAN_POINT('',(53.172841456083,54.566858646382));
#1823 = CARTESIAN_POINT('',(53.296173473123,54.610402468629));
#1824 = CARTESIAN_POINT('',(53.346722233987,54.625013524592));
#1825 = CARTESIAN_POINT('',(53.398125519303,54.636681698622));
#1826 = CARTESIAN_POINT('',(53.450174981266,54.645345508866));
#1827 = CARTESIAN_POINT('',(53.502657366583,54.650962571545));
#1828 = CARTESIAN_POINT('',(53.555355712195,54.653509973305));
#1829 = CARTESIAN_POINT('',(53.724679039509,54.651821940935));
#1830 = CARTESIAN_POINT('',(53.84134879904,54.635606753166));
#1831 = CARTESIAN_POINT('',(53.955600858173,54.604282552264));
#1832 = CARTESIAN_POINT('',(54.065075762272,54.558338765976));
#1833 = CARTESIAN_POINT('',(54.167576186553,54.498671988553));
#1834 = CARTESIAN_POINT('',(54.261068922685,54.426578843107));
#1835 = CARTESIAN_POINT('',(54.42657398697,54.261073778822));
#1836 = CARTESIAN_POINT('',(54.498663512572,54.167587174015));
#1837 = CARTESIAN_POINT('',(54.558328243699,54.065093838578));
#1838 = CARTESIAN_POINT('',(54.604271750435,53.955626597605));
#1839 = CARTESIAN_POINT('',(54.635597552059,53.841382369532));
#1840 = CARTESIAN_POINT('',(54.651816222114,53.724720164038));
#1841 = CARTESIAN_POINT('',(54.653511854374,53.55540746554));
#1842 = CARTESIAN_POINT('',(54.6509672506,53.502712748699));
#1843 = CARTESIAN_POINT('',(54.645353412345,53.4502338042));
#1844 = CARTESIAN_POINT('',(54.636693236363,53.398187549937));
#1845 = CARTESIAN_POINT('',(54.625029084497,53.346787196275));
#1846 = CARTESIAN_POINT('',(54.610422411552,53.296241050747));
#1847 = CARTESIAN_POINT('',(54.566884945915,53.172899413271));
#1848 = CARTESIAN_POINT('',(54.534439316899,53.101390835324));
#1849 = CARTESIAN_POINT('',(54.495883646472,53.032905586883));
#1850 = CARTESIAN_POINT('',(54.451574854006,52.968067456022));
#1851 = CARTESIAN_POINT('',(54.401944828837,52.907442380753));
#1852 = CARTESIAN_POINT('',(54.347491995085,52.851532592133));
#1853 = CARTESIAN_POINT('',(54.288779250362,52.800766540616));
#1854 = ( GEOMETRIC_REPRESENTATION_CONTEXT(2) 
PARAMETRIC_REPRESENTATION_CONTEXT() REPRESENTATION_CONTEXT('2D SPACE',''
  ) );
#1855 = ORIENTED_EDGE('',*,*,#1333,.T.);
#1856 = ORIENTED_EDGE('',*,*,#1857,.F.);
#1857 = EDGE_CURVE('',#1498,#1336,#1858,.T.);
#1858 = SURFACE_CURVE('',#1859,(#1877,#1898),.PCURVE_S1.);
#1859 = B_SPLINE_CURVE_WITH_KNOTS('',6,(#1860,#1861,#1862,#1863,#1864,
    #1865,#1866,#1867,#1868,#1869,#1870,#1871,#1872,#1873,#1874,#1875,
    #1876),.UNSPECIFIED.,.F.,.F.,(7,5,5,7),(0.,0.493872364423,
    0.948341652732,1.),.UNSPECIFIED.);
#1860 = CARTESIAN_POINT('',(18.414852474829,6.760440668253,
    16.087414712335));
#1861 = CARTESIAN_POINT('',(18.423456535795,6.719675052375,
    16.129907982221));
#1862 = CARTESIAN_POINT('',(18.430387791388,6.682148135556,
    16.174892809534));
#1863 = CARTESIAN_POINT('',(18.435669744061,6.648066139034,
    16.221949280885));
#1864 = CARTESIAN_POINT('',(18.439363935634,6.617513532303,
    16.270687346253));
#1865 = CARTESIAN_POINT('',(18.441537707373,6.590511735889,
    16.320784017637));
#1866 = CARTESIAN_POINT('',(18.442904302292,6.545479015172,
    16.419111531155));
#1867 = CARTESIAN_POINT('',(18.442320905358,6.526910485197,
    16.467158832587));
#1868 = CARTESIAN_POINT('',(18.440545651517,6.511356536872,
    16.515924669477));
#1869 = CARTESIAN_POINT('',(18.437619520564,6.498815676969,
    16.565217559063));
#1870 = CARTESIAN_POINT('',(18.433577525888,6.489284725944,
    16.614861302374));
#1871 = CARTESIAN_POINT('',(18.427863000886,6.482025812906,
    16.670357955093));
#1872 = CARTESIAN_POINT('',(18.427265673207,6.481323858513,
    16.67602466721));
#1873 = CARTESIAN_POINT('',(18.426654315822,6.480660841387,
    16.681693532674));
#1874 = CARTESIAN_POINT('',(18.426028967887,6.480036767007,
    16.687364305316));
#1875 = CARTESIAN_POINT('',(18.42538966759,6.479451641802,
    16.693036738542));
#1876 = CARTESIAN_POINT('',(18.424736452151,6.478905473151,
    16.698710585336));
#1877 = PCURVE('',#1403,#1878);
#1878 = DEFINITIONAL_REPRESENTATION('',(#1879),#1897);
#1879 = B_SPLINE_CURVE_WITH_KNOTS('',6,(#1880,#1881,#1882,#1883,#1884,
    #1885,#1886,#1887,#1888,#1889,#1890,#1891,#1892,#1893,#1894,#1895,
    #1896),.UNSPECIFIED.,.F.,.F.,(7,5,5,7),(0.,0.493872364423,
    0.948341652732,1.),.UNSPECIFIED.);
#1880 = CARTESIAN_POINT('',(5.052795423858,0.));
#1881 = CARTESIAN_POINT('',(5.034864694683,5.752609456464E-02));
#1882 = CARTESIAN_POINT('',(5.020335149972,0.11489635074));
#1883 = CARTESIAN_POINT('',(5.008338251646,0.171917291573));
#1884 = CARTESIAN_POINT('',(4.998393776607,0.228534481467));
#1885 = CARTESIAN_POINT('',(4.990158893419,0.284754015954));
#1886 = CARTESIAN_POINT('',(4.977189597277,0.392087131634));
#1887 = CARTESIAN_POINT('',(4.972229806608,0.443235339948));
#1888 = CARTESIAN_POINT('',(4.968346346403,0.494138548117));
#1889 = CARTESIAN_POINT('',(4.965436991748,0.544847500896));
#1890 = CARTESIAN_POINT('',(4.963437032776,0.595419422515));
#1891 = CARTESIAN_POINT('',(4.962192560975,0.651663197025));
#1892 = CARTESIAN_POINT('',(4.96207692878,0.657402842657));
#1893 = CARTESIAN_POINT('',(4.961972674149,0.663141652532));
#1894 = CARTESIAN_POINT('',(4.961879771439,0.668879717182));
#1895 = CARTESIAN_POINT('',(4.961798177682,0.67461713042));
#1896 = CARTESIAN_POINT('',(4.961727832578,0.680353989335));
#1897 = ( GEOMETRIC_REPRESENTATION_CONTEXT(2) 
PARAMETRIC_REPRESENTATION_CONTEXT() REPRESENTATION_CONTEXT('2D SPACE',''
  ) );
#1898 = PCURVE('',#99,#1899);
#1899 = DEFINITIONAL_REPRESENTATION('',(#1900),#1918);
#1900 = B_SPLINE_CURVE_WITH_KNOTS('',6,(#1901,#1902,#1903,#1904,#1905,
    #1906,#1907,#1908,#1909,#1910,#1911,#1912,#1913,#1914,#1915,#1916,
    #1917),.UNSPECIFIED.,.F.,.F.,(7,5,5,7),(0.,0.493872364423,
    0.948341652732,1.),.UNSPECIFIED.);
#1901 = CARTESIAN_POINT('',(-6.635028695084,-3.087414712335));
#1902 = CARTESIAN_POINT('',(-6.632926724473,-3.129907982221));
#1903 = CARTESIAN_POINT('',(-6.63100759224,-3.174892809534));
#1904 = CARTESIAN_POINT('',(-6.629280818462,-3.221949280885));
#1905 = CARTESIAN_POINT('',(-6.627749568405,-3.270687346253));
#1906 = CARTESIAN_POINT('',(-6.626413957229,-3.320784017637));
#1907 = CARTESIAN_POINT('',(-6.624223494435,-3.419111531155));
#1908 = CARTESIAN_POINT('',(-6.62333909206,-3.467158832587));
#1909 = CARTESIAN_POINT('',(-6.622619545078,-3.515924669477));
#1910 = CARTESIAN_POINT('',(-6.622064328718,-3.565217559063));
#1911 = CARTESIAN_POINT('',(-6.621672952106,-3.614861302374));
#1912 = CARTESIAN_POINT('',(-6.621419503559,-3.670357955093));
#1913 = CARTESIAN_POINT('',(-6.621395751585,-3.67602466721));
#1914 = CARTESIAN_POINT('',(-6.621374116002,-3.681693532674));
#1915 = CARTESIAN_POINT('',(-6.621354596796,-3.687364305316));
#1916 = CARTESIAN_POINT('',(-6.621337194017,-3.693036738542));
#1917 = CARTESIAN_POINT('',(-6.621321907777,-3.698710585336));
#1918 = ( GEOMETRIC_REPRESENTATION_CONTEXT(2) 
PARAMETRIC_REPRESENTATION_CONTEXT() REPRESENTATION_CONTEXT('2D SPACE',''
  ) );
#1919 = ADVANCED_FACE('',(#1920),#1661,.T.);
#1920 = FACE_BOUND('',#1921,.T.);
#1921 = EDGE_LOOP('',(#1922,#2034,#2060,#2061));
#1922 = ORIENTED_EDGE('',*,*,#1923,.F.);
#1923 = EDGE_CURVE('',#1924,#1926,#1928,.T.);
#1924 = VERTEX_POINT('',#1925);
#1925 = CARTESIAN_POINT('',(8.302469417314,17.294445295166,17.));
#1926 = VERTEX_POINT('',#1927);
#1927 = CARTESIAN_POINT('',(8.446978092159,17.609534081622,
    16.698710585336));
#1928 = SURFACE_CURVE('',#1929,(#1959,#1992),.PCURVE_S1.);
#1929 = B_SPLINE_CURVE_WITH_KNOTS('',4,(#1930,#1931,#1932,#1933,#1934,
    #1935,#1936,#1937,#1938,#1939,#1940,#1941,#1942,#1943,#1944,#1945,
    #1946,#1947,#1948,#1949,#1950,#1951,#1952,#1953,#1954,#1955,#1956,
    #1957,#1958),.UNSPECIFIED.,.F.,.F.,(5,3,3,3,3,3,3,3,3,5),(0.,
    0.122945512492,0.245111674917,0.367324271439,0.489619851684,
    0.612429652661,0.734966032162,0.85761587136,0.980465927166,1.),
  .UNSPECIFIED.);
#1930 = CARTESIAN_POINT('',(8.302469417215,17.294445295214,17.));
#1931 = CARTESIAN_POINT('',(8.309391034188,17.308236394519,17.));
#1932 = CARTESIAN_POINT('',(8.316295441735,17.32203570251,
    16.999093222123));
#1933 = CARTESIAN_POINT('',(8.323145448703,17.335771947981,
    16.997279678448));
#1934 = CARTESIAN_POINT('',(8.336618397608,17.362892199629,
    16.991884784574));
#1935 = CARTESIAN_POINT('',(8.343242562571,17.376277967696,
    16.988314704134));
#1936 = CARTESIAN_POINT('',(8.349738818212,17.389463864969,
    16.98387746604));
#1937 = CARTESIAN_POINT('',(8.362406059907,17.415310328422,
    16.973322210094));
#1938 = CARTESIAN_POINT('',(8.368576984854,17.427970775694,
    16.967203520154));
#1939 = CARTESIAN_POINT('',(8.374548044508,17.440300672226,
    16.960272624563));
#1940 = CARTESIAN_POINT('',(8.386028102741,17.464187963079,
    16.944862595116));
#1941 = CARTESIAN_POINT('',(8.39153684253,17.475744900448,
    16.936382353241));
#1942 = CARTESIAN_POINT('',(8.396779193842,17.486851246487,
    16.927170321155));
#1943 = CARTESIAN_POINT('',(8.406694565146,17.508102707973,
    16.907345188254));
#1944 = CARTESIAN_POINT('',(8.411365142561,17.518243639422,
    16.896726281928));
#1945 = CARTESIAN_POINT('',(8.415709210822,17.527824560847,
    16.885474550035));
#1946 = CARTESIAN_POINT('',(8.423689010797,17.545758726286,
    16.861855654577));
#1947 = CARTESIAN_POINT('',(8.427326325565,17.554114688131,
    16.84949095061));
#1948 = CARTESIAN_POINT('',(8.430592481694,17.561826031953,
    16.836619341255));
#1949 = CARTESIAN_POINT('',(8.436352117481,17.575898713448,
    16.809986746571));
#1950 = CARTESIAN_POINT('',(8.43884489354,17.582258810235,
    16.796224876744));
#1951 = CARTESIAN_POINT('',(8.440932761384,17.587905703249,
    16.782092133209));
#1952 = CARTESIAN_POINT('',(8.444282240075,17.597734309286,
    16.753207968274));
#1953 = CARTESIAN_POINT('',(8.445542503726,17.601913623618,
    16.73845551169));
#1954 = CARTESIAN_POINT('',(8.44637730481,17.605330442467,
    16.723478107423));
#1955 = CARTESIAN_POINT('',(8.44684892647,17.608391884177,
    16.705947207994));
#1956 = CARTESIAN_POINT('',(8.446902811306,17.608792287631,
    16.703538342751));
#1957 = CARTESIAN_POINT('',(8.446945868208,17.609173035042,
    16.701126032621));
#1958 = CARTESIAN_POINT('',(8.446978092159,17.609534081622,
    16.698710585336));
#1959 = PCURVE('',#1661,#1960);
#1960 = DEFINITIONAL_REPRESENTATION('',(#1961),#1991);
#1961 = B_SPLINE_CURVE_WITH_KNOTS('',4,(#1962,#1963,#1964,#1965,#1966,
    #1967,#1968,#1969,#1970,#1971,#1972,#1973,#1974,#1975,#1976,#1977,
    #1978,#1979,#1980,#1981,#1982,#1983,#1984,#1985,#1986,#1987,#1988,
    #1989,#1990),.UNSPECIFIED.,.F.,.F.,(5,3,3,3,3,3,3,3,3,5),(0.,
    0.122945512492,0.245111674917,0.367324271439,0.489619851684,
    0.612429652661,0.734966032162,0.85761587136,0.980465927166,1.),
  .UNSPECIFIED.);
#1962 = CARTESIAN_POINT('',(1.123222982501,1.570796326795));
#1963 = CARTESIAN_POINT('',(1.123208838648,1.526715734747));
#1964 = CARTESIAN_POINT('',(1.123195719014,1.482635387638));
#1965 = CARTESIAN_POINT('',(1.123183758537,1.438555706733));
#1966 = CARTESIAN_POINT('',(1.123162596489,1.350679754748));
#1967 = CARTESIAN_POINT('',(1.123153376983,1.306883420685));
#1968 = CARTESIAN_POINT('',(1.123145669095,1.263090375306));
#1969 = CARTESIAN_POINT('',(1.123133687021,1.175498622388));
#1970 = CARTESIAN_POINT('',(1.123129413068,1.131699860604));
#1971 = CARTESIAN_POINT('',(1.123127064002,1.087908736621));
#1972 = CARTESIAN_POINT('',(1.123126609365,1.000316763668));
#1973 = CARTESIAN_POINT('',(1.123128505686,0.956515866531));
#1974 = CARTESIAN_POINT('',(1.123132722657,0.912727227113));
#1975 = CARTESIAN_POINT('',(1.123146140594,0.824993526727));
#1976 = CARTESIAN_POINT('',(1.12315536167,0.781048536231));
#1977 = CARTESIAN_POINT('',(1.123167239457,0.737118914585));
#1978 = CARTESIAN_POINT('',(1.123196465901,0.649388321855));
#1979 = CARTESIAN_POINT('',(1.123213801813,0.605587262158));
#1980 = CARTESIAN_POINT('',(1.123233970527,0.561801519838));
#1981 = CARTESIAN_POINT('',(1.123280025984,0.474217004496));
#1982 = CARTESIAN_POINT('',(1.123305917712,0.430418262414));
#1983 = CARTESIAN_POINT('',(1.123334678002,0.386631647951));
#1984 = CARTESIAN_POINT('',(1.123397843047,0.299005530126));
#1985 = CARTESIAN_POINT('',(1.123432256792,0.255166080187));
#1986 = CARTESIAN_POINT('',(1.123469403302,0.211333070903));
#1987 = CARTESIAN_POINT('',(1.123515432537,0.160533806709));
#1988 = CARTESIAN_POINT('',(1.123521812339,0.153564591414));
#1989 = CARTESIAN_POINT('',(1.123528256399,0.146595440925));
#1990 = CARTESIAN_POINT('',(1.123534763995,0.13962634016));
#1991 = ( GEOMETRIC_REPRESENTATION_CONTEXT(2) 
PARAMETRIC_REPRESENTATION_CONTEXT() REPRESENTATION_CONTEXT('2D SPACE',''
  ) );
#1992 = PCURVE('',#1993,#2002);
#1993 = SURFACE_OF_REVOLUTION('',#1994,#1999);
#1994 = CIRCLE('',#1995,1.);
#1995 = AXIS2_PLACEMENT_3D('',#1996,#1997,#1998);
#1996 = CARTESIAN_POINT('',(7.39580067121,17.855042285044,
    16.716836889474));
#1997 = DIRECTION('',(0.923879532511,-0.382683432365,2.775557561563E-17)
  );
#1998 = DIRECTION('',(0.319447063624,0.771213433461,-0.550620934575));
#1999 = AXIS1_PLACEMENT('',#2000,#2001);
#2000 = CARTESIAN_POINT('',(7.563045655347,18.258807393986,
    12.888661519232));
#2001 = DIRECTION('',(-5.325923996829E-02,-0.128579179453,0.990268068742
    ));
#2002 = DEFINITIONAL_REPRESENTATION('',(#2003),#2033);
#2003 = B_SPLINE_CURVE_WITH_KNOTS('',4,(#2004,#2005,#2006,#2007,#2008,
    #2009,#2010,#2011,#2012,#2013,#2014,#2015,#2016,#2017,#2018,#2019,
    #2020,#2021,#2022,#2023,#2024,#2025,#2026,#2027,#2028,#2029,#2030,
    #2031,#2032),.UNSPECIFIED.,.F.,.F.,(5,3,3,3,3,3,3,3,3,5),(0.,
    0.122945512492,0.245111674917,0.367324271439,0.489619851684,
    0.612429652661,0.734966032162,0.85761587136,0.980465927166,1.),
  .UNSPECIFIED.);
#2004 = CARTESIAN_POINT('',(4.683994213962,1.031832763742));
#2005 = CARTESIAN_POINT('',(4.698497140869,1.02958431751));
#2006 = CARTESIAN_POINT('',(4.712855593907,1.026395215332));
#2007 = CARTESIAN_POINT('',(4.72697919159,1.022281405901));
#2008 = CARTESIAN_POINT('',(4.754508200389,1.012304708839));
#2009 = CARTESIAN_POINT('',(4.767917775402,1.006452958851));
#2010 = CARTESIAN_POINT('',(4.780937470197,0.999755703868));
#2011 = CARTESIAN_POINT('',(4.806073804741,0.984763958494));
#2012 = CARTESIAN_POINT('',(4.818190169851,0.976468712986));
#2013 = CARTESIAN_POINT('',(4.829788497151,0.967423915351));
#2014 = CARTESIAN_POINT('',(4.851861855097,0.947945869735));
#2015 = CARTESIAN_POINT('',(4.862336086416,0.937511532428));
#2016 = CARTESIAN_POINT('',(4.872196882578,0.926443883897));
#2017 = CARTESIAN_POINT('',(4.890666452301,0.903122235343));
#2018 = CARTESIAN_POINT('',(4.899269686259,0.890863320396));
#2019 = CARTESIAN_POINT('',(4.907189753743,0.878096082451));
#2020 = CARTESIAN_POINT('',(4.921607562457,0.851709932048));
#2021 = CARTESIAN_POINT('',(4.928108307614,0.838092905087));
#2022 = CARTESIAN_POINT('',(4.933889100163,0.824104420407));
#2023 = CARTESIAN_POINT('',(4.943992466413,0.795506450449));
#2024 = CARTESIAN_POINT('',(4.948313578395,0.780896377051));
#2025 = CARTESIAN_POINT('',(4.95189018247,0.766049482977));
#2026 = CARTESIAN_POINT('',(4.95754598847,0.735992237452));
#2027 = CARTESIAN_POINT('',(4.959622672522,0.720781342928));
#2028 = CARTESIAN_POINT('',(4.960939182065,0.705468045129));
#2029 = CARTESIAN_POINT('',(4.961579967389,0.687679539448));
#2030 = CARTESIAN_POINT('',(4.961648582571,0.685238206678));
#2031 = CARTESIAN_POINT('',(4.961697842887,0.682796267547));
#2032 = CARTESIAN_POINT('',(4.961727789914,0.680353994996));
#2033 = ( GEOMETRIC_REPRESENTATION_CONTEXT(2) 
PARAMETRIC_REPRESENTATION_CONTEXT() REPRESENTATION_CONTEXT('2D SPACE',''
  ) );
#2034 = ORIENTED_EDGE('',*,*,#2035,.T.);
#2035 = EDGE_CURVE('',#1924,#1594,#2036,.T.);
#2036 = SURFACE_CURVE('',#2037,(#2042,#2049),.PCURVE_S1.);
#2037 = CIRCLE('',#2038,19.184077681581);
#2038 = AXIS2_PLACEMENT_3D('',#2039,#2040,#2041);
#2039 = CARTESIAN_POINT('',(0.,0.,17.));
#2040 = DIRECTION('',(0.,0.,-1.));
#2041 = DIRECTION('',(0.943477829431,0.331435642882,0.));
#2042 = PCURVE('',#1661,#2043);
#2043 = DEFINITIONAL_REPRESENTATION('',(#2044),#2048);
#2044 = LINE('',#2045,#2046);
#2045 = CARTESIAN_POINT('',(6.621010126278,1.570796326795));
#2046 = VECTOR('',#2047,1.);
#2047 = DIRECTION('',(-1.,-0.));
#2048 = ( GEOMETRIC_REPRESENTATION_CONTEXT(2) 
PARAMETRIC_REPRESENTATION_CONTEXT() REPRESENTATION_CONTEXT('2D SPACE',''
  ) );
#2049 = PCURVE('',#944,#2050);
#2050 = DEFINITIONAL_REPRESENTATION('',(#2051),#2059);
#2051 = ( BOUNDED_CURVE() B_SPLINE_CURVE(2,(#2052,#2053,#2054,#2055,
#2056,#2057,#2058),.UNSPECIFIED.,.T.,.F.) B_SPLINE_CURVE_WITH_KNOTS((1,2
    ,2,2,2,1),(-2.094395102393,0.,2.094395102393,4.188790204786,
6.28318530718,8.377580409573),.UNSPECIFIED.) CURVE() 
GEOMETRIC_REPRESENTATION_ITEM() RATIONAL_B_SPLINE_CURVE((1.,0.5,1.,0.5,
1.,0.5,1.)) REPRESENTATION_ITEM('') );
#2052 = CARTESIAN_POINT('',(54.288779250362,52.800766540616));
#2053 = CARTESIAN_POINT('',(76.460357274536,28.051874900854));
#2054 = CARTESIAN_POINT('',(43.941399386907,21.225170909811));
#2055 = CARTESIAN_POINT('',(11.422441499277,14.398466918768));
#2056 = CARTESIAN_POINT('',(21.769821362732,45.974062549573));
#2057 = CARTESIAN_POINT('',(32.117201226187,77.549658180378));
#2058 = CARTESIAN_POINT('',(54.288779250362,52.800766540616));
#2059 = ( GEOMETRIC_REPRESENTATION_CONTEXT(2) 
PARAMETRIC_REPRESENTATION_CONTEXT() REPRESENTATION_CONTEXT('2D SPACE',''
  ) );
#2060 = ORIENTED_EDGE('',*,*,#1593,.F.);
#2061 = ORIENTED_EDGE('',*,*,#2062,.F.);
#2062 = EDGE_CURVE('',#1926,#1529,#2063,.T.);
#2063 = SURFACE_CURVE('',#2064,(#2069,#2076),.PCURVE_S1.);
#2064 = CIRCLE('',#2065,19.53067150564);
#2065 = AXIS2_PLACEMENT_3D('',#2066,#2067,#2068);
#2066 = CARTESIAN_POINT('',(0.,0.,16.698710585336));
#2067 = DIRECTION('',(0.,0.,-1.));
#2068 = DIRECTION('',(0.943374448074,0.3317297857,0.));
#2069 = PCURVE('',#1661,#2070);
#2070 = DEFINITIONAL_REPRESENTATION('',(#2071),#2075);
#2071 = LINE('',#2072,#2073);
#2072 = CARTESIAN_POINT('',(6.621321907777,0.13962634016));
#2073 = VECTOR('',#2074,1.);
#2074 = DIRECTION('',(-1.,-0.));
#2075 = ( GEOMETRIC_REPRESENTATION_CONTEXT(2) 
PARAMETRIC_REPRESENTATION_CONTEXT() REPRESENTATION_CONTEXT('2D SPACE',''
  ) );
#2076 = PCURVE('',#498,#2077);
#2077 = DEFINITIONAL_REPRESENTATION('',(#2078),#2082);
#2078 = LINE('',#2079,#2080);
#2079 = CARTESIAN_POINT('',(-6.621321907777,-3.698710585336));
#2080 = VECTOR('',#2081,1.);
#2081 = DIRECTION('',(1.,-0.));
#2082 = ( GEOMETRIC_REPRESENTATION_CONTEXT(2) 
PARAMETRIC_REPRESENTATION_CONTEXT() REPRESENTATION_CONTEXT('2D SPACE',''
  ) );
#2083 = ADVANCED_FACE('',(#2084),#1993,.T.);
#2084 = FACE_BOUND('',#2085,.T.);
#2085 = EDGE_LOOP('',(#2086,#2245,#2246,#2311,#2340,#2405));
#2086 = ORIENTED_EDGE('',*,*,#2087,.T.);
#2087 = EDGE_CURVE('',#2088,#1924,#2090,.T.);
#2088 = VERTEX_POINT('',#2089);
#2089 = CARTESIAN_POINT('',(6.358287119494,18.099751970648,17.));
#2090 = SURFACE_CURVE('',#2091,(#2130,#2203),.PCURVE_S1.);
#2091 = B_SPLINE_CURVE_WITH_KNOTS('',7,(#2092,#2093,#2094,#2095,#2096,
    #2097,#2098,#2099,#2100,#2101,#2102,#2103,#2104,#2105,#2106,#2107,
    #2108,#2109,#2110,#2111,#2112,#2113,#2114,#2115,#2116,#2117,#2118,
    #2119,#2120,#2121,#2122,#2123,#2124,#2125,#2126,#2127,#2128,#2129),
  .UNSPECIFIED.,.F.,.F.,(8,6,6,6,6,6,8),(0.741795890122,0.823668423302,
    0.878544277659,1.,1.121448595208,1.176320530943,1.258204133755),
  .UNSPECIFIED.);
#2092 = CARTESIAN_POINT('',(6.358287119494,18.099751970648,17.));
#2093 = CARTESIAN_POINT('',(6.382717141379,18.173412852413,17.));
#2094 = CARTESIAN_POINT('',(6.413527827986,18.245107036386,17.));
#2095 = CARTESIAN_POINT('',(6.450538827693,18.314150797699,17.));
#2096 = CARTESIAN_POINT('',(6.493477003886,18.379891719818,17.));
#2097 = CARTESIAN_POINT('',(6.541984944335,18.441714452163,17.));
#2098 = CARTESIAN_POINT('',(6.595623140716,18.499050738792,17.));
#2099 = CARTESIAN_POINT('',(6.692903567608,18.586477104535,17.));
#2100 = CARTESIAN_POINT('',(6.734013124117,18.619320133397,17.));
#2101 = CARTESIAN_POINT('',(6.777038350437,18.649771306224,17.));
#2102 = CARTESIAN_POINT('',(6.821810286382,18.67769408994,17.));
#2103 = CARTESIAN_POINT('',(6.868148131167,18.702967718533,17.));
#2104 = CARTESIAN_POINT('',(6.915860205627,18.72548799466,17.));
#2105 = CARTESIAN_POINT('',(7.07294054413,18.788725688178,17.));
#2106 = CARTESIAN_POINT('',(7.186934630736,18.818392392113,17.));
#2107 = CARTESIAN_POINT('',(7.304477022433,18.833174974172,17.));
#2108 = CARTESIAN_POINT('',(7.423200571487,18.832622682432,17.));
#2109 = CARTESIAN_POINT('',(7.540732102736,18.816722982182,17.));
#2110 = CARTESIAN_POINT('',(7.654696980436,18.785895721835,17.));
#2111 = CARTESIAN_POINT('',(7.87093976793,18.69632502649,17.));
#2112 = CARTESIAN_POINT('',(7.973317579949,18.637542132839,17.));
#2113 = CARTESIAN_POINT('',(8.067663105251,18.56568334211,17.));
#2114 = CARTESIAN_POINT('',(8.152000670283,18.482130617546,17.));
#2115 = CARTESIAN_POINT('',(8.22466131057,18.388570578809,17.));
#2116 = CARTESIAN_POINT('',(8.284290101103,18.286995371261,17.));
#2117 = CARTESIAN_POINT('',(8.350649825647,18.131219724897,17.));
#2118 = CARTESIAN_POINT('',(8.368464313411,18.08156237683,17.));
#2119 = CARTESIAN_POINT('',(8.383360625756,18.030929831228,17.));
#2120 = CARTESIAN_POINT('',(8.395276905641,17.9795312563,17.));
#2121 = CARTESIAN_POINT('',(8.404170698232,17.927579843916,17.));
#2122 = CARTESIAN_POINT('',(8.410019064524,17.875291562878,17.));
#2123 = CARTESIAN_POINT('',(8.416996492308,17.744677681721,17.));
#2124 = CARTESIAN_POINT('',(8.414385787792,17.66619596548,17.));
#2125 = CARTESIAN_POINT('',(8.404973162962,17.58816922987,17.));
#2126 = CARTESIAN_POINT('',(8.388849654959,17.511310367056,17.));
#2127 = CARTESIAN_POINT('',(8.366197702398,17.436307512478,17.));
#2128 = CARTESIAN_POINT('',(8.337285593619,17.363815405783,17.));
#2129 = CARTESIAN_POINT('',(8.302469417314,17.294445295166,17.));
#2130 = PCURVE('',#1993,#2131);
#2131 = DEFINITIONAL_REPRESENTATION('',(#2132),#2202);
#2132 = B_SPLINE_CURVE_WITH_KNOTS('',3,(#2133,#2134,#2135,#2136,#2137,
    #2138,#2139,#2140,#2141,#2142,#2143,#2144,#2145,#2146,#2147,#2148,
    #2149,#2150,#2151,#2152,#2153,#2154,#2155,#2156,#2157,#2158,#2159,
    #2160,#2161,#2162,#2163,#2164,#2165,#2166,#2167,#2168,#2169,#2170,
    #2171,#2172,#2173,#2174,#2175,#2176,#2177,#2178,#2179,#2180,#2181,
    #2182,#2183,#2184,#2185,#2186,#2187,#2188,#2189,#2190,#2191,#2192,
    #2193,#2194,#2195,#2196,#2197,#2198,#2199,#2200,#2201),
  .UNSPECIFIED.,.F.,.F.,(4,1,1,1,1,1,1,1,1,1,1,1,1,1,1,1,1,1,1,1,1,1,1,1
    ,1,1,1,1,1,1,1,1,1,1,1,1,1,1,1,1,1,1,1,1,1,1,1,1,1,1,1,1,1,1,1,1,1,1
    ,1,1,1,1,1,1,1,1,4),(0.741795890122,0.74962025745,0.757444624778,
    0.765268992106,0.773093359433,0.780917726761,0.788742094089,
    0.796566461417,0.804390828744,0.812215196072,0.8200395634,
    0.827863930728,0.835688298055,0.843512665383,0.851337032711,
    0.859161400039,0.866985767366,0.874810134694,0.882634502022,
    0.89045886935,0.898283236678,0.906107604005,0.913931971333,
    0.921756338661,0.929580705989,0.937405073316,0.945229440644,
    0.953053807972,0.9608781753,0.968702542627,0.976526909955,
    0.984351277283,0.992175644611,1.000000011938,1.007824379266,
    1.015648746594,1.023473113922,1.03129748125,1.039121848577,
    1.046946215905,1.054770583233,1.062594950561,1.070419317888,
    1.078243685216,1.086068052544,1.093892419872,1.101716787199,
    1.109541154527,1.117365521855,1.125189889183,1.13301425651,
    1.140838623838,1.148662991166,1.156487358494,1.164311725821,
    1.172136093149,1.179960460477,1.187784827805,1.195609195133,
    1.20343356246,1.211257929788,1.219082297116,1.226906664444,
    1.234731031771,1.242555399099,1.250379766427,1.258204133755),
  .QUASI_UNIFORM_KNOTS.);
#2133 = CARTESIAN_POINT('',(7.882376400371,1.0318327639));
#2134 = CARTESIAN_POINT('',(7.866111179149,1.029311100647));
#2135 = CARTESIAN_POINT('',(7.833599900695,1.024262236658));
#2136 = CARTESIAN_POINT('',(7.784886972822,1.016690572896));
#2137 = CARTESIAN_POINT('',(7.736224774471,1.009138842031));
#2138 = CARTESIAN_POINT('',(7.68760919878,1.001625148722));
#2139 = CARTESIAN_POINT('',(7.639035855156,0.994167452767));
#2140 = CARTESIAN_POINT('',(7.590500170013,0.986783538481));
#2141 = CARTESIAN_POINT('',(7.54199760645,0.979491005414));
#2142 = CARTESIAN_POINT('',(7.493523835337,0.972307249751));
#2143 = CARTESIAN_POINT('',(7.445074989818,0.965249456045));
#2144 = CARTESIAN_POINT('',(7.396647683907,0.958334554034));
#2145 = CARTESIAN_POINT('',(7.34823997835,0.95157930635));
#2146 = CARTESIAN_POINT('',(7.299845714699,0.944999475521));
#2147 = CARTESIAN_POINT('',(7.251462334976,0.938610883601));
#2148 = CARTESIAN_POINT('',(7.203086687271,0.932428801319));
#2149 = CARTESIAN_POINT('',(7.154715816594,0.926468004413));
#2150 = CARTESIAN_POINT('',(7.10634705288,0.920742743528));
#2151 = CARTESIAN_POINT('',(7.057978018869,0.9152667207));
#2152 = CARTESIAN_POINT('',(7.00960763409,0.910053161132));
#2153 = CARTESIAN_POINT('',(6.961226030003,0.90511375784));
#2154 = CARTESIAN_POINT('',(6.912836950529,0.900460999335));
#2155 = CARTESIAN_POINT('',(6.864441088319,0.896106267805));
#2156 = CARTESIAN_POINT('',(6.816039010585,0.892060170525));
#2157 = CARTESIAN_POINT('',(6.767630645494,0.888332473036));
#2158 = CARTESIAN_POINT('',(6.719215661895,0.884932133771));
#2159 = CARTESIAN_POINT('',(6.670793587479,0.881867305558));
#2160 = CARTESIAN_POINT('',(6.622363979924,0.879145339522));
#2161 = CARTESIAN_POINT('',(6.573926574989,0.876772781504));
#2162 = CARTESIAN_POINT('',(6.525481428129,0.874755363339));
#2163 = CARTESIAN_POINT('',(6.477029086507,0.873097988139));
#2164 = CARTESIAN_POINT('',(6.428570654872,0.871804709649));
#2165 = CARTESIAN_POINT('',(6.380108292812,0.870878705593));
#2166 = CARTESIAN_POINT('',(6.33164415905,0.870322244779));
#2167 = CARTESIAN_POINT('',(6.28318523297,0.870136648905));
#2168 = CARTESIAN_POINT('',(6.234726308535,0.87032224591));
#2169 = CARTESIAN_POINT('',(6.186262178567,0.870878707791));
#2170 = CARTESIAN_POINT('',(6.137799821495,0.871804712823));
#2171 = CARTESIAN_POINT('',(6.089341395374,0.873097992188));
#2172 = CARTESIAN_POINT('',(6.040889059306,0.874755368168));
#2173 = CARTESIAN_POINT('',(5.992443917709,0.876772787032));
#2174 = CARTESIAN_POINT('',(5.944006517539,0.879145345683));
#2175 = CARTESIAN_POINT('',(5.895576914151,0.881867312305));
#2176 = CARTESIAN_POINT('',(5.847154843306,0.884932141069));
#2177 = CARTESIAN_POINT('',(5.798739862791,0.888332480854));
#2178 = CARTESIAN_POINT('',(5.750331500538,0.892060178824));
#2179 = CARTESIAN_POINT('',(5.701929425746,0.896106276521));
#2180 = CARTESIAN_POINT('',(5.653533567257,0.900461008336));
#2181 = CARTESIAN_POINT('',(5.605144492695,0.905113766943));
#2182 = CARTESIAN_POINT('',(5.556762897313,0.910053169857));
#2183 = CARTESIAN_POINT('',(5.508392521037,0.915266728946));
#2184 = CARTESIAN_POINT('',(5.460023490231,0.920742751784));
#2185 = CARTESIAN_POINT('',(5.41165473151,0.926468012423));
#2186 = CARTESIAN_POINT('',(5.363283865282,0.932428809088));
#2187 = CARTESIAN_POINT('',(5.314908222006,0.938610891071));
#2188 = CARTESIAN_POINT('',(5.266524846414,0.944999482667));
#2189 = CARTESIAN_POINT('',(5.218130587903,0.951579312975));
#2190 = CARTESIAN_POINT('',(5.169722885503,0.95833456039));
#2191 = CARTESIAN_POINT('',(5.121295582234,0.965249462152));
#2192 = CARTESIAN_POINT('',(5.072846741587,0.972307255257));
#2193 = CARTESIAN_POINT('',(5.024372975624,0.979491010238));
#2194 = CARTESIAN_POINT('',(4.975870417175,0.986783542596));
#2195 = CARTESIAN_POINT('',(4.927334736697,0.994167456211));
#2196 = CARTESIAN_POINT('',(4.878761397216,1.001625151553));
#2197 = CARTESIAN_POINT('',(4.830145825283,1.009138844294));
#2198 = CARTESIAN_POINT('',(4.781483630697,1.01669057458));
#2199 = CARTESIAN_POINT('',(4.732770707211,1.024262237661));
#2200 = CARTESIAN_POINT('',(4.700259432777,1.029311101025));
#2201 = CARTESIAN_POINT('',(4.683994213989,1.0318327639));
#2202 = ( GEOMETRIC_REPRESENTATION_CONTEXT(2) 
PARAMETRIC_REPRESENTATION_CONTEXT() REPRESENTATION_CONTEXT('2D SPACE',''
  ) );
#2203 = PCURVE('',#944,#2204);
#2204 = DEFINITIONAL_REPRESENTATION('',(#2205),#2244);
#2205 = B_SPLINE_CURVE_WITH_KNOTS('',7,(#2206,#2207,#2208,#2209,#2210,
    #2211,#2212,#2213,#2214,#2215,#2216,#2217,#2218,#2219,#2220,#2221,
    #2222,#2223,#2224,#2225,#2226,#2227,#2228,#2229,#2230,#2231,#2232,
    #2233,#2234,#2235,#2236,#2237,#2238,#2239,#2240,#2241,#2242,#2243),
  .UNSPECIFIED.,.F.,.F.,(8,6,6,6,6,6,8),(0.741795890122,0.823668423302,
    0.878544277659,1.,1.121448595208,1.176320530943,1.258204133755),
  .UNSPECIFIED.);
#2206 = CARTESIAN_POINT('',(38.947816122446,59.155201528064));
#2207 = CARTESIAN_POINT('',(38.94219772058,59.232604273701));
#2208 = CARTESIAN_POINT('',(38.943226906916,59.310631802177));
#2209 = CARTESIAN_POINT('',(38.950998708459,59.388583416505));
#2210 = CARTESIAN_POINT('',(38.965510448884,59.465751837545));
#2211 = CARTESIAN_POINT('',(38.986667406818,59.54143177975));
#2212 = CARTESIAN_POINT('',(39.014280991649,59.614930050534));
#2213 = CARTESIAN_POINT('',(39.070699765246,59.73292908811));
#2214 = CARTESIAN_POINT('',(39.096111560082,59.77900403645));
#2215 = CARTESIAN_POINT('',(39.124208526723,59.823602293052));
#2216 = CARTESIAN_POINT('',(39.15488681526,59.866533059538));
#2217 = CARTESIAN_POINT('',(39.188025602699,59.907615573199));
#2218 = CARTESIAN_POINT('',(39.22348767518,59.946680215798));
#2219 = CARTESIAN_POINT('',(39.344410967272,60.065216269619));
#2220 = CARTESIAN_POINT('',(39.438374814627,60.136248378513));
#2221 = CARTESIAN_POINT('',(39.541312775277,60.194887229418));
#2222 = CARTESIAN_POINT('',(39.651210385173,60.239810513638));
#2223 = CARTESIAN_POINT('',(39.765879913184,60.270098475794));
#2224 = CARTESIAN_POINT('',(39.882966812916,60.285230271483));
#2225 = CARTESIAN_POINT('',(40.117026319469,60.285230271483));
#2226 = CARTESIAN_POINT('',(40.234106324084,60.270100251679));
#2227 = CARTESIAN_POINT('',(40.348769392576,60.239815855143));
#2228 = CARTESIAN_POINT('',(40.45866138615,60.194897791897));
#2229 = CARTESIAN_POINT('',(40.561594941286,60.13626561027));
#2230 = CARTESIAN_POINT('',(40.655555909477,60.065241305235));
#2231 = CARTESIAN_POINT('',(40.776477059795,59.946718141055));
#2232 = CARTESIAN_POINT('',(40.811938544823,59.90765804286));
#2233 = CARTESIAN_POINT('',(40.845077179249,59.866580242237));
#2234 = CARTESIAN_POINT('',(40.87575576941,59.823654313749));
#2235 = CARTESIAN_POINT('',(40.903853507158,59.779060974238));
#2236 = CARTESIAN_POINT('',(40.929266551935,59.732990974483));
#2237 = CARTESIAN_POINT('',(40.985696623009,59.614989629033));
#2238 = CARTESIAN_POINT('',(41.013318299091,59.541482904356));
#2239 = CARTESIAN_POINT('',(41.034481706662,59.465793544761));
#2240 = CARTESIAN_POINT('',(41.048998141055,59.388615015131));
#2241 = CARTESIAN_POINT('',(41.05677281554,59.31065288595));
#2242 = CARTESIAN_POINT('',(41.057803038207,59.232614727281));
#2243 = CARTESIAN_POINT('',(41.052183877553,59.155201528064));
#2244 = ( GEOMETRIC_REPRESENTATION_CONTEXT(2) 
PARAMETRIC_REPRESENTATION_CONTEXT() REPRESENTATION_CONTEXT('2D SPACE',''
  ) );
#2245 = ORIENTED_EDGE('',*,*,#1923,.T.);
#2246 = ORIENTED_EDGE('',*,*,#2247,.F.);
#2247 = EDGE_CURVE('',#2248,#1926,#2250,.T.);
#2248 = VERTEX_POINT('',#2249);
#2249 = CARTESIAN_POINT('',(8.240913619171,17.801620499833,
    16.087414712335));
#2250 = SURFACE_CURVE('',#2251,(#2269,#2290),.PCURVE_S1.);
#2251 = B_SPLINE_CURVE_WITH_KNOTS('',6,(#2252,#2253,#2254,#2255,#2256,
    #2257,#2258,#2259,#2260,#2261,#2262,#2263,#2264,#2265,#2266,#2267,
    #2268),.UNSPECIFIED.,.F.,.F.,(7,5,5,7),(0.,0.493872364423,
    0.948341652732,1.),.UNSPECIFIED.);
#2252 = CARTESIAN_POINT('',(8.240913619171,17.801620499833,
    16.087414712335));
#2253 = CARTESIAN_POINT('',(8.275823252452,17.778878846261,
    16.129907982221));
#2254 = CARTESIAN_POINT('',(8.307259927644,17.757244446732,
    16.174892809534));
#2255 = CARTESIAN_POINT('',(8.335094443054,17.736879740429,
    16.221949280885));
#2256 = CARTESIAN_POINT('',(8.359310586369,17.717887972939,
    16.270687346253));
#2257 = CARTESIAN_POINT('',(8.379940828454,17.700331908328,
    16.320784017637));
#2258 = CARTESIAN_POINT('',(8.412750099182,17.669455294667,
    16.419111531155));
#2259 = CARTESIAN_POINT('',(8.425467508717,17.655912837277,
    16.467158832587));
#2260 = CARTESIAN_POINT('',(8.435210517022,17.643659240913,
    16.515924669477));
#2261 = CARTESIAN_POINT('',(8.442009157062,17.632722426794,
    16.565217559063));
#2262 = CARTESIAN_POINT('',(8.445890435318,17.623124904849,
    16.614861302374));
#2263 = CARTESIAN_POINT('',(8.446982482571,17.613951298835,
    16.670357955093));
#2264 = CARTESIAN_POINT('',(8.44705646483,17.613032567671,16.67602466721
    ));
#2265 = CARTESIAN_POINT('',(8.447092993784,17.612131448813,
    16.681693532674));
#2266 = CARTESIAN_POINT('',(8.447092093244,17.611247973821,
    16.687364305316));
#2267 = CARTESIAN_POINT('',(8.447053785669,17.610382174246,
    16.693036738542));
#2268 = CARTESIAN_POINT('',(8.446978092159,17.609534081622,
    16.698710585336));
#2269 = PCURVE('',#1993,#2270);
#2270 = DEFINITIONAL_REPRESENTATION('',(#2271),#2289);
#2271 = B_SPLINE_CURVE_WITH_KNOTS('',6,(#2272,#2273,#2274,#2275,#2276,
    #2277,#2278,#2279,#2280,#2281,#2282,#2283,#2284,#2285,#2286,#2287,
    #2288),.UNSPECIFIED.,.F.,.F.,(7,5,5,7),(0.,0.493872364423,
    0.948341652732,1.),.UNSPECIFIED.);
#2272 = CARTESIAN_POINT('',(5.052795423858,0.));
#2273 = CARTESIAN_POINT('',(5.034864694683,5.752609456465E-02));
#2274 = CARTESIAN_POINT('',(5.020335149972,0.11489635074));
#2275 = CARTESIAN_POINT('',(5.008338251646,0.171917291573));
#2276 = CARTESIAN_POINT('',(4.998393776607,0.228534481467));
#2277 = CARTESIAN_POINT('',(4.990158893419,0.284754015954));
#2278 = CARTESIAN_POINT('',(4.977189597277,0.392087131634));
#2279 = CARTESIAN_POINT('',(4.972229806608,0.443235339948));
#2280 = CARTESIAN_POINT('',(4.968346346403,0.494138548117));
#2281 = CARTESIAN_POINT('',(4.965436991748,0.544847500895));
#2282 = CARTESIAN_POINT('',(4.963437032776,0.595419422515));
#2283 = CARTESIAN_POINT('',(4.962192560975,0.651663197025));
#2284 = CARTESIAN_POINT('',(4.96207692878,0.657402842657));
#2285 = CARTESIAN_POINT('',(4.961972674149,0.663141652532));
#2286 = CARTESIAN_POINT('',(4.961879771439,0.668879717182));
#2287 = CARTESIAN_POINT('',(4.961798177682,0.67461713042));
#2288 = CARTESIAN_POINT('',(4.961727832578,0.680353989335));
#2289 = ( GEOMETRIC_REPRESENTATION_CONTEXT(2) 
PARAMETRIC_REPRESENTATION_CONTEXT() REPRESENTATION_CONTEXT('2D SPACE',''
  ) );
#2290 = PCURVE('',#498,#2291);
#2291 = DEFINITIONAL_REPRESENTATION('',(#2292),#2310);
#2292 = B_SPLINE_CURVE_WITH_KNOTS('',6,(#2293,#2294,#2295,#2296,#2297,
    #2298,#2299,#2300,#2301,#2302,#2303,#2304,#2305,#2306,#2307,#2308,
    #2309),.UNSPECIFIED.,.F.,.F.,(7,5,5,7),(0.,0.493872364423,
    0.948341652732,1.),.UNSPECIFIED.);
#2293 = CARTESIAN_POINT('',(-1.137241551302,-3.087414712335));
#2294 = CARTESIAN_POINT('',(-1.135139580691,-3.129907982221));
#2295 = CARTESIAN_POINT('',(-1.133220448458,-3.174892809534));
#2296 = CARTESIAN_POINT('',(-1.13149367468,-3.221949280885));
#2297 = CARTESIAN_POINT('',(-1.129962424623,-3.270687346253));
#2298 = CARTESIAN_POINT('',(-1.128626813447,-3.320784017637));
#2299 = CARTESIAN_POINT('',(-1.126436350652,-3.419111531155));
#2300 = CARTESIAN_POINT('',(-1.125551948278,-3.467158832587));
#2301 = CARTESIAN_POINT('',(-1.124832401296,-3.515924669477));
#2302 = CARTESIAN_POINT('',(-1.124277184936,-3.565217559063));
#2303 = CARTESIAN_POINT('',(-1.123885808324,-3.614861302374));
#2304 = CARTESIAN_POINT('',(-1.123632359777,-3.670357955093));
#2305 = CARTESIAN_POINT('',(-1.123608607803,-3.67602466721));
#2306 = CARTESIAN_POINT('',(-1.12358697222,-3.681693532674));
#2307 = CARTESIAN_POINT('',(-1.123567453014,-3.687364305316));
#2308 = CARTESIAN_POINT('',(-1.123550050235,-3.693036738542));
#2309 = CARTESIAN_POINT('',(-1.123534763995,-3.698710585336));
#2310 = ( GEOMETRIC_REPRESENTATION_CONTEXT(2) 
PARAMETRIC_REPRESENTATION_CONTEXT() REPRESENTATION_CONTEXT('2D SPACE',''
  ) );
#2311 = ORIENTED_EDGE('',*,*,#2312,.F.);
#2312 = EDGE_CURVE('',#2313,#2248,#2315,.T.);
#2313 = VERTEX_POINT('',#2314);
#2314 = CARTESIAN_POINT('',(6.760440668253,18.414852474829,
    16.087414712335));
#2315 = SURFACE_CURVE('',#2316,(#2321,#2328),.PCURVE_S1.);
#2316 = CIRCLE('',#2317,0.85);
#2317 = AXIS2_PLACEMENT_3D('',#2318,#2319,#2320);
#2318 = CARTESIAN_POINT('',(7.393132428853,17.848600578157,
    16.047918819083));
#2319 = DIRECTION('',(5.325923996829E-02,0.128579179453,-0.990268068742)
  );
#2320 = DIRECTION('',(-0.744343247765,0.666178701968,4.646575676742E-02)
  );
#2321 = PCURVE('',#1993,#2322);
#2322 = DEFINITIONAL_REPRESENTATION('',(#2323),#2327);
#2323 = LINE('',#2324,#2325);
#2324 = CARTESIAN_POINT('',(7.513575190501,0.));
#2325 = VECTOR('',#2326,1.);
#2326 = DIRECTION('',(-1.,-0.));
#2327 = ( GEOMETRIC_REPRESENTATION_CONTEXT(2) 
PARAMETRIC_REPRESENTATION_CONTEXT() REPRESENTATION_CONTEXT('2D SPACE',''
  ) );
#2328 = PCURVE('',#2329,#2334);
#2329 = TOROIDAL_SURFACE('',#2330,1.,0.2);
#2330 = AXIS2_PLACEMENT_3D('',#2331,#2332,#2333);
#2331 = CARTESIAN_POINT('',(7.400177964051,17.865610004788,
    15.916918667024));
#2332 = DIRECTION('',(5.325923996829E-02,0.128579179453,-0.990268068742)
  );
#2333 = DIRECTION('',(0.378959183508,0.91488840041,0.13917310096));
#2334 = DEFINITIONAL_REPRESENTATION('',(#2335),#2339);
#2335 = LINE('',#2336,#2337);
#2336 = CARTESIAN_POINT('',(-7.513575190501,3.864326901403));
#2337 = VECTOR('',#2338,1.);
#2338 = DIRECTION('',(1.,-0.));
#2339 = ( GEOMETRIC_REPRESENTATION_CONTEXT(2) 
PARAMETRIC_REPRESENTATION_CONTEXT() REPRESENTATION_CONTEXT('2D SPACE',''
  ) );
#2340 = ORIENTED_EDGE('',*,*,#2341,.T.);
#2341 = EDGE_CURVE('',#2313,#2342,#2344,.T.);
#2342 = VERTEX_POINT('',#2343);
#2343 = CARTESIAN_POINT('',(6.478905473151,18.424736452151,
    16.698710585336));
#2344 = SURFACE_CURVE('',#2345,(#2363,#2384),.PCURVE_S1.);
#2345 = B_SPLINE_CURVE_WITH_KNOTS('',6,(#2346,#2347,#2348,#2349,#2350,
    #2351,#2352,#2353,#2354,#2355,#2356,#2357,#2358,#2359,#2360,#2361,
    #2362),.UNSPECIFIED.,.F.,.F.,(7,5,5,7),(0.,0.493872364423,
    0.948341652732,1.),.UNSPECIFIED.);
#2346 = CARTESIAN_POINT('',(6.760440668253,18.414852474829,
    16.087414712335));
#2347 = CARTESIAN_POINT('',(6.719675052375,18.423456535795,
    16.129907982221));
#2348 = CARTESIAN_POINT('',(6.682148135556,18.430387791388,
    16.174892809534));
#2349 = CARTESIAN_POINT('',(6.648066139034,18.435669744061,
    16.221949280885));
#2350 = CARTESIAN_POINT('',(6.617513532303,18.439363935634,
    16.270687346253));
#2351 = CARTESIAN_POINT('',(6.590511735889,18.441537707373,
    16.320784017637));
#2352 = CARTESIAN_POINT('',(6.545479015172,18.442904302292,
    16.419111531155));
#2353 = CARTESIAN_POINT('',(6.526910485197,18.442320905358,
    16.467158832587));
#2354 = CARTESIAN_POINT('',(6.511356536872,18.440545651517,
    16.515924669477));
#2355 = CARTESIAN_POINT('',(6.498815676969,18.437619520564,
    16.565217559063));
#2356 = CARTESIAN_POINT('',(6.489284725944,18.433577525888,
    16.614861302374));
#2357 = CARTESIAN_POINT('',(6.482025812906,18.427863000886,
    16.670357955093));
#2358 = CARTESIAN_POINT('',(6.481323858513,18.427265673207,
    16.67602466721));
#2359 = CARTESIAN_POINT('',(6.480660841387,18.426654315822,
    16.681693532674));
#2360 = CARTESIAN_POINT('',(6.480036767007,18.426028967887,
    16.687364305316));
#2361 = CARTESIAN_POINT('',(6.479451641802,18.42538966759,
    16.693036738542));
#2362 = CARTESIAN_POINT('',(6.478905473151,18.424736452151,
    16.698710585336));
#2363 = PCURVE('',#1993,#2364);
#2364 = DEFINITIONAL_REPRESENTATION('',(#2365),#2383);
#2365 = B_SPLINE_CURVE_WITH_KNOTS('',6,(#2366,#2367,#2368,#2369,#2370,
    #2371,#2372,#2373,#2374,#2375,#2376,#2377,#2378,#2379,#2380,#2381,
    #2382),.UNSPECIFIED.,.F.,.F.,(7,5,5,7),(0.,0.493872364423,
    0.948341652732,1.),.UNSPECIFIED.);
#2366 = CARTESIAN_POINT('',(7.513575190501,0.));
#2367 = CARTESIAN_POINT('',(7.531505919677,5.752609456464E-02));
#2368 = CARTESIAN_POINT('',(7.546035464387,0.11489635074));
#2369 = CARTESIAN_POINT('',(7.558032362714,0.171917291573));
#2370 = CARTESIAN_POINT('',(7.567976837752,0.228534481467));
#2371 = CARTESIAN_POINT('',(7.57621172094,0.284754015954));
#2372 = CARTESIAN_POINT('',(7.589181017082,0.392087131634));
#2373 = CARTESIAN_POINT('',(7.594140807751,0.443235339948));
#2374 = CARTESIAN_POINT('',(7.598024267956,0.494138548117));
#2375 = CARTESIAN_POINT('',(7.600933622611,0.544847500896));
#2376 = CARTESIAN_POINT('',(7.602933581583,0.595419422515));
#2377 = CARTESIAN_POINT('',(7.604178053384,0.651663197025));
#2378 = CARTESIAN_POINT('',(7.604293685579,0.657402842657));
#2379 = CARTESIAN_POINT('',(7.604397940211,0.663141652532));
#2380 = CARTESIAN_POINT('',(7.60449084292,0.668879717182));
#2381 = CARTESIAN_POINT('',(7.604572436677,0.67461713042));
#2382 = CARTESIAN_POINT('',(7.604642781781,0.680353989335));
#2383 = ( GEOMETRIC_REPRESENTATION_CONTEXT(2) 
PARAMETRIC_REPRESENTATION_CONTEXT() REPRESENTATION_CONTEXT('2D SPACE',''
  ) );
#2384 = PCURVE('',#441,#2385);
#2385 = DEFINITIONAL_REPRESENTATION('',(#2386),#2404);
#2386 = B_SPLINE_CURVE_WITH_KNOTS('',6,(#2387,#2388,#2389,#2390,#2391,
    #2392,#2393,#2394,#2395,#2396,#2397,#2398,#2399,#2400,#2401,#2402,
    #2403),.UNSPECIFIED.,.F.,.F.,(7,5,5,7),(0.,0.493872364423,
    0.948341652732,1.),.UNSPECIFIED.);
#2387 = CARTESIAN_POINT('',(-1.21895293889,-3.087414712335));
#2388 = CARTESIAN_POINT('',(-1.221054909502,-3.129907982221));
#2389 = CARTESIAN_POINT('',(-1.222974041735,-3.174892809534));
#2390 = CARTESIAN_POINT('',(-1.224700815512,-3.221949280885));
#2391 = CARTESIAN_POINT('',(-1.226232065569,-3.270687346253));
#2392 = CARTESIAN_POINT('',(-1.227567676746,-3.320784017637));
#2393 = CARTESIAN_POINT('',(-1.22975813954,-3.419111531155));
#2394 = CARTESIAN_POINT('',(-1.230642541914,-3.467158832587));
#2395 = CARTESIAN_POINT('',(-1.231362088896,-3.515924669477));
#2396 = CARTESIAN_POINT('',(-1.231917305257,-3.565217559063));
#2397 = CARTESIAN_POINT('',(-1.232308681868,-3.614861302374));
#2398 = CARTESIAN_POINT('',(-1.232562130416,-3.670357955093));
#2399 = CARTESIAN_POINT('',(-1.23258588239,-3.67602466721));
#2400 = CARTESIAN_POINT('',(-1.232607517973,-3.681693532674));
#2401 = CARTESIAN_POINT('',(-1.232627037179,-3.687364305316));
#2402 = CARTESIAN_POINT('',(-1.232644439958,-3.693036738542));
#2403 = CARTESIAN_POINT('',(-1.232659726198,-3.698710585336));
#2404 = ( GEOMETRIC_REPRESENTATION_CONTEXT(2) 
PARAMETRIC_REPRESENTATION_CONTEXT() REPRESENTATION_CONTEXT('2D SPACE',''
  ) );
#2405 = ORIENTED_EDGE('',*,*,#2406,.T.);
#2406 = EDGE_CURVE('',#2342,#2088,#2407,.T.);
#2407 = SURFACE_CURVE('',#2408,(#2438,#2471),.PCURVE_S1.);
#2408 = B_SPLINE_CURVE_WITH_KNOTS('',4,(#2409,#2410,#2411,#2412,#2413,
    #2414,#2415,#2416,#2417,#2418,#2419,#2420,#2421,#2422,#2423,#2424,
    #2425,#2426,#2427,#2428,#2429,#2430,#2431,#2432,#2433,#2434,#2435,
    #2436,#2437),.UNSPECIFIED.,.F.,.F.,(5,3,3,3,3,3,3,3,3,5),(0.,
    1.956122245572E-02,0.142812234838,0.265461730034,0.387997675934,
    0.51040721157,0.633102272199,0.75531464439,0.877480702827,1.),
  .UNSPECIFIED.);
#2409 = CARTESIAN_POINT('',(6.478905473151,18.424736452151,
    16.698710585336));
#2410 = CARTESIAN_POINT('',(6.478672637279,18.424457981392,
    16.701129389768));
#2411 = CARTESIAN_POINT('',(6.478433513429,18.424157859934,
    16.703545048286));
#2412 = CARTESIAN_POINT('',(6.478188129833,18.423836123133,
    16.705957251956));
#2413 = CARTESIAN_POINT('',(6.476351155029,18.421329702816,
    16.723540747094));
#2414 = CARTESIAN_POINT('',(6.474518469104,18.418310194252,
    16.738566416133));
#2415 = CARTESIAN_POINT('',(6.472445934913,18.414445223637,
    16.753365380765));
#2416 = CARTESIAN_POINT('',(6.467852243006,18.40509461851,
    16.782290426421));
#2417 = CARTESIAN_POINT('',(6.465333323434,18.39961697473,
    16.796419501906));
#2418 = CARTESIAN_POINT('',(6.462596483667,18.393348916721,
    16.810177208822));
#2419 = CARTESIAN_POINT('',(6.456713986463,18.37930960374,
    16.836800523861));
#2420 = CARTESIAN_POINT('',(6.453568709083,18.371539724311,
    16.849667018037));
#2421 = CARTESIAN_POINT('',(6.450230160904,18.36305187625,
    16.862026154986));
#2422 = CARTESIAN_POINT('',(6.44319911722,18.34474382769,16.885594584892
    ));
#2423 = CARTESIAN_POINT('',(6.439506987268,18.334924968872,
    16.896805129853));
#2424 = CARTESIAN_POINT('',(6.435650883475,18.324483537262,
    16.907386770555));
#2425 = CARTESIAN_POINT('',(6.427634887406,18.302444578431,
    16.927210935439));
#2426 = CARTESIAN_POINT('',(6.423474300336,18.290844341914,
    16.93645035565));
#2427 = CARTESIAN_POINT('',(6.419182672855,18.278734023584,
    16.944953004102));
#2428 = CARTESIAN_POINT('',(6.410392776093,18.253675453413,
    16.960372004981));
#2429 = CARTESIAN_POINT('',(6.40589537514,18.240730592561,
    16.967294526482));
#2430 = CARTESIAN_POINT('',(6.401305704383,18.227411154209,
    16.973404604951));
#2431 = CARTESIAN_POINT('',(6.391985101701,18.200171542986,
    16.983942266054));
#2432 = CARTESIAN_POINT('',(6.387254210392,18.186251496422,
    16.988370519172));
#2433 = CARTESIAN_POINT('',(6.382472585386,18.17210018788,
    16.991931469845));
#2434 = CARTESIAN_POINT('',(6.372838672711,18.143443096198,
    16.997298506708));
#2435 = CARTESIAN_POINT('',(6.367986204826,18.128936306708,
    16.999099498284));
#2436 = CARTESIAN_POINT('',(6.363127737902,18.114347299442,17.));
#2437 = CARTESIAN_POINT('',(6.358287119599,18.099751970612,17.));
#2438 = PCURVE('',#1993,#2439);
#2439 = DEFINITIONAL_REPRESENTATION('',(#2440),#2470);
#2440 = B_SPLINE_CURVE_WITH_KNOTS('',4,(#2441,#2442,#2443,#2444,#2445,
    #2446,#2447,#2448,#2449,#2450,#2451,#2452,#2453,#2454,#2455,#2456,
    #2457,#2458,#2459,#2460,#2461,#2462,#2463,#2464,#2465,#2466,#2467,
    #2468,#2469),.UNSPECIFIED.,.F.,.F.,(5,3,3,3,3,3,3,3,3,5),(0.,
    1.956122245572E-02,0.142812234838,0.265461730034,0.387997675934,
    0.51040721157,0.633102272199,0.75531464439,0.877480702827,1.),
  .UNSPECIFIED.);
#2441 = CARTESIAN_POINT('',(7.604642825814,0.680353994971));
#2442 = CARTESIAN_POINT('',(7.604672814463,0.682799661953));
#2443 = CARTESIAN_POINT('',(7.604722167103,0.685244994609));
#2444 = CARTESIAN_POINT('',(7.60479093313,0.687689718804));
#2445 = CARTESIAN_POINT('',(7.605434233668,0.705531682348));
#2446 = CARTESIAN_POINT('',(7.606758046655,0.720894792338));
#2447 = CARTESIAN_POINT('',(7.60884699141,0.736154577541));
#2448 = CARTESIAN_POINT('',(7.614527793834,0.766257308263));
#2449 = CARTESIAN_POINT('',(7.61811220281,0.781101913983));
#2450 = CARTESIAN_POINT('',(7.622441055113,0.795709229237));
#2451 = CARTESIAN_POINT('',(7.632559717167,0.824300735134));
#2452 = CARTESIAN_POINT('',(7.638348064174,0.838285515367));
#2453 = CARTESIAN_POINT('',(7.644856253171,0.85189836889));
#2454 = CARTESIAN_POINT('',(7.659265153851,0.878232247324));
#2455 = CARTESIAN_POINT('',(7.66716429942,0.890954251181));
#2456 = CARTESIAN_POINT('',(7.67574205182,0.903170998076));
#2457 = CARTESIAN_POINT('',(7.694212421064,0.926491815077));
#2458 = CARTESIAN_POINT('',(7.704107957893,0.937593345773));
#2459 = CARTESIAN_POINT('',(7.714620822614,0.948057178862));
#2460 = CARTESIAN_POINT('',(7.7367420837,0.967552526967));
#2461 = CARTESIAN_POINT('',(7.748345976162,0.976589666063));
#2462 = CARTESIAN_POINT('',(7.76046751617,0.984876877766));
#2463 = CARTESIAN_POINT('',(7.785613316847,0.999851903223));
#2464 = CARTESIAN_POINT('',(7.798637304492,1.006540470706));
#2465 = CARTESIAN_POINT('',(7.812050669835,1.012383244313));
#2466 = CARTESIAN_POINT('',(7.839538316412,1.022324155938));
#2467 = CARTESIAN_POINT('',(7.853614575503,1.026417320499));
#2468 = CARTESIAN_POINT('',(7.867923751028,1.029592108419));
#2469 = CARTESIAN_POINT('',(7.882376400971,1.031832760014));
#2470 = ( GEOMETRIC_REPRESENTATION_CONTEXT(2) 
PARAMETRIC_REPRESENTATION_CONTEXT() REPRESENTATION_CONTEXT('2D SPACE',''
  ) );
#2471 = PCURVE('',#2472,#2477);
#2472 = TOROIDAL_SURFACE('',#2473,19.184077681581,0.35);
#2473 = AXIS2_PLACEMENT_3D('',#2474,#2475,#2476);
#2474 = CARTESIAN_POINT('',(0.,0.,16.65));
#2475 = DIRECTION('',(0.,0.,1.));
#2476 = DIRECTION('',(1.,0.,-0.));
#2477 = DEFINITIONAL_REPRESENTATION('',(#2478),#2508);
#2478 = B_SPLINE_CURVE_WITH_KNOTS('',4,(#2479,#2480,#2481,#2482,#2483,
    #2484,#2485,#2486,#2487,#2488,#2489,#2490,#2491,#2492,#2493,#2494,
    #2495,#2496,#2497,#2498,#2499,#2500,#2501,#2502,#2503,#2504,#2505,
    #2506,#2507),.UNSPECIFIED.,.F.,.F.,(5,3,3,3,3,3,3,3,3,5),(0.,
    1.956122245572E-02,0.142812234838,0.265461730034,0.387997675934,
    0.51040721157,0.633102272199,0.75531464439,0.877480702827,1.),
  .UNSPECIFIED.);
#2479 = CARTESIAN_POINT('',(1.232659726198,0.13962634016));
#2480 = CARTESIAN_POINT('',(1.232666242838,0.146605127039));
#2481 = CARTESIAN_POINT('',(1.232672695766,0.153583963684));
#2482 = CARTESIAN_POINT('',(1.232679084256,0.160562865484));
#2483 = CARTESIAN_POINT('',(1.232725249908,0.211514870038));
#2484 = CARTESIAN_POINT('',(1.232762507466,0.255490954249));
#2485 = CARTESIAN_POINT('',(1.232797013799,0.299473534211));
#2486 = CARTESIAN_POINT('',(1.232860223205,0.387242837591));
#2487 = CARTESIAN_POINT('',(1.232888953632,0.431029446119));
#2488 = CARTESIAN_POINT('',(1.232914815321,0.474828198427));
#2489 = CARTESIAN_POINT('',(1.232960810949,0.562412723925));
#2490 = CARTESIAN_POINT('',(1.232980949876,0.60619846621));
#2491 = CARTESIAN_POINT('',(1.232998256416,0.649999531489));
#2492 = CARTESIAN_POINT('',(1.233027377849,0.737587163589));
#2493 = CARTESIAN_POINT('',(1.233039197887,0.7813737184));
#2494 = CARTESIAN_POINT('',(1.233048379082,0.825175536883));
#2495 = CARTESIAN_POINT('',(1.233061793679,0.912908974349));
#2496 = CARTESIAN_POINT('',(1.23306601472,0.956840704182));
#2497 = CARTESIAN_POINT('',(1.233067900534,1.000784765381));
#2498 = CARTESIAN_POINT('',(1.233067400659,1.088519975477));
#2499 = CARTESIAN_POINT('',(1.233065030751,1.132311107633));
#2500 = CARTESIAN_POINT('',(1.233060737404,1.176109860842));
#2501 = CARTESIAN_POINT('',(1.233048719394,1.263701610121));
#2502 = CARTESIAN_POINT('',(1.23304099496,1.307494660409));
#2503 = CARTESIAN_POINT('',(1.233031760303,1.351290986698));
#2504 = CARTESIAN_POINT('',(1.233010607228,1.439014138148));
#2505 = CARTESIAN_POINT('',(1.232998680199,1.482941014365));
#2506 = CARTESIAN_POINT('',(1.232985602512,1.526868547926));
#2507 = CARTESIAN_POINT('',(1.232971507691,1.570796326795));
#2508 = ( GEOMETRIC_REPRESENTATION_CONTEXT(2) 
PARAMETRIC_REPRESENTATION_CONTEXT() REPRESENTATION_CONTEXT('2D SPACE',''
  ) );
#2509 = ADVANCED_FACE('',(#2510),#2472,.T.);
#2510 = FACE_BOUND('',#2511,.T.);
#2511 = EDGE_LOOP('',(#2512,#2624,#2650,#2651));
#2512 = ORIENTED_EDGE('',*,*,#2513,.F.);
#2513 = EDGE_CURVE('',#2514,#2516,#2518,.T.);
#2514 = VERTEX_POINT('',#2515);
#2515 = CARTESIAN_POINT('',(-6.358287119495,18.099751970648,17.));
#2516 = VERTEX_POINT('',#2517);
#2517 = CARTESIAN_POINT('',(-6.478905473151,18.424736452151,
    16.698710585336));
#2518 = SURFACE_CURVE('',#2519,(#2549,#2582),.PCURVE_S1.);
#2519 = B_SPLINE_CURVE_WITH_KNOTS('',4,(#2520,#2521,#2522,#2523,#2524,
    #2525,#2526,#2527,#2528,#2529,#2530,#2531,#2532,#2533,#2534,#2535,
    #2536,#2537,#2538,#2539,#2540,#2541,#2542,#2543,#2544,#2545,#2546,
    #2547,#2548),.UNSPECIFIED.,.F.,.F.,(5,3,3,3,3,3,3,3,3,5),(0.,
    0.122813727085,0.244979858122,0.367192386036,0.489487858589,
    0.611897288232,0.734433127946,0.857082538935,0.979932400054,1.),
  .UNSPECIFIED.);
#2520 = CARTESIAN_POINT('',(-6.358287119599,18.099751970612,17.));
#2521 = CARTESIAN_POINT('',(-6.363139370823,18.114382374777,17.));
#2522 = CARTESIAN_POINT('',(-6.368009556081,18.129006425689,
    16.999095165069));
#2523 = CARTESIAN_POINT('',(-6.372873656551,18.143547681536,
    16.997285506779));
#2524 = CARTESIAN_POINT('',(-6.382518752192,18.172236991451,
    16.991899232736));
#2525 = CARTESIAN_POINT('',(-6.387300066779,18.186386815868,
    16.988331974968));
#2526 = CARTESIAN_POINT('',(-6.392030543525,18.200305023523,
    16.983897514742));
#2527 = CARTESIAN_POINT('',(-6.401350120253,18.227540277418,
    16.973347698488));
#2528 = CARTESIAN_POINT('',(-6.405939179442,18.240857196673,
    16.967231670866));
#2529 = CARTESIAN_POINT('',(-6.410435872963,18.253799204562,
    16.960303364166));
#2530 = CARTESIAN_POINT('',(-6.419209825252,18.278810532482,
    16.944898343359));
#2531 = CARTESIAN_POINT('',(-6.423486944027,18.290879346902,
    16.936420521635));
#2532 = CARTESIAN_POINT('',(-6.427633850395,18.30244131438,
    16.927210810192));
#2533 = CARTESIAN_POINT('',(-6.435637531465,18.324447239503,
    16.907422474228));
#2534 = CARTESIAN_POINT('',(-6.439494039302,18.334890214037,
    16.896842505739));
#2535 = CARTESIAN_POINT('',(-6.443186600362,18.344710706745,
    16.885633536159));
#2536 = CARTESIAN_POINT('',(-6.450218556906,18.363022187928,
    16.862068050901));
#2537 = CARTESIAN_POINT('',(-6.453557586889,18.371511834913,
    16.849710283001));
#2538 = CARTESIAN_POINT('',(-6.456703369233,18.379283585555,
    16.836845046843));
#2539 = CARTESIAN_POINT('',(-6.462586919683,18.393326768225,
    16.810224014211));
#2540 = CARTESIAN_POINT('',(-6.4653243077,18.399596824565,
    16.796467331303));
#2541 = CARTESIAN_POINT('',(-6.467843794625,18.405076518423,
    16.782339158211));
#2542 = CARTESIAN_POINT('',(-6.472431163984,18.414416058463,
    16.75346284572));
#2543 = CARTESIAN_POINT('',(-6.474498302306,18.418273253497,
    16.73871366789));
#2544 = CARTESIAN_POINT('',(-6.476327197983,18.421290587274,
    16.72373888856));
#2545 = CARTESIAN_POINT('',(-6.47816906066,18.423811093469,
    16.706144577713));
#2546 = CARTESIAN_POINT('',(-6.478421128913,18.424142307057,
    16.703670113519));
#2547 = CARTESIAN_POINT('',(-6.478666609902,18.424450772674,
    16.701192004886));
#2548 = CARTESIAN_POINT('',(-6.478905473151,18.424736452151,
    16.698710585336));
#2549 = PCURVE('',#2472,#2550);
#2550 = DEFINITIONAL_REPRESENTATION('',(#2551),#2581);
#2551 = B_SPLINE_CURVE_WITH_KNOTS('',4,(#2552,#2553,#2554,#2555,#2556,
    #2557,#2558,#2559,#2560,#2561,#2562,#2563,#2564,#2565,#2566,#2567,
    #2568,#2569,#2570,#2571,#2572,#2573,#2574,#2575,#2576,#2577,#2578,
    #2579,#2580),.UNSPECIFIED.,.F.,.F.,(5,3,3,3,3,3,3,3,3,5),(0.,
    0.122813727085,0.244979858122,0.367192386036,0.489487858589,
    0.611897288232,0.734433127946,0.857082538935,0.979932400054,1.),
  .UNSPECIFIED.);
#2552 = CARTESIAN_POINT('',(1.908621145899,1.570796326795));
#2553 = CARTESIAN_POINT('',(1.908607017205,1.526762981168));
#2554 = CARTESIAN_POINT('',(1.908593910539,1.482729886806));
#2555 = CARTESIAN_POINT('',(1.908581960396,1.43869744619));
#2556 = CARTESIAN_POINT('',(1.908560801111,1.350868740265));
#2557 = CARTESIAN_POINT('',(1.908551576918,1.307072408606));
#2558 = CARTESIAN_POINT('',(1.908543863912,1.263279361708));
#2559 = CARTESIAN_POINT('',(1.908531870724,1.175687609913));
#2560 = CARTESIAN_POINT('',(1.908527590773,1.13188885078));
#2561 = CARTESIAN_POINT('',(1.908525235262,1.08809772427));
#2562 = CARTESIAN_POINT('',(1.908524766887,1.000505750593));
#2563 = CARTESIAN_POINT('',(1.908526655914,0.95670485524));
#2564 = CARTESIAN_POINT('',(1.908530865196,0.912916213172));
#2565 = CARTESIAN_POINT('',(1.908544245159,0.825325772697));
#2566 = CARTESIAN_POINT('',(1.908553419696,0.781523954311));
#2567 = CARTESIAN_POINT('',(1.90856523285,0.737737398159));
#2568 = CARTESIAN_POINT('',(1.908594340181,0.650149763372));
#2569 = CARTESIAN_POINT('',(1.908611639502,0.606348696724));
#2570 = CARTESIAN_POINT('',(1.908631771109,0.562562954445));
#2571 = CARTESIAN_POINT('',(1.908677752032,0.474978426449));
#2572 = CARTESIAN_POINT('',(1.908703606337,0.431179671629));
#2573 = CARTESIAN_POINT('',(1.908732329423,0.387393064558));
#2574 = CARTESIAN_POINT('',(1.908795421281,0.299766926552));
#2575 = CARTESIAN_POINT('',(1.908829799056,0.255927449099));
#2576 = CARTESIAN_POINT('',(1.908866910613,0.212094440653));
#2577 = CARTESIAN_POINT('',(1.908913073331,0.161104849941));
#2578 = CARTESIAN_POINT('',(1.908919623775,0.153945283222));
#2579 = CARTESIAN_POINT('',(1.908926242056,0.146785785532));
#2580 = CARTESIAN_POINT('',(1.908932927392,0.13962634016));
#2581 = ( GEOMETRIC_REPRESENTATION_CONTEXT(2) 
PARAMETRIC_REPRESENTATION_CONTEXT() REPRESENTATION_CONTEXT('2D SPACE',''
  ) );
#2582 = PCURVE('',#2583,#2592);
#2583 = SURFACE_OF_REVOLUTION('',#2584,#2589);
#2584 = CIRCLE('',#2585,1.);
#2585 = AXIS2_PLACEMENT_3D('',#2586,#2587,#2588);
#2586 = CARTESIAN_POINT('',(-7.39580067121,17.855042285044,
    16.716836889474));
#2587 = DIRECTION('',(0.923879532511,0.382683432365,0.));
#2588 = DIRECTION('',(-0.319447063624,0.771213433461,-0.550620934575));
#2589 = AXIS1_PLACEMENT('',#2590,#2591);
#2590 = CARTESIAN_POINT('',(-7.563045655347,18.258807393986,
    12.888661519232));
#2591 = DIRECTION('',(5.325923996829E-02,-0.128579179453,0.990268068742)
  );
#2592 = DEFINITIONAL_REPRESENTATION('',(#2593),#2623);
#2593 = B_SPLINE_CURVE_WITH_KNOTS('',4,(#2594,#2595,#2596,#2597,#2598,
    #2599,#2600,#2601,#2602,#2603,#2604,#2605,#2606,#2607,#2608,#2609,
    #2610,#2611,#2612,#2613,#2614,#2615,#2616,#2617,#2618,#2619,#2620,
    #2621,#2622),.UNSPECIFIED.,.F.,.F.,(5,3,3,3,3,3,3,3,3,5),(0.,
    0.122813727085,0.244979858122,0.367192386036,0.489487858589,
    0.611897288232,0.734433127946,0.857082538935,0.979932400054,1.),
  .UNSPECIFIED.);
#2594 = CARTESIAN_POINT('',(4.683994211959,1.031832750713));
#2595 = CARTESIAN_POINT('',(4.698481594352,1.029586714408));
#2596 = CARTESIAN_POINT('',(4.712824814353,1.026402067509));
#2597 = CARTESIAN_POINT('',(4.726933776286,1.022294630589));
#2598 = CARTESIAN_POINT('',(4.754449999406,1.012329004519));
#2599 = CARTESIAN_POINT('',(4.767860746918,1.00648002962));
#2600 = CARTESIAN_POINT('',(4.780881769546,0.99978546037));
#2601 = CARTESIAN_POINT('',(4.806021031894,0.984798883858));
#2602 = CARTESIAN_POINT('',(4.818138997474,0.976506121906));
#2603 = CARTESIAN_POINT('',(4.829739045866,0.967463691774));
#2604 = CARTESIAN_POINT('',(4.851816049382,0.947990136296));
#2605 = CARTESIAN_POINT('',(4.862292205775,0.93755792188));
#2606 = CARTESIAN_POINT('',(4.87215501276,0.926492263059));
#2607 = CARTESIAN_POINT('',(4.890598586076,0.903212405446));
#2608 = CARTESIAN_POINT('',(4.899178049715,0.890997024901));
#2609 = CARTESIAN_POINT('',(4.907078951124,0.878276274538));
#2610 = CARTESIAN_POINT('',(4.92149143702,0.851944676433));
#2611 = CARTESIAN_POINT('',(4.928001455469,0.838332849468));
#2612 = CARTESIAN_POINT('',(4.933791659149,0.82434898052));
#2613 = CARTESIAN_POINT('',(4.943914080533,0.795759064964));
#2614 = CARTESIAN_POINT('',(4.948244835242,0.781152428406));
#2615 = CARTESIAN_POINT('',(4.951831162516,0.766308385912));
#2616 = CARTESIAN_POINT('',(4.957506564559,0.736255649697));
#2617 = CARTESIAN_POINT('',(4.959593118567,0.721046410226));
#2618 = CARTESIAN_POINT('',(4.960919542983,0.705734181354));
#2619 = CARTESIAN_POINT('',(4.961574302924,0.687879575862));
#2620 = CARTESIAN_POINT('',(4.961645879183,0.685371598065));
#2621 = CARTESIAN_POINT('',(4.961697022516,0.682862972436));
#2622 = CARTESIAN_POINT('',(4.961727787476,0.680353994951));
#2623 = ( GEOMETRIC_REPRESENTATION_CONTEXT(2) 
PARAMETRIC_REPRESENTATION_CONTEXT() REPRESENTATION_CONTEXT('2D SPACE',''
  ) );
#2624 = ORIENTED_EDGE('',*,*,#2625,.T.);
#2625 = EDGE_CURVE('',#2514,#2088,#2626,.T.);
#2626 = SURFACE_CURVE('',#2627,(#2632,#2639),.PCURVE_S1.);
#2627 = CIRCLE('',#2628,19.184077681581);
#2628 = AXIS2_PLACEMENT_3D('',#2629,#2630,#2631);
#2629 = CARTESIAN_POINT('',(0.,0.,17.));
#2630 = DIRECTION('',(0.,0.,-1.));
#2631 = DIRECTION('',(0.943477829431,0.331435642882,0.));
#2632 = PCURVE('',#2472,#2633);
#2633 = DEFINITIONAL_REPRESENTATION('',(#2634),#2638);
#2634 = LINE('',#2635,#2636);
#2635 = CARTESIAN_POINT('',(6.621010126278,1.570796326795));
#2636 = VECTOR('',#2637,1.);
#2637 = DIRECTION('',(-1.,-0.));
#2638 = ( GEOMETRIC_REPRESENTATION_CONTEXT(2) 
PARAMETRIC_REPRESENTATION_CONTEXT() REPRESENTATION_CONTEXT('2D SPACE',''
  ) );
#2639 = PCURVE('',#944,#2640);
#2640 = DEFINITIONAL_REPRESENTATION('',(#2641),#2649);
#2641 = ( BOUNDED_CURVE() B_SPLINE_CURVE(2,(#2642,#2643,#2644,#2645,
#2646,#2647,#2648),.UNSPECIFIED.,.T.,.F.) B_SPLINE_CURVE_WITH_KNOTS((1,2
    ,2,2,2,1),(-2.094395102393,0.,2.094395102393,4.188790204786,
6.28318530718,8.377580409573),.UNSPECIFIED.) CURVE() 
GEOMETRIC_REPRESENTATION_ITEM() RATIONAL_B_SPLINE_CURVE((1.,0.5,1.,0.5,
1.,0.5,1.)) REPRESENTATION_ITEM('') );
#2642 = CARTESIAN_POINT('',(54.288779250362,52.800766540616));
#2643 = CARTESIAN_POINT('',(76.460357274536,28.051874900854));
#2644 = CARTESIAN_POINT('',(43.941399386907,21.225170909811));
#2645 = CARTESIAN_POINT('',(11.422441499277,14.398466918768));
#2646 = CARTESIAN_POINT('',(21.769821362732,45.974062549573));
#2647 = CARTESIAN_POINT('',(32.117201226187,77.549658180378));
#2648 = CARTESIAN_POINT('',(54.288779250362,52.800766540616));
#2649 = ( GEOMETRIC_REPRESENTATION_CONTEXT(2) 
PARAMETRIC_REPRESENTATION_CONTEXT() REPRESENTATION_CONTEXT('2D SPACE',''
  ) );
#2650 = ORIENTED_EDGE('',*,*,#2406,.F.);
#2651 = ORIENTED_EDGE('',*,*,#2652,.F.);
#2652 = EDGE_CURVE('',#2516,#2342,#2653,.T.);
#2653 = SURFACE_CURVE('',#2654,(#2659,#2666),.PCURVE_S1.);
#2654 = CIRCLE('',#2655,19.53067150564);
#2655 = AXIS2_PLACEMENT_3D('',#2656,#2657,#2658);
#2656 = CARTESIAN_POINT('',(0.,0.,16.698710585336));
#2657 = DIRECTION('',(0.,0.,-1.));
#2658 = DIRECTION('',(0.943374448074,0.3317297857,0.));
#2659 = PCURVE('',#2472,#2660);
#2660 = DEFINITIONAL_REPRESENTATION('',(#2661),#2665);
#2661 = LINE('',#2662,#2663);
#2662 = CARTESIAN_POINT('',(6.621321907777,0.13962634016));
#2663 = VECTOR('',#2664,1.);
#2664 = DIRECTION('',(-1.,-0.));
#2665 = ( GEOMETRIC_REPRESENTATION_CONTEXT(2) 
PARAMETRIC_REPRESENTATION_CONTEXT() REPRESENTATION_CONTEXT('2D SPACE',''
  ) );
#2666 = PCURVE('',#441,#2667);
#2667 = DEFINITIONAL_REPRESENTATION('',(#2668),#2672);
#2668 = LINE('',#2669,#2670);
#2669 = CARTESIAN_POINT('',(-6.621321907777,-3.698710585336));
#2670 = VECTOR('',#2671,1.);
#2671 = DIRECTION('',(1.,-0.));
#2672 = ( GEOMETRIC_REPRESENTATION_CONTEXT(2) 
PARAMETRIC_REPRESENTATION_CONTEXT() REPRESENTATION_CONTEXT('2D SPACE',''
  ) );
#2673 = ADVANCED_FACE('',(#2674),#2583,.T.);
#2674 = FACE_BOUND('',#2675,.T.);
#2675 = EDGE_LOOP('',(#2676,#2835,#2836,#2901,#2930,#2995));
#2676 = ORIENTED_EDGE('',*,*,#2677,.T.);
#2677 = EDGE_CURVE('',#2678,#2514,#2680,.T.);
#2678 = VERTEX_POINT('',#2679);
#2679 = CARTESIAN_POINT('',(-8.302469417315,17.294445295166,17.));
#2680 = SURFACE_CURVE('',#2681,(#2720,#2793),.PCURVE_S1.);
#2681 = B_SPLINE_CURVE_WITH_KNOTS('',7,(#2682,#2683,#2684,#2685,#2686,
    #2687,#2688,#2689,#2690,#2691,#2692,#2693,#2694,#2695,#2696,#2697,
    #2698,#2699,#2700,#2701,#2702,#2703,#2704,#2705,#2706,#2707,#2708,
    #2709,#2710,#2711,#2712,#2713,#2714,#2715,#2716,#2717,#2718,#2719),
  .UNSPECIFIED.,.F.,.F.,(8,6,6,6,6,6,8),(0.741795890122,0.823668423302,
    0.878544277659,1.,1.121448595208,1.176320530943,1.258204133755),
  .UNSPECIFIED.);
#2682 = CARTESIAN_POINT('',(-8.302469417315,17.294445295166,17.));
#2683 = CARTESIAN_POINT('',(-8.337280892179,17.363806038309,17.));
#2684 = CARTESIAN_POINT('',(-8.366189890405,17.436287927401,17.));
#2685 = CARTESIAN_POINT('',(-8.388840473357,17.511279968094,17.));
#2686 = CARTESIAN_POINT('',(-8.404964449632,17.588127695485,17.));
#2687 = CARTESIAN_POINT('',(-8.41437942927,17.66614326239,17.));
#2688 = CARTESIAN_POINT('',(-8.416994373963,17.744614071865,17.));
#2689 = CARTESIAN_POINT('',(-8.410026500502,17.875221497468,17.));
#2690 = CARTESIAN_POINT('',(-8.404181182746,17.927513872071,17.));
#2691 = CARTESIAN_POINT('',(-8.395289984254,17.979469532165,17.));
#2692 = CARTESIAN_POINT('',(-8.383375834456,18.030872461393,17.));
#2693 = CARTESIAN_POINT('',(-8.368481184346,18.08150941983,17.));
#2694 = CARTESIAN_POINT('',(-8.350667892914,18.131171191188,17.));
#2695 = CARTESIAN_POINT('',(-8.284311122281,18.286959565648,17.));
#2696 = CARTESIAN_POINT('',(-8.224682658155,18.38854308483,17.));
#2697 = CARTESIAN_POINT('',(-8.152020499926,18.482110971093,17.));
#2698 = CARTESIAN_POINT('',(-8.06767974407,18.565670668482,17.));
#2699 = CARTESIAN_POINT('',(-7.973329615455,18.637535225365,17.));
#2700 = CARTESIAN_POINT('',(-7.870946112779,18.696322398368,17.));
#2701 = CARTESIAN_POINT('',(-7.654703325285,18.785893093713,17.));
#2702 = CARTESIAN_POINT('',(-7.540745497445,18.816719356117,17.));
#2703 = CARTESIAN_POINT('',(-7.423221298517,18.832619878619,17.));
#2704 = CARTESIAN_POINT('',(-7.304504936248,18.833174844636,17.));
#2705 = CARTESIAN_POINT('',(-7.186969166937,18.81839673827,17.));
#2706 = CARTESIAN_POINT('',(-7.072980726739,18.788736142352,17.));
#2707 = CARTESIAN_POINT('',(-6.915907299629,18.725509537688,17.));
#2708 = CARTESIAN_POINT('',(-6.868197506974,18.702993235235,17.));
#2709 = CARTESIAN_POINT('',(-6.821861607156,18.677723902365,17.));
#2710 = CARTESIAN_POINT('',(-6.777091243968,18.649805703803,17.));
#2711 = CARTESIAN_POINT('',(-6.734067186927,18.619359368866,17.));
#2712 = CARTESIAN_POINT('',(-6.692958369364,18.586521390231,17.));
#2713 = CARTESIAN_POINT('',(-6.59566662178,18.499097215649,17.));
#2714 = CARTESIAN_POINT('',(-6.542017714894,18.441756215028,17.));
#2715 = CARTESIAN_POINT('',(-6.493500211877,18.379927250319,17.));
#2716 = CARTESIAN_POINT('',(-6.450553830632,18.314178785384,17.));
#2717 = CARTESIAN_POINT('',(-6.413536152814,18.24512640904,17.));
#2718 = CARTESIAN_POINT('',(-6.382720440763,18.173422800638,17.));
#2719 = CARTESIAN_POINT('',(-6.358287119495,18.099751970648,17.));
#2720 = PCURVE('',#2583,#2721);
#2721 = DEFINITIONAL_REPRESENTATION('',(#2722),#2792);
#2722 = B_SPLINE_CURVE_WITH_KNOTS('',3,(#2723,#2724,#2725,#2726,#2727,
    #2728,#2729,#2730,#2731,#2732,#2733,#2734,#2735,#2736,#2737,#2738,
    #2739,#2740,#2741,#2742,#2743,#2744,#2745,#2746,#2747,#2748,#2749,
    #2750,#2751,#2752,#2753,#2754,#2755,#2756,#2757,#2758,#2759,#2760,
    #2761,#2762,#2763,#2764,#2765,#2766,#2767,#2768,#2769,#2770,#2771,
    #2772,#2773,#2774,#2775,#2776,#2777,#2778,#2779,#2780,#2781,#2782,
    #2783,#2784,#2785,#2786,#2787,#2788,#2789,#2790,#2791),
  .UNSPECIFIED.,.F.,.F.,(4,1,1,1,1,1,1,1,1,1,1,1,1,1,1,1,1,1,1,1,1,1,1,1
    ,1,1,1,1,1,1,1,1,1,1,1,1,1,1,1,1,1,1,1,1,1,1,1,1,1,1,1,1,1,1,1,1,1,1
    ,1,1,1,1,1,1,1,1,4),(0.741795890122,0.74962025745,0.757444624778,
    0.765268992106,0.773093359433,0.780917726761,0.788742094089,
    0.796566461417,0.804390828744,0.812215196072,0.8200395634,
    0.827863930728,0.835688298055,0.843512665383,0.851337032711,
    0.859161400039,0.866985767367,0.874810134694,0.882634502022,
    0.89045886935,0.898283236678,0.906107604005,0.913931971333,
    0.921756338661,0.929580705989,0.937405073316,0.945229440644,
    0.953053807972,0.9608781753,0.968702542627,0.976526909955,
    0.984351277283,0.992175644611,1.000000011938,1.007824379266,
    1.015648746594,1.023473113922,1.03129748125,1.039121848577,
    1.046946215905,1.054770583233,1.062594950561,1.070419317888,
    1.078243685216,1.086068052544,1.093892419872,1.101716787199,
    1.109541154527,1.117365521855,1.125189889183,1.13301425651,
    1.140838623838,1.148662991166,1.156487358494,1.164311725822,
    1.172136093149,1.179960460477,1.187784827805,1.195609195133,
    1.20343356246,1.211257929788,1.219082297116,1.226906664444,
    1.234731031771,1.242555399099,1.250379766427,1.258204133755),
  .QUASI_UNIFORM_KNOTS.);
#2723 = CARTESIAN_POINT('',(7.882376400371,1.0318327639));
#2724 = CARTESIAN_POINT('',(7.866111179149,1.029311100647));
#2725 = CARTESIAN_POINT('',(7.833599900695,1.024262236658));
#2726 = CARTESIAN_POINT('',(7.784886972822,1.016690572896));
#2727 = CARTESIAN_POINT('',(7.736224774471,1.009138842031));
#2728 = CARTESIAN_POINT('',(7.68760919878,1.001625148722));
#2729 = CARTESIAN_POINT('',(7.639035855156,0.994167452767));
#2730 = CARTESIAN_POINT('',(7.590500170013,0.986783538481));
#2731 = CARTESIAN_POINT('',(7.54199760645,0.979491005414));
#2732 = CARTESIAN_POINT('',(7.493523835336,0.972307249751));
#2733 = CARTESIAN_POINT('',(7.445074989818,0.965249456045));
#2734 = CARTESIAN_POINT('',(7.396647683907,0.958334554034));
#2735 = CARTESIAN_POINT('',(7.34823997835,0.95157930635));
#2736 = CARTESIAN_POINT('',(7.299845714699,0.944999475521));
#2737 = CARTESIAN_POINT('',(7.251462334976,0.938610883601));
#2738 = CARTESIAN_POINT('',(7.203086687271,0.932428801319));
#2739 = CARTESIAN_POINT('',(7.154715816594,0.926468004413));
#2740 = CARTESIAN_POINT('',(7.10634705288,0.920742743528));
#2741 = CARTESIAN_POINT('',(7.057978018868,0.9152667207));
#2742 = CARTESIAN_POINT('',(7.00960763409,0.910053161132));
#2743 = CARTESIAN_POINT('',(6.961226030003,0.90511375784));
#2744 = CARTESIAN_POINT('',(6.912836950529,0.900460999335));
#2745 = CARTESIAN_POINT('',(6.864441088319,0.896106267805));
#2746 = CARTESIAN_POINT('',(6.816039010584,0.892060170525));
#2747 = CARTESIAN_POINT('',(6.767630645494,0.888332473036));
#2748 = CARTESIAN_POINT('',(6.719215661895,0.884932133771));
#2749 = CARTESIAN_POINT('',(6.670793587479,0.881867305558));
#2750 = CARTESIAN_POINT('',(6.622363979924,0.879145339522));
#2751 = CARTESIAN_POINT('',(6.573926574989,0.876772781504));
#2752 = CARTESIAN_POINT('',(6.525481428129,0.874755363339));
#2753 = CARTESIAN_POINT('',(6.477029086507,0.873097988139));
#2754 = CARTESIAN_POINT('',(6.428570654872,0.871804709649));
#2755 = CARTESIAN_POINT('',(6.380108292812,0.870878705593));
#2756 = CARTESIAN_POINT('',(6.33164415905,0.870322244779));
#2757 = CARTESIAN_POINT('',(6.28318523297,0.870136648905));
#2758 = CARTESIAN_POINT('',(6.234726308535,0.87032224591));
#2759 = CARTESIAN_POINT('',(6.186262178567,0.870878707791));
#2760 = CARTESIAN_POINT('',(6.137799821495,0.871804712823));
#2761 = CARTESIAN_POINT('',(6.089341395374,0.873097992188));
#2762 = CARTESIAN_POINT('',(6.040889059306,0.874755368168));
#2763 = CARTESIAN_POINT('',(5.992443917709,0.876772787032));
#2764 = CARTESIAN_POINT('',(5.944006517539,0.879145345683));
#2765 = CARTESIAN_POINT('',(5.895576914151,0.881867312305));
#2766 = CARTESIAN_POINT('',(5.847154843306,0.884932141069));
#2767 = CARTESIAN_POINT('',(5.798739862791,0.888332480854));
#2768 = CARTESIAN_POINT('',(5.750331500538,0.892060178824));
#2769 = CARTESIAN_POINT('',(5.701929425746,0.896106276521));
#2770 = CARTESIAN_POINT('',(5.653533567257,0.900461008336));
#2771 = CARTESIAN_POINT('',(5.605144492695,0.905113766943));
#2772 = CARTESIAN_POINT('',(5.556762897313,0.910053169857));
#2773 = CARTESIAN_POINT('',(5.508392521037,0.915266728946));
#2774 = CARTESIAN_POINT('',(5.460023490231,0.920742751784));
#2775 = CARTESIAN_POINT('',(5.41165473151,0.926468012423));
#2776 = CARTESIAN_POINT('',(5.363283865282,0.932428809088));
#2777 = CARTESIAN_POINT('',(5.314908222006,0.938610891071));
#2778 = CARTESIAN_POINT('',(5.266524846414,0.944999482667));
#2779 = CARTESIAN_POINT('',(5.218130587903,0.951579312975));
#2780 = CARTESIAN_POINT('',(5.169722885502,0.95833456039));
#2781 = CARTESIAN_POINT('',(5.121295582234,0.965249462152));
#2782 = CARTESIAN_POINT('',(5.072846741587,0.972307255257));
#2783 = CARTESIAN_POINT('',(5.024372975624,0.979491010238));
#2784 = CARTESIAN_POINT('',(4.975870417175,0.986783542596));
#2785 = CARTESIAN_POINT('',(4.927334736697,0.994167456211));
#2786 = CARTESIAN_POINT('',(4.878761397216,1.001625151553));
#2787 = CARTESIAN_POINT('',(4.830145825283,1.009138844294));
#2788 = CARTESIAN_POINT('',(4.781483630697,1.01669057458));
#2789 = CARTESIAN_POINT('',(4.732770707211,1.024262237661));
#2790 = CARTESIAN_POINT('',(4.700259432777,1.029311101025));
#2791 = CARTESIAN_POINT('',(4.683994213989,1.0318327639));
#2792 = ( GEOMETRIC_REPRESENTATION_CONTEXT(2) 
PARAMETRIC_REPRESENTATION_CONTEXT() REPRESENTATION_CONTEXT('2D SPACE',''
  ) );
#2793 = PCURVE('',#944,#2794);
#2794 = DEFINITIONAL_REPRESENTATION('',(#2795),#2834);
#2795 = B_SPLINE_CURVE_WITH_KNOTS('',7,(#2796,#2797,#2798,#2799,#2800,
    #2801,#2802,#2803,#2804,#2805,#2806,#2807,#2808,#2809,#2810,#2811,
    #2812,#2813,#2814,#2815,#2816,#2817,#2818,#2819,#2820,#2821,#2822,
    #2823,#2824,#2825,#2826,#2827,#2828,#2829,#2830,#2831,#2832,#2833),
  .UNSPECIFIED.,.F.,.F.,(8,6,6,6,6,6,8),(0.741795890122,0.823668423302,
    0.878544277659,1.,1.121448595208,1.176320530943,1.258204133755),
  .UNSPECIFIED.);
#2796 = CARTESIAN_POINT('',(25.711220749638,52.800766540616));
#2797 = CARTESIAN_POINT('',(25.652515933256,52.851525736879));
#2798 = CARTESIAN_POINT('',(25.598069883388,52.907427276021));
#2799 = CARTESIAN_POINT('',(25.548445261867,52.96804288469));
#2800 = CARTESIAN_POINT('',(25.504140298117,53.032870548562));
#2801 = CARTESIAN_POINT('',(25.465586726208,53.101344577319));
#2802 = CARTESIAN_POINT('',(25.433141353618,53.172841456083));
#2803 = CARTESIAN_POINT('',(25.389597531371,53.296173473123));
#2804 = CARTESIAN_POINT('',(25.374986475408,53.346722233987));
#2805 = CARTESIAN_POINT('',(25.363318301378,53.398125519303));
#2806 = CARTESIAN_POINT('',(25.354654491134,53.450174981266));
#2807 = CARTESIAN_POINT('',(25.349037428455,53.502657366583));
#2808 = CARTESIAN_POINT('',(25.346490026695,53.555355712195));
#2809 = CARTESIAN_POINT('',(25.348178059065,53.724679039509));
#2810 = CARTESIAN_POINT('',(25.364393246834,53.84134879904));
#2811 = CARTESIAN_POINT('',(25.395717447736,53.955600858173));
#2812 = CARTESIAN_POINT('',(25.441661234024,54.065075762272));
#2813 = CARTESIAN_POINT('',(25.501328011447,54.167576186553));
#2814 = CARTESIAN_POINT('',(25.573421156893,54.261068922685));
#2815 = CARTESIAN_POINT('',(25.738926221178,54.42657398697));
#2816 = CARTESIAN_POINT('',(25.832412825985,54.498663512572));
#2817 = CARTESIAN_POINT('',(25.934906161422,54.558328243699));
#2818 = CARTESIAN_POINT('',(26.044373402395,54.604271750435));
#2819 = CARTESIAN_POINT('',(26.158617630468,54.635597552059));
#2820 = CARTESIAN_POINT('',(26.275279835962,54.651816222114));
#2821 = CARTESIAN_POINT('',(26.44459253446,54.653511854374));
#2822 = CARTESIAN_POINT('',(26.497287251301,54.6509672506));
#2823 = CARTESIAN_POINT('',(26.5497661958,54.645353412345));
#2824 = CARTESIAN_POINT('',(26.601812450063,54.636693236363));
#2825 = CARTESIAN_POINT('',(26.653212803725,54.625029084497));
#2826 = CARTESIAN_POINT('',(26.703758949253,54.610422411552));
#2827 = CARTESIAN_POINT('',(26.827100586729,54.566884945915));
#2828 = CARTESIAN_POINT('',(26.898609164676,54.534439316899));
#2829 = CARTESIAN_POINT('',(26.967094413117,54.495883646472));
#2830 = CARTESIAN_POINT('',(27.031932543978,54.451574854006));
#2831 = CARTESIAN_POINT('',(27.092557619247,54.401944828837));
#2832 = CARTESIAN_POINT('',(27.148467407867,54.347491995085));
#2833 = CARTESIAN_POINT('',(27.199233459384,54.288779250362));
#2834 = ( GEOMETRIC_REPRESENTATION_CONTEXT(2) 
PARAMETRIC_REPRESENTATION_CONTEXT() REPRESENTATION_CONTEXT('2D SPACE',''
  ) );
#2835 = ORIENTED_EDGE('',*,*,#2513,.T.);
#2836 = ORIENTED_EDGE('',*,*,#2837,.F.);
#2837 = EDGE_CURVE('',#2838,#2516,#2840,.T.);
#2838 = VERTEX_POINT('',#2839);
#2839 = CARTESIAN_POINT('',(-6.760440668253,18.414852474829,
    16.087414712335));
#2840 = SURFACE_CURVE('',#2841,(#2859,#2880),.PCURVE_S1.);
#2841 = B_SPLINE_CURVE_WITH_KNOTS('',6,(#2842,#2843,#2844,#2845,#2846,
    #2847,#2848,#2849,#2850,#2851,#2852,#2853,#2854,#2855,#2856,#2857,
    #2858),.UNSPECIFIED.,.F.,.F.,(7,5,5,7),(0.,0.493872364423,
    0.948341652732,1.),.UNSPECIFIED.);
#2842 = CARTESIAN_POINT('',(-6.760440668253,18.414852474829,
    16.087414712335));
#2843 = CARTESIAN_POINT('',(-6.719675052375,18.423456535795,
    16.129907982221));
#2844 = CARTESIAN_POINT('',(-6.682148135556,18.430387791388,
    16.174892809534));
#2845 = CARTESIAN_POINT('',(-6.648066139034,18.435669744061,
    16.221949280885));
#2846 = CARTESIAN_POINT('',(-6.617513532303,18.439363935634,
    16.270687346253));
#2847 = CARTESIAN_POINT('',(-6.590511735889,18.441537707373,
    16.320784017637));
#2848 = CARTESIAN_POINT('',(-6.545479015172,18.442904302292,
    16.419111531155));
#2849 = CARTESIAN_POINT('',(-6.526910485197,18.442320905358,
    16.467158832587));
#2850 = CARTESIAN_POINT('',(-6.511356536872,18.440545651517,
    16.515924669477));
#2851 = CARTESIAN_POINT('',(-6.498815676969,18.437619520564,
    16.565217559063));
#2852 = CARTESIAN_POINT('',(-6.489284725944,18.433577525888,
    16.614861302374));
#2853 = CARTESIAN_POINT('',(-6.482025812906,18.427863000886,
    16.670357955093));
#2854 = CARTESIAN_POINT('',(-6.481323858513,18.427265673207,
    16.67602466721));
#2855 = CARTESIAN_POINT('',(-6.480660841387,18.426654315822,
    16.681693532674));
#2856 = CARTESIAN_POINT('',(-6.480036767007,18.426028967887,
    16.687364305316));
#2857 = CARTESIAN_POINT('',(-6.479451641802,18.42538966759,
    16.693036738542));
#2858 = CARTESIAN_POINT('',(-6.478905473151,18.424736452151,
    16.698710585336));
#2859 = PCURVE('',#2583,#2860);
#2860 = DEFINITIONAL_REPRESENTATION('',(#2861),#2879);
#2861 = B_SPLINE_CURVE_WITH_KNOTS('',6,(#2862,#2863,#2864,#2865,#2866,
    #2867,#2868,#2869,#2870,#2871,#2872,#2873,#2874,#2875,#2876,#2877,
    #2878),.UNSPECIFIED.,.F.,.F.,(7,5,5,7),(0.,0.493872364423,
    0.948341652732,1.),.UNSPECIFIED.);
#2862 = CARTESIAN_POINT('',(5.052795423858,0.));
#2863 = CARTESIAN_POINT('',(5.034864694683,5.752609456464E-02));
#2864 = CARTESIAN_POINT('',(5.020335149972,0.11489635074));
#2865 = CARTESIAN_POINT('',(5.008338251646,0.171917291573));
#2866 = CARTESIAN_POINT('',(4.998393776607,0.228534481467));
#2867 = CARTESIAN_POINT('',(4.990158893419,0.284754015954));
#2868 = CARTESIAN_POINT('',(4.977189597277,0.392087131634));
#2869 = CARTESIAN_POINT('',(4.972229806608,0.443235339948));
#2870 = CARTESIAN_POINT('',(4.968346346403,0.494138548117));
#2871 = CARTESIAN_POINT('',(4.965436991748,0.544847500895));
#2872 = CARTESIAN_POINT('',(4.963437032776,0.595419422515));
#2873 = CARTESIAN_POINT('',(4.962192560975,0.651663197025));
#2874 = CARTESIAN_POINT('',(4.96207692878,0.657402842657));
#2875 = CARTESIAN_POINT('',(4.961972674149,0.663141652532));
#2876 = CARTESIAN_POINT('',(4.961879771439,0.668879717182));
#2877 = CARTESIAN_POINT('',(4.961798177682,0.67461713042));
#2878 = CARTESIAN_POINT('',(4.961727832578,0.680353989335));
#2879 = ( GEOMETRIC_REPRESENTATION_CONTEXT(2) 
PARAMETRIC_REPRESENTATION_CONTEXT() REPRESENTATION_CONTEXT('2D SPACE',''
  ) );
#2880 = PCURVE('',#441,#2881);
#2881 = DEFINITIONAL_REPRESENTATION('',(#2882),#2900);
#2882 = B_SPLINE_CURVE_WITH_KNOTS('',6,(#2883,#2884,#2885,#2886,#2887,
    #2888,#2889,#2890,#2891,#2892,#2893,#2894,#2895,#2896,#2897,#2898,
    #2899),.UNSPECIFIED.,.F.,.F.,(7,5,5,7),(0.,0.493872364423,
    0.948341652732,1.),.UNSPECIFIED.);
#2883 = CARTESIAN_POINT('',(-1.9226397147,-3.087414712335));
#2884 = CARTESIAN_POINT('',(-1.920537744088,-3.129907982221));
#2885 = CARTESIAN_POINT('',(-1.918618611855,-3.174892809534));
#2886 = CARTESIAN_POINT('',(-1.916891838078,-3.221949280885));
#2887 = CARTESIAN_POINT('',(-1.915360588021,-3.270687346253));
#2888 = CARTESIAN_POINT('',(-1.914024976844,-3.320784017637));
#2889 = CARTESIAN_POINT('',(-1.91183451405,-3.419111531155));
#2890 = CARTESIAN_POINT('',(-1.910950111675,-3.467158832587));
#2891 = CARTESIAN_POINT('',(-1.910230564694,-3.515924669477));
#2892 = CARTESIAN_POINT('',(-1.909675348333,-3.565217559063));
#2893 = CARTESIAN_POINT('',(-1.909283971721,-3.614861302374));
#2894 = CARTESIAN_POINT('',(-1.909030523174,-3.670357955093));
#2895 = CARTESIAN_POINT('',(-1.9090067712,-3.67602466721));
#2896 = CARTESIAN_POINT('',(-1.908985135617,-3.681693532674));
#2897 = CARTESIAN_POINT('',(-1.908965616411,-3.687364305316));
#2898 = CARTESIAN_POINT('',(-1.908948213632,-3.693036738542));
#2899 = CARTESIAN_POINT('',(-1.908932927392,-3.698710585336));
#2900 = ( GEOMETRIC_REPRESENTATION_CONTEXT(2) 
PARAMETRIC_REPRESENTATION_CONTEXT() REPRESENTATION_CONTEXT('2D SPACE',''
  ) );
#2901 = ORIENTED_EDGE('',*,*,#2902,.F.);
#2902 = EDGE_CURVE('',#2903,#2838,#2905,.T.);
#2903 = VERTEX_POINT('',#2904);
#2904 = CARTESIAN_POINT('',(-8.240913619171,17.801620499833,
    16.087414712335));
#2905 = SURFACE_CURVE('',#2906,(#2911,#2918),.PCURVE_S1.);
#2906 = CIRCLE('',#2907,0.85);
#2907 = AXIS2_PLACEMENT_3D('',#2908,#2909,#2910);
#2908 = CARTESIAN_POINT('',(-7.393132428853,17.848600578157,
    16.047918819083));
#2909 = DIRECTION('',(-5.325923996829E-02,0.128579179453,-0.990268068742
    ));
#2910 = DIRECTION('',(-0.997389635668,-5.527068038133E-02,
    4.646575676742E-02));
#2911 = PCURVE('',#2583,#2912);
#2912 = DEFINITIONAL_REPRESENTATION('',(#2913),#2917);
#2913 = LINE('',#2914,#2915);
#2914 = CARTESIAN_POINT('',(7.513575190501,0.));
#2915 = VECTOR('',#2916,1.);
#2916 = DIRECTION('',(-1.,-0.));
#2917 = ( GEOMETRIC_REPRESENTATION_CONTEXT(2) 
PARAMETRIC_REPRESENTATION_CONTEXT() REPRESENTATION_CONTEXT('2D SPACE',''
  ) );
#2918 = PCURVE('',#2919,#2924);
#2919 = TOROIDAL_SURFACE('',#2920,1.,0.2);
#2920 = AXIS2_PLACEMENT_3D('',#2921,#2922,#2923);
#2921 = CARTESIAN_POINT('',(-7.400177964051,17.865610004788,
    15.916918667024));
#2922 = DIRECTION('',(-5.325923996829E-02,0.128579179453,-0.990268068742
    ));
#2923 = DIRECTION('',(-0.378959183508,0.91488840041,0.13917310096));
#2924 = DEFINITIONAL_REPRESENTATION('',(#2925),#2929);
#2925 = LINE('',#2926,#2927);
#2926 = CARTESIAN_POINT('',(-7.513575190501,3.864326901403));
#2927 = VECTOR('',#2928,1.);
#2928 = DIRECTION('',(1.,-0.));
#2929 = ( GEOMETRIC_REPRESENTATION_CONTEXT(2) 
PARAMETRIC_REPRESENTATION_CONTEXT() REPRESENTATION_CONTEXT('2D SPACE',''
  ) );
#2930 = ORIENTED_EDGE('',*,*,#2931,.T.);
#2931 = EDGE_CURVE('',#2903,#2932,#2934,.T.);
#2932 = VERTEX_POINT('',#2933);
#2933 = CARTESIAN_POINT('',(-8.446978092159,17.609534081622,
    16.698710585336));
#2934 = SURFACE_CURVE('',#2935,(#2953,#2974),.PCURVE_S1.);
#2935 = B_SPLINE_CURVE_WITH_KNOTS('',6,(#2936,#2937,#2938,#2939,#2940,
    #2941,#2942,#2943,#2944,#2945,#2946,#2947,#2948,#2949,#2950,#2951,
    #2952),.UNSPECIFIED.,.F.,.F.,(7,5,5,7),(0.,0.493872364423,
    0.948341652732,1.),.UNSPECIFIED.);
#2936 = CARTESIAN_POINT('',(-8.240913619171,17.801620499833,
    16.087414712335));
#2937 = CARTESIAN_POINT('',(-8.275823252452,17.778878846261,
    16.129907982221));
#2938 = CARTESIAN_POINT('',(-8.307259927644,17.757244446732,
    16.174892809534));
#2939 = CARTESIAN_POINT('',(-8.335094443054,17.736879740429,
    16.221949280885));
#2940 = CARTESIAN_POINT('',(-8.359310586369,17.717887972939,
    16.270687346253));
#2941 = CARTESIAN_POINT('',(-8.379940828454,17.700331908328,
    16.320784017637));
#2942 = CARTESIAN_POINT('',(-8.412750099182,17.669455294667,
    16.419111531155));
#2943 = CARTESIAN_POINT('',(-8.425467508717,17.655912837277,
    16.467158832587));
#2944 = CARTESIAN_POINT('',(-8.435210517022,17.643659240913,
    16.515924669477));
#2945 = CARTESIAN_POINT('',(-8.442009157062,17.632722426794,
    16.565217559063));
#2946 = CARTESIAN_POINT('',(-8.445890435318,17.623124904849,
    16.614861302374));
#2947 = CARTESIAN_POINT('',(-8.446982482571,17.613951298835,
    16.670357955093));
#2948 = CARTESIAN_POINT('',(-8.44705646483,17.613032567671,
    16.67602466721));
#2949 = CARTESIAN_POINT('',(-8.447092993784,17.612131448813,
    16.681693532674));
#2950 = CARTESIAN_POINT('',(-8.447092093244,17.611247973821,
    16.687364305316));
#2951 = CARTESIAN_POINT('',(-8.447053785669,17.610382174246,
    16.693036738542));
#2952 = CARTESIAN_POINT('',(-8.446978092159,17.609534081622,
    16.698710585336));
#2953 = PCURVE('',#2583,#2954);
#2954 = DEFINITIONAL_REPRESENTATION('',(#2955),#2973);
#2955 = B_SPLINE_CURVE_WITH_KNOTS('',6,(#2956,#2957,#2958,#2959,#2960,
    #2961,#2962,#2963,#2964,#2965,#2966,#2967,#2968,#2969,#2970,#2971,
    #2972),.UNSPECIFIED.,.F.,.F.,(7,5,5,7),(0.,0.493872364423,
    0.948341652732,1.),.UNSPECIFIED.);
#2956 = CARTESIAN_POINT('',(7.513575190501,0.));
#2957 = CARTESIAN_POINT('',(7.531505919677,5.752609456465E-02));
#2958 = CARTESIAN_POINT('',(7.546035464387,0.11489635074));
#2959 = CARTESIAN_POINT('',(7.558032362714,0.171917291573));
#2960 = CARTESIAN_POINT('',(7.567976837752,0.228534481467));
#2961 = CARTESIAN_POINT('',(7.57621172094,0.284754015954));
#2962 = CARTESIAN_POINT('',(7.589181017082,0.392087131634));
#2963 = CARTESIAN_POINT('',(7.594140807751,0.443235339948));
#2964 = CARTESIAN_POINT('',(7.598024267956,0.494138548117));
#2965 = CARTESIAN_POINT('',(7.600933622611,0.544847500895));
#2966 = CARTESIAN_POINT('',(7.602933581583,0.595419422515));
#2967 = CARTESIAN_POINT('',(7.604178053384,0.651663197025));
#2968 = CARTESIAN_POINT('',(7.604293685579,0.657402842657));
#2969 = CARTESIAN_POINT('',(7.604397940211,0.663141652532));
#2970 = CARTESIAN_POINT('',(7.60449084292,0.668879717182));
#2971 = CARTESIAN_POINT('',(7.604572436677,0.67461713042));
#2972 = CARTESIAN_POINT('',(7.604642781781,0.680353989335));
#2973 = ( GEOMETRIC_REPRESENTATION_CONTEXT(2) 
PARAMETRIC_REPRESENTATION_CONTEXT() REPRESENTATION_CONTEXT('2D SPACE',''
  ) );
#2974 = PCURVE('',#384,#2975);
#2975 = DEFINITIONAL_REPRESENTATION('',(#2976),#2994);
#2976 = B_SPLINE_CURVE_WITH_KNOTS('',6,(#2977,#2978,#2979,#2980,#2981,
    #2982,#2983,#2984,#2985,#2986,#2987,#2988,#2989,#2990,#2991,#2992,
    #2993),.UNSPECIFIED.,.F.,.F.,(7,5,5,7),(0.,0.493872364423,
    0.948341652732,1.),.UNSPECIFIED.);
#2977 = CARTESIAN_POINT('',(-2.004351102288,-3.087414712335));
#2978 = CARTESIAN_POINT('',(-2.006453072899,-3.129907982221));
#2979 = CARTESIAN_POINT('',(-2.008372205132,-3.174892809534));
#2980 = CARTESIAN_POINT('',(-2.010098978909,-3.221949280885));
#2981 = CARTESIAN_POINT('',(-2.011630228966,-3.270687346253));
#2982 = CARTESIAN_POINT('',(-2.012965840143,-3.320784017637));
#2983 = CARTESIAN_POINT('',(-2.015156302937,-3.419111531155));
#2984 = CARTESIAN_POINT('',(-2.016040705312,-3.467158832587));
#2985 = CARTESIAN_POINT('',(-2.016760252294,-3.515924669477));
#2986 = CARTESIAN_POINT('',(-2.017315468654,-3.565217559063));
#2987 = CARTESIAN_POINT('',(-2.017706845266,-3.614861302374));
#2988 = CARTESIAN_POINT('',(-2.017960293813,-3.670357955093));
#2989 = CARTESIAN_POINT('',(-2.017984045787,-3.67602466721));
#2990 = CARTESIAN_POINT('',(-2.01800568137,-3.681693532674));
#2991 = CARTESIAN_POINT('',(-2.018025200576,-3.687364305316));
#2992 = CARTESIAN_POINT('',(-2.018042603355,-3.693036738542));
#2993 = CARTESIAN_POINT('',(-2.018057889595,-3.698710585336));
#2994 = ( GEOMETRIC_REPRESENTATION_CONTEXT(2) 
PARAMETRIC_REPRESENTATION_CONTEXT() REPRESENTATION_CONTEXT('2D SPACE',''
  ) );
#2995 = ORIENTED_EDGE('',*,*,#2996,.T.);
#2996 = EDGE_CURVE('',#2932,#2678,#2997,.T.);
#2997 = SURFACE_CURVE('',#2998,(#3028,#3061),.PCURVE_S1.);
#2998 = B_SPLINE_CURVE_WITH_KNOTS('',4,(#2999,#3000,#3001,#3002,#3003,
    #3004,#3005,#3006,#3007,#3008,#3009,#3010,#3011,#3012,#3013,#3014,
    #3015,#3016,#3017,#3018,#3019,#3020,#3021,#3022,#3023,#3024,#3025,
    #3026,#3027),.UNSPECIFIED.,.F.,.F.,(5,3,3,3,3,3,3,3,3,5),(0.,
    2.006759994542E-02,0.143318426872,0.265967514957,0.388502948183,
    0.510911972245,0.633207116172,0.755419433898,0.877585467434,1.),
  .UNSPECIFIED.);
#2999 = CARTESIAN_POINT('',(-8.446978092159,17.609534081622,
    16.698710585336));
#3000 = CARTESIAN_POINT('',(-8.446944988087,17.609163173904,
    16.701192004886));
#3001 = CARTESIAN_POINT('',(-8.446900451229,17.608771474502,
    16.703670113519));
#3002 = CARTESIAN_POINT('',(-8.446844487026,17.608359031957,
    16.706144577713));
#3003 = CARTESIAN_POINT('',(-8.446363267272,17.605265717096,
    16.723788250738));
#3004 = CARTESIAN_POINT('',(-8.445518770768,17.60182519208,
    16.738811418029));
#3005 = CARTESIAN_POINT('',(-8.444246092309,17.597617390647,
    16.753607256339));
#3006 = CARTESIAN_POINT('',(-8.440872168446,17.587739029194,
    16.782524824727));
#3007 = CARTESIAN_POINT('',(-8.438774991428,17.582075702814,
    16.796649556307));
#3008 = CARTESIAN_POINT('',(-8.436273111129,17.575699617466,
    16.810402334355));
#3009 = CARTESIAN_POINT('',(-8.430495792479,17.561596027564,
    16.837014664303));
#3010 = CARTESIAN_POINT('',(-8.427221058415,17.553869765006,
    16.849875104092));
#3011 = CARTESIAN_POINT('',(-8.423575474165,17.545499483674,
    16.862227652626));
#3012 = CARTESIAN_POINT('',(-8.415592858323,17.527567261897,
    16.885781912343));
#3013 = CARTESIAN_POINT('',(-8.411256516495,17.518006527813,
    16.896984876568));
#3014 = CARTESIAN_POINT('',(-8.406596113673,17.507890022879,
    16.907558470853));
#3015 = CARTESIAN_POINT('',(-8.396689274425,17.48666022698,
    16.92733340106));
#3016 = CARTESIAN_POINT('',(-8.391443343684,17.475547818537,
    16.936536080693));
#3017 = CARTESIAN_POINT('',(-8.385931297087,17.46398531182,
    16.945006569335));
#3018 = CARTESIAN_POINT('',(-8.374445197047,17.440087913076,
    16.960396414374));
#3019 = CARTESIAN_POINT('',(-8.368471401357,17.427753476224,
    16.967316877174));
#3020 = CARTESIAN_POINT('',(-8.362298043867,17.415089036609,
    16.973424838643));
#3021 = CARTESIAN_POINT('',(-8.349626553866,17.389235708131,
    16.98395817443));
#3022 = CARTESIAN_POINT('',(-8.343128481823,17.376046937085,
    16.988384218838));
#3023 = CARTESIAN_POINT('',(-8.336502820068,17.362658880457,
    16.991942925263));
#3024 = CARTESIAN_POINT('',(-8.323056695204,17.335593973916,
    16.997303124491));
#3025 = CARTESIAN_POINT('',(-8.3162358033,17.321916508755,
    16.999101037665));
#3026 = CARTESIAN_POINT('',(-8.309361141514,17.308176834327,17.));
#3027 = CARTESIAN_POINT('',(-8.302469417215,17.294445295214,17.));
#3028 = PCURVE('',#2583,#3029);
#3029 = DEFINITIONAL_REPRESENTATION('',(#3030),#3060);
#3030 = B_SPLINE_CURVE_WITH_KNOTS('',4,(#3031,#3032,#3033,#3034,#3035,
    #3036,#3037,#3038,#3039,#3040,#3041,#3042,#3043,#3044,#3045,#3046,
    #3047,#3048,#3049,#3050,#3051,#3052,#3053,#3054,#3055,#3056,#3057,
    #3058,#3059),.UNSPECIFIED.,.F.,.F.,(5,3,3,3,3,3,3,3,3,5),(0.,
    2.006759994542E-02,0.143318426872,0.265967514957,0.388502948183,
    0.510911972245,0.633207116172,0.755419433898,0.877585467434,1.),
  .UNSPECIFIED.);
#3031 = CARTESIAN_POINT('',(7.604642826883,0.680353994951));
#3032 = CARTESIAN_POINT('',(7.604673591843,0.682862972436));
#3033 = CARTESIAN_POINT('',(7.604724735177,0.685371598065));
#3034 = CARTESIAN_POINT('',(7.604796311435,0.687879575862));
#3035 = CARTESIAN_POINT('',(7.605452908355,0.705784273808));
#3036 = CARTESIAN_POINT('',(7.606786162273,0.721146363955));
#3037 = CARTESIAN_POINT('',(7.608884505016,0.736404569382));
#3038 = CARTESIAN_POINT('',(7.614583935455,0.766503001981));
#3039 = CARTESIAN_POINT('',(7.618177572091,0.781344895544));
#3040 = CARTESIAN_POINT('',(7.622515575536,0.79594894316));
#3041 = CARTESIAN_POINT('',(7.632652320895,0.824532793202));
#3042 = CARTESIAN_POINT('',(7.638449598861,0.838513186955));
#3043 = CARTESIAN_POINT('',(7.644966587763,0.852121099481));
#3044 = CARTESIAN_POINT('',(7.659392733503,0.878444002963));
#3045 = CARTESIAN_POINT('',(7.667300324599,0.891159974203));
#3046 = CARTESIAN_POINT('',(7.67588630781,0.903370145617));
#3047 = CARTESIAN_POINT('',(7.694342489028,0.926638763953));
#3048 = CARTESIAN_POINT('',(7.704211385703,0.937698392826));
#3049 = CARTESIAN_POINT('',(7.714693371821,0.948124173938));
#3050 = CARTESIAN_POINT('',(7.736781414622,0.967584122816));
#3051 = CARTESIAN_POINT('',(7.74838667438,0.976619378877));
#3052 = CARTESIAN_POINT('',(7.760509485698,0.984904615347));
#3053 = CARTESIAN_POINT('',(7.785657611677,0.999875530088));
#3054 = CARTESIAN_POINT('',(7.798682653711,1.00656196175));
#3055 = CARTESIAN_POINT('',(7.812096949871,1.012402528586));
#3056 = CARTESIAN_POINT('',(7.839574424184,1.022334653287));
#3057 = CARTESIAN_POINT('',(7.853639045175,1.026422761026));
#3058 = CARTESIAN_POINT('',(7.867936109885,1.029594014938));
#3059 = CARTESIAN_POINT('',(7.8823764024,1.031832750713));
#3060 = ( GEOMETRIC_REPRESENTATION_CONTEXT(2) 
PARAMETRIC_REPRESENTATION_CONTEXT() REPRESENTATION_CONTEXT('2D SPACE',''
  ) );
#3061 = PCURVE('',#3062,#3067);
#3062 = TOROIDAL_SURFACE('',#3063,19.184077681581,0.35);
#3063 = AXIS2_PLACEMENT_3D('',#3064,#3065,#3066);
#3064 = CARTESIAN_POINT('',(0.,0.,16.65));
#3065 = DIRECTION('',(0.,0.,1.));
#3066 = DIRECTION('',(1.,0.,-0.));
#3067 = DEFINITIONAL_REPRESENTATION('',(#3068),#3098);
#3068 = B_SPLINE_CURVE_WITH_KNOTS('',4,(#3069,#3070,#3071,#3072,#3073,
    #3074,#3075,#3076,#3077,#3078,#3079,#3080,#3081,#3082,#3083,#3084,
    #3085,#3086,#3087,#3088,#3089,#3090,#3091,#3092,#3093,#3094,#3095,
    #3096,#3097),.UNSPECIFIED.,.F.,.F.,(5,3,3,3,3,3,3,3,3,5),(0.,
    2.006759994542E-02,0.143318426872,0.265967514957,0.388502948183,
    0.510911972245,0.633207116172,0.755419433898,0.877585467434,1.),
  .UNSPECIFIED.);
#3069 = CARTESIAN_POINT('',(2.018057889595,0.13962634016));
#3070 = CARTESIAN_POINT('',(2.018064574931,0.146785785532));
#3071 = CARTESIAN_POINT('',(2.018071193212,0.153945283222));
#3072 = CARTESIAN_POINT('',(2.018077743657,0.161104849941));
#3073 = CARTESIAN_POINT('',(2.018124035887,0.212237495829));
#3074 = CARTESIAN_POINT('',(2.018161260158,0.256213579379));
#3075 = CARTESIAN_POINT('',(2.018195732233,0.30019618576));
#3076 = CARTESIAN_POINT('',(2.018258872051,0.387965508775));
#3077 = CARTESIAN_POINT('',(2.018287567163,0.431752110307));
#3078 = CARTESIAN_POINT('',(2.018313393333,0.475550874691));
#3079 = CARTESIAN_POINT('',(2.018359318224,0.563135412209));
#3080 = CARTESIAN_POINT('',(2.018379421935,0.60692115448));
#3081 = CARTESIAN_POINT('',(2.018396693752,0.650722226334));
#3082 = CARTESIAN_POINT('',(2.018425747355,0.738309871357));
#3083 = CARTESIAN_POINT('',(2.018437534283,0.782096432627));
#3084 = CARTESIAN_POINT('',(2.018446683453,0.825898250633));
#3085 = CARTESIAN_POINT('',(2.018460014771,0.913488698645));
#3086 = CARTESIAN_POINT('',(2.018464200769,0.957277348739));
#3087 = CARTESIAN_POINT('',(2.018466067709,1.00107823868));
#3088 = CARTESIAN_POINT('',(2.018465557736,1.088670214535));
#3089 = CARTESIAN_POINT('',(2.018463182707,1.132461348698));
#3090 = CARTESIAN_POINT('',(2.018458884595,1.176260099799));
#3091 = CARTESIAN_POINT('',(2.018446857757,1.263851848181));
#3092 = CARTESIAN_POINT('',(2.018439129258,1.307644899673));
#3093 = CARTESIAN_POINT('',(2.018429890879,1.351441224053));
#3094 = CARTESIAN_POINT('',(2.01840874003,1.439126816566));
#3095 = CARTESIAN_POINT('',(2.018396821229,1.483016137827));
#3096 = CARTESIAN_POINT('',(2.018383753858,1.526906107428));
#3097 = CARTESIAN_POINT('',(2.018369671089,1.570796326795));
#3098 = ( GEOMETRIC_REPRESENTATION_CONTEXT(2) 
PARAMETRIC_REPRESENTATION_CONTEXT() REPRESENTATION_CONTEXT('2D SPACE',''
  ) );
#3099 = ADVANCED_FACE('',(#3100),#3062,.T.);
#3100 = FACE_BOUND('',#3101,.T.);
#3101 = EDGE_LOOP('',(#3102,#3214,#3240,#3241));
#3102 = ORIENTED_EDGE('',*,*,#3103,.F.);
#3103 = EDGE_CURVE('',#3104,#3106,#3108,.T.);
#3104 = VERTEX_POINT('',#3105);
#3105 = CARTESIAN_POINT('',(-17.29444529516,8.302469417314,17.));
#3106 = VERTEX_POINT('',#3107);
#3107 = CARTESIAN_POINT('',(-17.60953408162,8.446978092159,
    16.698710585336));
#3108 = SURFACE_CURVE('',#3109,(#3139,#3172),.PCURVE_S1.);
#3109 = B_SPLINE_CURVE_WITH_KNOTS('',4,(#3110,#3111,#3112,#3113,#3114,
    #3115,#3116,#3117,#3118,#3119,#3120,#3121,#3122,#3123,#3124,#3125,
    #3126,#3127,#3128,#3129,#3130,#3131,#3132,#3133,#3134,#3135,#3136,
    #3137,#3138),.UNSPECIFIED.,.F.,.F.,(5,3,3,3,3,3,3,3,3,5),(0.,
    0.122813726989,0.24497985793,0.367192385748,0.489487858205,
    0.612297525584,0.734833771747,0.857483505342,0.980333510722,1.),
  .UNSPECIFIED.);
#3110 = CARTESIAN_POINT('',(-17.29444529521,8.302469417215,17.));
#3111 = CARTESIAN_POINT('',(-17.30822161295,8.309383615467,17.));
#3112 = CARTESIAN_POINT('',(-17.32200611954,8.316280640013,
    16.999095165069));
#3113 = CARTESIAN_POINT('',(-17.33572777858,8.323123422203,
    16.997285506779));
#3114 = CARTESIAN_POINT('',(-17.3628342967,8.336589715259,
    16.991899232736));
#3115 = CARTESIAN_POINT('',(-17.37622063347,8.34321425209,
    16.988331974968));
#3116 = CARTESIAN_POINT('',(-17.38940724467,8.349710958919,
    16.983897514742));
#3117 = CARTESIAN_POINT('',(-17.41525541329,8.362379255733,
    16.973347698488));
#3118 = CARTESIAN_POINT('',(-17.42791685207,8.368550784771,
    16.967231670866));
#3119 = CARTESIAN_POINT('',(-17.44024787609,8.374522523829,
    16.960303364166));
#3120 = CARTESIAN_POINT('',(-17.46413767683,8.386004082247,
    16.944898343359));
#3121 = CARTESIAN_POINT('',(-17.47569599704,8.391513643074,
    16.936420521635));
#3122 = CARTESIAN_POINT('',(-17.48680384826,8.396756883069,
    16.927210810192));
#3123 = CARTESIAN_POINT('',(-17.5080585516,8.406674158938,
    16.907390108548));
#3124 = CARTESIAN_POINT('',(-17.5182012209,8.4113457529,16.896773312196)
  );
#3125 = CARTESIAN_POINT('',(-17.52778398583,8.415690894897,
    16.885523567637));
#3126 = CARTESIAN_POINT('',(-17.54572202473,8.423672940838,
    16.861908379691));
#3127 = CARTESIAN_POINT('',(-17.55408001614,8.427311427625,
    16.849545396484));
#3128 = CARTESIAN_POINT('',(-17.56179347436,8.430578799428,
    16.836675368168));
#3129 = CARTESIAN_POINT('',(-17.57587053622,8.436340941129,
    16.810045641575));
#3130 = CARTESIAN_POINT('',(-17.58223289883,8.43883500733,16.79628505832
    ));
#3131 = CARTESIAN_POINT('',(-17.5878821206,8.440924194301,
    16.782153448339));
#3132 = CARTESIAN_POINT('',(-17.5977154937,8.444276356899,
    16.753271231034));
#3133 = CARTESIAN_POINT('',(-17.60189724584,8.445537985032,
    16.738519587734));
#3134 = CARTESIAN_POINT('',(-17.60531654242,8.446374163985,
    16.723542834482));
#3135 = CARTESIAN_POINT('',(-17.60838373876,8.446847829163,
    16.705996194772));
#3136 = CARTESIAN_POINT('',(-17.60878712475,8.446902227065,
    16.703571047441));
#3137 = CARTESIAN_POINT('',(-17.60917058759,8.44694564977,
    16.701142406333));
#3138 = CARTESIAN_POINT('',(-17.60953408162,8.446978092159,
    16.698710585336));
#3139 = PCURVE('',#3062,#3140);
#3140 = DEFINITIONAL_REPRESENTATION('',(#3141),#3171);
#3141 = B_SPLINE_CURVE_WITH_KNOTS('',4,(#3142,#3143,#3144,#3145,#3146,
    #3147,#3148,#3149,#3150,#3151,#3152,#3153,#3154,#3155,#3156,#3157,
    #3158,#3159,#3160,#3161,#3162,#3163,#3164,#3165,#3166,#3167,#3168,
    #3169,#3170),.UNSPECIFIED.,.F.,.F.,(5,3,3,3,3,3,3,3,3,5),(0.,
    0.122813726989,0.24497985793,0.367192385748,0.489487858205,
    0.612297525584,0.734833771747,0.857483505342,0.980333510722,1.),
  .UNSPECIFIED.);
#3142 = CARTESIAN_POINT('',(2.694019309296,1.570796326795));
#3143 = CARTESIAN_POINT('',(2.694005180602,1.526762981168));
#3144 = CARTESIAN_POINT('',(2.693992073937,1.482729886806));
#3145 = CARTESIAN_POINT('',(2.693980123794,1.43869744619));
#3146 = CARTESIAN_POINT('',(2.693958964508,1.350868740265));
#3147 = CARTESIAN_POINT('',(2.693949740315,1.307072408606));
#3148 = CARTESIAN_POINT('',(2.69394202731,1.263279361708));
#3149 = CARTESIAN_POINT('',(2.693930034122,1.175687609913));
#3150 = CARTESIAN_POINT('',(2.693925754171,1.13188885078));
#3151 = CARTESIAN_POINT('',(2.69392339866,1.08809772427));
#3152 = CARTESIAN_POINT('',(2.693922930285,1.000505750593));
#3153 = CARTESIAN_POINT('',(2.693924819311,0.95670485524));
#3154 = CARTESIAN_POINT('',(2.693929028594,0.912916213172));
#3155 = CARTESIAN_POINT('',(2.693942430441,0.825182510312));
#3156 = CARTESIAN_POINT('',(2.693951643113,0.781237519933));
#3157 = CARTESIAN_POINT('',(2.69396351221,0.737307896589));
#3158 = CARTESIAN_POINT('',(2.693992720882,0.649577300461));
#3159 = CARTESIAN_POINT('',(2.694010047712,0.605776239037));
#3160 = CARTESIAN_POINT('',(2.694030207216,0.56199049673));
#3161 = CARTESIAN_POINT('',(2.694076244174,0.474405978249));
#3162 = CARTESIAN_POINT('',(2.694102126615,0.430607233004));
#3163 = CARTESIAN_POINT('',(2.694130877672,0.386820620378));
#3164 = CARTESIAN_POINT('',(2.694194024554,0.299194498549));
#3165 = CARTESIAN_POINT('',(2.694228429372,0.255355042783));
#3166 = CARTESIAN_POINT('',(2.694265567207,0.21152203471));
#3167 = CARTESIAN_POINT('',(2.6943116296,0.160675534328));
#3168 = CARTESIAN_POINT('',(2.694318051772,0.153659075498));
#3169 = CARTESIAN_POINT('',(2.69432453908,0.146642682714));
#3170 = CARTESIAN_POINT('',(2.69433109079,0.13962634016));
#3171 = ( GEOMETRIC_REPRESENTATION_CONTEXT(2) 
PARAMETRIC_REPRESENTATION_CONTEXT() REPRESENTATION_CONTEXT('2D SPACE',''
  ) );
#3172 = PCURVE('',#3173,#3182);
#3173 = SURFACE_OF_REVOLUTION('',#3174,#3179);
#3174 = CIRCLE('',#3175,1.);
#3175 = AXIS2_PLACEMENT_3D('',#3176,#3177,#3178);
#3176 = CARTESIAN_POINT('',(-17.85504228504,7.39580067121,
    16.716836889474));
#3177 = DIRECTION('',(0.382683432365,0.923879532511,0.));
#3178 = DIRECTION('',(-0.771213433461,0.319447063624,-0.550620934575));
#3179 = AXIS1_PLACEMENT('',#3180,#3181);
#3180 = CARTESIAN_POINT('',(-18.25880739398,7.563045655347,
    12.888661519232));
#3181 = DIRECTION('',(0.128579179453,-5.325923996829E-02,0.990268068742)
  );
#3182 = DEFINITIONAL_REPRESENTATION('',(#3183),#3213);
#3183 = B_SPLINE_CURVE_WITH_KNOTS('',4,(#3184,#3185,#3186,#3187,#3188,
    #3189,#3190,#3191,#3192,#3193,#3194,#3195,#3196,#3197,#3198,#3199,
    #3200,#3201,#3202,#3203,#3204,#3205,#3206,#3207,#3208,#3209,#3210,
    #3211,#3212),.UNSPECIFIED.,.F.,.F.,(5,3,3,3,3,3,3,3,3,5),(0.,
    0.122813726989,0.24497985793,0.367192385748,0.489487858205,
    0.612297525584,0.734833771747,0.857483505342,0.980333510722,1.),
  .UNSPECIFIED.);
#3184 = CARTESIAN_POINT('',(4.683994211959,1.031832750713));
#3185 = CARTESIAN_POINT('',(4.698481594352,1.029586714408));
#3186 = CARTESIAN_POINT('',(4.712824814353,1.026402067509));
#3187 = CARTESIAN_POINT('',(4.726933776286,1.022294630589));
#3188 = CARTESIAN_POINT('',(4.754449999406,1.012329004519));
#3189 = CARTESIAN_POINT('',(4.767860746918,1.00648002962));
#3190 = CARTESIAN_POINT('',(4.780881769546,0.99978546037));
#3191 = CARTESIAN_POINT('',(4.806021031894,0.984798883858));
#3192 = CARTESIAN_POINT('',(4.818138997474,0.976506121906));
#3193 = CARTESIAN_POINT('',(4.829739045866,0.967463691774));
#3194 = CARTESIAN_POINT('',(4.851816049382,0.947990136296));
#3195 = CARTESIAN_POINT('',(4.862292205775,0.93755792188));
#3196 = CARTESIAN_POINT('',(4.87215501276,0.926492263059));
#3197 = CARTESIAN_POINT('',(4.890628752271,0.903174329054));
#3198 = CARTESIAN_POINT('',(4.899234146109,0.890917137979));
#3199 = CARTESIAN_POINT('',(4.907156429893,0.878151481));
#3200 = CARTESIAN_POINT('',(4.921578756792,0.851768200828));
#3201 = CARTESIAN_POINT('',(4.928081803634,0.838152463721));
#3202 = CARTESIAN_POINT('',(4.933864932049,0.824165123886));
#3203 = CARTESIAN_POINT('',(4.94397302778,0.795569151483));
#3204 = CARTESIAN_POINT('',(4.94829653306,0.780959930339));
#3205 = CARTESIAN_POINT('',(4.951875550387,0.766113743267));
#3206 = CARTESIAN_POINT('',(4.957536219934,0.736057615787));
#3207 = CARTESIAN_POINT('',(4.959615353598,0.72084713165));
#3208 = CARTESIAN_POINT('',(4.960934323925,0.705534098774));
#3209 = CARTESIAN_POINT('',(4.96157856959,0.687729186889));
#3210 = CARTESIAN_POINT('',(4.961647916599,0.685271313243));
#3211 = CARTESIAN_POINT('',(4.961697637446,0.682812823056));
#3212 = CARTESIAN_POINT('',(4.961727787476,0.680353994951));
#3213 = ( GEOMETRIC_REPRESENTATION_CONTEXT(2) 
PARAMETRIC_REPRESENTATION_CONTEXT() REPRESENTATION_CONTEXT('2D SPACE',''
  ) );
#3214 = ORIENTED_EDGE('',*,*,#3215,.T.);
#3215 = EDGE_CURVE('',#3104,#2678,#3216,.T.);
#3216 = SURFACE_CURVE('',#3217,(#3222,#3229),.PCURVE_S1.);
#3217 = CIRCLE('',#3218,19.184077681581);
#3218 = AXIS2_PLACEMENT_3D('',#3219,#3220,#3221);
#3219 = CARTESIAN_POINT('',(0.,0.,17.));
#3220 = DIRECTION('',(0.,0.,-1.));
#3221 = DIRECTION('',(0.943477829431,0.331435642882,0.));
#3222 = PCURVE('',#3062,#3223);
#3223 = DEFINITIONAL_REPRESENTATION('',(#3224),#3228);
#3224 = LINE('',#3225,#3226);
#3225 = CARTESIAN_POINT('',(6.621010126278,1.570796326795));
#3226 = VECTOR('',#3227,1.);
#3227 = DIRECTION('',(-1.,-0.));
#3228 = ( GEOMETRIC_REPRESENTATION_CONTEXT(2) 
PARAMETRIC_REPRESENTATION_CONTEXT() REPRESENTATION_CONTEXT('2D SPACE',''
  ) );
#3229 = PCURVE('',#944,#3230);
#3230 = DEFINITIONAL_REPRESENTATION('',(#3231),#3239);
#3231 = ( BOUNDED_CURVE() B_SPLINE_CURVE(2,(#3232,#3233,#3234,#3235,
#3236,#3237,#3238),.UNSPECIFIED.,.T.,.F.) B_SPLINE_CURVE_WITH_KNOTS((1,2
    ,2,2,2,1),(-2.094395102393,0.,2.094395102393,4.188790204786,
6.28318530718,8.377580409573),.UNSPECIFIED.) CURVE() 
GEOMETRIC_REPRESENTATION_ITEM() RATIONAL_B_SPLINE_CURVE((1.,0.5,1.,0.5,
1.,0.5,1.)) REPRESENTATION_ITEM('') );
#3232 = CARTESIAN_POINT('',(54.288779250362,52.800766540616));
#3233 = CARTESIAN_POINT('',(76.460357274536,28.051874900854));
#3234 = CARTESIAN_POINT('',(43.941399386907,21.225170909811));
#3235 = CARTESIAN_POINT('',(11.422441499277,14.398466918768));
#3236 = CARTESIAN_POINT('',(21.769821362732,45.974062549573));
#3237 = CARTESIAN_POINT('',(32.117201226187,77.549658180378));
#3238 = CARTESIAN_POINT('',(54.288779250362,52.800766540616));
#3239 = ( GEOMETRIC_REPRESENTATION_CONTEXT(2) 
PARAMETRIC_REPRESENTATION_CONTEXT() REPRESENTATION_CONTEXT('2D SPACE',''
  ) );
#3240 = ORIENTED_EDGE('',*,*,#2996,.F.);
#3241 = ORIENTED_EDGE('',*,*,#3242,.F.);
#3242 = EDGE_CURVE('',#3106,#2932,#3243,.T.);
#3243 = SURFACE_CURVE('',#3244,(#3249,#3256),.PCURVE_S1.);
#3244 = CIRCLE('',#3245,19.53067150564);
#3245 = AXIS2_PLACEMENT_3D('',#3246,#3247,#3248);
#3246 = CARTESIAN_POINT('',(0.,0.,16.698710585336));
#3247 = DIRECTION('',(0.,0.,-1.));
#3248 = DIRECTION('',(0.943374448074,0.3317297857,0.));
#3249 = PCURVE('',#3062,#3250);
#3250 = DEFINITIONAL_REPRESENTATION('',(#3251),#3255);
#3251 = LINE('',#3252,#3253);
#3252 = CARTESIAN_POINT('',(6.621321907777,0.13962634016));
#3253 = VECTOR('',#3254,1.);
#3254 = DIRECTION('',(-1.,-0.));
#3255 = ( GEOMETRIC_REPRESENTATION_CONTEXT(2) 
PARAMETRIC_REPRESENTATION_CONTEXT() REPRESENTATION_CONTEXT('2D SPACE',''
  ) );
#3256 = PCURVE('',#384,#3257);
#3257 = DEFINITIONAL_REPRESENTATION('',(#3258),#3262);
#3258 = LINE('',#3259,#3260);
#3259 = CARTESIAN_POINT('',(-6.621321907777,-3.698710585336));
#3260 = VECTOR('',#3261,1.);
#3261 = DIRECTION('',(1.,-0.));
#3262 = ( GEOMETRIC_REPRESENTATION_CONTEXT(2) 
PARAMETRIC_REPRESENTATION_CONTEXT() REPRESENTATION_CONTEXT('2D SPACE',''
  ) );
#3263 = ADVANCED_FACE('',(#3264),#3173,.T.);
#3264 = FACE_BOUND('',#3265,.T.);
#3265 = EDGE_LOOP('',(#3266,#3425,#3426,#3491,#3520,#3585));
#3266 = ORIENTED_EDGE('',*,*,#3267,.T.);
#3267 = EDGE_CURVE('',#3268,#3104,#3270,.T.);
#3268 = VERTEX_POINT('',#3269);
#3269 = CARTESIAN_POINT('',(-18.09975197064,6.358287119494,17.));
#3270 = SURFACE_CURVE('',#3271,(#3310,#3383),.PCURVE_S1.);
#3271 = B_SPLINE_CURVE_WITH_KNOTS('',7,(#3272,#3273,#3274,#3275,#3276,
    #3277,#3278,#3279,#3280,#3281,#3282,#3283,#3284,#3285,#3286,#3287,
    #3288,#3289,#3290,#3291,#3292,#3293,#3294,#3295,#3296,#3297,#3298,
    #3299,#3300,#3301,#3302,#3303,#3304,#3305,#3306,#3307,#3308,#3309),
  .UNSPECIFIED.,.F.,.F.,(8,6,6,6,6,6,8),(0.741795890122,0.823668423302,
    0.878544277659,1.,1.121448595208,1.176320530943,1.258204133755),
  .UNSPECIFIED.);
#3272 = CARTESIAN_POINT('',(-18.09975197064,6.358287119494,17.));
#3273 = CARTESIAN_POINT('',(-18.17341285241,6.382717141379,17.));
#3274 = CARTESIAN_POINT('',(-18.24510703638,6.413527827986,17.));
#3275 = CARTESIAN_POINT('',(-18.31415079769,6.450538827693,17.));
#3276 = CARTESIAN_POINT('',(-18.37989171981,6.493477003886,17.));
#3277 = CARTESIAN_POINT('',(-18.44171445216,6.541984944335,17.));
#3278 = CARTESIAN_POINT('',(-18.49905073879,6.595623140716,17.));
#3279 = CARTESIAN_POINT('',(-18.58647710453,6.692903567608,17.));
#3280 = CARTESIAN_POINT('',(-18.61932013339,6.734013124117,17.));
#3281 = CARTESIAN_POINT('',(-18.64977130622,6.777038350437,17.));
#3282 = CARTESIAN_POINT('',(-18.67769408994,6.821810286382,17.));
#3283 = CARTESIAN_POINT('',(-18.70296771853,6.868148131167,17.));
#3284 = CARTESIAN_POINT('',(-18.72548799466,6.915860205627,17.));
#3285 = CARTESIAN_POINT('',(-18.78872568817,7.07294054413,17.));
#3286 = CARTESIAN_POINT('',(-18.81839239211,7.186934630736,17.));
#3287 = CARTESIAN_POINT('',(-18.83317497417,7.304477022433,17.));
#3288 = CARTESIAN_POINT('',(-18.83262268243,7.423200571487,17.));
#3289 = CARTESIAN_POINT('',(-18.81672298218,7.540732102736,17.));
#3290 = CARTESIAN_POINT('',(-18.78589572183,7.654696980436,17.));
#3291 = CARTESIAN_POINT('',(-18.69632502649,7.87093976793,17.));
#3292 = CARTESIAN_POINT('',(-18.63754213283,7.973317579949,17.));
#3293 = CARTESIAN_POINT('',(-18.56568334211,8.067663105251,17.));
#3294 = CARTESIAN_POINT('',(-18.48213061754,8.152000670283,17.));
#3295 = CARTESIAN_POINT('',(-18.3885705788,8.22466131057,17.));
#3296 = CARTESIAN_POINT('',(-18.28699537126,8.284290101103,17.));
#3297 = CARTESIAN_POINT('',(-18.13121972489,8.350649825647,17.));
#3298 = CARTESIAN_POINT('',(-18.08156237683,8.368464313411,17.));
#3299 = CARTESIAN_POINT('',(-18.03092983122,8.383360625756,17.));
#3300 = CARTESIAN_POINT('',(-17.9795312563,8.395276905641,17.));
#3301 = CARTESIAN_POINT('',(-17.92757984391,8.404170698232,17.));
#3302 = CARTESIAN_POINT('',(-17.87529156287,8.410019064524,17.));
#3303 = CARTESIAN_POINT('',(-17.74467768172,8.416996492308,17.));
#3304 = CARTESIAN_POINT('',(-17.66619596548,8.414385787792,17.));
#3305 = CARTESIAN_POINT('',(-17.58816922987,8.404973162962,17.));
#3306 = CARTESIAN_POINT('',(-17.51131036705,8.388849654959,17.));
#3307 = CARTESIAN_POINT('',(-17.43630751247,8.366197702398,17.));
#3308 = CARTESIAN_POINT('',(-17.36381540578,8.337285593619,17.));
#3309 = CARTESIAN_POINT('',(-17.29444529516,8.302469417314,17.));
#3310 = PCURVE('',#3173,#3311);
#3311 = DEFINITIONAL_REPRESENTATION('',(#3312),#3382);
#3312 = B_SPLINE_CURVE_WITH_KNOTS('',3,(#3313,#3314,#3315,#3316,#3317,
    #3318,#3319,#3320,#3321,#3322,#3323,#3324,#3325,#3326,#3327,#3328,
    #3329,#3330,#3331,#3332,#3333,#3334,#3335,#3336,#3337,#3338,#3339,
    #3340,#3341,#3342,#3343,#3344,#3345,#3346,#3347,#3348,#3349,#3350,
    #3351,#3352,#3353,#3354,#3355,#3356,#3357,#3358,#3359,#3360,#3361,
    #3362,#3363,#3364,#3365,#3366,#3367,#3368,#3369,#3370,#3371,#3372,
    #3373,#3374,#3375,#3376,#3377,#3378,#3379,#3380,#3381),
  .UNSPECIFIED.,.F.,.F.,(4,1,1,1,1,1,1,1,1,1,1,1,1,1,1,1,1,1,1,1,1,1,1,1
    ,1,1,1,1,1,1,1,1,1,1,1,1,1,1,1,1,1,1,1,1,1,1,1,1,1,1,1,1,1,1,1,1,1,1
    ,1,1,1,1,1,1,1,1,4),(0.741795890122,0.74962025745,0.757444624778,
    0.765268992106,0.773093359433,0.780917726761,0.788742094089,
    0.796566461417,0.804390828744,0.812215196072,0.8200395634,
    0.827863930728,0.835688298055,0.843512665383,0.851337032711,
    0.859161400039,0.866985767366,0.874810134694,0.882634502022,
    0.89045886935,0.898283236678,0.906107604005,0.913931971333,
    0.921756338661,0.929580705989,0.937405073316,0.945229440644,
    0.953053807972,0.9608781753,0.968702542627,0.976526909955,
    0.984351277283,0.992175644611,1.000000011938,1.007824379266,
    1.015648746594,1.023473113922,1.03129748125,1.039121848577,
    1.046946215905,1.054770583233,1.062594950561,1.070419317888,
    1.078243685216,1.086068052544,1.093892419872,1.101716787199,
    1.109541154527,1.117365521855,1.125189889183,1.13301425651,
    1.140838623838,1.148662991166,1.156487358494,1.164311725821,
    1.172136093149,1.179960460477,1.187784827805,1.195609195133,
    1.20343356246,1.211257929788,1.219082297116,1.226906664444,
    1.234731031771,1.242555399099,1.250379766427,1.258204133755),
  .QUASI_UNIFORM_KNOTS.);
#3313 = CARTESIAN_POINT('',(7.882376400371,1.0318327639));
#3314 = CARTESIAN_POINT('',(7.866111179149,1.029311100647));
#3315 = CARTESIAN_POINT('',(7.833599900695,1.024262236658));
#3316 = CARTESIAN_POINT('',(7.784886972822,1.016690572896));
#3317 = CARTESIAN_POINT('',(7.736224774471,1.009138842031));
#3318 = CARTESIAN_POINT('',(7.68760919878,1.001625148722));
#3319 = CARTESIAN_POINT('',(7.639035855156,0.994167452767));
#3320 = CARTESIAN_POINT('',(7.590500170013,0.986783538481));
#3321 = CARTESIAN_POINT('',(7.54199760645,0.979491005414));
#3322 = CARTESIAN_POINT('',(7.493523835337,0.972307249751));
#3323 = CARTESIAN_POINT('',(7.445074989818,0.965249456045));
#3324 = CARTESIAN_POINT('',(7.396647683907,0.958334554034));
#3325 = CARTESIAN_POINT('',(7.34823997835,0.95157930635));
#3326 = CARTESIAN_POINT('',(7.299845714699,0.944999475521));
#3327 = CARTESIAN_POINT('',(7.251462334976,0.938610883601));
#3328 = CARTESIAN_POINT('',(7.203086687271,0.932428801319));
#3329 = CARTESIAN_POINT('',(7.154715816594,0.926468004413));
#3330 = CARTESIAN_POINT('',(7.10634705288,0.920742743528));
#3331 = CARTESIAN_POINT('',(7.057978018869,0.9152667207));
#3332 = CARTESIAN_POINT('',(7.00960763409,0.910053161132));
#3333 = CARTESIAN_POINT('',(6.961226030003,0.90511375784));
#3334 = CARTESIAN_POINT('',(6.912836950529,0.900460999335));
#3335 = CARTESIAN_POINT('',(6.864441088319,0.896106267805));
#3336 = CARTESIAN_POINT('',(6.816039010585,0.892060170525));
#3337 = CARTESIAN_POINT('',(6.767630645494,0.888332473036));
#3338 = CARTESIAN_POINT('',(6.719215661895,0.884932133771));
#3339 = CARTESIAN_POINT('',(6.670793587479,0.881867305558));
#3340 = CARTESIAN_POINT('',(6.622363979924,0.879145339522));
#3341 = CARTESIAN_POINT('',(6.573926574989,0.876772781504));
#3342 = CARTESIAN_POINT('',(6.525481428129,0.874755363339));
#3343 = CARTESIAN_POINT('',(6.477029086507,0.873097988139));
#3344 = CARTESIAN_POINT('',(6.428570654872,0.871804709649));
#3345 = CARTESIAN_POINT('',(6.380108292812,0.870878705593));
#3346 = CARTESIAN_POINT('',(6.33164415905,0.870322244779));
#3347 = CARTESIAN_POINT('',(6.28318523297,0.870136648905));
#3348 = CARTESIAN_POINT('',(6.234726308535,0.87032224591));
#3349 = CARTESIAN_POINT('',(6.186262178567,0.870878707791));
#3350 = CARTESIAN_POINT('',(6.137799821495,0.871804712823));
#3351 = CARTESIAN_POINT('',(6.089341395374,0.873097992188));
#3352 = CARTESIAN_POINT('',(6.040889059306,0.874755368168));
#3353 = CARTESIAN_POINT('',(5.992443917709,0.876772787032));
#3354 = CARTESIAN_POINT('',(5.944006517539,0.879145345683));
#3355 = CARTESIAN_POINT('',(5.895576914151,0.881867312305));
#3356 = CARTESIAN_POINT('',(5.847154843306,0.884932141069));
#3357 = CARTESIAN_POINT('',(5.798739862791,0.888332480854));
#3358 = CARTESIAN_POINT('',(5.750331500538,0.892060178824));
#3359 = CARTESIAN_POINT('',(5.701929425746,0.896106276521));
#3360 = CARTESIAN_POINT('',(5.653533567257,0.900461008336));
#3361 = CARTESIAN_POINT('',(5.605144492695,0.905113766943));
#3362 = CARTESIAN_POINT('',(5.556762897313,0.910053169857));
#3363 = CARTESIAN_POINT('',(5.508392521037,0.915266728946));
#3364 = CARTESIAN_POINT('',(5.460023490231,0.920742751784));
#3365 = CARTESIAN_POINT('',(5.41165473151,0.926468012423));
#3366 = CARTESIAN_POINT('',(5.363283865282,0.932428809088));
#3367 = CARTESIAN_POINT('',(5.314908222006,0.938610891071));
#3368 = CARTESIAN_POINT('',(5.266524846414,0.944999482667));
#3369 = CARTESIAN_POINT('',(5.218130587903,0.951579312975));
#3370 = CARTESIAN_POINT('',(5.169722885503,0.95833456039));
#3371 = CARTESIAN_POINT('',(5.121295582234,0.965249462152));
#3372 = CARTESIAN_POINT('',(5.072846741587,0.972307255257));
#3373 = CARTESIAN_POINT('',(5.024372975624,0.979491010238));
#3374 = CARTESIAN_POINT('',(4.975870417175,0.986783542596));
#3375 = CARTESIAN_POINT('',(4.927334736697,0.994167456211));
#3376 = CARTESIAN_POINT('',(4.878761397216,1.001625151553));
#3377 = CARTESIAN_POINT('',(4.830145825283,1.009138844294));
#3378 = CARTESIAN_POINT('',(4.781483630697,1.01669057458));
#3379 = CARTESIAN_POINT('',(4.732770707211,1.024262237661));
#3380 = CARTESIAN_POINT('',(4.700259432777,1.029311101025));
#3381 = CARTESIAN_POINT('',(4.683994213989,1.0318327639));
#3382 = ( GEOMETRIC_REPRESENTATION_CONTEXT(2) 
PARAMETRIC_REPRESENTATION_CONTEXT() REPRESENTATION_CONTEXT('2D SPACE',''
  ) );
#3383 = PCURVE('',#944,#3384);
#3384 = DEFINITIONAL_REPRESENTATION('',(#3385),#3424);
#3385 = B_SPLINE_CURVE_WITH_KNOTS('',7,(#3386,#3387,#3388,#3389,#3390,
    #3391,#3392,#3393,#3394,#3395,#3396,#3397,#3398,#3399,#3400,#3401,
    #3402,#3403,#3404,#3405,#3406,#3407,#3408,#3409,#3410,#3411,#3412,
    #3413,#3414,#3415,#3416,#3417,#3418,#3419,#3420,#3421,#3422,#3423),
  .UNSPECIFIED.,.F.,.F.,(8,6,6,6,6,6,8),(0.741795890122,0.823668423302,
    0.878544277659,1.,1.121448595208,1.176320530943,1.258204133755),
  .UNSPECIFIED.);
#3386 = CARTESIAN_POINT('',(20.844798471936,38.947816122446));
#3387 = CARTESIAN_POINT('',(20.767395726299,38.94219772058));
#3388 = CARTESIAN_POINT('',(20.689368197823,38.943226906916));
#3389 = CARTESIAN_POINT('',(20.611416583495,38.950998708459));
#3390 = CARTESIAN_POINT('',(20.534248162455,38.965510448884));
#3391 = CARTESIAN_POINT('',(20.45856822025,38.986667406818));
#3392 = CARTESIAN_POINT('',(20.385069949466,39.014280991649));
#3393 = CARTESIAN_POINT('',(20.26707091189,39.070699765246));
#3394 = CARTESIAN_POINT('',(20.22099596355,39.096111560082));
#3395 = CARTESIAN_POINT('',(20.176397706948,39.124208526723));
#3396 = CARTESIAN_POINT('',(20.133466940462,39.15488681526));
#3397 = CARTESIAN_POINT('',(20.092384426801,39.188025602699));
#3398 = CARTESIAN_POINT('',(20.053319784202,39.22348767518));
#3399 = CARTESIAN_POINT('',(19.934783730381,39.344410967272));
#3400 = CARTESIAN_POINT('',(19.863751621487,39.438374814627));
#3401 = CARTESIAN_POINT('',(19.805112770582,39.541312775277));
#3402 = CARTESIAN_POINT('',(19.760189486362,39.651210385173));
#3403 = CARTESIAN_POINT('',(19.729901524206,39.765879913184));
#3404 = CARTESIAN_POINT('',(19.714769728517,39.882966812916));
#3405 = CARTESIAN_POINT('',(19.714769728517,40.117026319469));
#3406 = CARTESIAN_POINT('',(19.729899748321,40.234106324084));
#3407 = CARTESIAN_POINT('',(19.760184144857,40.348769392576));
#3408 = CARTESIAN_POINT('',(19.805102208103,40.45866138615));
#3409 = CARTESIAN_POINT('',(19.86373438973,40.561594941286));
#3410 = CARTESIAN_POINT('',(19.934758694765,40.655555909477));
#3411 = CARTESIAN_POINT('',(20.053281858945,40.776477059795));
#3412 = CARTESIAN_POINT('',(20.09234195714,40.811938544823));
#3413 = CARTESIAN_POINT('',(20.133419757763,40.845077179249));
#3414 = CARTESIAN_POINT('',(20.176345686251,40.87575576941));
#3415 = CARTESIAN_POINT('',(20.220939025762,40.903853507158));
#3416 = CARTESIAN_POINT('',(20.267009025517,40.929266551935));
#3417 = CARTESIAN_POINT('',(20.385010370967,40.985696623009));
#3418 = CARTESIAN_POINT('',(20.458517095644,41.013318299091));
#3419 = CARTESIAN_POINT('',(20.534206455239,41.034481706662));
#3420 = CARTESIAN_POINT('',(20.611384984869,41.048998141055));
#3421 = CARTESIAN_POINT('',(20.68934711405,41.05677281554));
#3422 = CARTESIAN_POINT('',(20.767385272719,41.057803038207));
#3423 = CARTESIAN_POINT('',(20.844798471936,41.052183877553));
#3424 = ( GEOMETRIC_REPRESENTATION_CONTEXT(2) 
PARAMETRIC_REPRESENTATION_CONTEXT() REPRESENTATION_CONTEXT('2D SPACE',''
  ) );
#3425 = ORIENTED_EDGE('',*,*,#3103,.T.);
#3426 = ORIENTED_EDGE('',*,*,#3427,.F.);
#3427 = EDGE_CURVE('',#3428,#3106,#3430,.T.);
#3428 = VERTEX_POINT('',#3429);
#3429 = CARTESIAN_POINT('',(-17.80162049983,8.240913619171,
    16.087414712335));
#3430 = SURFACE_CURVE('',#3431,(#3449,#3470),.PCURVE_S1.);
#3431 = B_SPLINE_CURVE_WITH_KNOTS('',6,(#3432,#3433,#3434,#3435,#3436,
    #3437,#3438,#3439,#3440,#3441,#3442,#3443,#3444,#3445,#3446,#3447,
    #3448),.UNSPECIFIED.,.F.,.F.,(7,5,5,7),(0.,0.493872364423,
    0.948341652732,1.),.UNSPECIFIED.);
#3432 = CARTESIAN_POINT('',(-17.80162049983,8.240913619171,
    16.087414712335));
#3433 = CARTESIAN_POINT('',(-17.77887884626,8.275823252452,
    16.129907982221));
#3434 = CARTESIAN_POINT('',(-17.75724444673,8.307259927644,
    16.174892809534));
#3435 = CARTESIAN_POINT('',(-17.73687974042,8.335094443054,
    16.221949280885));
#3436 = CARTESIAN_POINT('',(-17.71788797293,8.359310586369,
    16.270687346253));
#3437 = CARTESIAN_POINT('',(-17.70033190832,8.379940828454,
    16.320784017637));
#3438 = CARTESIAN_POINT('',(-17.66945529466,8.412750099182,
    16.419111531155));
#3439 = CARTESIAN_POINT('',(-17.65591283727,8.425467508717,
    16.467158832587));
#3440 = CARTESIAN_POINT('',(-17.64365924091,8.435210517022,
    16.515924669477));
#3441 = CARTESIAN_POINT('',(-17.63272242679,8.442009157062,
    16.565217559063));
#3442 = CARTESIAN_POINT('',(-17.62312490484,8.445890435318,
    16.614861302374));
#3443 = CARTESIAN_POINT('',(-17.61395129883,8.446982482571,
    16.670357955093));
#3444 = CARTESIAN_POINT('',(-17.61303256767,8.44705646483,16.67602466721
    ));
#3445 = CARTESIAN_POINT('',(-17.61213144881,8.447092993784,
    16.681693532674));
#3446 = CARTESIAN_POINT('',(-17.61124797382,8.447092093244,
    16.687364305316));
#3447 = CARTESIAN_POINT('',(-17.61038217424,8.447053785669,
    16.693036738542));
#3448 = CARTESIAN_POINT('',(-17.60953408162,8.446978092159,
    16.698710585336));
#3449 = PCURVE('',#3173,#3450);
#3450 = DEFINITIONAL_REPRESENTATION('',(#3451),#3469);
#3451 = B_SPLINE_CURVE_WITH_KNOTS('',6,(#3452,#3453,#3454,#3455,#3456,
    #3457,#3458,#3459,#3460,#3461,#3462,#3463,#3464,#3465,#3466,#3467,
    #3468),.UNSPECIFIED.,.F.,.F.,(7,5,5,7),(0.,0.493872364423,
    0.948341652732,1.),.UNSPECIFIED.);
#3452 = CARTESIAN_POINT('',(5.052795423858,0.));
#3453 = CARTESIAN_POINT('',(5.034864694683,5.752609456465E-02));
#3454 = CARTESIAN_POINT('',(5.020335149972,0.11489635074));
#3455 = CARTESIAN_POINT('',(5.008338251646,0.171917291573));
#3456 = CARTESIAN_POINT('',(4.998393776607,0.228534481467));
#3457 = CARTESIAN_POINT('',(4.990158893419,0.284754015954));
#3458 = CARTESIAN_POINT('',(4.977189597277,0.392087131634));
#3459 = CARTESIAN_POINT('',(4.972229806608,0.443235339948));
#3460 = CARTESIAN_POINT('',(4.968346346403,0.494138548117));
#3461 = CARTESIAN_POINT('',(4.965436991748,0.544847500895));
#3462 = CARTESIAN_POINT('',(4.963437032776,0.595419422515));
#3463 = CARTESIAN_POINT('',(4.962192560975,0.651663197025));
#3464 = CARTESIAN_POINT('',(4.96207692878,0.657402842657));
#3465 = CARTESIAN_POINT('',(4.961972674149,0.663141652532));
#3466 = CARTESIAN_POINT('',(4.961879771439,0.668879717182));
#3467 = CARTESIAN_POINT('',(4.961798177682,0.67461713042));
#3468 = CARTESIAN_POINT('',(4.961727832578,0.680353989335));
#3469 = ( GEOMETRIC_REPRESENTATION_CONTEXT(2) 
PARAMETRIC_REPRESENTATION_CONTEXT() REPRESENTATION_CONTEXT('2D SPACE',''
  ) );
#3470 = PCURVE('',#384,#3471);
#3471 = DEFINITIONAL_REPRESENTATION('',(#3472),#3490);
#3472 = B_SPLINE_CURVE_WITH_KNOTS('',6,(#3473,#3474,#3475,#3476,#3477,
    #3478,#3479,#3480,#3481,#3482,#3483,#3484,#3485,#3486,#3487,#3488,
    #3489),.UNSPECIFIED.,.F.,.F.,(7,5,5,7),(0.,0.493872364423,
    0.948341652732,1.),.UNSPECIFIED.);
#3473 = CARTESIAN_POINT('',(-2.708037878097,-3.087414712335));
#3474 = CARTESIAN_POINT('',(-2.705935907485,-3.129907982221));
#3475 = CARTESIAN_POINT('',(-2.704016775253,-3.174892809534));
#3476 = CARTESIAN_POINT('',(-2.702290001475,-3.221949280885));
#3477 = CARTESIAN_POINT('',(-2.700758751418,-3.270687346253));
#3478 = CARTESIAN_POINT('',(-2.699423140242,-3.320784017637));
#3479 = CARTESIAN_POINT('',(-2.697232677447,-3.419111531155));
#3480 = CARTESIAN_POINT('',(-2.696348275073,-3.467158832587));
#3481 = CARTESIAN_POINT('',(-2.695628728091,-3.515924669477));
#3482 = CARTESIAN_POINT('',(-2.695073511731,-3.565217559063));
#3483 = CARTESIAN_POINT('',(-2.694682135119,-3.614861302374));
#3484 = CARTESIAN_POINT('',(-2.694428686571,-3.670357955093));
#3485 = CARTESIAN_POINT('',(-2.694404934598,-3.67602466721));
#3486 = CARTESIAN_POINT('',(-2.694383299015,-3.681693532674));
#3487 = CARTESIAN_POINT('',(-2.694363779809,-3.687364305316));
#3488 = CARTESIAN_POINT('',(-2.69434637703,-3.693036738542));
#3489 = CARTESIAN_POINT('',(-2.69433109079,-3.698710585336));
#3490 = ( GEOMETRIC_REPRESENTATION_CONTEXT(2) 
PARAMETRIC_REPRESENTATION_CONTEXT() REPRESENTATION_CONTEXT('2D SPACE',''
  ) );
#3491 = ORIENTED_EDGE('',*,*,#3492,.F.);
#3492 = EDGE_CURVE('',#3493,#3428,#3495,.T.);
#3493 = VERTEX_POINT('',#3494);
#3494 = CARTESIAN_POINT('',(-18.41485247482,6.760440668253,
    16.087414712335));
#3495 = SURFACE_CURVE('',#3496,(#3501,#3508),.PCURVE_S1.);
#3496 = CIRCLE('',#3497,0.85);
#3497 = AXIS2_PLACEMENT_3D('',#3498,#3499,#3500);
#3498 = CARTESIAN_POINT('',(-17.84860057815,7.393132428853,
    16.047918819083));
#3499 = DIRECTION('',(-0.128579179453,5.325923996829E-02,-0.990268068742
    ));
#3500 = DIRECTION('',(-0.666178701968,-0.744343247765,4.646575676742E-02
    ));
#3501 = PCURVE('',#3173,#3502);
#3502 = DEFINITIONAL_REPRESENTATION('',(#3503),#3507);
#3503 = LINE('',#3504,#3505);
#3504 = CARTESIAN_POINT('',(7.513575190501,0.));
#3505 = VECTOR('',#3506,1.);
#3506 = DIRECTION('',(-1.,-0.));
#3507 = ( GEOMETRIC_REPRESENTATION_CONTEXT(2) 
PARAMETRIC_REPRESENTATION_CONTEXT() REPRESENTATION_CONTEXT('2D SPACE',''
  ) );
#3508 = PCURVE('',#3509,#3514);
#3509 = TOROIDAL_SURFACE('',#3510,1.,0.2);
#3510 = AXIS2_PLACEMENT_3D('',#3511,#3512,#3513);
#3511 = CARTESIAN_POINT('',(-17.86561000478,7.400177964051,
    15.916918667024));
#3512 = DIRECTION('',(-0.128579179453,5.325923996829E-02,-0.990268068742
    ));
#3513 = DIRECTION('',(-0.91488840041,0.378959183508,0.13917310096));
#3514 = DEFINITIONAL_REPRESENTATION('',(#3515),#3519);
#3515 = LINE('',#3516,#3517);
#3516 = CARTESIAN_POINT('',(-7.513575190501,3.864326901403));
#3517 = VECTOR('',#3518,1.);
#3518 = DIRECTION('',(1.,-0.));
#3519 = ( GEOMETRIC_REPRESENTATION_CONTEXT(2) 
PARAMETRIC_REPRESENTATION_CONTEXT() REPRESENTATION_CONTEXT('2D SPACE',''
  ) );
#3520 = ORIENTED_EDGE('',*,*,#3521,.T.);
#3521 = EDGE_CURVE('',#3493,#3522,#3524,.T.);
#3522 = VERTEX_POINT('',#3523);
#3523 = CARTESIAN_POINT('',(-18.42473645215,6.478905473151,
    16.698710585336));
#3524 = SURFACE_CURVE('',#3525,(#3543,#3564),.PCURVE_S1.);
#3525 = B_SPLINE_CURVE_WITH_KNOTS('',6,(#3526,#3527,#3528,#3529,#3530,
    #3531,#3532,#3533,#3534,#3535,#3536,#3537,#3538,#3539,#3540,#3541,
    #3542),.UNSPECIFIED.,.F.,.F.,(7,5,5,7),(0.,0.493872364423,
    0.948341652732,1.),.UNSPECIFIED.);
#3526 = CARTESIAN_POINT('',(-18.41485247482,6.760440668253,
    16.087414712335));
#3527 = CARTESIAN_POINT('',(-18.42345653579,6.719675052375,
    16.129907982221));
#3528 = CARTESIAN_POINT('',(-18.43038779138,6.682148135556,
    16.174892809534));
#3529 = CARTESIAN_POINT('',(-18.43566974406,6.648066139034,
    16.221949280885));
#3530 = CARTESIAN_POINT('',(-18.43936393563,6.617513532303,
    16.270687346253));
#3531 = CARTESIAN_POINT('',(-18.44153770737,6.590511735889,
    16.320784017637));
#3532 = CARTESIAN_POINT('',(-18.44290430229,6.545479015172,
    16.419111531155));
#3533 = CARTESIAN_POINT('',(-18.44232090535,6.526910485197,
    16.467158832587));
#3534 = CARTESIAN_POINT('',(-18.44054565151,6.511356536872,
    16.515924669477));
#3535 = CARTESIAN_POINT('',(-18.43761952056,6.498815676969,
    16.565217559063));
#3536 = CARTESIAN_POINT('',(-18.43357752588,6.489284725944,
    16.614861302374));
#3537 = CARTESIAN_POINT('',(-18.42786300088,6.482025812906,
    16.670357955093));
#3538 = CARTESIAN_POINT('',(-18.4272656732,6.481323858513,16.67602466721
    ));
#3539 = CARTESIAN_POINT('',(-18.42665431582,6.480660841387,
    16.681693532674));
#3540 = CARTESIAN_POINT('',(-18.42602896788,6.480036767007,
    16.687364305316));
#3541 = CARTESIAN_POINT('',(-18.42538966759,6.479451641802,
    16.693036738542));
#3542 = CARTESIAN_POINT('',(-18.42473645215,6.478905473151,
    16.698710585336));
#3543 = PCURVE('',#3173,#3544);
#3544 = DEFINITIONAL_REPRESENTATION('',(#3545),#3563);
#3545 = B_SPLINE_CURVE_WITH_KNOTS('',6,(#3546,#3547,#3548,#3549,#3550,
    #3551,#3552,#3553,#3554,#3555,#3556,#3557,#3558,#3559,#3560,#3561,
    #3562),.UNSPECIFIED.,.F.,.F.,(7,5,5,7),(0.,0.493872364423,
    0.948341652732,1.),.UNSPECIFIED.);
#3546 = CARTESIAN_POINT('',(7.513575190501,0.));
#3547 = CARTESIAN_POINT('',(7.531505919677,5.752609456465E-02));
#3548 = CARTESIAN_POINT('',(7.546035464387,0.11489635074));
#3549 = CARTESIAN_POINT('',(7.558032362714,0.171917291573));
#3550 = CARTESIAN_POINT('',(7.567976837752,0.228534481467));
#3551 = CARTESIAN_POINT('',(7.57621172094,0.284754015954));
#3552 = CARTESIAN_POINT('',(7.589181017082,0.392087131634));
#3553 = CARTESIAN_POINT('',(7.594140807751,0.443235339948));
#3554 = CARTESIAN_POINT('',(7.598024267956,0.494138548117));
#3555 = CARTESIAN_POINT('',(7.600933622611,0.544847500895));
#3556 = CARTESIAN_POINT('',(7.602933581583,0.595419422515));
#3557 = CARTESIAN_POINT('',(7.604178053384,0.651663197025));
#3558 = CARTESIAN_POINT('',(7.604293685579,0.657402842657));
#3559 = CARTESIAN_POINT('',(7.604397940211,0.663141652532));
#3560 = CARTESIAN_POINT('',(7.60449084292,0.668879717182));
#3561 = CARTESIAN_POINT('',(7.604572436677,0.67461713042));
#3562 = CARTESIAN_POINT('',(7.604642781781,0.680353989335));
#3563 = ( GEOMETRIC_REPRESENTATION_CONTEXT(2) 
PARAMETRIC_REPRESENTATION_CONTEXT() REPRESENTATION_CONTEXT('2D SPACE',''
  ) );
#3564 = PCURVE('',#327,#3565);
#3565 = DEFINITIONAL_REPRESENTATION('',(#3566),#3584);
#3566 = B_SPLINE_CURVE_WITH_KNOTS('',6,(#3567,#3568,#3569,#3570,#3571,
    #3572,#3573,#3574,#3575,#3576,#3577,#3578,#3579,#3580,#3581,#3582,
    #3583),.UNSPECIFIED.,.F.,.F.,(7,5,5,7),(0.,0.493872364423,
    0.948341652732,1.),.UNSPECIFIED.);
#3567 = CARTESIAN_POINT('',(-2.789749265685,-3.087414712335));
#3568 = CARTESIAN_POINT('',(-2.791851236297,-3.129907982221));
#3569 = CARTESIAN_POINT('',(-2.79377036853,-3.174892809534));
#3570 = CARTESIAN_POINT('',(-2.795497142307,-3.221949280885));
#3571 = CARTESIAN_POINT('',(-2.797028392364,-3.270687346253));
#3572 = CARTESIAN_POINT('',(-2.79836400354,-3.320784017637));
#3573 = CARTESIAN_POINT('',(-2.800554466335,-3.419111531155));
#3574 = CARTESIAN_POINT('',(-2.801438868709,-3.467158832587));
#3575 = CARTESIAN_POINT('',(-2.802158415691,-3.515924669477));
#3576 = CARTESIAN_POINT('',(-2.802713632052,-3.565217559063));
#3577 = CARTESIAN_POINT('',(-2.803105008663,-3.614861302374));
#3578 = CARTESIAN_POINT('',(-2.803358457211,-3.670357955093));
#3579 = CARTESIAN_POINT('',(-2.803382209185,-3.67602466721));
#3580 = CARTESIAN_POINT('',(-2.803403844768,-3.681693532674));
#3581 = CARTESIAN_POINT('',(-2.803423363973,-3.687364305316));
#3582 = CARTESIAN_POINT('',(-2.803440766753,-3.693036738542));
#3583 = CARTESIAN_POINT('',(-2.803456052993,-3.698710585336));
#3584 = ( GEOMETRIC_REPRESENTATION_CONTEXT(2) 
PARAMETRIC_REPRESENTATION_CONTEXT() REPRESENTATION_CONTEXT('2D SPACE',''
  ) );
#3585 = ORIENTED_EDGE('',*,*,#3586,.T.);
#3586 = EDGE_CURVE('',#3522,#3268,#3587,.T.);
#3587 = SURFACE_CURVE('',#3588,(#3618,#3651),.PCURVE_S1.);
#3588 = B_SPLINE_CURVE_WITH_KNOTS('',4,(#3589,#3590,#3591,#3592,#3593,
    #3594,#3595,#3596,#3597,#3598,#3599,#3600,#3601,#3602,#3603,#3604,
    #3605,#3606,#3607,#3608,#3609,#3610,#3611,#3612,#3613,#3614,#3615,
    #3616,#3617),.UNSPECIFIED.,.F.,.F.,(5,3,3,3,3,3,3,3,3,5),(0.,
    1.980295058753E-02,0.142930971679,0.26558037191,0.388116198044,
    0.510525614133,0.633220577703,0.755432888278,0.877598918459,1.),
  .UNSPECIFIED.);
#3589 = CARTESIAN_POINT('',(-18.42473645215,6.478905473151,
    16.698710585336));
#3590 = CARTESIAN_POINT('',(-18.42445454018,6.478669760006,
    16.701159280181));
#3591 = CARTESIAN_POINT('',(-18.42415043911,6.478427602517,
    16.703604750869));
#3592 = CARTESIAN_POINT('',(-18.42382418563,6.478179029972,
    16.706046676891));
#3593 = CARTESIAN_POINT('',(-18.42130983817,6.476338840419,
    16.723643770662));
#3594 = CARTESIAN_POINT('',(-18.41828920559,6.474506805479,
    16.738653413362));
#3595 = CARTESIAN_POINT('',(-18.4144248545,6.472435427348,
    16.753436583205));
#3596 = CARTESIAN_POINT('',(-18.40507419396,6.467842709762,
    16.782345414862));
#3597 = CARTESIAN_POINT('',(-18.3995942369,6.465323149996,16.79647347207
    ));
#3598 = CARTESIAN_POINT('',(-18.39332392399,6.462585691591,
    16.810230023479));
#3599 = CARTESIAN_POINT('',(-18.3792802445,6.456702005918,16.83685076302
    ));
#3600 = CARTESIAN_POINT('',(-18.37150825362,6.453556158744,
    16.849715837635));
#3601 = CARTESIAN_POINT('',(-18.36301837568,6.450217066904,
    16.862073429737));
#3602 = CARTESIAN_POINT('',(-18.3447064538,6.443184993165,
    16.885638536882));
#3603 = CARTESIAN_POINT('',(-18.33488575133,6.439492376757,
    16.896847304173));
#3604 = CARTESIAN_POINT('',(-18.32444257871,6.435635817049,
    16.907427057944));
#3605 = CARTESIAN_POINT('',(-18.30240035561,6.42761897277,
    16.927247247753));
#3606 = CARTESIAN_POINT('',(-18.29079859612,6.423457993498,
    16.936484579095));
#3607 = CARTESIAN_POINT('',(-18.27868687615,6.419166008746,
    16.944985048868));
#3608 = CARTESIAN_POINT('',(-18.25362576085,6.410375471233,
    16.960399547885));
#3609 = CARTESIAN_POINT('',(-18.24067975523,6.405877786445,
    16.967319746349));
#3610 = CARTESIAN_POINT('',(-18.22735930617,6.401287870346,
    16.973427435998));
#3611 = CARTESIAN_POINT('',(-18.20011794692,6.391966856159,
    16.983960216423));
#3612 = CARTESIAN_POINT('',(-18.18619716276,6.387235798614,
    16.988385977239));
#3613 = CARTESIAN_POINT('',(-18.17204525908,6.382454049192,
    16.99194439551));
#3614 = CARTESIAN_POINT('',(-18.14340110638,6.372824627311,
    16.997303717106));
#3615 = CARTESIAN_POINT('',(-18.12890815359,6.367976829247,
    16.999101235212));
#3616 = CARTESIAN_POINT('',(-18.11433321771,6.363123067622,17.));
#3617 = CARTESIAN_POINT('',(-18.09975197061,6.358287119599,17.));
#3618 = PCURVE('',#3173,#3619);
#3619 = DEFINITIONAL_REPRESENTATION('',(#3620),#3650);
#3620 = B_SPLINE_CURVE_WITH_KNOTS('',4,(#3621,#3622,#3623,#3624,#3625,
    #3626,#3627,#3628,#3629,#3630,#3631,#3632,#3633,#3634,#3635,#3636,
    #3637,#3638,#3639,#3640,#3641,#3642,#3643,#3644,#3645,#3646,#3647,
    #3648,#3649),.UNSPECIFIED.,.F.,.F.,(5,3,3,3,3,3,3,3,3,5),(0.,
    1.980295058753E-02,0.142930971679,0.26558037191,0.388116198044,
    0.510525614133,0.633220577703,0.755432888278,0.877598918459,1.),
  .UNSPECIFIED.);
#3621 = CARTESIAN_POINT('',(7.604642826414,0.68035399496));
#3622 = CARTESIAN_POINT('',(7.604673185649,0.68282988431));
#3623 = CARTESIAN_POINT('',(7.604723389664,0.685305431021));
#3624 = CARTESIAN_POINT('',(7.604793490839,0.687780350671));
#3625 = CARTESIAN_POINT('',(7.605442570851,0.705636908564));
#3626 = CARTESIAN_POINT('',(7.606768800505,0.720984248482));
#3627 = CARTESIAN_POINT('',(7.60885861959,0.736228270703));
#3628 = CARTESIAN_POINT('',(7.614540949139,0.766314943841));
#3629 = CARTESIAN_POINT('',(7.618127522708,0.781158913999));
#3630 = CARTESIAN_POINT('',(7.622458521671,0.795765463395));
#3631 = CARTESIAN_POINT('',(7.632581425722,0.824355174717));
#3632 = CARTESIAN_POINT('',(7.638371867782,0.83833892664));
#3633 = CARTESIAN_POINT('',(7.644882121116,0.85195062178));
#3634 = CARTESIAN_POINT('',(7.659295067319,0.878281927062));
#3635 = CARTESIAN_POINT('',(7.667196194159,0.891002516463));
#3636 = CARTESIAN_POINT('',(7.675775877502,0.903217721557));
#3637 = CARTESIAN_POINT('',(7.694249987134,0.926535206372));
#3638 = CARTESIAN_POINT('',(7.704147333398,0.937634945937));
#3639 = CARTESIAN_POINT('',(7.714661930082,0.948096867657));
#3640 = CARTESIAN_POINT('',(7.736786464819,0.967588179071));
#3641 = CARTESIAN_POINT('',(7.748391900114,0.976623193344));
#3642 = CARTESIAN_POINT('',(7.760514874641,0.984908176189));
#3643 = CARTESIAN_POINT('',(7.785663299134,0.999878563109));
#3644 = CARTESIAN_POINT('',(7.798688476524,1.006564720531));
#3645 = CARTESIAN_POINT('',(7.812102892171,1.012405004018));
#3646 = CARTESIAN_POINT('',(7.83957906031,1.022336000803));
#3647 = CARTESIAN_POINT('',(7.853642187013,1.026423458702));
#3648 = CARTESIAN_POINT('',(7.867937696622,1.029594260322));
#3649 = CARTESIAN_POINT('',(7.882376402492,1.031832750112));
#3650 = ( GEOMETRIC_REPRESENTATION_CONTEXT(2) 
PARAMETRIC_REPRESENTATION_CONTEXT() REPRESENTATION_CONTEXT('2D SPACE',''
  ) );
#3651 = PCURVE('',#3652,#3657);
#3652 = TOROIDAL_SURFACE('',#3653,19.184077681581,0.35);
#3653 = AXIS2_PLACEMENT_3D('',#3654,#3655,#3656);
#3654 = CARTESIAN_POINT('',(0.,0.,16.65));
#3655 = DIRECTION('',(0.,0.,1.));
#3656 = DIRECTION('',(1.,0.,-0.));
#3657 = DEFINITIONAL_REPRESENTATION('',(#3658),#3688);
#3658 = B_SPLINE_CURVE_WITH_KNOTS('',4,(#3659,#3660,#3661,#3662,#3663,
    #3664,#3665,#3666,#3667,#3668,#3669,#3670,#3671,#3672,#3673,#3674,
    #3675,#3676,#3677,#3678,#3679,#3680,#3681,#3682,#3683,#3684,#3685,
    #3686,#3687),.UNSPECIFIED.,.F.,.F.,(5,3,3,3,3,3,3,3,3,5),(0.,
    1.980295058753E-02,0.142930971679,0.26558037191,0.388116198044,
    0.510525614133,0.633220577703,0.755432888278,0.877598918459,1.),
  .UNSPECIFIED.);
#3659 = CARTESIAN_POINT('',(2.803456052993,0.13962634016));
#3660 = CARTESIAN_POINT('',(2.803462650163,0.146691367505));
#3661 = CARTESIAN_POINT('',(2.803469182035,0.153756445821));
#3662 = CARTESIAN_POINT('',(2.803475647859,0.160821591134));
#3663 = CARTESIAN_POINT('',(2.803521834256,0.211815978943));
#3664 = CARTESIAN_POINT('',(2.803559041364,0.255748207789));
#3665 = CARTESIAN_POINT('',(2.803593502434,0.299686928807));
#3666 = CARTESIAN_POINT('',(2.803656663922,0.387412352794));
#3667 = CARTESIAN_POINT('',(2.803685386066,0.431198959679));
#3668 = CARTESIAN_POINT('',(2.803711239424,0.474997714821));
#3669 = CARTESIAN_POINT('',(2.803757218459,0.562582243137));
#3670 = CARTESIAN_POINT('',(2.803777349125,0.606367985416));
#3671 = CARTESIAN_POINT('',(2.803794647519,0.65016905224));
#3672 = CARTESIAN_POINT('',(2.80382375304,0.737756687372));
#3673 = CARTESIAN_POINT('',(2.80383556531,0.781543243696));
#3674 = CARTESIAN_POINT('',(2.803844738992,0.82534506207));
#3675 = CARTESIAN_POINT('',(2.803858139157,0.913078501806));
#3676 = CARTESIAN_POINT('',(2.803862353278,0.957010234034));
#3677 = CARTESIAN_POINT('',(2.803864232531,1.000954293621));
#3678 = CARTESIAN_POINT('',(2.80386372032,1.088689504323));
#3679 = CARTESIAN_POINT('',(2.803861344634,1.132480638744));
#3680 = CARTESIAN_POINT('',(2.803857045911,1.176279389575));
#3681 = CARTESIAN_POINT('',(2.803845017939,1.263871137841));
#3682 = CARTESIAN_POINT('',(2.803837288918,1.307664189488));
#3683 = CARTESIAN_POINT('',(2.803828050062,1.351460513623));
#3684 = CARTESIAN_POINT('',(2.803806899499,1.439141283895));
#3685 = CARTESIAN_POINT('',(2.803794981755,1.483025783072));
#3686 = CARTESIAN_POINT('',(2.803781915708,1.526910929919));
#3687 = CARTESIAN_POINT('',(2.803767834486,1.570796326795));
#3688 = ( GEOMETRIC_REPRESENTATION_CONTEXT(2) 
PARAMETRIC_REPRESENTATION_CONTEXT() REPRESENTATION_CONTEXT('2D SPACE',''
  ) );
#3689 = ADVANCED_FACE('',(#3690),#3652,.T.);
#3690 = FACE_BOUND('',#3691,.T.);
#3691 = EDGE_LOOP('',(#3692,#3804,#3830,#3831));
#3692 = ORIENTED_EDGE('',*,*,#3693,.F.);
#3693 = EDGE_CURVE('',#3694,#3696,#3698,.T.);
#3694 = VERTEX_POINT('',#3695);
#3695 = CARTESIAN_POINT('',(-18.09975197064,-6.358287119495,17.));
#3696 = VERTEX_POINT('',#3697);
#3697 = CARTESIAN_POINT('',(-18.42473645215,-6.478905473151,
    16.698710585336));
#3698 = SURFACE_CURVE('',#3699,(#3729,#3762),.PCURVE_S1.);
#3699 = B_SPLINE_CURVE_WITH_KNOTS('',4,(#3700,#3701,#3702,#3703,#3704,
    #3705,#3706,#3707,#3708,#3709,#3710,#3711,#3712,#3713,#3714,#3715,
    #3716,#3717,#3718,#3719,#3720,#3721,#3722,#3723,#3724,#3725,#3726,
    #3727,#3728),.UNSPECIFIED.,.F.,.F.,(5,3,3,3,3,3,3,3,3,5),(0.,
    0.122562427578,0.244728496452,0.366940891252,0.489236156138,
    0.612045566657,0.734581556374,0.857231086335,0.980080965104,1.),
  .UNSPECIFIED.);
#3700 = CARTESIAN_POINT('',(-18.09975197061,-6.358287119599,17.));
#3701 = CARTESIAN_POINT('',(-18.11435243726,-6.363129441887,17.));
#3702 = CARTESIAN_POINT('',(-18.12894657825,-6.367989625475,
    16.999098864162));
#3703 = CARTESIAN_POINT('',(-18.14345841622,-6.37284379722,
    16.997296604417));
#3704 = CARTESIAN_POINT('',(-18.17212022818,-6.382479348232,
    16.991926751452));
#3705 = CARTESIAN_POINT('',(-18.18627131948,-6.387260927813,
    16.988364876854));
#3706 = CARTESIAN_POINT('',(-18.20019109683,-6.391991758442,
    16.983935714448));
#3707 = CARTESIAN_POINT('',(-18.22743007009,-6.401312210928,
    16.973396272698));
#3708 = CARTESIAN_POINT('',(-18.24074913959,-6.405901792144,
    16.967285322709));
#3709 = CARTESIAN_POINT('',(-18.25369358267,-6.410399089512,
    16.960361953695));
#3710 = CARTESIAN_POINT('',(-18.27871031544,-6.419174402608,
    16.944966485862));
#3711 = CARTESIAN_POINT('',(-18.29078210045,-6.423452278592,
    16.936493280191));
#3712 = CARTESIAN_POINT('',(-18.30234729477,-6.427600015939,
    16.927287995114));
#3713 = CARTESIAN_POINT('',(-18.32439615009,-6.435618590388,
    16.907475745816));
#3714 = CARTESIAN_POINT('',(-18.33487512921,-6.439488197202,
    16.896862974228));
#3715 = CARTESIAN_POINT('',(-18.34472757939,-6.443192793579,
    16.885617020615));
#3716 = CARTESIAN_POINT('',(-18.36306409704,-6.45023493775,
    16.862008905212));
#3717 = CARTESIAN_POINT('',(-18.37155120443,-6.453573287554,
    16.849649204712));
#3718 = CARTESIAN_POINT('',(-18.37932031344,-6.456718357026,
    16.8367821927));
#3719 = CARTESIAN_POINT('',(-18.39335803319,-6.46260042058,
    16.810157938177));
#3720 = CARTESIAN_POINT('',(-18.39962526845,-6.465337034621,
    16.796399809771));
#3721 = CARTESIAN_POINT('',(-18.40510206819,-6.467855720602,
    16.782270362867));
#3722 = CARTESIAN_POINT('',(-18.41443569512,-6.472441436603,
    16.753391865851));
#3723 = CARTESIAN_POINT('',(-18.41828987233,-6.474507722812,
    16.738641778388));
#3724 = CARTESIAN_POINT('',(-18.42130414642,-6.476335745448,
    16.723666271631));
#3725 = CARTESIAN_POINT('',(-18.42381844588,-6.478174657941,
    16.706089619968));
#3726 = CARTESIAN_POINT('',(-18.42414687309,-6.478424763253,
    16.703633421335));
#3727 = CARTESIAN_POINT('',(-18.42445288762,-6.478668378265,
    16.701173634331));
#3728 = CARTESIAN_POINT('',(-18.42473645215,-6.478905473151,
    16.698710585336));
#3729 = PCURVE('',#3652,#3730);
#3730 = DEFINITIONAL_REPRESENTATION('',(#3731),#3761);
#3731 = B_SPLINE_CURVE_WITH_KNOTS('',4,(#3732,#3733,#3734,#3735,#3736,
    #3737,#3738,#3739,#3740,#3741,#3742,#3743,#3744,#3745,#3746,#3747,
    #3748,#3749,#3750,#3751,#3752,#3753,#3754,#3755,#3756,#3757,#3758,
    #3759,#3760),.UNSPECIFIED.,.F.,.F.,(5,3,3,3,3,3,3,3,3,5),(0.,
    0.122562427578,0.244728496452,0.366940891252,0.489236156138,
    0.612045566657,0.734581556374,0.857231086335,0.980080965104,1.),
  .UNSPECIFIED.);
#3732 = CARTESIAN_POINT('',(3.479417472694,1.570796326795));
#3733 = CARTESIAN_POINT('',(3.479403372911,1.526853084559));
#3734 = CARTESIAN_POINT('',(3.479390290978,1.482910086853));
#3735 = CARTESIAN_POINT('',(3.479378360561,1.438967748542));
#3736 = CARTESIAN_POINT('',(3.479357206573,1.35122913457));
#3737 = CARTESIAN_POINT('',(3.479347973449,1.307432807494));
#3738 = CARTESIAN_POINT('',(3.479340250688,1.263639757703));
#3739 = CARTESIAN_POINT('',(3.479328236314,1.176048008055));
#3740 = CARTESIAN_POINT('',(3.479323944929,1.132249253978));
#3741 = CARTESIAN_POINT('',(3.479321577129,1.088458122649));
#3742 = CARTESIAN_POINT('',(3.479321082564,1.000866147599));
#3743 = CARTESIAN_POINT('',(3.479322957684,0.957065255651));
#3744 = CARTESIAN_POINT('',(3.479327152308,0.913276608531));
#3745 = CARTESIAN_POINT('',(3.479340523479,0.825542900955));
#3746 = CARTESIAN_POINT('',(3.479349720126,0.781597910806));
#3747 = CARTESIAN_POINT('',(3.479361572655,0.737668284219));
#3748 = CARTESIAN_POINT('',(3.47939074744,0.649937681614));
#3749 = CARTESIAN_POINT('',(3.479408056951,0.6061366169));
#3750 = CARTESIAN_POINT('',(3.479428198892,0.562350874612));
#3751 = CARTESIAN_POINT('',(3.479474200575,0.474766350142));
#3752 = CARTESIAN_POINT('',(3.479500065304,0.430967598868));
#3753 = CARTESIAN_POINT('',(3.479528798752,0.387180989741));
#3754 = CARTESIAN_POINT('',(3.479591910987,0.299554870318));
#3755 = CARTESIAN_POINT('',(3.479626298771,0.255715413482));
#3756 = CARTESIAN_POINT('',(3.479663420052,0.211882417755));
#3757 = CARTESIAN_POINT('',(3.47970954562,0.160945838011));
#3758 = CARTESIAN_POINT('',(3.479716048567,0.153839276448));
#3759 = CARTESIAN_POINT('',(3.479722618345,0.146732782409));
#3760 = CARTESIAN_POINT('',(3.479729254187,0.13962634016));
#3761 = ( GEOMETRIC_REPRESENTATION_CONTEXT(2) 
PARAMETRIC_REPRESENTATION_CONTEXT() REPRESENTATION_CONTEXT('2D SPACE',''
  ) );
#3762 = PCURVE('',#3763,#3772);
#3763 = SURFACE_OF_REVOLUTION('',#3764,#3769);
#3764 = CIRCLE('',#3765,1.);
#3765 = AXIS2_PLACEMENT_3D('',#3766,#3767,#3768);
#3766 = CARTESIAN_POINT('',(-17.85504228504,-7.39580067121,
    16.716836889474));
#3767 = DIRECTION('',(-0.382683432365,0.923879532511,2.775557561563E-17)
  );
#3768 = DIRECTION('',(-0.771213433461,-0.319447063624,-0.550620934575));
#3769 = AXIS1_PLACEMENT('',#3770,#3771);
#3770 = CARTESIAN_POINT('',(-18.25880739398,-7.563045655347,
    12.888661519232));
#3771 = DIRECTION('',(0.128579179453,5.325923996829E-02,0.990268068742)
  );
#3772 = DEFINITIONAL_REPRESENTATION('',(#3773),#3803);
#3773 = B_SPLINE_CURVE_WITH_KNOTS('',4,(#3774,#3775,#3776,#3777,#3778,
    #3779,#3780,#3781,#3782,#3783,#3784,#3785,#3786,#3787,#3788,#3789,
    #3790,#3791,#3792,#3793,#3794,#3795,#3796,#3797,#3798,#3799,#3800,
    #3801,#3802),.UNSPECIFIED.,.F.,.F.,(5,3,3,3,3,3,3,3,3,5),(0.,
    0.122562427578,0.244728496452,0.366940891252,0.489236156138,
    0.612045566657,0.734581556374,0.857231086335,0.980080965104,1.),
  .UNSPECIFIED.);
#3774 = CARTESIAN_POINT('',(4.683994213665,1.031832761805));
#3775 = CARTESIAN_POINT('',(4.6984519512,1.029591321461));
#3776 = CARTESIAN_POINT('',(4.712766113086,1.02641508285));
#3777 = CARTESIAN_POINT('',(4.726847163185,1.022319833012));
#3778 = CARTESIAN_POINT('',(4.754338996938,1.01237530284));
#3779 = CARTESIAN_POINT('',(4.767751978973,1.006531620763));
#3780 = CARTESIAN_POINT('',(4.780775532442,0.999842174026));
#3781 = CARTESIAN_POINT('',(4.805920375638,0.984865456325));
#3782 = CARTESIAN_POINT('',(4.818041392178,0.976577431491));
#3783 = CARTESIAN_POINT('',(4.829644721662,0.967539517227));
#3784 = CARTESIAN_POINT('',(4.851728675422,0.948074526626));
#3785 = CARTESIAN_POINT('',(4.862208502104,0.937646361705));
#3786 = CARTESIAN_POINT('',(4.872075142994,0.926584498443));
#3787 = CARTESIAN_POINT('',(4.890556832993,0.90327365051));
#3788 = CARTESIAN_POINT('',(4.899166345158,0.891019748105));
#3789 = CARTESIAN_POINT('',(4.907092854937,0.878257107291));
#3790 = CARTESIAN_POINT('',(4.921523797164,0.851879303205));
#3791 = CARTESIAN_POINT('',(4.928031232959,0.838266027139));
#3792 = CARTESIAN_POINT('',(4.933818815562,0.82428087182));
#3793 = CARTESIAN_POINT('',(4.943935929881,0.795688711358));
#3794 = CARTESIAN_POINT('',(4.948263998957,0.781081116775));
#3795 = CARTESIAN_POINT('',(4.951847618165,0.766236279265));
#3796 = CARTESIAN_POINT('',(4.957517561523,0.736182289978));
#3797 = CARTESIAN_POINT('',(4.959601366162,0.720972593297));
#3798 = CARTESIAN_POINT('',(4.960925029137,0.705660070506));
#3799 = CARTESIAN_POINT('',(4.961575888931,0.687823874276));
#3800 = CARTESIAN_POINT('',(4.96164663138,0.685334454122));
#3801 = CARTESIAN_POINT('',(4.961697253741,0.682844397927));
#3802 = CARTESIAN_POINT('',(4.96172779094,0.680353995015));
#3803 = ( GEOMETRIC_REPRESENTATION_CONTEXT(2) 
PARAMETRIC_REPRESENTATION_CONTEXT() REPRESENTATION_CONTEXT('2D SPACE',''
  ) );
#3804 = ORIENTED_EDGE('',*,*,#3805,.T.);
#3805 = EDGE_CURVE('',#3694,#3268,#3806,.T.);
#3806 = SURFACE_CURVE('',#3807,(#3812,#3819),.PCURVE_S1.);
#3807 = CIRCLE('',#3808,19.184077681581);
#3808 = AXIS2_PLACEMENT_3D('',#3809,#3810,#3811);
#3809 = CARTESIAN_POINT('',(0.,0.,17.));
#3810 = DIRECTION('',(0.,0.,-1.));
#3811 = DIRECTION('',(0.943477829431,0.331435642882,0.));
#3812 = PCURVE('',#3652,#3813);
#3813 = DEFINITIONAL_REPRESENTATION('',(#3814),#3818);
#3814 = LINE('',#3815,#3816);
#3815 = CARTESIAN_POINT('',(6.621010126278,1.570796326795));
#3816 = VECTOR('',#3817,1.);
#3817 = DIRECTION('',(-1.,-0.));
#3818 = ( GEOMETRIC_REPRESENTATION_CONTEXT(2) 
PARAMETRIC_REPRESENTATION_CONTEXT() REPRESENTATION_CONTEXT('2D SPACE',''
  ) );
#3819 = PCURVE('',#944,#3820);
#3820 = DEFINITIONAL_REPRESENTATION('',(#3821),#3829);
#3821 = ( BOUNDED_CURVE() B_SPLINE_CURVE(2,(#3822,#3823,#3824,#3825,
#3826,#3827,#3828),.UNSPECIFIED.,.T.,.F.) B_SPLINE_CURVE_WITH_KNOTS((1,2
    ,2,2,2,1),(-2.094395102393,0.,2.094395102393,4.188790204786,
6.28318530718,8.377580409573),.UNSPECIFIED.) CURVE() 
GEOMETRIC_REPRESENTATION_ITEM() RATIONAL_B_SPLINE_CURVE((1.,0.5,1.,0.5,
1.,0.5,1.)) REPRESENTATION_ITEM('') );
#3822 = CARTESIAN_POINT('',(54.288779250362,52.800766540616));
#3823 = CARTESIAN_POINT('',(76.460357274536,28.051874900854));
#3824 = CARTESIAN_POINT('',(43.941399386907,21.225170909811));
#3825 = CARTESIAN_POINT('',(11.422441499277,14.398466918768));
#3826 = CARTESIAN_POINT('',(21.769821362732,45.974062549573));
#3827 = CARTESIAN_POINT('',(32.117201226187,77.549658180378));
#3828 = CARTESIAN_POINT('',(54.288779250362,52.800766540616));
#3829 = ( GEOMETRIC_REPRESENTATION_CONTEXT(2) 
PARAMETRIC_REPRESENTATION_CONTEXT() REPRESENTATION_CONTEXT('2D SPACE',''
  ) );
#3830 = ORIENTED_EDGE('',*,*,#3586,.F.);
#3831 = ORIENTED_EDGE('',*,*,#3832,.F.);
#3832 = EDGE_CURVE('',#3696,#3522,#3833,.T.);
#3833 = SURFACE_CURVE('',#3834,(#3839,#3846),.PCURVE_S1.);
#3834 = CIRCLE('',#3835,19.53067150564);
#3835 = AXIS2_PLACEMENT_3D('',#3836,#3837,#3838);
#3836 = CARTESIAN_POINT('',(0.,0.,16.698710585336));
#3837 = DIRECTION('',(0.,0.,-1.));
#3838 = DIRECTION('',(0.943374448074,0.3317297857,0.));
#3839 = PCURVE('',#3652,#3840);
#3840 = DEFINITIONAL_REPRESENTATION('',(#3841),#3845);
#3841 = LINE('',#3842,#3843);
#3842 = CARTESIAN_POINT('',(6.621321907777,0.13962634016));
#3843 = VECTOR('',#3844,1.);
#3844 = DIRECTION('',(-1.,-0.));
#3845 = ( GEOMETRIC_REPRESENTATION_CONTEXT(2) 
PARAMETRIC_REPRESENTATION_CONTEXT() REPRESENTATION_CONTEXT('2D SPACE',''
  ) );
#3846 = PCURVE('',#327,#3847);
#3847 = DEFINITIONAL_REPRESENTATION('',(#3848),#3852);
#3848 = LINE('',#3849,#3850);
#3849 = CARTESIAN_POINT('',(-6.621321907777,-3.698710585336));
#3850 = VECTOR('',#3851,1.);
#3851 = DIRECTION('',(1.,-0.));
#3852 = ( GEOMETRIC_REPRESENTATION_CONTEXT(2) 
PARAMETRIC_REPRESENTATION_CONTEXT() REPRESENTATION_CONTEXT('2D SPACE',''
  ) );
#3853 = ADVANCED_FACE('',(#3854),#3763,.T.);
#3854 = FACE_BOUND('',#3855,.T.);
#3855 = EDGE_LOOP('',(#3856,#4015,#4016,#4081,#4110,#4175));
#3856 = ORIENTED_EDGE('',*,*,#3857,.T.);
#3857 = EDGE_CURVE('',#3858,#3694,#3860,.T.);
#3858 = VERTEX_POINT('',#3859);
#3859 = CARTESIAN_POINT('',(-17.29444529516,-8.302469417315,17.));
#3860 = SURFACE_CURVE('',#3861,(#3900,#3973),.PCURVE_S1.);
#3861 = B_SPLINE_CURVE_WITH_KNOTS('',7,(#3862,#3863,#3864,#3865,#3866,
    #3867,#3868,#3869,#3870,#3871,#3872,#3873,#3874,#3875,#3876,#3877,
    #3878,#3879,#3880,#3881,#3882,#3883,#3884,#3885,#3886,#3887,#3888,
    #3889,#3890,#3891,#3892,#3893,#3894,#3895,#3896,#3897,#3898,#3899),
  .UNSPECIFIED.,.F.,.F.,(8,6,6,6,6,6,8),(0.741795890122,0.823668423302,
    0.878544277659,1.,1.121448595208,1.176320530943,1.258204133755),
  .UNSPECIFIED.);
#3862 = CARTESIAN_POINT('',(-17.29444529516,-8.302469417315,17.));
#3863 = CARTESIAN_POINT('',(-17.3638060383,-8.337280892179,17.));
#3864 = CARTESIAN_POINT('',(-17.4362879274,-8.366189890405,17.));
#3865 = CARTESIAN_POINT('',(-17.51127996809,-8.388840473357,17.));
#3866 = CARTESIAN_POINT('',(-17.58812769548,-8.404964449632,17.));
#3867 = CARTESIAN_POINT('',(-17.66614326239,-8.41437942927,17.));
#3868 = CARTESIAN_POINT('',(-17.74461407186,-8.416994373963,17.));
#3869 = CARTESIAN_POINT('',(-17.87522149746,-8.410026500502,17.));
#3870 = CARTESIAN_POINT('',(-17.92751387207,-8.404181182746,17.));
#3871 = CARTESIAN_POINT('',(-17.97946953216,-8.395289984254,17.));
#3872 = CARTESIAN_POINT('',(-18.03087246139,-8.383375834456,17.));
#3873 = CARTESIAN_POINT('',(-18.08150941983,-8.368481184346,17.));
#3874 = CARTESIAN_POINT('',(-18.13117119118,-8.350667892914,17.));
#3875 = CARTESIAN_POINT('',(-18.28695956564,-8.284311122281,17.));
#3876 = CARTESIAN_POINT('',(-18.38854308483,-8.224682658155,17.));
#3877 = CARTESIAN_POINT('',(-18.48211097109,-8.152020499926,17.));
#3878 = CARTESIAN_POINT('',(-18.56567066848,-8.06767974407,17.));
#3879 = CARTESIAN_POINT('',(-18.63753522536,-7.973329615455,17.));
#3880 = CARTESIAN_POINT('',(-18.69632239836,-7.870946112779,17.));
#3881 = CARTESIAN_POINT('',(-18.78589309371,-7.654703325285,17.));
#3882 = CARTESIAN_POINT('',(-18.81671935611,-7.540745497445,17.));
#3883 = CARTESIAN_POINT('',(-18.83261987861,-7.423221298517,17.));
#3884 = CARTESIAN_POINT('',(-18.83317484463,-7.304504936248,17.));
#3885 = CARTESIAN_POINT('',(-18.81839673827,-7.186969166937,17.));
#3886 = CARTESIAN_POINT('',(-18.78873614235,-7.072980726739,17.));
#3887 = CARTESIAN_POINT('',(-18.72550953768,-6.915907299629,17.));
#3888 = CARTESIAN_POINT('',(-18.70299323523,-6.868197506974,17.));
#3889 = CARTESIAN_POINT('',(-18.67772390236,-6.821861607156,17.));
#3890 = CARTESIAN_POINT('',(-18.6498057038,-6.777091243968,17.));
#3891 = CARTESIAN_POINT('',(-18.61935936886,-6.734067186927,17.));
#3892 = CARTESIAN_POINT('',(-18.58652139023,-6.692958369364,17.));
#3893 = CARTESIAN_POINT('',(-18.49909721564,-6.59566662178,17.));
#3894 = CARTESIAN_POINT('',(-18.44175621502,-6.542017714894,17.));
#3895 = CARTESIAN_POINT('',(-18.37992725031,-6.493500211877,17.));
#3896 = CARTESIAN_POINT('',(-18.31417878538,-6.450553830632,17.));
#3897 = CARTESIAN_POINT('',(-18.24512640904,-6.413536152814,17.));
#3898 = CARTESIAN_POINT('',(-18.17342280063,-6.382720440763,17.));
#3899 = CARTESIAN_POINT('',(-18.09975197064,-6.358287119495,17.));
#3900 = PCURVE('',#3763,#3901);
#3901 = DEFINITIONAL_REPRESENTATION('',(#3902),#3972);
#3902 = B_SPLINE_CURVE_WITH_KNOTS('',3,(#3903,#3904,#3905,#3906,#3907,
    #3908,#3909,#3910,#3911,#3912,#3913,#3914,#3915,#3916,#3917,#3918,
    #3919,#3920,#3921,#3922,#3923,#3924,#3925,#3926,#3927,#3928,#3929,
    #3930,#3931,#3932,#3933,#3934,#3935,#3936,#3937,#3938,#3939,#3940,
    #3941,#3942,#3943,#3944,#3945,#3946,#3947,#3948,#3949,#3950,#3951,
    #3952,#3953,#3954,#3955,#3956,#3957,#3958,#3959,#3960,#3961,#3962,
    #3963,#3964,#3965,#3966,#3967,#3968,#3969,#3970,#3971),
  .UNSPECIFIED.,.F.,.F.,(4,1,1,1,1,1,1,1,1,1,1,1,1,1,1,1,1,1,1,1,1,1,1,1
    ,1,1,1,1,1,1,1,1,1,1,1,1,1,1,1,1,1,1,1,1,1,1,1,1,1,1,1,1,1,1,1,1,1,1
    ,1,1,1,1,1,1,1,1,4),(0.741795890122,0.74962025745,0.757444624778,
    0.765268992106,0.773093359433,0.780917726761,0.788742094089,
    0.796566461417,0.804390828744,0.812215196072,0.8200395634,
    0.827863930728,0.835688298055,0.843512665383,0.851337032711,
    0.859161400039,0.866985767367,0.874810134694,0.882634502022,
    0.89045886935,0.898283236678,0.906107604005,0.913931971333,
    0.921756338661,0.929580705989,0.937405073316,0.945229440644,
    0.953053807972,0.9608781753,0.968702542627,0.976526909955,
    0.984351277283,0.992175644611,1.000000011938,1.007824379266,
    1.015648746594,1.023473113922,1.03129748125,1.039121848577,
    1.046946215905,1.054770583233,1.062594950561,1.070419317888,
    1.078243685216,1.086068052544,1.093892419872,1.101716787199,
    1.109541154527,1.117365521855,1.125189889183,1.13301425651,
    1.140838623838,1.148662991166,1.156487358494,1.164311725822,
    1.172136093149,1.179960460477,1.187784827805,1.195609195133,
    1.20343356246,1.211257929788,1.219082297116,1.226906664444,
    1.234731031771,1.242555399099,1.250379766427,1.258204133755),
  .QUASI_UNIFORM_KNOTS.);
#3903 = CARTESIAN_POINT('',(7.882376400371,1.0318327639));
#3904 = CARTESIAN_POINT('',(7.866111179149,1.029311100647));
#3905 = CARTESIAN_POINT('',(7.833599900695,1.024262236658));
#3906 = CARTESIAN_POINT('',(7.784886972822,1.016690572896));
#3907 = CARTESIAN_POINT('',(7.736224774471,1.009138842031));
#3908 = CARTESIAN_POINT('',(7.68760919878,1.001625148722));
#3909 = CARTESIAN_POINT('',(7.639035855156,0.994167452767));
#3910 = CARTESIAN_POINT('',(7.590500170013,0.986783538481));
#3911 = CARTESIAN_POINT('',(7.54199760645,0.979491005414));
#3912 = CARTESIAN_POINT('',(7.493523835336,0.972307249751));
#3913 = CARTESIAN_POINT('',(7.445074989818,0.965249456045));
#3914 = CARTESIAN_POINT('',(7.396647683907,0.958334554034));
#3915 = CARTESIAN_POINT('',(7.34823997835,0.95157930635));
#3916 = CARTESIAN_POINT('',(7.299845714699,0.944999475521));
#3917 = CARTESIAN_POINT('',(7.251462334976,0.938610883601));
#3918 = CARTESIAN_POINT('',(7.203086687271,0.932428801319));
#3919 = CARTESIAN_POINT('',(7.154715816594,0.926468004413));
#3920 = CARTESIAN_POINT('',(7.10634705288,0.920742743528));
#3921 = CARTESIAN_POINT('',(7.057978018868,0.9152667207));
#3922 = CARTESIAN_POINT('',(7.00960763409,0.910053161132));
#3923 = CARTESIAN_POINT('',(6.961226030003,0.90511375784));
#3924 = CARTESIAN_POINT('',(6.912836950529,0.900460999335));
#3925 = CARTESIAN_POINT('',(6.864441088319,0.896106267805));
#3926 = CARTESIAN_POINT('',(6.816039010584,0.892060170525));
#3927 = CARTESIAN_POINT('',(6.767630645494,0.888332473036));
#3928 = CARTESIAN_POINT('',(6.719215661895,0.884932133771));
#3929 = CARTESIAN_POINT('',(6.670793587479,0.881867305558));
#3930 = CARTESIAN_POINT('',(6.622363979924,0.879145339522));
#3931 = CARTESIAN_POINT('',(6.573926574989,0.876772781504));
#3932 = CARTESIAN_POINT('',(6.525481428129,0.874755363339));
#3933 = CARTESIAN_POINT('',(6.477029086507,0.873097988139));
#3934 = CARTESIAN_POINT('',(6.428570654872,0.871804709649));
#3935 = CARTESIAN_POINT('',(6.380108292812,0.870878705593));
#3936 = CARTESIAN_POINT('',(6.33164415905,0.870322244779));
#3937 = CARTESIAN_POINT('',(6.28318523297,0.870136648905));
#3938 = CARTESIAN_POINT('',(6.234726308535,0.87032224591));
#3939 = CARTESIAN_POINT('',(6.186262178567,0.870878707791));
#3940 = CARTESIAN_POINT('',(6.137799821495,0.871804712823));
#3941 = CARTESIAN_POINT('',(6.089341395374,0.873097992188));
#3942 = CARTESIAN_POINT('',(6.040889059306,0.874755368168));
#3943 = CARTESIAN_POINT('',(5.992443917709,0.876772787032));
#3944 = CARTESIAN_POINT('',(5.944006517539,0.879145345683));
#3945 = CARTESIAN_POINT('',(5.895576914151,0.881867312305));
#3946 = CARTESIAN_POINT('',(5.847154843306,0.884932141069));
#3947 = CARTESIAN_POINT('',(5.798739862791,0.888332480854));
#3948 = CARTESIAN_POINT('',(5.750331500538,0.892060178824));
#3949 = CARTESIAN_POINT('',(5.701929425746,0.896106276521));
#3950 = CARTESIAN_POINT('',(5.653533567257,0.900461008336));
#3951 = CARTESIAN_POINT('',(5.605144492695,0.905113766943));
#3952 = CARTESIAN_POINT('',(5.556762897313,0.910053169857));
#3953 = CARTESIAN_POINT('',(5.508392521037,0.915266728946));
#3954 = CARTESIAN_POINT('',(5.460023490231,0.920742751784));
#3955 = CARTESIAN_POINT('',(5.41165473151,0.926468012423));
#3956 = CARTESIAN_POINT('',(5.363283865282,0.932428809088));
#3957 = CARTESIAN_POINT('',(5.314908222006,0.938610891071));
#3958 = CARTESIAN_POINT('',(5.266524846414,0.944999482667));
#3959 = CARTESIAN_POINT('',(5.218130587903,0.951579312975));
#3960 = CARTESIAN_POINT('',(5.169722885502,0.95833456039));
#3961 = CARTESIAN_POINT('',(5.121295582234,0.965249462152));
#3962 = CARTESIAN_POINT('',(5.072846741587,0.972307255257));
#3963 = CARTESIAN_POINT('',(5.024372975624,0.979491010238));
#3964 = CARTESIAN_POINT('',(4.975870417175,0.986783542596));
#3965 = CARTESIAN_POINT('',(4.927334736697,0.994167456211));
#3966 = CARTESIAN_POINT('',(4.878761397216,1.001625151553));
#3967 = CARTESIAN_POINT('',(4.830145825283,1.009138844294));
#3968 = CARTESIAN_POINT('',(4.781483630697,1.01669057458));
#3969 = CARTESIAN_POINT('',(4.732770707211,1.024262237661));
#3970 = CARTESIAN_POINT('',(4.700259432777,1.029311101025));
#3971 = CARTESIAN_POINT('',(4.683994213989,1.0318327639));
#3972 = ( GEOMETRIC_REPRESENTATION_CONTEXT(2) 
PARAMETRIC_REPRESENTATION_CONTEXT() REPRESENTATION_CONTEXT('2D SPACE',''
  ) );
#3973 = PCURVE('',#944,#3974);
#3974 = DEFINITIONAL_REPRESENTATION('',(#3975),#4014);
#3975 = B_SPLINE_CURVE_WITH_KNOTS('',7,(#3976,#3977,#3978,#3979,#3980,
    #3981,#3982,#3983,#3984,#3985,#3986,#3987,#3988,#3989,#3990,#3991,
    #3992,#3993,#3994,#3995,#3996,#3997,#3998,#3999,#4000,#4001,#4002,
    #4003,#4004,#4005,#4006,#4007,#4008,#4009,#4010,#4011,#4012,#4013),
  .UNSPECIFIED.,.F.,.F.,(8,6,6,6,6,6,8),(0.741795890122,0.823668423302,
    0.878544277659,1.,1.121448595208,1.176320530943,1.258204133755),
  .UNSPECIFIED.);
#3976 = CARTESIAN_POINT('',(27.199233459384,25.711220749638));
#3977 = CARTESIAN_POINT('',(27.148474263121,25.652515933256));
#3978 = CARTESIAN_POINT('',(27.092572723979,25.598069883388));
#3979 = CARTESIAN_POINT('',(27.03195711531,25.548445261867));
#3980 = CARTESIAN_POINT('',(26.967129451438,25.504140298117));
#3981 = CARTESIAN_POINT('',(26.898655422681,25.465586726208));
#3982 = CARTESIAN_POINT('',(26.827158543917,25.433141353618));
#3983 = CARTESIAN_POINT('',(26.703826526877,25.389597531371));
#3984 = CARTESIAN_POINT('',(26.653277766013,25.374986475408));
#3985 = CARTESIAN_POINT('',(26.601874480697,25.363318301378));
#3986 = CARTESIAN_POINT('',(26.549825018734,25.354654491134));
#3987 = CARTESIAN_POINT('',(26.497342633417,25.349037428455));
#3988 = CARTESIAN_POINT('',(26.444644287805,25.346490026695));
#3989 = CARTESIAN_POINT('',(26.275320960491,25.348178059065));
#3990 = CARTESIAN_POINT('',(26.15865120096,25.364393246834));
#3991 = CARTESIAN_POINT('',(26.044399141827,25.395717447736));
#3992 = CARTESIAN_POINT('',(25.934924237728,25.441661234024));
#3993 = CARTESIAN_POINT('',(25.832423813447,25.501328011447));
#3994 = CARTESIAN_POINT('',(25.738931077315,25.573421156893));
#3995 = CARTESIAN_POINT('',(25.57342601303,25.738926221178));
#3996 = CARTESIAN_POINT('',(25.501336487428,25.832412825985));
#3997 = CARTESIAN_POINT('',(25.441671756301,25.934906161422));
#3998 = CARTESIAN_POINT('',(25.395728249565,26.044373402395));
#3999 = CARTESIAN_POINT('',(25.364402447941,26.158617630468));
#4000 = CARTESIAN_POINT('',(25.348183777886,26.275279835962));
#4001 = CARTESIAN_POINT('',(25.346488145626,26.44459253446));
#4002 = CARTESIAN_POINT('',(25.3490327494,26.497287251301));
#4003 = CARTESIAN_POINT('',(25.354646587655,26.5497661958));
#4004 = CARTESIAN_POINT('',(25.363306763637,26.601812450063));
#4005 = CARTESIAN_POINT('',(25.374970915503,26.653212803725));
#4006 = CARTESIAN_POINT('',(25.389577588447,26.703758949253));
#4007 = CARTESIAN_POINT('',(25.433115054085,26.827100586729));
#4008 = CARTESIAN_POINT('',(25.465560683101,26.898609164676));
#4009 = CARTESIAN_POINT('',(25.504116353528,26.967094413117));
#4010 = CARTESIAN_POINT('',(25.548425145994,27.031932543978));
#4011 = CARTESIAN_POINT('',(25.598055171163,27.092557619247));
#4012 = CARTESIAN_POINT('',(25.652508004915,27.148467407867));
#4013 = CARTESIAN_POINT('',(25.711220749638,27.199233459384));
#4014 = ( GEOMETRIC_REPRESENTATION_CONTEXT(2) 
PARAMETRIC_REPRESENTATION_CONTEXT() REPRESENTATION_CONTEXT('2D SPACE',''
  ) );
#4015 = ORIENTED_EDGE('',*,*,#3693,.T.);
#4016 = ORIENTED_EDGE('',*,*,#4017,.F.);
#4017 = EDGE_CURVE('',#4018,#3696,#4020,.T.);
#4018 = VERTEX_POINT('',#4019);
#4019 = CARTESIAN_POINT('',(-18.41485247482,-6.760440668253,
    16.087414712335));
#4020 = SURFACE_CURVE('',#4021,(#4039,#4060),.PCURVE_S1.);
#4021 = B_SPLINE_CURVE_WITH_KNOTS('',6,(#4022,#4023,#4024,#4025,#4026,
    #4027,#4028,#4029,#4030,#4031,#4032,#4033,#4034,#4035,#4036,#4037,
    #4038),.UNSPECIFIED.,.F.,.F.,(7,5,5,7),(0.,0.493872364423,
    0.948341652732,1.),.UNSPECIFIED.);
#4022 = CARTESIAN_POINT('',(-18.41485247482,-6.760440668253,
    16.087414712335));
#4023 = CARTESIAN_POINT('',(-18.42345653579,-6.719675052375,
    16.129907982221));
#4024 = CARTESIAN_POINT('',(-18.43038779138,-6.682148135556,
    16.174892809534));
#4025 = CARTESIAN_POINT('',(-18.43566974406,-6.648066139034,
    16.221949280885));
#4026 = CARTESIAN_POINT('',(-18.43936393563,-6.617513532303,
    16.270687346253));
#4027 = CARTESIAN_POINT('',(-18.44153770737,-6.590511735889,
    16.320784017637));
#4028 = CARTESIAN_POINT('',(-18.44290430229,-6.545479015172,
    16.419111531155));
#4029 = CARTESIAN_POINT('',(-18.44232090535,-6.526910485197,
    16.467158832587));
#4030 = CARTESIAN_POINT('',(-18.44054565151,-6.511356536872,
    16.515924669477));
#4031 = CARTESIAN_POINT('',(-18.43761952056,-6.498815676969,
    16.565217559063));
#4032 = CARTESIAN_POINT('',(-18.43357752588,-6.489284725944,
    16.614861302374));
#4033 = CARTESIAN_POINT('',(-18.42786300088,-6.482025812906,
    16.670357955093));
#4034 = CARTESIAN_POINT('',(-18.4272656732,-6.481323858513,
    16.67602466721));
#4035 = CARTESIAN_POINT('',(-18.42665431582,-6.480660841387,
    16.681693532674));
#4036 = CARTESIAN_POINT('',(-18.42602896788,-6.480036767007,
    16.687364305316));
#4037 = CARTESIAN_POINT('',(-18.42538966759,-6.479451641802,
    16.693036738542));
#4038 = CARTESIAN_POINT('',(-18.42473645215,-6.478905473151,
    16.698710585336));
#4039 = PCURVE('',#3763,#4040);
#4040 = DEFINITIONAL_REPRESENTATION('',(#4041),#4059);
#4041 = B_SPLINE_CURVE_WITH_KNOTS('',6,(#4042,#4043,#4044,#4045,#4046,
    #4047,#4048,#4049,#4050,#4051,#4052,#4053,#4054,#4055,#4056,#4057,
    #4058),.UNSPECIFIED.,.F.,.F.,(7,5,5,7),(0.,0.493872364423,
    0.948341652732,1.),.UNSPECIFIED.);
#4042 = CARTESIAN_POINT('',(5.052795423858,0.));
#4043 = CARTESIAN_POINT('',(5.034864694683,5.752609456465E-02));
#4044 = CARTESIAN_POINT('',(5.020335149972,0.11489635074));
#4045 = CARTESIAN_POINT('',(5.008338251646,0.171917291573));
#4046 = CARTESIAN_POINT('',(4.998393776607,0.228534481467));
#4047 = CARTESIAN_POINT('',(4.990158893419,0.284754015954));
#4048 = CARTESIAN_POINT('',(4.977189597277,0.392087131634));
#4049 = CARTESIAN_POINT('',(4.972229806608,0.443235339948));
#4050 = CARTESIAN_POINT('',(4.968346346403,0.494138548117));
#4051 = CARTESIAN_POINT('',(4.965436991748,0.544847500895));
#4052 = CARTESIAN_POINT('',(4.963437032776,0.595419422515));
#4053 = CARTESIAN_POINT('',(4.962192560975,0.651663197025));
#4054 = CARTESIAN_POINT('',(4.96207692878,0.657402842657));
#4055 = CARTESIAN_POINT('',(4.961972674149,0.663141652532));
#4056 = CARTESIAN_POINT('',(4.961879771439,0.668879717182));
#4057 = CARTESIAN_POINT('',(4.961798177682,0.67461713042));
#4058 = CARTESIAN_POINT('',(4.961727832578,0.680353989335));
#4059 = ( GEOMETRIC_REPRESENTATION_CONTEXT(2) 
PARAMETRIC_REPRESENTATION_CONTEXT() REPRESENTATION_CONTEXT('2D SPACE',''
  ) );
#4060 = PCURVE('',#327,#4061);
#4061 = DEFINITIONAL_REPRESENTATION('',(#4062),#4080);
#4062 = B_SPLINE_CURVE_WITH_KNOTS('',6,(#4063,#4064,#4065,#4066,#4067,
    #4068,#4069,#4070,#4071,#4072,#4073,#4074,#4075,#4076,#4077,#4078,
    #4079),.UNSPECIFIED.,.F.,.F.,(7,5,5,7),(0.,0.493872364423,
    0.948341652732,1.),.UNSPECIFIED.);
#4063 = CARTESIAN_POINT('',(-3.493436041495,-3.087414712335));
#4064 = CARTESIAN_POINT('',(-3.491334070883,-3.129907982221));
#4065 = CARTESIAN_POINT('',(-3.48941493865,-3.174892809534));
#4066 = CARTESIAN_POINT('',(-3.487688164873,-3.221949280885));
#4067 = CARTESIAN_POINT('',(-3.486156914816,-3.270687346253));
#4068 = CARTESIAN_POINT('',(-3.484821303639,-3.320784017637));
#4069 = CARTESIAN_POINT('',(-3.482630840845,-3.419111531155));
#4070 = CARTESIAN_POINT('',(-3.48174643847,-3.467158832587));
#4071 = CARTESIAN_POINT('',(-3.481026891488,-3.515924669477));
#4072 = CARTESIAN_POINT('',(-3.480471675128,-3.565217559063));
#4073 = CARTESIAN_POINT('',(-3.480080298516,-3.614861302374));
#4074 = CARTESIAN_POINT('',(-3.479826849969,-3.670357955093));
#4075 = CARTESIAN_POINT('',(-3.479803097995,-3.67602466721));
#4076 = CARTESIAN_POINT('',(-3.479781462412,-3.681693532674));
#4077 = CARTESIAN_POINT('',(-3.479761943206,-3.687364305316));
#4078 = CARTESIAN_POINT('',(-3.479744540427,-3.693036738542));
#4079 = CARTESIAN_POINT('',(-3.479729254187,-3.698710585336));
#4080 = ( GEOMETRIC_REPRESENTATION_CONTEXT(2) 
PARAMETRIC_REPRESENTATION_CONTEXT() REPRESENTATION_CONTEXT('2D SPACE',''
  ) );
#4081 = ORIENTED_EDGE('',*,*,#4082,.F.);
#4082 = EDGE_CURVE('',#4083,#4018,#4085,.T.);
#4083 = VERTEX_POINT('',#4084);
#4084 = CARTESIAN_POINT('',(-17.80162049983,-8.240913619171,
    16.087414712335));
#4085 = SURFACE_CURVE('',#4086,(#4091,#4098),.PCURVE_S1.);
#4086 = CIRCLE('',#4087,0.85);
#4087 = AXIS2_PLACEMENT_3D('',#4088,#4089,#4090);
#4088 = CARTESIAN_POINT('',(-17.84860057815,-7.393132428853,
    16.047918819083));
#4089 = DIRECTION('',(-0.128579179453,-5.325923996829E-02,
    -0.990268068742));
#4090 = DIRECTION('',(5.527068038133E-02,-0.997389635668,
    4.646575676742E-02));
#4091 = PCURVE('',#3763,#4092);
#4092 = DEFINITIONAL_REPRESENTATION('',(#4093),#4097);
#4093 = LINE('',#4094,#4095);
#4094 = CARTESIAN_POINT('',(7.513575190501,0.));
#4095 = VECTOR('',#4096,1.);
#4096 = DIRECTION('',(-1.,-0.));
#4097 = ( GEOMETRIC_REPRESENTATION_CONTEXT(2) 
PARAMETRIC_REPRESENTATION_CONTEXT() REPRESENTATION_CONTEXT('2D SPACE',''
  ) );
#4098 = PCURVE('',#4099,#4104);
#4099 = TOROIDAL_SURFACE('',#4100,1.,0.2);
#4100 = AXIS2_PLACEMENT_3D('',#4101,#4102,#4103);
#4101 = CARTESIAN_POINT('',(-17.86561000478,-7.400177964051,
    15.916918667024));
#4102 = DIRECTION('',(-0.128579179453,-5.325923996829E-02,
    -0.990268068742));
#4103 = DIRECTION('',(-0.91488840041,-0.378959183508,0.13917310096));
#4104 = DEFINITIONAL_REPRESENTATION('',(#4105),#4109);
#4105 = LINE('',#4106,#4107);
#4106 = CARTESIAN_POINT('',(-7.513575190501,3.864326901403));
#4107 = VECTOR('',#4108,1.);
#4108 = DIRECTION('',(1.,-0.));
#4109 = ( GEOMETRIC_REPRESENTATION_CONTEXT(2) 
PARAMETRIC_REPRESENTATION_CONTEXT() REPRESENTATION_CONTEXT('2D SPACE',''
  ) );
#4110 = ORIENTED_EDGE('',*,*,#4111,.T.);
#4111 = EDGE_CURVE('',#4083,#4112,#4114,.T.);
#4112 = VERTEX_POINT('',#4113);
#4113 = CARTESIAN_POINT('',(-17.60953408162,-8.446978092159,
    16.698710585336));
#4114 = SURFACE_CURVE('',#4115,(#4133,#4154),.PCURVE_S1.);
#4115 = B_SPLINE_CURVE_WITH_KNOTS('',6,(#4116,#4117,#4118,#4119,#4120,
    #4121,#4122,#4123,#4124,#4125,#4126,#4127,#4128,#4129,#4130,#4131,
    #4132),.UNSPECIFIED.,.F.,.F.,(7,5,5,7),(0.,0.493872364423,
    0.948341652732,1.),.UNSPECIFIED.);
#4116 = CARTESIAN_POINT('',(-17.80162049983,-8.240913619171,
    16.087414712335));
#4117 = CARTESIAN_POINT('',(-17.77887884626,-8.275823252452,
    16.129907982221));
#4118 = CARTESIAN_POINT('',(-17.75724444673,-8.307259927644,
    16.174892809534));
#4119 = CARTESIAN_POINT('',(-17.73687974042,-8.335094443054,
    16.221949280885));
#4120 = CARTESIAN_POINT('',(-17.71788797293,-8.359310586369,
    16.270687346253));
#4121 = CARTESIAN_POINT('',(-17.70033190832,-8.379940828454,
    16.320784017637));
#4122 = CARTESIAN_POINT('',(-17.66945529466,-8.412750099182,
    16.419111531155));
#4123 = CARTESIAN_POINT('',(-17.65591283727,-8.425467508717,
    16.467158832587));
#4124 = CARTESIAN_POINT('',(-17.64365924091,-8.435210517022,
    16.515924669477));
#4125 = CARTESIAN_POINT('',(-17.63272242679,-8.442009157062,
    16.565217559063));
#4126 = CARTESIAN_POINT('',(-17.62312490484,-8.445890435318,
    16.614861302374));
#4127 = CARTESIAN_POINT('',(-17.61395129883,-8.446982482571,
    16.670357955093));
#4128 = CARTESIAN_POINT('',(-17.61303256767,-8.44705646483,
    16.67602466721));
#4129 = CARTESIAN_POINT('',(-17.61213144881,-8.447092993784,
    16.681693532674));
#4130 = CARTESIAN_POINT('',(-17.61124797382,-8.447092093244,
    16.687364305316));
#4131 = CARTESIAN_POINT('',(-17.61038217424,-8.447053785669,
    16.693036738542));
#4132 = CARTESIAN_POINT('',(-17.60953408162,-8.446978092159,
    16.698710585336));
#4133 = PCURVE('',#3763,#4134);
#4134 = DEFINITIONAL_REPRESENTATION('',(#4135),#4153);
#4135 = B_SPLINE_CURVE_WITH_KNOTS('',6,(#4136,#4137,#4138,#4139,#4140,
    #4141,#4142,#4143,#4144,#4145,#4146,#4147,#4148,#4149,#4150,#4151,
    #4152),.UNSPECIFIED.,.F.,.F.,(7,5,5,7),(0.,0.493872364423,
    0.948341652732,1.),.UNSPECIFIED.);
#4136 = CARTESIAN_POINT('',(7.513575190501,0.));
#4137 = CARTESIAN_POINT('',(7.531505919677,5.752609456464E-02));
#4138 = CARTESIAN_POINT('',(7.546035464387,0.11489635074));
#4139 = CARTESIAN_POINT('',(7.558032362714,0.171917291573));
#4140 = CARTESIAN_POINT('',(7.567976837752,0.228534481467));
#4141 = CARTESIAN_POINT('',(7.57621172094,0.284754015954));
#4142 = CARTESIAN_POINT('',(7.589181017082,0.392087131634));
#4143 = CARTESIAN_POINT('',(7.594140807751,0.443235339948));
#4144 = CARTESIAN_POINT('',(7.598024267956,0.494138548117));
#4145 = CARTESIAN_POINT('',(7.600933622611,0.544847500896));
#4146 = CARTESIAN_POINT('',(7.602933581583,0.595419422515));
#4147 = CARTESIAN_POINT('',(7.604178053384,0.651663197025));
#4148 = CARTESIAN_POINT('',(7.604293685579,0.657402842657));
#4149 = CARTESIAN_POINT('',(7.604397940211,0.663141652532));
#4150 = CARTESIAN_POINT('',(7.60449084292,0.668879717182));
#4151 = CARTESIAN_POINT('',(7.604572436677,0.67461713042));
#4152 = CARTESIAN_POINT('',(7.604642781781,0.680353989335));
#4153 = ( GEOMETRIC_REPRESENTATION_CONTEXT(2) 
PARAMETRIC_REPRESENTATION_CONTEXT() REPRESENTATION_CONTEXT('2D SPACE',''
  ) );
#4154 = PCURVE('',#270,#4155);
#4155 = DEFINITIONAL_REPRESENTATION('',(#4156),#4174);
#4156 = B_SPLINE_CURVE_WITH_KNOTS('',6,(#4157,#4158,#4159,#4160,#4161,
    #4162,#4163,#4164,#4165,#4166,#4167,#4168,#4169,#4170,#4171,#4172,
    #4173),.UNSPECIFIED.,.F.,.F.,(7,5,5,7),(0.,0.493872364423,
    0.948341652732,1.),.UNSPECIFIED.);
#4157 = CARTESIAN_POINT('',(-3.575147429083,-3.087414712335));
#4158 = CARTESIAN_POINT('',(-3.577249399694,-3.129907982221));
#4159 = CARTESIAN_POINT('',(-3.579168531927,-3.174892809534));
#4160 = CARTESIAN_POINT('',(-3.580895305704,-3.221949280885));
#4161 = CARTESIAN_POINT('',(-3.582426555761,-3.270687346253));
#4162 = CARTESIAN_POINT('',(-3.583762166938,-3.320784017637));
#4163 = CARTESIAN_POINT('',(-3.585952629732,-3.419111531155));
#4164 = CARTESIAN_POINT('',(-3.586837032107,-3.467158832587));
#4165 = CARTESIAN_POINT('',(-3.587556579089,-3.515924669477));
#4166 = CARTESIAN_POINT('',(-3.588111795449,-3.565217559063));
#4167 = CARTESIAN_POINT('',(-3.588503172061,-3.614861302374));
#4168 = CARTESIAN_POINT('',(-3.588756620608,-3.670357955093));
#4169 = CARTESIAN_POINT('',(-3.588780372582,-3.67602466721));
#4170 = CARTESIAN_POINT('',(-3.588802008165,-3.681693532674));
#4171 = CARTESIAN_POINT('',(-3.588821527371,-3.687364305316));
#4172 = CARTESIAN_POINT('',(-3.58883893015,-3.693036738542));
#4173 = CARTESIAN_POINT('',(-3.58885421639,-3.698710585336));
#4174 = ( GEOMETRIC_REPRESENTATION_CONTEXT(2) 
PARAMETRIC_REPRESENTATION_CONTEXT() REPRESENTATION_CONTEXT('2D SPACE',''
  ) );
#4175 = ORIENTED_EDGE('',*,*,#4176,.T.);
#4176 = EDGE_CURVE('',#4112,#3858,#4177,.T.);
#4177 = SURFACE_CURVE('',#4178,(#4208,#4241),.PCURVE_S1.);
#4178 = B_SPLINE_CURVE_WITH_KNOTS('',4,(#4179,#4180,#4181,#4182,#4183,
    #4184,#4185,#4186,#4187,#4188,#4189,#4190,#4191,#4192,#4193,#4194,
    #4195,#4196,#4197,#4198,#4199,#4200,#4201,#4202,#4203,#4204,#4205,
    #4206,#4207),.UNSPECIFIED.,.F.,.F.,(5,3,3,3,3,3,3,3,3,5),(0.,
    2.003733551612E-02,0.143288191091,0.265937303434,0.388472767213,
    0.510881821751,0.633176990343,0.755389323802,0.877555364576,1.),
  .UNSPECIFIED.);
#4179 = CARTESIAN_POINT('',(-17.60953408162,-8.446978092159,
    16.698710585336));
#4180 = CARTESIAN_POINT('',(-17.60916373327,-8.446945038012,
    16.701188262605));
#4181 = CARTESIAN_POINT('',(-17.60877265591,-8.446900585537,
    16.703662638925));
#4182 = CARTESIAN_POINT('',(-17.60836089785,-8.446844740151,
    16.70613338231));
#4183 = CARTESIAN_POINT('',(-17.60526890388,-8.446363990738,
    16.723773461565));
#4184 = CARTESIAN_POINT('',(-17.60182894631,-8.445519809973,
    16.738796780723));
#4185 = CARTESIAN_POINT('',(-17.59762170291,-8.444247444036,
    16.753592808148));
#4186 = CARTESIAN_POINT('',(-17.58774443097,-8.440874133812,
    16.782510825662));
#4187 = CARTESIAN_POINT('',(-17.58208163626,-8.438777257988,
    16.796635816918));
#4188 = CARTESIAN_POINT('',(-17.57570606816,-8.43627567224,
    16.810388889578));
#4189 = CARTESIAN_POINT('',(-17.56160347813,-8.430498925655,
    16.837001876074));
#4190 = CARTESIAN_POINT('',(-17.55387769817,-8.427224469085,
    16.84986267769));
#4191 = CARTESIAN_POINT('',(-17.54550788002,-8.423579152334,
    16.862215619943));
#4192 = CARTESIAN_POINT('',(-17.52757654069,-8.415597048212,
    16.885770726415));
#4193 = CARTESIAN_POINT('',(-17.51801622593,-8.411260950631,
    16.896974143615));
#4194 = CARTESIAN_POINT('',(-17.50790011631,-8.406600779064,
    16.907548218681));
#4195 = CARTESIAN_POINT('',(-17.48667105916,-8.396694373845,
    16.927324160004));
#4196 = CARTESIAN_POINT('',(-17.47555899424,-8.391448645938,
    16.93652736999));
#4197 = CARTESIAN_POINT('',(-17.46399680309,-8.385936786715,
    16.944998411696));
#4198 = CARTESIAN_POINT('',(-17.44009997702,-8.374451028998,
    16.960389401272));
#4199 = CARTESIAN_POINT('',(-17.42776579738,-8.368477388316,
    16.967310455637));
#4200 = CARTESIAN_POINT('',(-17.41510158391,-8.362304168627,
    16.973419025421));
#4201 = CARTESIAN_POINT('',(-17.38924864423,-8.349632919256,
    16.983953604073));
#4202 = CARTESIAN_POINT('',(-17.37606003591,-8.343134950078,
    16.988380283144));
#4203 = CARTESIAN_POINT('',(-17.36267210882,-8.33650937307,
    16.991939634442));
#4204 = CARTESIAN_POINT('',(-17.33560406378,-8.323061726967,
    16.997301798008));
#4205 = CARTESIAN_POINT('',(-17.32192326618,-8.316239184393,
    16.99910059548));
#4206 = CARTESIAN_POINT('',(-17.30818021087,-8.309362836171,17.));
#4207 = CARTESIAN_POINT('',(-17.29444529521,-8.302469417215,17.));
#4208 = PCURVE('',#3763,#4209);
#4209 = DEFINITIONAL_REPRESENTATION('',(#4210),#4240);
#4210 = B_SPLINE_CURVE_WITH_KNOTS('',4,(#4211,#4212,#4213,#4214,#4215,
    #4216,#4217,#4218,#4219,#4220,#4221,#4222,#4223,#4224,#4225,#4226,
    #4227,#4228,#4229,#4230,#4231,#4232,#4233,#4234,#4235,#4236,#4237,
    #4238,#4239),.UNSPECIFIED.,.F.,.F.,(5,3,3,3,3,3,3,3,3,5),(0.,
    2.003733551612E-02,0.143288191091,0.265937303434,0.388472767213,
    0.510881821751,0.633176990343,0.755389323802,0.877555364576,1.),
  .UNSPECIFIED.);
#4211 = CARTESIAN_POINT('',(7.604642827266,0.680353994944));
#4212 = CARTESIAN_POINT('',(7.604673545828,0.682859188588));
#4213 = CARTESIAN_POINT('',(7.604724580404,0.685364031441));
#4214 = CARTESIAN_POINT('',(7.604795987804,0.68786822885));
#4215 = CARTESIAN_POINT('',(7.605451787952,0.70576917991));
#4216 = CARTESIAN_POINT('',(7.606784477934,0.721131333397));
#4217 = CARTESIAN_POINT('',(7.608882259528,0.73638963559));
#4218 = CARTESIAN_POINT('',(7.614580577737,0.766488327472));
#4219 = CARTESIAN_POINT('',(7.618173663215,0.781330383231));
#4220 = CARTESIAN_POINT('',(7.622511120078,0.795934626223));
#4221 = CARTESIAN_POINT('',(7.632646785365,0.824518933951));
#4222 = CARTESIAN_POINT('',(7.638443529914,0.838499589908));
#4223 = CARTESIAN_POINT('',(7.644959993235,0.852107797761));
#4224 = CARTESIAN_POINT('',(7.659385109021,0.878431357175));
#4225 = CARTESIAN_POINT('',(7.667292195721,0.891147688941));
#4226 = CARTESIAN_POINT('',(7.675877687374,0.903358253305));
#4227 = CARTESIAN_POINT('',(7.694332918013,0.926627719445));
#4228 = CARTESIAN_POINT('',(7.704201355565,0.937687803156));
#4229 = CARTESIAN_POINT('',(7.714682902176,0.948114069519));
#4230 = CARTESIAN_POINT('',(7.736770112748,0.967575044686));
#4231 = CARTESIAN_POINT('',(7.74837497965,0.976610841845));
#4232 = CARTESIAN_POINT('',(7.760497425694,0.984896645903));
#4233 = CARTESIAN_POINT('',(7.785644883576,0.999868741864));
#4234 = CARTESIAN_POINT('',(7.798669622672,1.006555787255));
#4235 = CARTESIAN_POINT('',(7.812083651403,1.012396988203));
#4236 = CARTESIAN_POINT('',(7.839564048792,1.022331637365));
#4237 = CARTESIAN_POINT('',(7.853632013922,1.026421198947));
#4238 = CARTESIAN_POINT('',(7.867932558771,1.029593466273));
#4239 = CARTESIAN_POINT('',(7.882376402118,1.031832752546));
#4240 = ( GEOMETRIC_REPRESENTATION_CONTEXT(2) 
PARAMETRIC_REPRESENTATION_CONTEXT() REPRESENTATION_CONTEXT('2D SPACE',''
  ) );
#4241 = PCURVE('',#4242,#4247);
#4242 = TOROIDAL_SURFACE('',#4243,19.184077681581,0.35);
#4243 = AXIS2_PLACEMENT_3D('',#4244,#4245,#4246);
#4244 = CARTESIAN_POINT('',(0.,0.,16.65));
#4245 = DIRECTION('',(0.,0.,1.));
#4246 = DIRECTION('',(1.,0.,-0.));
#4247 = DEFINITIONAL_REPRESENTATION('',(#4248),#4278);
#4248 = B_SPLINE_CURVE_WITH_KNOTS('',4,(#4249,#4250,#4251,#4252,#4253,
    #4254,#4255,#4256,#4257,#4258,#4259,#4260,#4261,#4262,#4263,#4264,
    #4265,#4266,#4267,#4268,#4269,#4270,#4271,#4272,#4273,#4274,#4275,
    #4276,#4277),.UNSPECIFIED.,.F.,.F.,(5,3,3,3,3,3,3,3,3,5),(0.,
    2.003733551612E-02,0.143288191091,0.265937303434,0.388472767213,
    0.510881821751,0.633176990343,0.755389323802,0.877555364576,1.),
  .UNSPECIFIED.);
#4249 = CARTESIAN_POINT('',(3.58885421639,0.13962634016));
#4250 = CARTESIAN_POINT('',(3.588860891643,0.146774988221));
#4251 = CARTESIAN_POINT('',(3.588867500044,0.153923688414));
#4252 = CARTESIAN_POINT('',(3.588874040814,0.16107245745));
#4253 = CARTESIAN_POINT('',(3.588920325493,0.212194313309));
#4254 = CARTESIAN_POINT('',(3.588957551759,0.256170403183));
#4255 = CARTESIAN_POINT('',(3.588992025886,0.300153014273));
#4256 = CARTESIAN_POINT('',(3.589055169865,0.387922342404));
#4257 = CARTESIAN_POINT('',(3.589083867087,0.431708944353));
#4258 = CARTESIAN_POINT('',(3.589109695379,0.475507708017));
#4259 = CARTESIAN_POINT('',(3.589155624495,0.563092244816));
#4260 = CARTESIAN_POINT('',(3.589175730309,0.606877987087));
#4261 = CARTESIAN_POINT('',(3.5891930042,0.650679058549));
#4262 = CARTESIAN_POINT('',(3.589222061855,0.7382667028));
#4263 = CARTESIAN_POINT('',(3.589233850759,0.782053263684));
#4264 = CARTESIAN_POINT('',(3.589243001842,0.825855081719));
#4265 = CARTESIAN_POINT('',(3.589256336827,0.913445529163));
#4266 = CARTESIAN_POINT('',(3.589260524581,0.957234178652));
#4267 = CARTESIAN_POINT('',(3.589262393186,1.001035069002));
#4268 = CARTESIAN_POINT('',(3.589261886349,1.088627044693));
#4269 = CARTESIAN_POINT('',(3.589259512791,1.132418178279));
#4270 = CARTESIAN_POINT('',(3.589255216048,1.176216929986));
#4271 = CARTESIAN_POINT('',(3.589243191747,1.263808678626));
#4272 = CARTESIAN_POINT('',(3.589235464416,1.307601729771));
#4273 = CARTESIAN_POINT('',(3.589226227106,1.3513980547));
#4274 = CARTESIAN_POINT('',(3.589205075617,1.439094439296));
#4275 = CARTESIAN_POINT('',(3.589193154451,1.482994551993));
#4276 = CARTESIAN_POINT('',(3.589180084116,1.526895314932));
#4277 = CARTESIAN_POINT('',(3.589165997883,1.570796326795));
#4278 = ( GEOMETRIC_REPRESENTATION_CONTEXT(2) 
PARAMETRIC_REPRESENTATION_CONTEXT() REPRESENTATION_CONTEXT('2D SPACE',''
  ) );
#4279 = ADVANCED_FACE('',(#4280),#4242,.T.);
#4280 = FACE_BOUND('',#4281,.T.);
#4281 = EDGE_LOOP('',(#4282,#4394,#4420,#4421));
#4282 = ORIENTED_EDGE('',*,*,#4283,.F.);
#4283 = EDGE_CURVE('',#4284,#4286,#4288,.T.);
#4284 = VERTEX_POINT('',#4285);
#4285 = CARTESIAN_POINT('',(-8.302469417314,-17.29444529516,17.));
#4286 = VERTEX_POINT('',#4287);
#4287 = CARTESIAN_POINT('',(-8.446978092159,-17.60953408162,
    16.698710585336));
#4288 = SURFACE_CURVE('',#4289,(#4319,#4352),.PCURVE_S1.);
#4289 = B_SPLINE_CURVE_WITH_KNOTS('',4,(#4290,#4291,#4292,#4293,#4294,
    #4295,#4296,#4297,#4298,#4299,#4300,#4301,#4302,#4303,#4304,#4305,
    #4306,#4307,#4308,#4309,#4310,#4311,#4312,#4313,#4314,#4315,#4316,
    #4317,#4318),.UNSPECIFIED.,.F.,.F.,(5,3,3,3,3,3,3,3,3,5),(0.,
    0.122563490401,0.244729559451,0.367341457217,0.489637051784,
    0.612446870444,0.734983267592,0.857633120822,0.98050085434,1.),
  .UNSPECIFIED.);
#4290 = CARTESIAN_POINT('',(-8.302469417215,-17.29444529521,17.));
#4291 = CARTESIAN_POINT('',(-8.30936952711,-17.30819354235,17.));
#4292 = CARTESIAN_POINT('',(-8.316252533937,-17.32194994655,
    16.999098848532));
#4293 = CARTESIAN_POINT('',(-8.323081593518,-17.33564390105,
    16.997296557522));
#4294 = CARTESIAN_POINT('',(-8.336535245358,-17.36272433691,
    16.991926635146));
#4295 = CARTESIAN_POINT('',(-8.343160487638,-17.3761117523,
    16.988364737777));
#4296 = CARTESIAN_POINT('',(-8.349658050543,-17.38929971792,
    16.983935552961));
#4297 = CARTESIAN_POINT('',(-8.362349062606,-17.41519338313,
    16.973378837695));
#4298 = CARTESIAN_POINT('',(-8.368541379583,-17.4278972307,
    16.967245134107));
#4299 = CARTESIAN_POINT('',(-8.374532623022,-17.44026854379,
    16.960293784078));
#4300 = CARTESIAN_POINT('',(-8.38603123281,-17.46419451589,
    16.944857935668));
#4301 = CARTESIAN_POINT('',(-8.391539865586,-17.47575127302,
    16.936377378425));
#4302 = CARTESIAN_POINT('',(-8.39678210107,-17.48685742288,
    16.927165043939));
#4303 = CARTESIAN_POINT('',(-8.406697224143,-17.50810846184,
    16.907339333613));
#4304 = CARTESIAN_POINT('',(-8.411367669069,-17.51824916678,
    16.896720152346));
#4305 = CARTESIAN_POINT('',(-8.415711597389,-17.52782984794,
    16.885468161496));
#4306 = CARTESIAN_POINT('',(-8.423691104649,-17.54576350855,
    16.861848782941));
#4307 = CARTESIAN_POINT('',(-8.427328266669,-17.55411920588,
    16.849483854758));
#4308 = CARTESIAN_POINT('',(-8.430594264362,-17.56183027414,
    16.836612039398));
#4309 = CARTESIAN_POINT('',(-8.436353573564,-17.57590238475,
    16.809979071018));
#4310 = CARTESIAN_POINT('',(-8.438846181485,-17.58226218625,
    16.796217033562));
#4311 = CARTESIAN_POINT('',(-8.440933877416,-17.58790877576,
    16.782084142341));
#4312 = CARTESIAN_POINT('',(-8.4442832474,-17.59773746795,
    16.753197644594));
#4313 = CARTESIAN_POINT('',(-8.445543454658,-17.60191695938,
    16.738442917073));
#4314 = CARTESIAN_POINT('',(-8.446378073812,-17.60533372736,
    16.723463208941));
#4315 = CARTESIAN_POINT('',(-8.446849215408,-17.60839403177,
    16.705934286686));
#4316 = CARTESIAN_POINT('',(-8.446902965244,-17.60879364913,
    16.703529716249));
#4317 = CARTESIAN_POINT('',(-8.446945925825,-17.6091736806,
    16.701121713758));
#4318 = CARTESIAN_POINT('',(-8.446978092159,-17.60953408162,
    16.698710585336));
#4319 = PCURVE('',#4242,#4320);
#4320 = DEFINITIONAL_REPRESENTATION('',(#4321),#4351);
#4321 = B_SPLINE_CURVE_WITH_KNOTS('',4,(#4322,#4323,#4324,#4325,#4326,
    #4327,#4328,#4329,#4330,#4331,#4332,#4333,#4334,#4335,#4336,#4337,
    #4338,#4339,#4340,#4341,#4342,#4343,#4344,#4345,#4346,#4347,#4348,
    #4349,#4350),.UNSPECIFIED.,.F.,.F.,(5,3,3,3,3,3,3,3,3,5),(0.,
    0.122563490401,0.244729559451,0.367341457217,0.489637051784,
    0.612446870444,0.734983267592,0.857633120822,0.98050085434,1.),
  .UNSPECIFIED.);
#4322 = CARTESIAN_POINT('',(4.264815636091,1.570796326795));
#4323 = CARTESIAN_POINT('',(4.264801536186,1.526852703423));
#4324 = CARTESIAN_POINT('',(4.264788454149,1.482909324662));
#4325 = CARTESIAN_POINT('',(4.264776523648,1.43896660519));
#4326 = CARTESIAN_POINT('',(4.264755369638,1.351227610161));
#4327 = CARTESIAN_POINT('',(4.264746136551,1.307431283066));
#4328 = CARTESIAN_POINT('',(4.264738413832,1.263638233287));
#4329 = CARTESIAN_POINT('',(4.264726379906,1.175903291298));
#4330 = CARTESIAN_POINT('',(4.264722080167,1.131961380178));
#4331 = CARTESIAN_POINT('',(4.264719717309,1.088027149277));
#4332 = CARTESIAN_POINT('',(4.264719263723,1.000292135099));
#4333 = CARTESIAN_POINT('',(4.264721160994,0.95649123773));
#4334 = CARTESIAN_POINT('',(4.264725378968,0.912702598656));
#4335 = CARTESIAN_POINT('',(4.264738799001,0.824968898593));
#4336 = CARTESIAN_POINT('',(4.264748021172,0.781023908082));
#4337 = CARTESIAN_POINT('',(4.264759900092,0.737094286658));
#4338 = CARTESIAN_POINT('',(4.264789128853,0.64936369437));
#4339 = CARTESIAN_POINT('',(4.264806465948,0.605562634898));
#4340 = CARTESIAN_POINT('',(4.264826635862,0.561776892577));
#4341 = CARTESIAN_POINT('',(4.26487269373,0.474192377644));
#4342 = CARTESIAN_POINT('',(4.264898586668,0.430393635974));
#4343 = CARTESIAN_POINT('',(4.264927348161,0.386607021271));
#4344 = CARTESIAN_POINT('',(4.26499052012,0.298974596716));
#4345 = CARTESIAN_POINT('',(4.265024940383,0.255128842979));
#4346 = CARTESIAN_POINT('',(4.265062094152,0.211289530398));
#4347 = CARTESIAN_POINT('',(4.265108120349,0.160496423488));
#4348 = CARTESIAN_POINT('',(4.265114488973,0.153539669527));
#4349 = CARTESIAN_POINT('',(4.265120921624,0.146582980048));
#4350 = CARTESIAN_POINT('',(4.265127417584,0.13962634016));
#4351 = ( GEOMETRIC_REPRESENTATION_CONTEXT(2) 
PARAMETRIC_REPRESENTATION_CONTEXT() REPRESENTATION_CONTEXT('2D SPACE',''
  ) );
#4352 = PCURVE('',#4353,#4362);
#4353 = SURFACE_OF_REVOLUTION('',#4354,#4359);
#4354 = CIRCLE('',#4355,1.);
#4355 = AXIS2_PLACEMENT_3D('',#4356,#4357,#4358);
#4356 = CARTESIAN_POINT('',(-7.39580067121,-17.85504228504,
    16.716836889474));
#4357 = DIRECTION('',(-0.923879532511,0.382683432365,0.));
#4358 = DIRECTION('',(-0.319447063624,-0.771213433461,-0.550620934575));
#4359 = AXIS1_PLACEMENT('',#4360,#4361);
#4360 = CARTESIAN_POINT('',(-7.563045655347,-18.25880739398,
    12.888661519232));
#4361 = DIRECTION('',(5.325923996829E-02,0.128579179453,0.990268068742)
  );
#4362 = DEFINITIONAL_REPRESENTATION('',(#4363),#4393);
#4363 = B_SPLINE_CURVE_WITH_KNOTS('',4,(#4364,#4365,#4366,#4367,#4368,
    #4369,#4370,#4371,#4372,#4373,#4374,#4375,#4376,#4377,#4378,#4379,
    #4380,#4381,#4382,#4383,#4384,#4385,#4386,#4387,#4388,#4389,#4390,
    #4391,#4392),.UNSPECIFIED.,.F.,.F.,(5,3,3,3,3,3,3,3,3,5),(0.,
    0.122563490401,0.244729559451,0.367341457217,0.489637051784,
    0.612446870444,0.734983267592,0.857633120822,0.98050085434,1.),
  .UNSPECIFIED.);
#4364 = CARTESIAN_POINT('',(4.683994213642,1.031832761659));
#4365 = CARTESIAN_POINT('',(4.698452076574,1.029591301874));
#4366 = CARTESIAN_POINT('',(4.712766361396,1.02641502794));
#4367 = CARTESIAN_POINT('',(4.726847529562,1.022319726457));
#4368 = CARTESIAN_POINT('',(4.754339466498,1.012375107098));
#4369 = CARTESIAN_POINT('',(4.767752439085,1.006531402631));
#4370 = CARTESIAN_POINT('',(4.780775981852,0.999841934224));
#4371 = CARTESIAN_POINT('',(4.805961907436,0.984840691266));
#4372 = CARTESIAN_POINT('',(4.818121045422,0.976522934758));
#4373 = CARTESIAN_POINT('',(4.829758895102,0.967450540398));
#4374 = CARTESIAN_POINT('',(4.851867823844,0.947940100281));
#4375 = CARTESIAN_POINT('',(4.862341804267,0.937505486351));
#4376 = CARTESIAN_POINT('',(4.872202338362,0.926437578556));
#4377 = CARTESIAN_POINT('',(4.89067136465,0.903115445991));
#4378 = CARTESIAN_POINT('',(4.899274317119,0.890856306424));
#4379 = CARTESIAN_POINT('',(4.907194095765,0.878088862483));
#4380 = CARTESIAN_POINT('',(4.921611315652,0.851702338103));
#4381 = CARTESIAN_POINT('',(4.928111760847,0.838085143085));
#4382 = CARTESIAN_POINT('',(4.93389224898,0.824096509243));
#4383 = CARTESIAN_POINT('',(4.943994998876,0.795498279036));
#4384 = CARTESIAN_POINT('',(4.94831579896,0.780888094608));
#4385 = CARTESIAN_POINT('',(4.951892088539,0.766041108433));
#4386 = CARTESIAN_POINT('',(4.957547667773,0.735981553772));
#4387 = CARTESIAN_POINT('',(4.959624222847,0.720768393393));
#4388 = CARTESIAN_POINT('',(4.960940382316,0.705452828955));
#4389 = CARTESIAN_POINT('',(4.961580335196,0.687666444009));
#4390 = CARTESIAN_POINT('',(4.961648757933,0.685229474218));
#4391 = CARTESIAN_POINT('',(4.96169789708,0.682791900732));
#4392 = CARTESIAN_POINT('',(4.961727790561,0.680353995008));
#4393 = ( GEOMETRIC_REPRESENTATION_CONTEXT(2) 
PARAMETRIC_REPRESENTATION_CONTEXT() REPRESENTATION_CONTEXT('2D SPACE',''
  ) );
#4394 = ORIENTED_EDGE('',*,*,#4395,.T.);
#4395 = EDGE_CURVE('',#4284,#3858,#4396,.T.);
#4396 = SURFACE_CURVE('',#4397,(#4402,#4409),.PCURVE_S1.);
#4397 = CIRCLE('',#4398,19.184077681581);
#4398 = AXIS2_PLACEMENT_3D('',#4399,#4400,#4401);
#4399 = CARTESIAN_POINT('',(0.,0.,17.));
#4400 = DIRECTION('',(0.,0.,-1.));
#4401 = DIRECTION('',(0.943477829431,0.331435642882,0.));
#4402 = PCURVE('',#4242,#4403);
#4403 = DEFINITIONAL_REPRESENTATION('',(#4404),#4408);
#4404 = LINE('',#4405,#4406);
#4405 = CARTESIAN_POINT('',(6.621010126278,1.570796326795));
#4406 = VECTOR('',#4407,1.);
#4407 = DIRECTION('',(-1.,-0.));
#4408 = ( GEOMETRIC_REPRESENTATION_CONTEXT(2) 
PARAMETRIC_REPRESENTATION_CONTEXT() REPRESENTATION_CONTEXT('2D SPACE',''
  ) );
#4409 = PCURVE('',#944,#4410);
#4410 = DEFINITIONAL_REPRESENTATION('',(#4411),#4419);
#4411 = ( BOUNDED_CURVE() B_SPLINE_CURVE(2,(#4412,#4413,#4414,#4415,
#4416,#4417,#4418),.UNSPECIFIED.,.T.,.F.) B_SPLINE_CURVE_WITH_KNOTS((1,2
    ,2,2,2,1),(-2.094395102393,0.,2.094395102393,4.188790204786,
6.28318530718,8.377580409573),.UNSPECIFIED.) CURVE() 
GEOMETRIC_REPRESENTATION_ITEM() RATIONAL_B_SPLINE_CURVE((1.,0.5,1.,0.5,
1.,0.5,1.)) REPRESENTATION_ITEM('') );
#4412 = CARTESIAN_POINT('',(54.288779250362,52.800766540616));
#4413 = CARTESIAN_POINT('',(76.460357274536,28.051874900854));
#4414 = CARTESIAN_POINT('',(43.941399386907,21.225170909811));
#4415 = CARTESIAN_POINT('',(11.422441499277,14.398466918768));
#4416 = CARTESIAN_POINT('',(21.769821362732,45.974062549573));
#4417 = CARTESIAN_POINT('',(32.117201226187,77.549658180378));
#4418 = CARTESIAN_POINT('',(54.288779250362,52.800766540616));
#4419 = ( GEOMETRIC_REPRESENTATION_CONTEXT(2) 
PARAMETRIC_REPRESENTATION_CONTEXT() REPRESENTATION_CONTEXT('2D SPACE',''
  ) );
#4420 = ORIENTED_EDGE('',*,*,#4176,.F.);
#4421 = ORIENTED_EDGE('',*,*,#4422,.F.);
#4422 = EDGE_CURVE('',#4286,#4112,#4423,.T.);
#4423 = SURFACE_CURVE('',#4424,(#4429,#4436),.PCURVE_S1.);
#4424 = CIRCLE('',#4425,19.53067150564);
#4425 = AXIS2_PLACEMENT_3D('',#4426,#4427,#4428);
#4426 = CARTESIAN_POINT('',(0.,0.,16.698710585336));
#4427 = DIRECTION('',(0.,0.,-1.));
#4428 = DIRECTION('',(0.943374448074,0.3317297857,0.));
#4429 = PCURVE('',#4242,#4430);
#4430 = DEFINITIONAL_REPRESENTATION('',(#4431),#4435);
#4431 = LINE('',#4432,#4433);
#4432 = CARTESIAN_POINT('',(6.621321907777,0.13962634016));
#4433 = VECTOR('',#4434,1.);
#4434 = DIRECTION('',(-1.,-0.));
#4435 = ( GEOMETRIC_REPRESENTATION_CONTEXT(2) 
PARAMETRIC_REPRESENTATION_CONTEXT() REPRESENTATION_CONTEXT('2D SPACE',''
  ) );
#4436 = PCURVE('',#270,#4437);
#4437 = DEFINITIONAL_REPRESENTATION('',(#4438),#4442);
#4438 = LINE('',#4439,#4440);
#4439 = CARTESIAN_POINT('',(-6.621321907777,-3.698710585336));
#4440 = VECTOR('',#4441,1.);
#4441 = DIRECTION('',(1.,-0.));
#4442 = ( GEOMETRIC_REPRESENTATION_CONTEXT(2) 
PARAMETRIC_REPRESENTATION_CONTEXT() REPRESENTATION_CONTEXT('2D SPACE',''
  ) );
#4443 = ADVANCED_FACE('',(#4444),#4353,.T.);
#4444 = FACE_BOUND('',#4445,.T.);
#4445 = EDGE_LOOP('',(#4446,#4605,#4606,#4671,#4700,#4765));
#4446 = ORIENTED_EDGE('',*,*,#4447,.T.);
#4447 = EDGE_CURVE('',#4448,#4284,#4450,.T.);
#4448 = VERTEX_POINT('',#4449);
#4449 = CARTESIAN_POINT('',(-6.358287119494,-18.09975197064,17.));
#4450 = SURFACE_CURVE('',#4451,(#4490,#4563),.PCURVE_S1.);
#4451 = B_SPLINE_CURVE_WITH_KNOTS('',7,(#4452,#4453,#4454,#4455,#4456,
    #4457,#4458,#4459,#4460,#4461,#4462,#4463,#4464,#4465,#4466,#4467,
    #4468,#4469,#4470,#4471,#4472,#4473,#4474,#4475,#4476,#4477,#4478,
    #4479,#4480,#4481,#4482,#4483,#4484,#4485,#4486,#4487,#4488,#4489),
  .UNSPECIFIED.,.F.,.F.,(8,6,6,6,6,6,8),(0.741795890122,0.823668423302,
    0.878544277659,1.,1.121448595208,1.176320530943,1.258204133755),
  .UNSPECIFIED.);
#4452 = CARTESIAN_POINT('',(-6.358287119494,-18.09975197064,17.));
#4453 = CARTESIAN_POINT('',(-6.382717141379,-18.17341285241,17.));
#4454 = CARTESIAN_POINT('',(-6.413527827986,-18.24510703638,17.));
#4455 = CARTESIAN_POINT('',(-6.450538827693,-18.31415079769,17.));
#4456 = CARTESIAN_POINT('',(-6.493477003886,-18.37989171981,17.));
#4457 = CARTESIAN_POINT('',(-6.541984944335,-18.44171445216,17.));
#4458 = CARTESIAN_POINT('',(-6.595623140716,-18.49905073879,17.));
#4459 = CARTESIAN_POINT('',(-6.692903567608,-18.58647710453,17.));
#4460 = CARTESIAN_POINT('',(-6.734013124117,-18.61932013339,17.));
#4461 = CARTESIAN_POINT('',(-6.777038350437,-18.64977130622,17.));
#4462 = CARTESIAN_POINT('',(-6.821810286382,-18.67769408994,17.));
#4463 = CARTESIAN_POINT('',(-6.868148131167,-18.70296771853,17.));
#4464 = CARTESIAN_POINT('',(-6.915860205627,-18.72548799466,17.));
#4465 = CARTESIAN_POINT('',(-7.07294054413,-18.78872568817,17.));
#4466 = CARTESIAN_POINT('',(-7.186934630736,-18.81839239211,17.));
#4467 = CARTESIAN_POINT('',(-7.304477022433,-18.83317497417,17.));
#4468 = CARTESIAN_POINT('',(-7.423200571487,-18.83262268243,17.));
#4469 = CARTESIAN_POINT('',(-7.540732102736,-18.81672298218,17.));
#4470 = CARTESIAN_POINT('',(-7.654696980436,-18.78589572183,17.));
#4471 = CARTESIAN_POINT('',(-7.87093976793,-18.69632502649,17.));
#4472 = CARTESIAN_POINT('',(-7.973317579949,-18.63754213283,17.));
#4473 = CARTESIAN_POINT('',(-8.067663105251,-18.56568334211,17.));
#4474 = CARTESIAN_POINT('',(-8.152000670283,-18.48213061754,17.));
#4475 = CARTESIAN_POINT('',(-8.22466131057,-18.3885705788,17.));
#4476 = CARTESIAN_POINT('',(-8.284290101103,-18.28699537126,17.));
#4477 = CARTESIAN_POINT('',(-8.350649825647,-18.13121972489,17.));
#4478 = CARTESIAN_POINT('',(-8.368464313411,-18.08156237683,17.));
#4479 = CARTESIAN_POINT('',(-8.383360625756,-18.03092983122,17.));
#4480 = CARTESIAN_POINT('',(-8.395276905641,-17.9795312563,17.));
#4481 = CARTESIAN_POINT('',(-8.404170698232,-17.92757984391,17.));
#4482 = CARTESIAN_POINT('',(-8.410019064524,-17.87529156287,17.));
#4483 = CARTESIAN_POINT('',(-8.416996492308,-17.74467768172,17.));
#4484 = CARTESIAN_POINT('',(-8.414385787792,-17.66619596548,17.));
#4485 = CARTESIAN_POINT('',(-8.404973162962,-17.58816922987,17.));
#4486 = CARTESIAN_POINT('',(-8.388849654959,-17.51131036705,17.));
#4487 = CARTESIAN_POINT('',(-8.366197702398,-17.43630751247,17.));
#4488 = CARTESIAN_POINT('',(-8.337285593619,-17.36381540578,17.));
#4489 = CARTESIAN_POINT('',(-8.302469417314,-17.29444529516,17.));
#4490 = PCURVE('',#4353,#4491);
#4491 = DEFINITIONAL_REPRESENTATION('',(#4492),#4562);
#4492 = B_SPLINE_CURVE_WITH_KNOTS('',3,(#4493,#4494,#4495,#4496,#4497,
    #4498,#4499,#4500,#4501,#4502,#4503,#4504,#4505,#4506,#4507,#4508,
    #4509,#4510,#4511,#4512,#4513,#4514,#4515,#4516,#4517,#4518,#4519,
    #4520,#4521,#4522,#4523,#4524,#4525,#4526,#4527,#4528,#4529,#4530,
    #4531,#4532,#4533,#4534,#4535,#4536,#4537,#4538,#4539,#4540,#4541,
    #4542,#4543,#4544,#4545,#4546,#4547,#4548,#4549,#4550,#4551,#4552,
    #4553,#4554,#4555,#4556,#4557,#4558,#4559,#4560,#4561),
  .UNSPECIFIED.,.F.,.F.,(4,1,1,1,1,1,1,1,1,1,1,1,1,1,1,1,1,1,1,1,1,1,1,1
    ,1,1,1,1,1,1,1,1,1,1,1,1,1,1,1,1,1,1,1,1,1,1,1,1,1,1,1,1,1,1,1,1,1,1
    ,1,1,1,1,1,1,1,1,4),(0.741795890122,0.74962025745,0.757444624778,
    0.765268992106,0.773093359433,0.780917726761,0.788742094089,
    0.796566461417,0.804390828744,0.812215196072,0.8200395634,
    0.827863930728,0.835688298055,0.843512665383,0.851337032711,
    0.859161400039,0.866985767366,0.874810134694,0.882634502022,
    0.89045886935,0.898283236678,0.906107604005,0.913931971333,
    0.921756338661,0.929580705989,0.937405073316,0.945229440644,
    0.953053807972,0.9608781753,0.968702542627,0.976526909955,
    0.984351277283,0.992175644611,1.000000011938,1.007824379266,
    1.015648746594,1.023473113922,1.03129748125,1.039121848577,
    1.046946215905,1.054770583233,1.062594950561,1.070419317888,
    1.078243685216,1.086068052544,1.093892419872,1.101716787199,
    1.109541154527,1.117365521855,1.125189889183,1.13301425651,
    1.140838623838,1.148662991166,1.156487358494,1.164311725821,
    1.172136093149,1.179960460477,1.187784827805,1.195609195133,
    1.20343356246,1.211257929788,1.219082297116,1.226906664444,
    1.234731031771,1.242555399099,1.250379766427,1.258204133755),
  .QUASI_UNIFORM_KNOTS.);
#4493 = CARTESIAN_POINT('',(7.882376400371,1.0318327639));
#4494 = CARTESIAN_POINT('',(7.866111179149,1.029311100647));
#4495 = CARTESIAN_POINT('',(7.833599900695,1.024262236658));
#4496 = CARTESIAN_POINT('',(7.784886972822,1.016690572896));
#4497 = CARTESIAN_POINT('',(7.736224774471,1.009138842031));
#4498 = CARTESIAN_POINT('',(7.68760919878,1.001625148722));
#4499 = CARTESIAN_POINT('',(7.639035855156,0.994167452767));
#4500 = CARTESIAN_POINT('',(7.590500170013,0.986783538481));
#4501 = CARTESIAN_POINT('',(7.54199760645,0.979491005414));
#4502 = CARTESIAN_POINT('',(7.493523835337,0.972307249751));
#4503 = CARTESIAN_POINT('',(7.445074989818,0.965249456045));
#4504 = CARTESIAN_POINT('',(7.396647683907,0.958334554034));
#4505 = CARTESIAN_POINT('',(7.34823997835,0.95157930635));
#4506 = CARTESIAN_POINT('',(7.299845714699,0.944999475521));
#4507 = CARTESIAN_POINT('',(7.251462334976,0.938610883601));
#4508 = CARTESIAN_POINT('',(7.203086687271,0.932428801319));
#4509 = CARTESIAN_POINT('',(7.154715816594,0.926468004413));
#4510 = CARTESIAN_POINT('',(7.10634705288,0.920742743528));
#4511 = CARTESIAN_POINT('',(7.057978018869,0.9152667207));
#4512 = CARTESIAN_POINT('',(7.00960763409,0.910053161132));
#4513 = CARTESIAN_POINT('',(6.961226030003,0.90511375784));
#4514 = CARTESIAN_POINT('',(6.912836950529,0.900460999335));
#4515 = CARTESIAN_POINT('',(6.864441088319,0.896106267805));
#4516 = CARTESIAN_POINT('',(6.816039010585,0.892060170525));
#4517 = CARTESIAN_POINT('',(6.767630645494,0.888332473036));
#4518 = CARTESIAN_POINT('',(6.719215661895,0.884932133771));
#4519 = CARTESIAN_POINT('',(6.670793587479,0.881867305558));
#4520 = CARTESIAN_POINT('',(6.622363979924,0.879145339522));
#4521 = CARTESIAN_POINT('',(6.573926574989,0.876772781504));
#4522 = CARTESIAN_POINT('',(6.525481428129,0.874755363339));
#4523 = CARTESIAN_POINT('',(6.477029086507,0.873097988139));
#4524 = CARTESIAN_POINT('',(6.428570654872,0.871804709649));
#4525 = CARTESIAN_POINT('',(6.380108292812,0.870878705593));
#4526 = CARTESIAN_POINT('',(6.33164415905,0.870322244779));
#4527 = CARTESIAN_POINT('',(6.28318523297,0.870136648905));
#4528 = CARTESIAN_POINT('',(6.234726308535,0.87032224591));
#4529 = CARTESIAN_POINT('',(6.186262178567,0.870878707791));
#4530 = CARTESIAN_POINT('',(6.137799821495,0.871804712823));
#4531 = CARTESIAN_POINT('',(6.089341395374,0.873097992188));
#4532 = CARTESIAN_POINT('',(6.040889059306,0.874755368168));
#4533 = CARTESIAN_POINT('',(5.992443917709,0.876772787032));
#4534 = CARTESIAN_POINT('',(5.944006517539,0.879145345683));
#4535 = CARTESIAN_POINT('',(5.895576914151,0.881867312305));
#4536 = CARTESIAN_POINT('',(5.847154843306,0.884932141069));
#4537 = CARTESIAN_POINT('',(5.798739862791,0.888332480854));
#4538 = CARTESIAN_POINT('',(5.750331500538,0.892060178824));
#4539 = CARTESIAN_POINT('',(5.701929425746,0.896106276521));
#4540 = CARTESIAN_POINT('',(5.653533567257,0.900461008336));
#4541 = CARTESIAN_POINT('',(5.605144492695,0.905113766943));
#4542 = CARTESIAN_POINT('',(5.556762897313,0.910053169857));
#4543 = CARTESIAN_POINT('',(5.508392521037,0.915266728946));
#4544 = CARTESIAN_POINT('',(5.460023490231,0.920742751784));
#4545 = CARTESIAN_POINT('',(5.41165473151,0.926468012423));
#4546 = CARTESIAN_POINT('',(5.363283865282,0.932428809088));
#4547 = CARTESIAN_POINT('',(5.314908222006,0.938610891071));
#4548 = CARTESIAN_POINT('',(5.266524846414,0.944999482667));
#4549 = CARTESIAN_POINT('',(5.218130587903,0.951579312975));
#4550 = CARTESIAN_POINT('',(5.169722885503,0.95833456039));
#4551 = CARTESIAN_POINT('',(5.121295582234,0.965249462152));
#4552 = CARTESIAN_POINT('',(5.072846741587,0.972307255257));
#4553 = CARTESIAN_POINT('',(5.024372975624,0.979491010238));
#4554 = CARTESIAN_POINT('',(4.975870417175,0.986783542596));
#4555 = CARTESIAN_POINT('',(4.927334736697,0.994167456211));
#4556 = CARTESIAN_POINT('',(4.878761397216,1.001625151553));
#4557 = CARTESIAN_POINT('',(4.830145825283,1.009138844294));
#4558 = CARTESIAN_POINT('',(4.781483630697,1.01669057458));
#4559 = CARTESIAN_POINT('',(4.732770707211,1.024262237661));
#4560 = CARTESIAN_POINT('',(4.700259432777,1.029311101025));
#4561 = CARTESIAN_POINT('',(4.683994213989,1.0318327639));
#4562 = ( GEOMETRIC_REPRESENTATION_CONTEXT(2) 
PARAMETRIC_REPRESENTATION_CONTEXT() REPRESENTATION_CONTEXT('2D SPACE',''
  ) );
#4563 = PCURVE('',#944,#4564);
#4564 = DEFINITIONAL_REPRESENTATION('',(#4565),#4604);
#4565 = B_SPLINE_CURVE_WITH_KNOTS('',7,(#4566,#4567,#4568,#4569,#4570,
    #4571,#4572,#4573,#4574,#4575,#4576,#4577,#4578,#4579,#4580,#4581,
    #4582,#4583,#4584,#4585,#4586,#4587,#4588,#4589,#4590,#4591,#4592,
    #4593,#4594,#4595,#4596,#4597,#4598,#4599,#4600,#4601,#4602,#4603),
  .UNSPECIFIED.,.F.,.F.,(8,6,6,6,6,6,8),(0.741795890122,0.823668423302,
    0.878544277659,1.,1.121448595208,1.176320530943,1.258204133755),
  .UNSPECIFIED.);
#4566 = CARTESIAN_POINT('',(41.052183877554,20.844798471936));
#4567 = CARTESIAN_POINT('',(41.05780227942,20.767395726299));
#4568 = CARTESIAN_POINT('',(41.056773093084,20.689368197823));
#4569 = CARTESIAN_POINT('',(41.049001291541,20.611416583495));
#4570 = CARTESIAN_POINT('',(41.034489551116,20.534248162455));
#4571 = CARTESIAN_POINT('',(41.013332593182,20.45856822025));
#4572 = CARTESIAN_POINT('',(40.985719008351,20.385069949466));
#4573 = CARTESIAN_POINT('',(40.929300234754,20.26707091189));
#4574 = CARTESIAN_POINT('',(40.903888439918,20.22099596355));
#4575 = CARTESIAN_POINT('',(40.875791473277,20.176397706948));
#4576 = CARTESIAN_POINT('',(40.84511318474,20.133466940462));
#4577 = CARTESIAN_POINT('',(40.811974397301,20.092384426801));
#4578 = CARTESIAN_POINT('',(40.77651232482,20.053319784202));
#4579 = CARTESIAN_POINT('',(40.655589032728,19.934783730381));
#4580 = CARTESIAN_POINT('',(40.561625185373,19.863751621487));
#4581 = CARTESIAN_POINT('',(40.458687224723,19.805112770582));
#4582 = CARTESIAN_POINT('',(40.348789614827,19.760189486362));
#4583 = CARTESIAN_POINT('',(40.234120086816,19.729901524206));
#4584 = CARTESIAN_POINT('',(40.117033187084,19.714769728517));
#4585 = CARTESIAN_POINT('',(39.882973680531,19.714769728517));
#4586 = CARTESIAN_POINT('',(39.765893675916,19.729899748321));
#4587 = CARTESIAN_POINT('',(39.651230607424,19.760184144857));
#4588 = CARTESIAN_POINT('',(39.54133861385,19.805102208103));
#4589 = CARTESIAN_POINT('',(39.438405058714,19.86373438973));
#4590 = CARTESIAN_POINT('',(39.344444090523,19.934758694765));
#4591 = CARTESIAN_POINT('',(39.223522940205,20.053281858945));
#4592 = CARTESIAN_POINT('',(39.188061455177,20.09234195714));
#4593 = CARTESIAN_POINT('',(39.154922820751,20.133419757763));
#4594 = CARTESIAN_POINT('',(39.12424423059,20.176345686251));
#4595 = CARTESIAN_POINT('',(39.096146492842,20.220939025762));
#4596 = CARTESIAN_POINT('',(39.070733448065,20.267009025517));
#4597 = CARTESIAN_POINT('',(39.014303376991,20.385010370967));
#4598 = CARTESIAN_POINT('',(38.986681700909,20.458517095644));
#4599 = CARTESIAN_POINT('',(38.965518293338,20.534206455239));
#4600 = CARTESIAN_POINT('',(38.951001858945,20.611384984869));
#4601 = CARTESIAN_POINT('',(38.94322718446,20.68934711405));
#4602 = CARTESIAN_POINT('',(38.942196961793,20.767385272719));
#4603 = CARTESIAN_POINT('',(38.947816122447,20.844798471936));
#4604 = ( GEOMETRIC_REPRESENTATION_CONTEXT(2) 
PARAMETRIC_REPRESENTATION_CONTEXT() REPRESENTATION_CONTEXT('2D SPACE',''
  ) );
#4605 = ORIENTED_EDGE('',*,*,#4283,.T.);
#4606 = ORIENTED_EDGE('',*,*,#4607,.F.);
#4607 = EDGE_CURVE('',#4608,#4286,#4610,.T.);
#4608 = VERTEX_POINT('',#4609);
#4609 = CARTESIAN_POINT('',(-8.240913619171,-17.80162049983,
    16.087414712335));
#4610 = SURFACE_CURVE('',#4611,(#4629,#4650),.PCURVE_S1.);
#4611 = B_SPLINE_CURVE_WITH_KNOTS('',6,(#4612,#4613,#4614,#4615,#4616,
    #4617,#4618,#4619,#4620,#4621,#4622,#4623,#4624,#4625,#4626,#4627,
    #4628),.UNSPECIFIED.,.F.,.F.,(7,5,5,7),(0.,0.493872364423,
    0.948341652732,1.),.UNSPECIFIED.);
#4612 = CARTESIAN_POINT('',(-8.240913619171,-17.80162049983,
    16.087414712335));
#4613 = CARTESIAN_POINT('',(-8.275823252452,-17.77887884626,
    16.129907982221));
#4614 = CARTESIAN_POINT('',(-8.307259927644,-17.75724444673,
    16.174892809534));
#4615 = CARTESIAN_POINT('',(-8.335094443054,-17.73687974042,
    16.221949280885));
#4616 = CARTESIAN_POINT('',(-8.359310586369,-17.71788797293,
    16.270687346253));
#4617 = CARTESIAN_POINT('',(-8.379940828454,-17.70033190832,
    16.320784017637));
#4618 = CARTESIAN_POINT('',(-8.412750099182,-17.66945529466,
    16.419111531155));
#4619 = CARTESIAN_POINT('',(-8.425467508717,-17.65591283727,
    16.467158832587));
#4620 = CARTESIAN_POINT('',(-8.435210517022,-17.64365924091,
    16.515924669477));
#4621 = CARTESIAN_POINT('',(-8.442009157062,-17.63272242679,
    16.565217559063));
#4622 = CARTESIAN_POINT('',(-8.445890435318,-17.62312490484,
    16.614861302374));
#4623 = CARTESIAN_POINT('',(-8.446982482571,-17.61395129883,
    16.670357955093));
#4624 = CARTESIAN_POINT('',(-8.44705646483,-17.61303256767,
    16.67602466721));
#4625 = CARTESIAN_POINT('',(-8.447092993784,-17.61213144881,
    16.681693532674));
#4626 = CARTESIAN_POINT('',(-8.447092093244,-17.61124797382,
    16.687364305316));
#4627 = CARTESIAN_POINT('',(-8.447053785669,-17.61038217424,
    16.693036738542));
#4628 = CARTESIAN_POINT('',(-8.446978092159,-17.60953408162,
    16.698710585336));
#4629 = PCURVE('',#4353,#4630);
#4630 = DEFINITIONAL_REPRESENTATION('',(#4631),#4649);
#4631 = B_SPLINE_CURVE_WITH_KNOTS('',6,(#4632,#4633,#4634,#4635,#4636,
    #4637,#4638,#4639,#4640,#4641,#4642,#4643,#4644,#4645,#4646,#4647,
    #4648),.UNSPECIFIED.,.F.,.F.,(7,5,5,7),(0.,0.493872364423,
    0.948341652732,1.),.UNSPECIFIED.);
#4632 = CARTESIAN_POINT('',(5.052795423858,0.));
#4633 = CARTESIAN_POINT('',(5.034864694683,5.752609456465E-02));
#4634 = CARTESIAN_POINT('',(5.020335149972,0.11489635074));
#4635 = CARTESIAN_POINT('',(5.008338251646,0.171917291573));
#4636 = CARTESIAN_POINT('',(4.998393776607,0.228534481467));
#4637 = CARTESIAN_POINT('',(4.990158893419,0.284754015954));
#4638 = CARTESIAN_POINT('',(4.977189597277,0.392087131634));
#4639 = CARTESIAN_POINT('',(4.972229806608,0.443235339948));
#4640 = CARTESIAN_POINT('',(4.968346346403,0.494138548117));
#4641 = CARTESIAN_POINT('',(4.965436991748,0.544847500895));
#4642 = CARTESIAN_POINT('',(4.963437032776,0.595419422515));
#4643 = CARTESIAN_POINT('',(4.962192560975,0.651663197025));
#4644 = CARTESIAN_POINT('',(4.96207692878,0.657402842657));
#4645 = CARTESIAN_POINT('',(4.961972674149,0.663141652532));
#4646 = CARTESIAN_POINT('',(4.961879771439,0.668879717182));
#4647 = CARTESIAN_POINT('',(4.961798177682,0.67461713042));
#4648 = CARTESIAN_POINT('',(4.961727832578,0.680353989335));
#4649 = ( GEOMETRIC_REPRESENTATION_CONTEXT(2) 
PARAMETRIC_REPRESENTATION_CONTEXT() REPRESENTATION_CONTEXT('2D SPACE',''
  ) );
#4650 = PCURVE('',#270,#4651);
#4651 = DEFINITIONAL_REPRESENTATION('',(#4652),#4670);
#4652 = B_SPLINE_CURVE_WITH_KNOTS('',6,(#4653,#4654,#4655,#4656,#4657,
    #4658,#4659,#4660,#4661,#4662,#4663,#4664,#4665,#4666,#4667,#4668,
    #4669),.UNSPECIFIED.,.F.,.F.,(7,5,5,7),(0.,0.493872364423,
    0.948341652732,1.),.UNSPECIFIED.);
#4653 = CARTESIAN_POINT('',(-4.278834204892,-3.087414712335));
#4654 = CARTESIAN_POINT('',(-4.27673223428,-3.129907982221));
#4655 = CARTESIAN_POINT('',(-4.274813102048,-3.174892809534));
#4656 = CARTESIAN_POINT('',(-4.27308632827,-3.221949280885));
#4657 = CARTESIAN_POINT('',(-4.271555078213,-3.270687346253));
#4658 = CARTESIAN_POINT('',(-4.270219467037,-3.320784017637));
#4659 = CARTESIAN_POINT('',(-4.268029004242,-3.419111531155));
#4660 = CARTESIAN_POINT('',(-4.267144601868,-3.467158832587));
#4661 = CARTESIAN_POINT('',(-4.266425054886,-3.515924669477));
#4662 = CARTESIAN_POINT('',(-4.265869838526,-3.565217559063));
#4663 = CARTESIAN_POINT('',(-4.265478461914,-3.614861302374));
#4664 = CARTESIAN_POINT('',(-4.265225013366,-3.670357955093));
#4665 = CARTESIAN_POINT('',(-4.265201261392,-3.67602466721));
#4666 = CARTESIAN_POINT('',(-4.265179625809,-3.681693532674));
#4667 = CARTESIAN_POINT('',(-4.265160106604,-3.687364305316));
#4668 = CARTESIAN_POINT('',(-4.265142703824,-3.693036738542));
#4669 = CARTESIAN_POINT('',(-4.265127417584,-3.698710585336));
#4670 = ( GEOMETRIC_REPRESENTATION_CONTEXT(2) 
PARAMETRIC_REPRESENTATION_CONTEXT() REPRESENTATION_CONTEXT('2D SPACE',''
  ) );
#4671 = ORIENTED_EDGE('',*,*,#4672,.F.);
#4672 = EDGE_CURVE('',#4673,#4608,#4675,.T.);
#4673 = VERTEX_POINT('',#4674);
#4674 = CARTESIAN_POINT('',(-6.760440668253,-18.41485247482,
    16.087414712335));
#4675 = SURFACE_CURVE('',#4676,(#4681,#4688),.PCURVE_S1.);
#4676 = CIRCLE('',#4677,0.85);
#4677 = AXIS2_PLACEMENT_3D('',#4678,#4679,#4680);
#4678 = CARTESIAN_POINT('',(-7.393132428853,-17.84860057815,
    16.047918819083));
#4679 = DIRECTION('',(-5.325923996829E-02,-0.128579179453,
    -0.990268068742));
#4680 = DIRECTION('',(0.744343247765,-0.666178701968,4.646575676742E-02)
  );
#4681 = PCURVE('',#4353,#4682);
#4682 = DEFINITIONAL_REPRESENTATION('',(#4683),#4687);
#4683 = LINE('',#4684,#4685);
#4684 = CARTESIAN_POINT('',(7.513575190501,0.));
#4685 = VECTOR('',#4686,1.);
#4686 = DIRECTION('',(-1.,-0.));
#4687 = ( GEOMETRIC_REPRESENTATION_CONTEXT(2) 
PARAMETRIC_REPRESENTATION_CONTEXT() REPRESENTATION_CONTEXT('2D SPACE',''
  ) );
#4688 = PCURVE('',#4689,#4694);
#4689 = TOROIDAL_SURFACE('',#4690,1.,0.2);
#4690 = AXIS2_PLACEMENT_3D('',#4691,#4692,#4693);
#4691 = CARTESIAN_POINT('',(-7.400177964051,-17.86561000478,
    15.916918667024));
#4692 = DIRECTION('',(-5.325923996829E-02,-0.128579179453,
    -0.990268068742));
#4693 = DIRECTION('',(-0.378959183508,-0.91488840041,0.13917310096));
#4694 = DEFINITIONAL_REPRESENTATION('',(#4695),#4699);
#4695 = LINE('',#4696,#4697);
#4696 = CARTESIAN_POINT('',(-7.513575190501,3.864326901403));
#4697 = VECTOR('',#4698,1.);
#4698 = DIRECTION('',(1.,-0.));
#4699 = ( GEOMETRIC_REPRESENTATION_CONTEXT(2) 
PARAMETRIC_REPRESENTATION_CONTEXT() REPRESENTATION_CONTEXT('2D SPACE',''
  ) );
#4700 = ORIENTED_EDGE('',*,*,#4701,.T.);
#4701 = EDGE_CURVE('',#4673,#4702,#4704,.T.);
#4702 = VERTEX_POINT('',#4703);
#4703 = CARTESIAN_POINT('',(-6.478905473151,-18.42473645215,
    16.698710585336));
#4704 = SURFACE_CURVE('',#4705,(#4723,#4744),.PCURVE_S1.);
#4705 = B_SPLINE_CURVE_WITH_KNOTS('',6,(#4706,#4707,#4708,#4709,#4710,
    #4711,#4712,#4713,#4714,#4715,#4716,#4717,#4718,#4719,#4720,#4721,
    #4722),.UNSPECIFIED.,.F.,.F.,(7,5,5,7),(0.,0.493872364423,
    0.948341652732,1.),.UNSPECIFIED.);
#4706 = CARTESIAN_POINT('',(-6.760440668253,-18.41485247482,
    16.087414712335));
#4707 = CARTESIAN_POINT('',(-6.719675052375,-18.42345653579,
    16.129907982221));
#4708 = CARTESIAN_POINT('',(-6.682148135556,-18.43038779138,
    16.174892809534));
#4709 = CARTESIAN_POINT('',(-6.648066139034,-18.43566974406,
    16.221949280885));
#4710 = CARTESIAN_POINT('',(-6.617513532303,-18.43936393563,
    16.270687346253));
#4711 = CARTESIAN_POINT('',(-6.590511735889,-18.44153770737,
    16.320784017637));
#4712 = CARTESIAN_POINT('',(-6.545479015172,-18.44290430229,
    16.419111531155));
#4713 = CARTESIAN_POINT('',(-6.526910485197,-18.44232090535,
    16.467158832587));
#4714 = CARTESIAN_POINT('',(-6.511356536872,-18.44054565151,
    16.515924669476));
#4715 = CARTESIAN_POINT('',(-6.498815676969,-18.43761952056,
    16.565217559063));
#4716 = CARTESIAN_POINT('',(-6.489284725944,-18.43357752588,
    16.614861302374));
#4717 = CARTESIAN_POINT('',(-6.482025812906,-18.42786300088,
    16.670357955093));
#4718 = CARTESIAN_POINT('',(-6.481323858513,-18.4272656732,
    16.67602466721));
#4719 = CARTESIAN_POINT('',(-6.480660841387,-18.42665431582,
    16.681693532674));
#4720 = CARTESIAN_POINT('',(-6.480036767007,-18.42602896788,
    16.687364305316));
#4721 = CARTESIAN_POINT('',(-6.479451641802,-18.42538966759,
    16.693036738542));
#4722 = CARTESIAN_POINT('',(-6.478905473151,-18.42473645215,
    16.698710585336));
#4723 = PCURVE('',#4353,#4724);
#4724 = DEFINITIONAL_REPRESENTATION('',(#4725),#4743);
#4725 = B_SPLINE_CURVE_WITH_KNOTS('',6,(#4726,#4727,#4728,#4729,#4730,
    #4731,#4732,#4733,#4734,#4735,#4736,#4737,#4738,#4739,#4740,#4741,
    #4742),.UNSPECIFIED.,.F.,.F.,(7,5,5,7),(0.,0.493872364423,
    0.948341652732,1.),.UNSPECIFIED.);
#4726 = CARTESIAN_POINT('',(7.513575190501,0.));
#4727 = CARTESIAN_POINT('',(7.531505919677,5.752609456465E-02));
#4728 = CARTESIAN_POINT('',(7.546035464387,0.11489635074));
#4729 = CARTESIAN_POINT('',(7.558032362714,0.171917291573));
#4730 = CARTESIAN_POINT('',(7.567976837752,0.228534481467));
#4731 = CARTESIAN_POINT('',(7.57621172094,0.284754015954));
#4732 = CARTESIAN_POINT('',(7.589181017082,0.392087131634));
#4733 = CARTESIAN_POINT('',(7.594140807751,0.443235339949));
#4734 = CARTESIAN_POINT('',(7.598024267956,0.494138548116));
#4735 = CARTESIAN_POINT('',(7.600933622611,0.544847500896));
#4736 = CARTESIAN_POINT('',(7.602933581583,0.595419422515));
#4737 = CARTESIAN_POINT('',(7.604178053384,0.651663197025));
#4738 = CARTESIAN_POINT('',(7.604293685579,0.657402842657));
#4739 = CARTESIAN_POINT('',(7.604397940211,0.663141652532));
#4740 = CARTESIAN_POINT('',(7.60449084292,0.668879717182));
#4741 = CARTESIAN_POINT('',(7.604572436677,0.67461713042));
#4742 = CARTESIAN_POINT('',(7.604642781781,0.680353989335));
#4743 = ( GEOMETRIC_REPRESENTATION_CONTEXT(2) 
PARAMETRIC_REPRESENTATION_CONTEXT() REPRESENTATION_CONTEXT('2D SPACE',''
  ) );
#4744 = PCURVE('',#213,#4745);
#4745 = DEFINITIONAL_REPRESENTATION('',(#4746),#4764);
#4746 = B_SPLINE_CURVE_WITH_KNOTS('',6,(#4747,#4748,#4749,#4750,#4751,
    #4752,#4753,#4754,#4755,#4756,#4757,#4758,#4759,#4760,#4761,#4762,
    #4763),.UNSPECIFIED.,.F.,.F.,(7,5,5,7),(0.,0.493872364423,
    0.948341652732,1.),.UNSPECIFIED.);
#4747 = CARTESIAN_POINT('',(-4.36054559248,-3.087414712335));
#4748 = CARTESIAN_POINT('',(-4.362647563092,-3.129907982221));
#4749 = CARTESIAN_POINT('',(-4.364566695324,-3.174892809534));
#4750 = CARTESIAN_POINT('',(-4.366293469102,-3.221949280885));
#4751 = CARTESIAN_POINT('',(-4.367824719159,-3.270687346253));
#4752 = CARTESIAN_POINT('',(-4.369160330335,-3.320784017637));
#4753 = CARTESIAN_POINT('',(-4.37135079313,-3.419111531155));
#4754 = CARTESIAN_POINT('',(-4.372235195504,-3.467158832587));
#4755 = CARTESIAN_POINT('',(-4.372954742486,-3.515924669476));
#4756 = CARTESIAN_POINT('',(-4.373509958846,-3.565217559063));
#4757 = CARTESIAN_POINT('',(-4.373901335458,-3.614861302374));
#4758 = CARTESIAN_POINT('',(-4.374154784006,-3.670357955093));
#4759 = CARTESIAN_POINT('',(-4.374178535979,-3.67602466721));
#4760 = CARTESIAN_POINT('',(-4.374200171563,-3.681693532674));
#4761 = CARTESIAN_POINT('',(-4.374219690768,-3.687364305316));
#4762 = CARTESIAN_POINT('',(-4.374237093547,-3.693036738542));
#4763 = CARTESIAN_POINT('',(-4.374252379787,-3.698710585336));
#4764 = ( GEOMETRIC_REPRESENTATION_CONTEXT(2) 
PARAMETRIC_REPRESENTATION_CONTEXT() REPRESENTATION_CONTEXT('2D SPACE',''
  ) );
#4765 = ORIENTED_EDGE('',*,*,#4766,.T.);
#4766 = EDGE_CURVE('',#4702,#4448,#4767,.T.);
#4767 = SURFACE_CURVE('',#4768,(#4798,#4831),.PCURVE_S1.);
#4768 = B_SPLINE_CURVE_WITH_KNOTS('',4,(#4769,#4770,#4771,#4772,#4773,
    #4774,#4775,#4776,#4777,#4778,#4779,#4780,#4781,#4782,#4783,#4784,
    #4785,#4786,#4787,#4788,#4789,#4790,#4791,#4792,#4793,#4794,#4795,
    #4796,#4797),.UNSPECIFIED.,.F.,.F.,(5,3,3,3,3,3,3,3,3,5),(0.,
    1.950830302778E-02,0.142776981814,0.265426505188,0.387962486633,
    0.510372057754,0.633067147195,0.755279537676,0.877445604497,1.),
  .UNSPECIFIED.);
#4769 = CARTESIAN_POINT('',(-6.478905473151,-18.42473645215,
    16.698710585336));
#4770 = CARTESIAN_POINT('',(-6.478673267177,-18.42445873474,
    16.701122846099));
#4771 = CARTESIAN_POINT('',(-6.478434807198,-18.42415948362,
    16.703531977992));
#4772 = CARTESIAN_POINT('',(-6.478190121226,-18.42383873387,
    16.705937674466));
#4773 = CARTESIAN_POINT('',(-6.476353968925,-18.42133421013,
    16.723517052069));
#4774 = CARTESIAN_POINT('',(-6.474521297057,-18.41831523989,
    16.738545112162));
#4775 = CARTESIAN_POINT('',(-6.472448701757,-18.41445055188,
    16.753346457106));
#4776 = CARTESIAN_POINT('',(-6.467855072956,-18.40510068084,
    16.782274099563));
#4777 = CARTESIAN_POINT('',(-6.46533634347,-18.39962372391,
    16.796403477298));
#4778 = CARTESIAN_POINT('',(-6.462599687389,-18.39335633541,
    16.810161527209));
#4779 = CARTESIAN_POINT('',(-6.45671754307,-18.37931831893,
    16.836785606769));
#4780 = CARTESIAN_POINT('',(-6.453572434877,-18.37154906644,
    16.849652522342));
#4781 = CARTESIAN_POINT('',(-6.450234048126,-18.3630618211,
    16.86201211789));
#4782 = CARTESIAN_POINT('',(-6.443203310298,-18.34475492264,
    16.885581534198));
#4783 = CARTESIAN_POINT('',(-6.439511324793,-18.33493661126,
    16.896792606888));
#4784 = CARTESIAN_POINT('',(-6.435655356379,-18.32449569662,
    16.907374807763));
#4785 = CARTESIAN_POINT('',(-6.427639612181,-18.30245770708,
    16.927200152741));
#4786 = CARTESIAN_POINT('',(-6.423479141574,-18.2908579228,
    16.936440193089));
#4787 = CARTESIAN_POINT('',(-6.419187620188,-18.27874802068,
    16.944943488345));
#4788 = CARTESIAN_POINT('',(-6.410397913706,-18.25369020631,
    16.960363825747));
#4789 = CARTESIAN_POINT('',(-6.405900597045,-18.24074568541,
    16.967287036921));
#4790 = CARTESIAN_POINT('',(-6.401310999151,-18.22742654721,
    16.9733978246));
#4791 = CARTESIAN_POINT('',(-6.39199051869,-18.20018745513,
    16.983936934723));
#4792 = CARTESIAN_POINT('',(-6.387259676759,-18.18626762764,
    16.988365927784));
#4793 = CARTESIAN_POINT('',(-6.382478088717,-18.17211649587,
    16.99192763031));
#4794 = CARTESIAN_POINT('',(-6.372842842799,-18.14345556293,
    16.997296958767));
#4795 = CARTESIAN_POINT('',(-6.367988988451,-18.12894466539,
    16.999098982266));
#4796 = CARTESIAN_POINT('',(-6.363129124514,-18.11435148032,17.));
#4797 = CARTESIAN_POINT('',(-6.358287119599,-18.09975197061,17.));
#4798 = PCURVE('',#4353,#4799);
#4799 = DEFINITIONAL_REPRESENTATION('',(#4800),#4830);
#4800 = B_SPLINE_CURVE_WITH_KNOTS('',4,(#4801,#4802,#4803,#4804,#4805,
    #4806,#4807,#4808,#4809,#4810,#4811,#4812,#4813,#4814,#4815,#4816,
    #4817,#4818,#4819,#4820,#4821,#4822,#4823,#4824,#4825,#4826,#4827,
    #4828,#4829),.UNSPECIFIED.,.F.,.F.,(5,3,3,3,3,3,3,3,3,5),(0.,
    1.950830302778E-02,0.142776981814,0.265426505188,0.387962486633,
    0.510372057754,0.633067147195,0.755279537676,0.877445604497,1.),
  .UNSPECIFIED.);
#4801 = CARTESIAN_POINT('',(7.604642823944,0.680353995005));
#4802 = CARTESIAN_POINT('',(7.604672731464,0.682793045646));
#4803 = CARTESIAN_POINT('',(7.604721902422,0.685231763739));
#4804 = CARTESIAN_POINT('',(7.604790375561,0.687669877439));
#4805 = CARTESIAN_POINT('',(7.605432370363,0.705507488922));
#4806 = CARTESIAN_POINT('',(7.606755496151,0.720872899798));
#4807 = CARTESIAN_POINT('',(7.608843976836,0.736135005059));
#4808 = CARTESIAN_POINT('',(7.614523889627,0.766240195752));
#4809 = CARTESIAN_POINT('',(7.618107655922,0.781084990096));
#4810 = CARTESIAN_POINT('',(7.622435870868,0.795692532662));
#4811 = CARTESIAN_POINT('',(7.632553273441,0.824284571224));
#4812 = CARTESIAN_POINT('',(7.638340998408,0.83826965669));
#4813 = CARTESIAN_POINT('',(7.644848574481,0.851882854065));
#4814 = CARTESIAN_POINT('',(7.659256273996,0.878217496327));
#4815 = CARTESIAN_POINT('',(7.667154831297,0.890939920068));
#4816 = CARTESIAN_POINT('',(7.675732010367,0.903157124655));
#4817 = CARTESIAN_POINT('',(7.694201269014,0.926478930848));
#4818 = CARTESIAN_POINT('',(7.70409626858,0.937580993266));
#4819 = CARTESIAN_POINT('',(7.714608619033,0.948045393777));
#4820 = CARTESIAN_POINT('',(7.736728908065,0.967541940257));
#4821 = CARTESIAN_POINT('',(7.748332342402,0.976579710155));
#4822 = CARTESIAN_POINT('',(7.760453456437,0.984867583555));
#4823 = CARTESIAN_POINT('',(7.785598477963,0.999843986095));
#4824 = CARTESIAN_POINT('',(7.798622112297,1.006533269081));
#4825 = CARTESIAN_POINT('',(7.812035165724,1.012376781966));
#4826 = CARTESIAN_POINT('',(7.839526219756,1.022320638198));
#4827 = CARTESIAN_POINT('',(7.853606377666,1.026415497745));
#4828 = CARTESIAN_POINT('',(7.867919610568,1.0295914695));
#4829 = CARTESIAN_POINT('',(7.882376400521,1.031832762938));
#4830 = ( GEOMETRIC_REPRESENTATION_CONTEXT(2) 
PARAMETRIC_REPRESENTATION_CONTEXT() REPRESENTATION_CONTEXT('2D SPACE',''
  ) );
#4831 = PCURVE('',#4832,#4837);
#4832 = TOROIDAL_SURFACE('',#4833,19.184077681581,0.35);
#4833 = AXIS2_PLACEMENT_3D('',#4834,#4835,#4836);
#4834 = CARTESIAN_POINT('',(0.,0.,16.65));
#4835 = DIRECTION('',(0.,0.,1.));
#4836 = DIRECTION('',(1.,0.,-0.));
#4837 = DEFINITIONAL_REPRESENTATION('',(#4838),#4868);
#4838 = B_SPLINE_CURVE_WITH_KNOTS('',4,(#4839,#4840,#4841,#4842,#4843,
    #4844,#4845,#4846,#4847,#4848,#4849,#4850,#4851,#4852,#4853,#4854,
    #4855,#4856,#4857,#4858,#4859,#4860,#4861,#4862,#4863,#4864,#4865,
    #4866,#4867),.UNSPECIFIED.,.F.,.F.,(5,3,3,3,3,3,3,3,3,5),(0.,
    1.950830302778E-02,0.142776981814,0.265426505188,0.387962486633,
    0.510372057754,0.633067147195,0.755279537676,0.877445604497,1.),
  .UNSPECIFIED.);
#4839 = CARTESIAN_POINT('',(4.374252379787,0.13962634016));
#4840 = CARTESIAN_POINT('',(4.374258878798,0.146586247104));
#4841 = CARTESIAN_POINT('',(4.374265314441,0.153546203675));
#4842 = CARTESIAN_POINT('',(4.374271685995,0.16050622481));
#4843 = CARTESIAN_POINT('',(4.374317844109,0.211445647415));
#4844 = CARTESIAN_POINT('',(4.374355110109,0.255428028669));
#4845 = CARTESIAN_POINT('',(4.374389624175,0.29941690521));
#4846 = CARTESIAN_POINT('',(4.374452842965,0.387192508352));
#4847 = CARTESIAN_POINT('',(4.374481575851,0.430979117367));
#4848 = CARTESIAN_POINT('',(4.374507440014,0.474777868834));
#4849 = CARTESIAN_POINT('',(4.374553440568,0.562362393495));
#4850 = CARTESIAN_POINT('',(4.374573581948,0.606148135782));
#4851 = CARTESIAN_POINT('',(4.374590890906,0.649949200602));
#4852 = CARTESIAN_POINT('',(4.374620017064,0.737536831802));
#4853 = CARTESIAN_POINT('',(4.374631839408,0.781323386164));
#4854 = CARTESIAN_POINT('',(4.374641022835,0.825125204679));
#4855 = CARTESIAN_POINT('',(4.374654441717,0.91285864147));
#4856 = CARTESIAN_POINT('',(4.374658664812,0.956790370593));
#4857 = CARTESIAN_POINT('',(4.374660552574,1.000734432271));
#4858 = CARTESIAN_POINT('',(4.374660056362,1.088469642186));
#4859 = CARTESIAN_POINT('',(4.37465768817,1.132260773669));
#4860 = CARTESIAN_POINT('',(4.374653396419,1.176059527585));
#4861 = CARTESIAN_POINT('',(4.374641381368,1.263651277164));
#4862 = CARTESIAN_POINT('',(4.374633658295,1.307444327048));
#4863 = CARTESIAN_POINT('',(4.374624424885,1.351240653977));
#4864 = CARTESIAN_POINT('',(4.374603271067,1.438976388438));
#4865 = CARTESIAN_POINT('',(4.374591341281,1.482915846448));
#4866 = CARTESIAN_POINT('',(4.37457826014,1.526855964666));
#4867 = CARTESIAN_POINT('',(4.374564161281,1.570796326795));
#4868 = ( GEOMETRIC_REPRESENTATION_CONTEXT(2) 
PARAMETRIC_REPRESENTATION_CONTEXT() REPRESENTATION_CONTEXT('2D SPACE',''
  ) );
#4869 = ADVANCED_FACE('',(#4870),#4832,.T.);
#4870 = FACE_BOUND('',#4871,.T.);
#4871 = EDGE_LOOP('',(#4872,#4984,#5010,#5011));
#4872 = ORIENTED_EDGE('',*,*,#4873,.F.);
#4873 = EDGE_CURVE('',#4874,#4876,#4878,.T.);
#4874 = VERTEX_POINT('',#4875);
#4875 = CARTESIAN_POINT('',(6.358287119495,-18.09975197064,17.));
#4876 = VERTEX_POINT('',#4877);
#4877 = CARTESIAN_POINT('',(6.478905473151,-18.42473645215,
    16.698710585336));
#4878 = SURFACE_CURVE('',#4879,(#4909,#4942),.PCURVE_S1.);
#4879 = B_SPLINE_CURVE_WITH_KNOTS('',4,(#4880,#4881,#4882,#4883,#4884,
    #4885,#4886,#4887,#4888,#4889,#4890,#4891,#4892,#4893,#4894,#4895,
    #4896,#4897,#4898,#4899,#4900,#4901,#4902,#4903,#4904,#4905,#4906,
    #4907,#4908),.UNSPECIFIED.,.F.,.F.,(5,3,3,3,3,3,3,3,3,5),(0.,
    0.122606254938,0.244772334792,0.366984752945,0.489280054187,
    0.612089509666,0.734625544279,0.857275109932,0.980142689562,1.),
  .UNSPECIFIED.);
#4880 = CARTESIAN_POINT('',(6.358287119599,-18.09975197061,17.));
#4881 = CARTESIAN_POINT('',(6.363131173628,-18.11435765877,17.));
#4882 = CARTESIAN_POINT('',(6.367993101438,-18.12895701587,
    16.999098219584));
#4883 = CARTESIAN_POINT('',(6.372849005018,-18.1434739852,
    16.997294670495));
#4884 = CARTESIAN_POINT('',(6.382486220767,-18.17214059341,
    16.991921955147));
#4885 = CARTESIAN_POINT('',(6.38726775417,-18.18629146389,
    16.988359141645));
#4886 = CARTESIAN_POINT('',(6.391998523118,-18.2002109676,
    16.983929055211));
#4887 = CARTESIAN_POINT('',(6.401318822939,-18.22744929243,
    16.97338780396));
#4888 = CARTESIAN_POINT('',(6.405908313146,-18.24076798703,
    16.96727596833));
#4889 = CARTESIAN_POINT('',(6.410405505233,-18.25371200552,
    16.960351738076));
#4890 = CARTESIAN_POINT('',(6.419180581061,-18.27872779588,
    16.944954603978));
#4891 = CARTESIAN_POINT('',(6.423458325014,-18.29079906291,
    16.936480593148));
#4892 = CARTESIAN_POINT('',(6.427605917463,-18.30236369455,
    16.927274535989));
#4893 = CARTESIAN_POINT('',(6.435624177583,-18.32441134013,
    16.907460812343));
#4894 = CARTESIAN_POINT('',(6.439493614843,-18.33488967176,
    16.896847338702));
#4895 = CARTESIAN_POINT('',(6.443198030267,-18.34474143612,
    16.88560072381));
#4896 = CARTESIAN_POINT('',(6.450239791834,-18.36307651509,
    16.861991374674));
#4897 = CARTESIAN_POINT('',(6.453577940033,-18.37156286977,
    16.849631101525));
#4898 = CARTESIAN_POINT('',(6.456722798211,-18.37933119582,
    16.836763563324));
#4899 = CARTESIAN_POINT('',(6.462604421059,-18.39336729643,
    16.810138354176));
#4900 = CARTESIAN_POINT('',(6.4653408057,-18.39963369556,16.796379797494
    ));
#4901 = CARTESIAN_POINT('',(6.467859254291,-18.40510963753,
    16.782249973199));
#4902 = CARTESIAN_POINT('',(6.472444810758,-18.41444218458,
    16.753368747453));
#4903 = CARTESIAN_POINT('',(6.474511109094,-18.41829590478,
    16.738616222819));
#4904 = CARTESIAN_POINT('',(6.476339067596,-18.4213094641,
    16.723638278612));
#4905 = CARTESIAN_POINT('',(6.478176982821,-18.42382149841,
    16.706066786183));
#4906 = CARTESIAN_POINT('',(6.478426273005,-18.42414876941,
    16.703618176668));
#4907 = CARTESIAN_POINT('',(6.478669112972,-18.42445376633,
    16.701166001863));
#4908 = CARTESIAN_POINT('',(6.478905473151,-18.42473645215,
    16.698710585336));
#4909 = PCURVE('',#4832,#4910);
#4910 = DEFINITIONAL_REPRESENTATION('',(#4911),#4941);
#4911 = B_SPLINE_CURVE_WITH_KNOTS('',4,(#4912,#4913,#4914,#4915,#4916,
    #4917,#4918,#4919,#4920,#4921,#4922,#4923,#4924,#4925,#4926,#4927,
    #4928,#4929,#4930,#4931,#4932,#4933,#4934,#4935,#4936,#4937,#4938,
    #4939,#4940),.UNSPECIFIED.,.F.,.F.,(5,3,3,3,3,3,3,3,3,5),(0.,
    0.122606254938,0.244772334792,0.366984752945,0.489280054187,
    0.612089509666,0.734625544279,0.857275109932,0.980142689562,1.),
  .UNSPECIFIED.);
#4912 = CARTESIAN_POINT('',(5.050213799488,1.570796326795));
#4913 = CARTESIAN_POINT('',(5.050199694663,1.526837369303));
#4914 = CARTESIAN_POINT('',(5.050186608417,1.482878659285));
#4915 = CARTESIAN_POINT('',(5.050174674558,1.438920604909));
#4916 = CARTESIAN_POINT('',(5.050153519643,1.351166278688));
#4917 = CARTESIAN_POINT('',(5.050144288076,1.307369950813));
#4918 = CARTESIAN_POINT('',(5.050136567016,1.263576901526));
#4919 = CARTESIAN_POINT('',(5.050124556336,1.175985151503));
#4920 = CARTESIAN_POINT('',(5.050120266945,1.132186396545));
#4921 = CARTESIAN_POINT('',(5.050117901288,1.088395266056));
#4922 = CARTESIAN_POINT('',(5.05011741129,1.000803291245));
#4923 = CARTESIAN_POINT('',(5.050119288835,0.957002398703));
#4924 = CARTESIAN_POINT('',(5.050123486015,0.913213752464));
#4925 = CARTESIAN_POINT('',(5.050136862536,0.82548004571));
#4926 = CARTESIAN_POINT('',(5.050146061977,0.78153505552));
#4927 = CARTESIAN_POINT('',(5.050157917396,0.737605429499));
#4928 = CARTESIAN_POINT('',(5.05018709809,0.649874828024));
#4929 = CARTESIAN_POINT('',(5.050204410622,0.606073763883));
#4930 = CARTESIAN_POINT('',(5.050224555627,0.562288021593));
#4931 = CARTESIAN_POINT('',(5.050270563461,0.474703498167));
#4932 = CARTESIAN_POINT('',(5.050296431279,0.430904747945));
#4933 = CARTESIAN_POINT('',(5.050325167799,0.387118138208));
#4934 = CARTESIAN_POINT('',(5.050388290622,0.299485708344));
#4935 = CARTESIAN_POINT('',(5.05042268673,0.255639944374));
#4936 = CARTESIAN_POINT('',(5.050459817028,0.211800640598));
#4937 = CARTESIAN_POINT('',(5.050505932871,0.160879772931));
#4938 = CARTESIAN_POINT('',(5.050512416079,0.153795233647));
#4939 = CARTESIAN_POINT('',(5.050518965703,0.146710761048));
#4940 = CARTESIAN_POINT('',(5.050525580982,0.13962634016));
#4941 = ( GEOMETRIC_REPRESENTATION_CONTEXT(2) 
PARAMETRIC_REPRESENTATION_CONTEXT() REPRESENTATION_CONTEXT('2D SPACE',''
  ) );
#4942 = PCURVE('',#4943,#4952);
#4943 = SURFACE_OF_REVOLUTION('',#4944,#4949);
#4944 = CIRCLE('',#4945,1.);
#4945 = AXIS2_PLACEMENT_3D('',#4946,#4947,#4948);
#4946 = CARTESIAN_POINT('',(7.39580067121,-17.85504228504,
    16.716836889474));
#4947 = DIRECTION('',(-0.923879532511,-0.382683432365,0.));
#4948 = DIRECTION('',(0.319447063624,-0.771213433461,-0.550620934575));
#4949 = AXIS1_PLACEMENT('',#4950,#4951);
#4950 = CARTESIAN_POINT('',(7.563045655347,-18.25880739398,
    12.888661519232));
#4951 = DIRECTION('',(-5.325923996829E-02,0.128579179453,0.990268068742)
  );
#4952 = DEFINITIONAL_REPRESENTATION('',(#4953),#4983);
#4953 = B_SPLINE_CURVE_WITH_KNOTS('',4,(#4954,#4955,#4956,#4957,#4958,
    #4959,#4960,#4961,#4962,#4963,#4964,#4965,#4966,#4967,#4968,#4969,
    #4970,#4971,#4972,#4973,#4974,#4975,#4976,#4977,#4978,#4979,#4980,
    #4981,#4982),.UNSPECIFIED.,.F.,.F.,(5,3,3,3,3,3,3,3,3,5),(0.,
    0.122606254938,0.244772334792,0.366984752945,0.489280054187,
    0.612089509666,0.734625544279,0.857275109932,0.980142689562,1.),
  .UNSPECIFIED.);
#4954 = CARTESIAN_POINT('',(4.683994212847,1.031832756476));
#4955 = CARTESIAN_POINT('',(4.698457120848,1.029590514533));
#4956 = CARTESIAN_POINT('',(4.71277635155,1.026412817748));
#4957 = CARTESIAN_POINT('',(4.72686226986,1.022315439096));
#4958 = CARTESIAN_POINT('',(4.754358358005,1.012367231168));
#4959 = CARTESIAN_POINT('',(4.767770950455,1.006522625907));
#4960 = CARTESIAN_POINT('',(4.780794062648,0.999832285681));
#4961 = CARTESIAN_POINT('',(4.805937932729,0.984853848346));
#4962 = CARTESIAN_POINT('',(4.818058417261,0.976564997224));
#4963 = CARTESIAN_POINT('',(4.829661174591,0.967526295254));
#4964 = CARTESIAN_POINT('',(4.851743916341,0.948059810656));
#4965 = CARTESIAN_POINT('',(4.862223102971,0.937630939359));
#4966 = CARTESIAN_POINT('',(4.872089075263,0.926568414006));
#4967 = CARTESIAN_POINT('',(4.890569378749,0.903256329969));
#4968 = CARTESIAN_POINT('',(4.899178172694,0.891001853874));
#4969 = CARTESIAN_POINT('',(4.907103945468,0.878238686894));
#4970 = CARTESIAN_POINT('',(4.921533385185,0.851859927488));
#4971 = CARTESIAN_POINT('',(4.928040055542,0.838246222073));
#4972 = CARTESIAN_POINT('',(4.933826861324,0.824260685632));
#4973 = CARTESIAN_POINT('',(4.943942402771,0.795667860088));
#4974 = CARTESIAN_POINT('',(4.948269675901,0.781059981694));
#4975 = CARTESIAN_POINT('',(4.951852492518,0.766214908685));
#4976 = CARTESIAN_POINT('',(4.957521226652,0.736158381992));
#4977 = CARTESIAN_POINT('',(4.959604407942,0.720946334573));
#4978 = CARTESIAN_POINT('',(4.960927224057,0.705631489554));
#4979 = CARTESIAN_POINT('',(4.961576545902,0.687800731735));
#4980 = CARTESIAN_POINT('',(4.961646940806,0.685319021813));
#4981 = CARTESIAN_POINT('',(4.961697351754,0.682836680757));
#4982 = CARTESIAN_POINT('',(4.961727794325,0.680353995076));
#4983 = ( GEOMETRIC_REPRESENTATION_CONTEXT(2) 
PARAMETRIC_REPRESENTATION_CONTEXT() REPRESENTATION_CONTEXT('2D SPACE',''
  ) );
#4984 = ORIENTED_EDGE('',*,*,#4985,.T.);
#4985 = EDGE_CURVE('',#4874,#4448,#4986,.T.);
#4986 = SURFACE_CURVE('',#4987,(#4992,#4999),.PCURVE_S1.);
#4987 = CIRCLE('',#4988,19.184077681581);
#4988 = AXIS2_PLACEMENT_3D('',#4989,#4990,#4991);
#4989 = CARTESIAN_POINT('',(0.,0.,17.));
#4990 = DIRECTION('',(0.,0.,-1.));
#4991 = DIRECTION('',(0.943477829431,0.331435642882,0.));
#4992 = PCURVE('',#4832,#4993);
#4993 = DEFINITIONAL_REPRESENTATION('',(#4994),#4998);
#4994 = LINE('',#4995,#4996);
#4995 = CARTESIAN_POINT('',(6.621010126278,1.570796326795));
#4996 = VECTOR('',#4997,1.);
#4997 = DIRECTION('',(-1.,-0.));
#4998 = ( GEOMETRIC_REPRESENTATION_CONTEXT(2) 
PARAMETRIC_REPRESENTATION_CONTEXT() REPRESENTATION_CONTEXT('2D SPACE',''
  ) );
#4999 = PCURVE('',#944,#5000);
#5000 = DEFINITIONAL_REPRESENTATION('',(#5001),#5009);
#5001 = ( BOUNDED_CURVE() B_SPLINE_CURVE(2,(#5002,#5003,#5004,#5005,
#5006,#5007,#5008),.UNSPECIFIED.,.T.,.F.) B_SPLINE_CURVE_WITH_KNOTS((1,2
    ,2,2,2,1),(-2.094395102393,0.,2.094395102393,4.188790204786,
6.28318530718,8.377580409573),.UNSPECIFIED.) CURVE() 
GEOMETRIC_REPRESENTATION_ITEM() RATIONAL_B_SPLINE_CURVE((1.,0.5,1.,0.5,
1.,0.5,1.)) REPRESENTATION_ITEM('') );
#5002 = CARTESIAN_POINT('',(54.288779250362,52.800766540616));
#5003 = CARTESIAN_POINT('',(76.460357274536,28.051874900854));
#5004 = CARTESIAN_POINT('',(43.941399386907,21.225170909811));
#5005 = CARTESIAN_POINT('',(11.422441499277,14.398466918768));
#5006 = CARTESIAN_POINT('',(21.769821362732,45.974062549573));
#5007 = CARTESIAN_POINT('',(32.117201226187,77.549658180378));
#5008 = CARTESIAN_POINT('',(54.288779250362,52.800766540616));
#5009 = ( GEOMETRIC_REPRESENTATION_CONTEXT(2) 
PARAMETRIC_REPRESENTATION_CONTEXT() REPRESENTATION_CONTEXT('2D SPACE',''
  ) );
#5010 = ORIENTED_EDGE('',*,*,#4766,.F.);
#5011 = ORIENTED_EDGE('',*,*,#5012,.F.);
#5012 = EDGE_CURVE('',#4876,#4702,#5013,.T.);
#5013 = SURFACE_CURVE('',#5014,(#5019,#5026),.PCURVE_S1.);
#5014 = CIRCLE('',#5015,19.53067150564);
#5015 = AXIS2_PLACEMENT_3D('',#5016,#5017,#5018);
#5016 = CARTESIAN_POINT('',(0.,0.,16.698710585336));
#5017 = DIRECTION('',(0.,0.,-1.));
#5018 = DIRECTION('',(0.943374448074,0.3317297857,0.));
#5019 = PCURVE('',#4832,#5020);
#5020 = DEFINITIONAL_REPRESENTATION('',(#5021),#5025);
#5021 = LINE('',#5022,#5023);
#5022 = CARTESIAN_POINT('',(6.621321907777,0.13962634016));
#5023 = VECTOR('',#5024,1.);
#5024 = DIRECTION('',(-1.,-0.));
#5025 = ( GEOMETRIC_REPRESENTATION_CONTEXT(2) 
PARAMETRIC_REPRESENTATION_CONTEXT() REPRESENTATION_CONTEXT('2D SPACE',''
  ) );
#5026 = PCURVE('',#213,#5027);
#5027 = DEFINITIONAL_REPRESENTATION('',(#5028),#5032);
#5028 = LINE('',#5029,#5030);
#5029 = CARTESIAN_POINT('',(-6.621321907777,-3.698710585336));
#5030 = VECTOR('',#5031,1.);
#5031 = DIRECTION('',(1.,-0.));
#5032 = ( GEOMETRIC_REPRESENTATION_CONTEXT(2) 
PARAMETRIC_REPRESENTATION_CONTEXT() REPRESENTATION_CONTEXT('2D SPACE',''
  ) );
#5033 = ADVANCED_FACE('',(#5034),#4943,.T.);
#5034 = FACE_BOUND('',#5035,.T.);
#5035 = EDGE_LOOP('',(#5036,#5195,#5196,#5261,#5290,#5355));
#5036 = ORIENTED_EDGE('',*,*,#5037,.T.);
#5037 = EDGE_CURVE('',#5038,#4874,#5040,.T.);
#5038 = VERTEX_POINT('',#5039);
#5039 = CARTESIAN_POINT('',(8.302469417315,-17.29444529516,17.));
#5040 = SURFACE_CURVE('',#5041,(#5080,#5153),.PCURVE_S1.);
#5041 = B_SPLINE_CURVE_WITH_KNOTS('',7,(#5042,#5043,#5044,#5045,#5046,
    #5047,#5048,#5049,#5050,#5051,#5052,#5053,#5054,#5055,#5056,#5057,
    #5058,#5059,#5060,#5061,#5062,#5063,#5064,#5065,#5066,#5067,#5068,
    #5069,#5070,#5071,#5072,#5073,#5074,#5075,#5076,#5077,#5078,#5079),
  .UNSPECIFIED.,.F.,.F.,(8,6,6,6,6,6,8),(0.741795890122,0.823668423302,
    0.878544277659,1.,1.121448595208,1.176320530943,1.258204133755),
  .UNSPECIFIED.);
#5042 = CARTESIAN_POINT('',(8.302469417315,-17.29444529516,17.));
#5043 = CARTESIAN_POINT('',(8.337280892179,-17.3638060383,17.));
#5044 = CARTESIAN_POINT('',(8.366189890405,-17.4362879274,17.));
#5045 = CARTESIAN_POINT('',(8.388840473357,-17.51127996809,17.));
#5046 = CARTESIAN_POINT('',(8.404964449632,-17.58812769548,17.));
#5047 = CARTESIAN_POINT('',(8.41437942927,-17.66614326239,17.));
#5048 = CARTESIAN_POINT('',(8.416994373963,-17.74461407186,17.));
#5049 = CARTESIAN_POINT('',(8.410026500502,-17.87522149746,17.));
#5050 = CARTESIAN_POINT('',(8.404181182746,-17.92751387207,17.));
#5051 = CARTESIAN_POINT('',(8.395289984254,-17.97946953216,17.));
#5052 = CARTESIAN_POINT('',(8.383375834456,-18.03087246139,17.));
#5053 = CARTESIAN_POINT('',(8.368481184346,-18.08150941983,17.));
#5054 = CARTESIAN_POINT('',(8.350667892914,-18.13117119118,17.));
#5055 = CARTESIAN_POINT('',(8.284311122281,-18.28695956564,17.));
#5056 = CARTESIAN_POINT('',(8.224682658155,-18.38854308483,17.));
#5057 = CARTESIAN_POINT('',(8.152020499926,-18.48211097109,17.));
#5058 = CARTESIAN_POINT('',(8.06767974407,-18.56567066848,17.));
#5059 = CARTESIAN_POINT('',(7.973329615455,-18.63753522536,17.));
#5060 = CARTESIAN_POINT('',(7.870946112779,-18.69632239836,17.));
#5061 = CARTESIAN_POINT('',(7.654703325285,-18.78589309371,17.));
#5062 = CARTESIAN_POINT('',(7.540745497445,-18.81671935611,17.));
#5063 = CARTESIAN_POINT('',(7.423221298517,-18.83261987861,17.));
#5064 = CARTESIAN_POINT('',(7.304504936248,-18.83317484463,17.));
#5065 = CARTESIAN_POINT('',(7.186969166937,-18.81839673827,17.));
#5066 = CARTESIAN_POINT('',(7.072980726739,-18.78873614235,17.));
#5067 = CARTESIAN_POINT('',(6.915907299629,-18.72550953768,17.));
#5068 = CARTESIAN_POINT('',(6.868197506974,-18.70299323523,17.));
#5069 = CARTESIAN_POINT('',(6.821861607156,-18.67772390236,17.));
#5070 = CARTESIAN_POINT('',(6.777091243968,-18.6498057038,17.));
#5071 = CARTESIAN_POINT('',(6.734067186927,-18.61935936886,17.));
#5072 = CARTESIAN_POINT('',(6.692958369364,-18.58652139023,17.));
#5073 = CARTESIAN_POINT('',(6.59566662178,-18.49909721564,17.));
#5074 = CARTESIAN_POINT('',(6.542017714894,-18.44175621502,17.));
#5075 = CARTESIAN_POINT('',(6.493500211877,-18.37992725031,17.));
#5076 = CARTESIAN_POINT('',(6.450553830632,-18.31417878538,17.));
#5077 = CARTESIAN_POINT('',(6.413536152814,-18.24512640904,17.));
#5078 = CARTESIAN_POINT('',(6.382720440763,-18.17342280063,17.));
#5079 = CARTESIAN_POINT('',(6.358287119495,-18.09975197064,17.));
#5080 = PCURVE('',#4943,#5081);
#5081 = DEFINITIONAL_REPRESENTATION('',(#5082),#5152);
#5082 = B_SPLINE_CURVE_WITH_KNOTS('',3,(#5083,#5084,#5085,#5086,#5087,
    #5088,#5089,#5090,#5091,#5092,#5093,#5094,#5095,#5096,#5097,#5098,
    #5099,#5100,#5101,#5102,#5103,#5104,#5105,#5106,#5107,#5108,#5109,
    #5110,#5111,#5112,#5113,#5114,#5115,#5116,#5117,#5118,#5119,#5120,
    #5121,#5122,#5123,#5124,#5125,#5126,#5127,#5128,#5129,#5130,#5131,
    #5132,#5133,#5134,#5135,#5136,#5137,#5138,#5139,#5140,#5141,#5142,
    #5143,#5144,#5145,#5146,#5147,#5148,#5149,#5150,#5151),
  .UNSPECIFIED.,.F.,.F.,(4,1,1,1,1,1,1,1,1,1,1,1,1,1,1,1,1,1,1,1,1,1,1,1
    ,1,1,1,1,1,1,1,1,1,1,1,1,1,1,1,1,1,1,1,1,1,1,1,1,1,1,1,1,1,1,1,1,1,1
    ,1,1,1,1,1,1,1,1,4),(0.741795890122,0.74962025745,0.757444624778,
    0.765268992106,0.773093359433,0.780917726761,0.788742094089,
    0.796566461417,0.804390828744,0.812215196072,0.8200395634,
    0.827863930728,0.835688298055,0.843512665383,0.851337032711,
    0.859161400039,0.866985767367,0.874810134694,0.882634502022,
    0.89045886935,0.898283236678,0.906107604005,0.913931971333,
    0.921756338661,0.929580705989,0.937405073316,0.945229440644,
    0.953053807972,0.9608781753,0.968702542627,0.976526909955,
    0.984351277283,0.992175644611,1.000000011938,1.007824379266,
    1.015648746594,1.023473113922,1.03129748125,1.039121848577,
    1.046946215905,1.054770583233,1.062594950561,1.070419317888,
    1.078243685216,1.086068052544,1.093892419872,1.101716787199,
    1.109541154527,1.117365521855,1.125189889183,1.13301425651,
    1.140838623838,1.148662991166,1.156487358494,1.164311725822,
    1.172136093149,1.179960460477,1.187784827805,1.195609195133,
    1.20343356246,1.211257929788,1.219082297116,1.226906664444,
    1.234731031771,1.242555399099,1.250379766427,1.258204133755),
  .QUASI_UNIFORM_KNOTS.);
#5083 = CARTESIAN_POINT('',(7.882376400371,1.0318327639));
#5084 = CARTESIAN_POINT('',(7.866111179149,1.029311100647));
#5085 = CARTESIAN_POINT('',(7.833599900695,1.024262236658));
#5086 = CARTESIAN_POINT('',(7.784886972822,1.016690572896));
#5087 = CARTESIAN_POINT('',(7.736224774471,1.009138842031));
#5088 = CARTESIAN_POINT('',(7.68760919878,1.001625148722));
#5089 = CARTESIAN_POINT('',(7.639035855156,0.994167452767));
#5090 = CARTESIAN_POINT('',(7.590500170013,0.986783538481));
#5091 = CARTESIAN_POINT('',(7.54199760645,0.979491005414));
#5092 = CARTESIAN_POINT('',(7.493523835336,0.972307249751));
#5093 = CARTESIAN_POINT('',(7.445074989818,0.965249456045));
#5094 = CARTESIAN_POINT('',(7.396647683907,0.958334554034));
#5095 = CARTESIAN_POINT('',(7.34823997835,0.95157930635));
#5096 = CARTESIAN_POINT('',(7.299845714699,0.944999475521));
#5097 = CARTESIAN_POINT('',(7.251462334976,0.938610883601));
#5098 = CARTESIAN_POINT('',(7.203086687271,0.932428801319));
#5099 = CARTESIAN_POINT('',(7.154715816594,0.926468004413));
#5100 = CARTESIAN_POINT('',(7.10634705288,0.920742743528));
#5101 = CARTESIAN_POINT('',(7.057978018868,0.9152667207));
#5102 = CARTESIAN_POINT('',(7.00960763409,0.910053161132));
#5103 = CARTESIAN_POINT('',(6.961226030003,0.90511375784));
#5104 = CARTESIAN_POINT('',(6.912836950529,0.900460999335));
#5105 = CARTESIAN_POINT('',(6.864441088319,0.896106267805));
#5106 = CARTESIAN_POINT('',(6.816039010584,0.892060170525));
#5107 = CARTESIAN_POINT('',(6.767630645494,0.888332473036));
#5108 = CARTESIAN_POINT('',(6.719215661895,0.884932133771));
#5109 = CARTESIAN_POINT('',(6.670793587479,0.881867305558));
#5110 = CARTESIAN_POINT('',(6.622363979924,0.879145339522));
#5111 = CARTESIAN_POINT('',(6.573926574989,0.876772781504));
#5112 = CARTESIAN_POINT('',(6.525481428129,0.874755363339));
#5113 = CARTESIAN_POINT('',(6.477029086507,0.873097988139));
#5114 = CARTESIAN_POINT('',(6.428570654872,0.871804709649));
#5115 = CARTESIAN_POINT('',(6.380108292812,0.870878705593));
#5116 = CARTESIAN_POINT('',(6.33164415905,0.870322244779));
#5117 = CARTESIAN_POINT('',(6.28318523297,0.870136648905));
#5118 = CARTESIAN_POINT('',(6.234726308535,0.87032224591));
#5119 = CARTESIAN_POINT('',(6.186262178567,0.870878707791));
#5120 = CARTESIAN_POINT('',(6.137799821495,0.871804712823));
#5121 = CARTESIAN_POINT('',(6.089341395374,0.873097992188));
#5122 = CARTESIAN_POINT('',(6.040889059306,0.874755368168));
#5123 = CARTESIAN_POINT('',(5.992443917709,0.876772787032));
#5124 = CARTESIAN_POINT('',(5.944006517539,0.879145345683));
#5125 = CARTESIAN_POINT('',(5.895576914151,0.881867312305));
#5126 = CARTESIAN_POINT('',(5.847154843306,0.884932141069));
#5127 = CARTESIAN_POINT('',(5.798739862791,0.888332480854));
#5128 = CARTESIAN_POINT('',(5.750331500538,0.892060178824));
#5129 = CARTESIAN_POINT('',(5.701929425746,0.896106276521));
#5130 = CARTESIAN_POINT('',(5.653533567257,0.900461008336));
#5131 = CARTESIAN_POINT('',(5.605144492695,0.905113766943));
#5132 = CARTESIAN_POINT('',(5.556762897313,0.910053169857));
#5133 = CARTESIAN_POINT('',(5.508392521037,0.915266728946));
#5134 = CARTESIAN_POINT('',(5.460023490231,0.920742751784));
#5135 = CARTESIAN_POINT('',(5.41165473151,0.926468012423));
#5136 = CARTESIAN_POINT('',(5.363283865282,0.932428809088));
#5137 = CARTESIAN_POINT('',(5.314908222006,0.938610891071));
#5138 = CARTESIAN_POINT('',(5.266524846414,0.944999482667));
#5139 = CARTESIAN_POINT('',(5.218130587903,0.951579312975));
#5140 = CARTESIAN_POINT('',(5.169722885502,0.95833456039));
#5141 = CARTESIAN_POINT('',(5.121295582234,0.965249462152));
#5142 = CARTESIAN_POINT('',(5.072846741587,0.972307255257));
#5143 = CARTESIAN_POINT('',(5.024372975624,0.979491010238));
#5144 = CARTESIAN_POINT('',(4.975870417175,0.986783542596));
#5145 = CARTESIAN_POINT('',(4.927334736697,0.994167456211));
#5146 = CARTESIAN_POINT('',(4.878761397216,1.001625151553));
#5147 = CARTESIAN_POINT('',(4.830145825283,1.009138844294));
#5148 = CARTESIAN_POINT('',(4.781483630697,1.01669057458));
#5149 = CARTESIAN_POINT('',(4.732770707211,1.024262237661));
#5150 = CARTESIAN_POINT('',(4.700259432777,1.029311101025));
#5151 = CARTESIAN_POINT('',(4.683994213989,1.0318327639));
#5152 = ( GEOMETRIC_REPRESENTATION_CONTEXT(2) 
PARAMETRIC_REPRESENTATION_CONTEXT() REPRESENTATION_CONTEXT('2D SPACE',''
  ) );
#5153 = PCURVE('',#944,#5154);
#5154 = DEFINITIONAL_REPRESENTATION('',(#5155),#5194);
#5155 = B_SPLINE_CURVE_WITH_KNOTS('',7,(#5156,#5157,#5158,#5159,#5160,
    #5161,#5162,#5163,#5164,#5165,#5166,#5167,#5168,#5169,#5170,#5171,
    #5172,#5173,#5174,#5175,#5176,#5177,#5178,#5179,#5180,#5181,#5182,
    #5183,#5184,#5185,#5186,#5187,#5188,#5189,#5190,#5191,#5192,#5193),
  .UNSPECIFIED.,.F.,.F.,(8,6,6,6,6,6,8),(0.741795890122,0.823668423302,
    0.878544277659,1.,1.121448595208,1.176320530943,1.258204133755),
  .UNSPECIFIED.);
#5156 = CARTESIAN_POINT('',(54.288779250362,27.199233459384));
#5157 = CARTESIAN_POINT('',(54.347484066744,27.148474263121));
#5158 = CARTESIAN_POINT('',(54.401930116612,27.092572723979));
#5159 = CARTESIAN_POINT('',(54.451554738133,27.03195711531));
#5160 = CARTESIAN_POINT('',(54.495859701883,26.967129451438));
#5161 = CARTESIAN_POINT('',(54.534413273792,26.898655422681));
#5162 = CARTESIAN_POINT('',(54.566858646382,26.827158543917));
#5163 = CARTESIAN_POINT('',(54.610402468629,26.703826526877));
#5164 = CARTESIAN_POINT('',(54.625013524592,26.653277766013));
#5165 = CARTESIAN_POINT('',(54.636681698622,26.601874480697));
#5166 = CARTESIAN_POINT('',(54.645345508866,26.549825018734));
#5167 = CARTESIAN_POINT('',(54.650962571545,26.497342633417));
#5168 = CARTESIAN_POINT('',(54.653509973305,26.444644287805));
#5169 = CARTESIAN_POINT('',(54.651821940935,26.275320960491));
#5170 = CARTESIAN_POINT('',(54.635606753166,26.15865120096));
#5171 = CARTESIAN_POINT('',(54.604282552264,26.044399141827));
#5172 = CARTESIAN_POINT('',(54.558338765976,25.934924237728));
#5173 = CARTESIAN_POINT('',(54.498671988553,25.832423813447));
#5174 = CARTESIAN_POINT('',(54.426578843107,25.738931077315));
#5175 = CARTESIAN_POINT('',(54.261073778822,25.57342601303));
#5176 = CARTESIAN_POINT('',(54.167587174015,25.501336487428));
#5177 = CARTESIAN_POINT('',(54.065093838578,25.441671756301));
#5178 = CARTESIAN_POINT('',(53.955626597605,25.395728249565));
#5179 = CARTESIAN_POINT('',(53.841382369532,25.364402447941));
#5180 = CARTESIAN_POINT('',(53.724720164038,25.348183777886));
#5181 = CARTESIAN_POINT('',(53.55540746554,25.346488145626));
#5182 = CARTESIAN_POINT('',(53.502712748699,25.3490327494));
#5183 = CARTESIAN_POINT('',(53.4502338042,25.354646587655));
#5184 = CARTESIAN_POINT('',(53.398187549937,25.363306763637));
#5185 = CARTESIAN_POINT('',(53.346787196275,25.374970915503));
#5186 = CARTESIAN_POINT('',(53.296241050747,25.389577588448));
#5187 = CARTESIAN_POINT('',(53.172899413271,25.433115054085));
#5188 = CARTESIAN_POINT('',(53.101390835324,25.465560683101));
#5189 = CARTESIAN_POINT('',(53.032905586883,25.504116353528));
#5190 = CARTESIAN_POINT('',(52.968067456022,25.548425145994));
#5191 = CARTESIAN_POINT('',(52.907442380753,25.598055171163));
#5192 = CARTESIAN_POINT('',(52.851532592133,25.652508004915));
#5193 = CARTESIAN_POINT('',(52.800766540616,25.711220749638));
#5194 = ( GEOMETRIC_REPRESENTATION_CONTEXT(2) 
PARAMETRIC_REPRESENTATION_CONTEXT() REPRESENTATION_CONTEXT('2D SPACE',''
  ) );
#5195 = ORIENTED_EDGE('',*,*,#4873,.T.);
#5196 = ORIENTED_EDGE('',*,*,#5197,.F.);
#5197 = EDGE_CURVE('',#5198,#4876,#5200,.T.);
#5198 = VERTEX_POINT('',#5199);
#5199 = CARTESIAN_POINT('',(6.760440668253,-18.41485247482,
    16.087414712335));
#5200 = SURFACE_CURVE('',#5201,(#5219,#5240),.PCURVE_S1.);
#5201 = B_SPLINE_CURVE_WITH_KNOTS('',6,(#5202,#5203,#5204,#5205,#5206,
    #5207,#5208,#5209,#5210,#5211,#5212,#5213,#5214,#5215,#5216,#5217,
    #5218),.UNSPECIFIED.,.F.,.F.,(7,5,5,7),(0.,0.493872364423,
    0.948341652732,1.),.UNSPECIFIED.);
#5202 = CARTESIAN_POINT('',(6.760440668253,-18.41485247482,
    16.087414712335));
#5203 = CARTESIAN_POINT('',(6.719675052375,-18.42345653579,
    16.129907982221));
#5204 = CARTESIAN_POINT('',(6.682148135556,-18.43038779138,
    16.174892809534));
#5205 = CARTESIAN_POINT('',(6.648066139034,-18.43566974406,
    16.221949280885));
#5206 = CARTESIAN_POINT('',(6.617513532303,-18.43936393563,
    16.270687346253));
#5207 = CARTESIAN_POINT('',(6.590511735889,-18.44153770737,
    16.320784017637));
#5208 = CARTESIAN_POINT('',(6.545479015172,-18.44290430229,
    16.419111531155));
#5209 = CARTESIAN_POINT('',(6.526910485197,-18.44232090535,
    16.467158832587));
#5210 = CARTESIAN_POINT('',(6.511356536872,-18.44054565151,
    16.515924669477));
#5211 = CARTESIAN_POINT('',(6.498815676969,-18.43761952056,
    16.565217559063));
#5212 = CARTESIAN_POINT('',(6.489284725944,-18.43357752588,
    16.614861302374));
#5213 = CARTESIAN_POINT('',(6.482025812906,-18.42786300088,
    16.670357955093));
#5214 = CARTESIAN_POINT('',(6.481323858513,-18.4272656732,16.67602466721
    ));
#5215 = CARTESIAN_POINT('',(6.480660841387,-18.42665431582,
    16.681693532674));
#5216 = CARTESIAN_POINT('',(6.480036767007,-18.42602896788,
    16.687364305316));
#5217 = CARTESIAN_POINT('',(6.479451641802,-18.42538966759,
    16.693036738542));
#5218 = CARTESIAN_POINT('',(6.478905473151,-18.42473645215,
    16.698710585336));
#5219 = PCURVE('',#4943,#5220);
#5220 = DEFINITIONAL_REPRESENTATION('',(#5221),#5239);
#5221 = B_SPLINE_CURVE_WITH_KNOTS('',6,(#5222,#5223,#5224,#5225,#5226,
    #5227,#5228,#5229,#5230,#5231,#5232,#5233,#5234,#5235,#5236,#5237,
    #5238),.UNSPECIFIED.,.F.,.F.,(7,5,5,7),(0.,0.493872364423,
    0.948341652732,1.),.UNSPECIFIED.);
#5222 = CARTESIAN_POINT('',(5.052795423858,0.));
#5223 = CARTESIAN_POINT('',(5.034864694683,5.752609456465E-02));
#5224 = CARTESIAN_POINT('',(5.020335149972,0.11489635074));
#5225 = CARTESIAN_POINT('',(5.008338251646,0.171917291573));
#5226 = CARTESIAN_POINT('',(4.998393776607,0.228534481467));
#5227 = CARTESIAN_POINT('',(4.990158893419,0.284754015954));
#5228 = CARTESIAN_POINT('',(4.977189597277,0.392087131634));
#5229 = CARTESIAN_POINT('',(4.972229806608,0.443235339948));
#5230 = CARTESIAN_POINT('',(4.968346346403,0.494138548117));
#5231 = CARTESIAN_POINT('',(4.965436991748,0.544847500895));
#5232 = CARTESIAN_POINT('',(4.963437032776,0.595419422515));
#5233 = CARTESIAN_POINT('',(4.962192560975,0.651663197025));
#5234 = CARTESIAN_POINT('',(4.96207692878,0.657402842657));
#5235 = CARTESIAN_POINT('',(4.961972674149,0.663141652532));
#5236 = CARTESIAN_POINT('',(4.961879771439,0.668879717182));
#5237 = CARTESIAN_POINT('',(4.961798177682,0.67461713042));
#5238 = CARTESIAN_POINT('',(4.961727832578,0.680353989335));
#5239 = ( GEOMETRIC_REPRESENTATION_CONTEXT(2) 
PARAMETRIC_REPRESENTATION_CONTEXT() REPRESENTATION_CONTEXT('2D SPACE',''
  ) );
#5240 = PCURVE('',#213,#5241);
#5241 = DEFINITIONAL_REPRESENTATION('',(#5242),#5260);
#5242 = B_SPLINE_CURVE_WITH_KNOTS('',6,(#5243,#5244,#5245,#5246,#5247,
    #5248,#5249,#5250,#5251,#5252,#5253,#5254,#5255,#5256,#5257,#5258,
    #5259),.UNSPECIFIED.,.F.,.F.,(7,5,5,7),(0.,0.493872364423,
    0.948341652732,1.),.UNSPECIFIED.);
#5243 = CARTESIAN_POINT('',(-5.064232368289,-3.087414712335));
#5244 = CARTESIAN_POINT('',(-5.062130397678,-3.129907982221));
#5245 = CARTESIAN_POINT('',(-5.060211265445,-3.174892809534));
#5246 = CARTESIAN_POINT('',(-5.058484491668,-3.221949280885));
#5247 = CARTESIAN_POINT('',(-5.056953241611,-3.270687346253));
#5248 = CARTESIAN_POINT('',(-5.055617630434,-3.320784017637));
#5249 = CARTESIAN_POINT('',(-5.05342716764,-3.419111531155));
#5250 = CARTESIAN_POINT('',(-5.052542765265,-3.467158832587));
#5251 = CARTESIAN_POINT('',(-5.051823218283,-3.515924669477));
#5252 = CARTESIAN_POINT('',(-5.051268001923,-3.565217559063));
#5253 = CARTESIAN_POINT('',(-5.050876625311,-3.614861302374));
#5254 = CARTESIAN_POINT('',(-5.050623176764,-3.670357955093));
#5255 = CARTESIAN_POINT('',(-5.05059942479,-3.67602466721));
#5256 = CARTESIAN_POINT('',(-5.050577789207,-3.681693532674));
#5257 = CARTESIAN_POINT('',(-5.050558270001,-3.687364305316));
#5258 = CARTESIAN_POINT('',(-5.050540867222,-3.693036738542));
#5259 = CARTESIAN_POINT('',(-5.050525580982,-3.698710585336));
#5260 = ( GEOMETRIC_REPRESENTATION_CONTEXT(2) 
PARAMETRIC_REPRESENTATION_CONTEXT() REPRESENTATION_CONTEXT('2D SPACE',''
  ) );
#5261 = ORIENTED_EDGE('',*,*,#5262,.F.);
#5262 = EDGE_CURVE('',#5263,#5198,#5265,.T.);
#5263 = VERTEX_POINT('',#5264);
#5264 = CARTESIAN_POINT('',(8.240913619171,-17.80162049983,
    16.087414712335));
#5265 = SURFACE_CURVE('',#5266,(#5271,#5278),.PCURVE_S1.);
#5266 = CIRCLE('',#5267,0.85);
#5267 = AXIS2_PLACEMENT_3D('',#5268,#5269,#5270);
#5268 = CARTESIAN_POINT('',(7.393132428853,-17.84860057815,
    16.047918819083));
#5269 = DIRECTION('',(5.325923996829E-02,-0.128579179453,-0.990268068742
    ));
#5270 = DIRECTION('',(0.997389635668,5.527068038134E-02,
    4.646575676742E-02));
#5271 = PCURVE('',#4943,#5272);
#5272 = DEFINITIONAL_REPRESENTATION('',(#5273),#5277);
#5273 = LINE('',#5274,#5275);
#5274 = CARTESIAN_POINT('',(7.513575190501,0.));
#5275 = VECTOR('',#5276,1.);
#5276 = DIRECTION('',(-1.,-0.));
#5277 = ( GEOMETRIC_REPRESENTATION_CONTEXT(2) 
PARAMETRIC_REPRESENTATION_CONTEXT() REPRESENTATION_CONTEXT('2D SPACE',''
  ) );
#5278 = PCURVE('',#5279,#5284);
#5279 = TOROIDAL_SURFACE('',#5280,1.,0.2);
#5280 = AXIS2_PLACEMENT_3D('',#5281,#5282,#5283);
#5281 = CARTESIAN_POINT('',(7.400177964051,-17.86561000478,
    15.916918667024));
#5282 = DIRECTION('',(5.325923996829E-02,-0.128579179453,-0.990268068742
    ));
#5283 = DIRECTION('',(0.378959183508,-0.91488840041,0.13917310096));
#5284 = DEFINITIONAL_REPRESENTATION('',(#5285),#5289);
#5285 = LINE('',#5286,#5287);
#5286 = CARTESIAN_POINT('',(-7.513575190501,3.864326901403));
#5287 = VECTOR('',#5288,1.);
#5288 = DIRECTION('',(1.,-0.));
#5289 = ( GEOMETRIC_REPRESENTATION_CONTEXT(2) 
PARAMETRIC_REPRESENTATION_CONTEXT() REPRESENTATION_CONTEXT('2D SPACE',''
  ) );
#5290 = ORIENTED_EDGE('',*,*,#5291,.T.);
#5291 = EDGE_CURVE('',#5263,#5292,#5294,.T.);
#5292 = VERTEX_POINT('',#5293);
#5293 = CARTESIAN_POINT('',(8.446978092159,-17.60953408162,
    16.698710585336));
#5294 = SURFACE_CURVE('',#5295,(#5313,#5334),.PCURVE_S1.);
#5295 = B_SPLINE_CURVE_WITH_KNOTS('',6,(#5296,#5297,#5298,#5299,#5300,
    #5301,#5302,#5303,#5304,#5305,#5306,#5307,#5308,#5309,#5310,#5311,
    #5312),.UNSPECIFIED.,.F.,.F.,(7,5,5,7),(0.,0.493872364423,
    0.948341652732,1.),.UNSPECIFIED.);
#5296 = CARTESIAN_POINT('',(8.240913619171,-17.80162049983,
    16.087414712335));
#5297 = CARTESIAN_POINT('',(8.275823252452,-17.77887884626,
    16.129907982221));
#5298 = CARTESIAN_POINT('',(8.307259927644,-17.75724444673,
    16.174892809534));
#5299 = CARTESIAN_POINT('',(8.335094443054,-17.73687974042,
    16.221949280885));
#5300 = CARTESIAN_POINT('',(8.359310586369,-17.71788797293,
    16.270687346253));
#5301 = CARTESIAN_POINT('',(8.379940828454,-17.70033190832,
    16.320784017637));
#5302 = CARTESIAN_POINT('',(8.412750099182,-17.66945529466,
    16.419111531155));
#5303 = CARTESIAN_POINT('',(8.425467508717,-17.65591283727,
    16.467158832587));
#5304 = CARTESIAN_POINT('',(8.435210517022,-17.64365924091,
    16.515924669477));
#5305 = CARTESIAN_POINT('',(8.442009157062,-17.63272242679,
    16.565217559063));
#5306 = CARTESIAN_POINT('',(8.445890435318,-17.62312490484,
    16.614861302374));
#5307 = CARTESIAN_POINT('',(8.446982482571,-17.61395129883,
    16.670357955093));
#5308 = CARTESIAN_POINT('',(8.44705646483,-17.61303256767,16.67602466721
    ));
#5309 = CARTESIAN_POINT('',(8.447092993784,-17.61213144881,
    16.681693532674));
#5310 = CARTESIAN_POINT('',(8.447092093244,-17.61124797382,
    16.687364305316));
#5311 = CARTESIAN_POINT('',(8.447053785669,-17.61038217424,
    16.693036738542));
#5312 = CARTESIAN_POINT('',(8.446978092159,-17.60953408162,
    16.698710585336));
#5313 = PCURVE('',#4943,#5314);
#5314 = DEFINITIONAL_REPRESENTATION('',(#5315),#5333);
#5315 = B_SPLINE_CURVE_WITH_KNOTS('',6,(#5316,#5317,#5318,#5319,#5320,
    #5321,#5322,#5323,#5324,#5325,#5326,#5327,#5328,#5329,#5330,#5331,
    #5332),.UNSPECIFIED.,.F.,.F.,(7,5,5,7),(0.,0.493872364423,
    0.948341652732,1.),.UNSPECIFIED.);
#5316 = CARTESIAN_POINT('',(7.513575190501,0.));
#5317 = CARTESIAN_POINT('',(7.531505919677,5.752609456464E-02));
#5318 = CARTESIAN_POINT('',(7.546035464387,0.11489635074));
#5319 = CARTESIAN_POINT('',(7.558032362714,0.171917291573));
#5320 = CARTESIAN_POINT('',(7.567976837752,0.228534481467));
#5321 = CARTESIAN_POINT('',(7.57621172094,0.284754015954));
#5322 = CARTESIAN_POINT('',(7.589181017082,0.392087131634));
#5323 = CARTESIAN_POINT('',(7.594140807751,0.443235339948));
#5324 = CARTESIAN_POINT('',(7.598024267956,0.494138548116));
#5325 = CARTESIAN_POINT('',(7.600933622611,0.544847500896));
#5326 = CARTESIAN_POINT('',(7.602933581583,0.595419422515));
#5327 = CARTESIAN_POINT('',(7.604178053384,0.651663197025));
#5328 = CARTESIAN_POINT('',(7.604293685579,0.657402842657));
#5329 = CARTESIAN_POINT('',(7.604397940211,0.663141652532));
#5330 = CARTESIAN_POINT('',(7.60449084292,0.668879717182));
#5331 = CARTESIAN_POINT('',(7.604572436677,0.67461713042));
#5332 = CARTESIAN_POINT('',(7.604642781781,0.680353989335));
#5333 = ( GEOMETRIC_REPRESENTATION_CONTEXT(2) 
PARAMETRIC_REPRESENTATION_CONTEXT() REPRESENTATION_CONTEXT('2D SPACE',''
  ) );
#5334 = PCURVE('',#156,#5335);
#5335 = DEFINITIONAL_REPRESENTATION('',(#5336),#5354);
#5336 = B_SPLINE_CURVE_WITH_KNOTS('',6,(#5337,#5338,#5339,#5340,#5341,
    #5342,#5343,#5344,#5345,#5346,#5347,#5348,#5349,#5350,#5351,#5352,
    #5353),.UNSPECIFIED.,.F.,.F.,(7,5,5,7),(0.,0.493872364423,
    0.948341652732,1.),.UNSPECIFIED.);
#5337 = CARTESIAN_POINT('',(-5.145943755877,-3.087414712335));
#5338 = CARTESIAN_POINT('',(-5.148045726489,-3.129907982221));
#5339 = CARTESIAN_POINT('',(-5.149964858722,-3.174892809534));
#5340 = CARTESIAN_POINT('',(-5.151691632499,-3.221949280885));
#5341 = CARTESIAN_POINT('',(-5.153222882556,-3.270687346253));
#5342 = CARTESIAN_POINT('',(-5.154558493733,-3.320784017637));
#5343 = CARTESIAN_POINT('',(-5.156748956527,-3.419111531155));
#5344 = CARTESIAN_POINT('',(-5.157633358902,-3.467158832587));
#5345 = CARTESIAN_POINT('',(-5.158352905884,-3.515924669477));
#5346 = CARTESIAN_POINT('',(-5.158908122244,-3.565217559063));
#5347 = CARTESIAN_POINT('',(-5.159299498856,-3.614861302374));
#5348 = CARTESIAN_POINT('',(-5.159552947403,-3.670357955093));
#5349 = CARTESIAN_POINT('',(-5.159576699377,-3.67602466721));
#5350 = CARTESIAN_POINT('',(-5.15959833496,-3.681693532674));
#5351 = CARTESIAN_POINT('',(-5.159617854166,-3.687364305316));
#5352 = CARTESIAN_POINT('',(-5.159635256945,-3.693036738542));
#5353 = CARTESIAN_POINT('',(-5.159650543185,-3.698710585336));
#5354 = ( GEOMETRIC_REPRESENTATION_CONTEXT(2) 
PARAMETRIC_REPRESENTATION_CONTEXT() REPRESENTATION_CONTEXT('2D SPACE',''
  ) );
#5355 = ORIENTED_EDGE('',*,*,#5356,.T.);
#5356 = EDGE_CURVE('',#5292,#5038,#5357,.T.);
#5357 = SURFACE_CURVE('',#5358,(#5388,#5421),.PCURVE_S1.);
#5358 = B_SPLINE_CURVE_WITH_KNOTS('',4,(#5359,#5360,#5361,#5362,#5363,
    #5364,#5365,#5366,#5367,#5368,#5369,#5370,#5371,#5372,#5373,#5374,
    #5375,#5376,#5377,#5378,#5379,#5380,#5381,#5382,#5383,#5384,#5385,
    #5386,#5387),.UNSPECIFIED.,.F.,.F.,(5,3,3,3,3,3,3,3,3,5),(0.,
    1.959313746448E-02,0.142861784371,0.265511240021,0.388047136022,
    0.510456621847,0.633151642048,0.755363988601,0.877530035321,1.),
  .UNSPECIFIED.);
#5359 = CARTESIAN_POINT('',(8.446978092159,-17.60953408162,
    16.698710585336));
#5360 = CARTESIAN_POINT('',(8.446945770773,-17.60917194335,
    16.701133336167));
#5361 = CARTESIAN_POINT('',(8.446902550827,-17.60878998494,
    16.703552930778));
#5362 = CARTESIAN_POINT('',(8.446848437382,-17.60838825156,
    16.705969058802));
#5363 = CARTESIAN_POINT('',(8.446374515887,-17.6053152391,
    16.723558520034));
#5364 = CARTESIAN_POINT('',(8.445534790502,-17.60188301727,
    16.738586161453));
#5365 = CARTESIAN_POINT('',(8.444266712474,-17.59768315696,
    16.753386983055));
#5366 = CARTESIAN_POINT('',(8.44090181915,-17.58782055494,
    16.782313373835));
#5367 = CARTESIAN_POINT('',(8.438809191496,-17.58216525923,
    16.796442024437));
#5368 = CARTESIAN_POINT('',(8.436311760296,-17.57579698701,
    16.810199249203));
#5369 = CARTESIAN_POINT('',(8.43054308275,-17.56170850073,
    16.836821489567));
#5370 = CARTESIAN_POINT('',(8.427272540356,-17.55398952813,
    16.849687391397));
#5371 = CARTESIAN_POINT('',(8.423630996923,-17.54562624372,
    16.862045883717));
#5372 = CARTESIAN_POINT('',(8.415656111284,-17.52770735282,
    16.885612927101));
#5373 = CARTESIAN_POINT('',(8.411323459258,-17.51815295344,
    16.896822730271));
#5374 = CARTESIAN_POINT('',(8.406666550079,-17.5080424209,
    16.907403583584));
#5375 = CARTESIAN_POINT('',(8.396750105049,-17.48678914491,
    16.927226089718));
#5376 = CARTESIAN_POINT('',(8.391489144788,-17.4756439945,
    16.936464638266));
#5377 = CARTESIAN_POINT('',(8.385960187275,-17.46404554834,
    16.944966377574));
#5378 = CARTESIAN_POINT('',(8.374455935998,-17.44011012767,
    16.960383499858));
#5379 = CARTESIAN_POINT('',(8.368482425753,-17.42777616447,
    16.967305051968));
#5380 = CARTESIAN_POINT('',(8.362309322021,-17.4151121413,
    16.973414133591));
#5381 = CARTESIAN_POINT('',(8.349638275142,-17.38925952881,16.983949758)
  );
#5382 = CARTESIAN_POINT('',(8.343140392528,-17.37607105742,
    16.988376971083));
#5383 = CARTESIAN_POINT('',(8.336514886836,-17.36268323934,
    16.991936864985));
#5384 = CARTESIAN_POINT('',(8.323065960765,-17.33561255355,
    16.997300681632));
#5385 = CARTESIAN_POINT('',(8.316242029332,-17.32192895206,
    16.999100223328));
#5386 = CARTESIAN_POINT('',(8.30936426208,-17.30818305195,17.));
#5387 = CARTESIAN_POINT('',(8.302469417215,-17.29444529521,17.));
#5388 = PCURVE('',#4943,#5389);
#5389 = DEFINITIONAL_REPRESENTATION('',(#5390),#5420);
#5390 = B_SPLINE_CURVE_WITH_KNOTS('',4,(#5391,#5392,#5393,#5394,#5395,
    #5396,#5397,#5398,#5399,#5400,#5401,#5402,#5403,#5404,#5405,#5406,
    #5407,#5408,#5409,#5410,#5411,#5412,#5413,#5414,#5415,#5416,#5417,
    #5418,#5419),.UNSPECIFIED.,.F.,.F.,(5,3,3,3,3,3,3,3,3,5),(0.,
    1.959313746448E-02,0.142861784371,0.265511240021,0.388047136022,
    0.510456621847,0.633151642048,0.755363988601,0.877530035321,1.),
  .UNSPECIFIED.);
#5391 = CARTESIAN_POINT('',(7.604642827156,0.680353994946));
#5392 = CARTESIAN_POINT('',(7.604672864732,0.682803652155));
#5393 = CARTESIAN_POINT('',(7.604722326599,0.685252973968));
#5394 = CARTESIAN_POINT('',(7.604791269804,0.687701684851));
#5395 = CARTESIAN_POINT('',(7.605435485648,0.705549807192));
#5396 = CARTESIAN_POINT('',(7.606760193343,0.720915047623));
#5397 = CARTESIAN_POINT('',(7.608850248733,0.736176888608));
#5398 = CARTESIAN_POINT('',(7.614533282588,0.766281360162));
#5399 = CARTESIAN_POINT('',(7.618118594865,0.781125700705));
#5400 = CARTESIAN_POINT('',(7.622448342988,0.795732696409));
#5401 = CARTESIAN_POINT('',(7.632568775266,0.824323453514));
#5402 = CARTESIAN_POINT('',(7.63835799656,0.838307804674));
#5403 = CARTESIAN_POINT('',(7.644867047028,0.851920174843));
#5404 = CARTESIAN_POINT('',(7.659277635954,0.878252979578));
#5405 = CARTESIAN_POINT('',(7.667177608334,0.890974393221));
#5406 = CARTESIAN_POINT('',(7.675756166546,0.903190496758));
#5407 = CARTESIAN_POINT('',(7.694228096717,0.926509923308));
#5408 = CARTESIAN_POINT('',(7.704124388658,0.937610706598));
#5409 = CARTESIAN_POINT('',(7.714637976165,0.948073742104));
#5410 = CARTESIAN_POINT('',(7.736760603427,0.967567405756));
#5411 = CARTESIAN_POINT('',(7.748365139757,0.97660365819));
#5412 = CARTESIAN_POINT('',(7.760487278436,0.984889939814));
#5413 = CARTESIAN_POINT('',(7.785634174132,0.999863029651));
#5414 = CARTESIAN_POINT('',(7.79865865831,1.006550591433));
#5415 = CARTESIAN_POINT('',(7.812072462001,1.012392325926));
#5416 = CARTESIAN_POINT('',(7.83955531882,1.022329099459));
#5417 = CARTESIAN_POINT('',(7.853626097754,1.026419883827));
#5418 = CARTESIAN_POINT('',(7.867929570735,1.029593005142));
#5419 = CARTESIAN_POINT('',(7.882376401801,1.031832754613));
#5420 = ( GEOMETRIC_REPRESENTATION_CONTEXT(2) 
PARAMETRIC_REPRESENTATION_CONTEXT() REPRESENTATION_CONTEXT('2D SPACE',''
  ) );
#5421 = PCURVE('',#1059,#5422);
#5422 = DEFINITIONAL_REPRESENTATION('',(#5423),#5453);
#5423 = B_SPLINE_CURVE_WITH_KNOTS('',4,(#5424,#5425,#5426,#5427,#5428,
    #5429,#5430,#5431,#5432,#5433,#5434,#5435,#5436,#5437,#5438,#5439,
    #5440,#5441,#5442,#5443,#5444,#5445,#5446,#5447,#5448,#5449,#5450,
    #5451,#5452),.UNSPECIFIED.,.F.,.F.,(5,3,3,3,3,3,3,3,3,5),(0.,
    1.959313746448E-02,0.142861784371,0.265511240021,0.388047136022,
    0.510456621847,0.633151642048,0.755363988601,0.877530035321,1.),
  .UNSPECIFIED.);
#5424 = CARTESIAN_POINT('',(5.159650543185,0.13962634016));
#5425 = CARTESIAN_POINT('',(5.159657070458,0.146616513276));
#5426 = CARTESIAN_POINT('',(5.159663533809,0.153606736226));
#5427 = CARTESIAN_POINT('',(5.159669932512,0.160597024713));
#5428 = CARTESIAN_POINT('',(5.159716111854,0.211566709997));
#5429 = CARTESIAN_POINT('',(5.159753372278,0.255549090671));
#5430 = CARTESIAN_POINT('',(5.159787880604,0.299537971172));
#5431 = CARTESIAN_POINT('',(5.159851087737,0.387313577135));
#5432 = CARTESIAN_POINT('',(5.159879814707,0.431100184976));
#5433 = CARTESIAN_POINT('',(5.159905672919,0.474898938468));
#5434 = CARTESIAN_POINT('',(5.159951661623,0.562483465141));
#5435 = CARTESIAN_POINT('',(5.159971797103,0.606269207424));
#5436 = CARTESIAN_POINT('',(5.159989100243,0.650070273347));
#5437 = CARTESIAN_POINT('',(5.160018215036,0.737657906713));
#5438 = CARTESIAN_POINT('',(5.160030031832,0.781444462155));
#5439 = CARTESIAN_POINT('',(5.160039209892,0.825246280593));
#5440 = CARTESIAN_POINT('',(5.160052618466,0.912979719006));
#5441 = CARTESIAN_POINT('',(5.160056836619,0.956911449838));
#5442 = CARTESIAN_POINT('',(5.160058719695,1.000855510365));
#5443 = CARTESIAN_POINT('',(5.160058214672,1.088590720715));
#5444 = CARTESIAN_POINT('',(5.160055842352,1.132381853816));
#5445 = CARTESIAN_POINT('',(5.160051546762,1.176180606032));
#5446 = CARTESIAN_POINT('',(5.160039524595,1.263772354889));
#5447 = CARTESIAN_POINT('',(5.160031798246,1.307565405744));
#5448 = CARTESIAN_POINT('',(5.160022561837,1.351361731134));
#5449 = CARTESIAN_POINT('',(5.160001409809,1.439067196493));
#5450 = CARTESIAN_POINT('',(5.159989486654,1.482976389101));
#5451 = CARTESIAN_POINT('',(5.159976413825,1.526886233977));
#5452 = CARTESIAN_POINT('',(5.159962324678,1.570796326795));
#5453 = ( GEOMETRIC_REPRESENTATION_CONTEXT(2) 
PARAMETRIC_REPRESENTATION_CONTEXT() REPRESENTATION_CONTEXT('2D SPACE',''
  ) );
#5454 = ADVANCED_FACE('',(#5455),#5279,.F.);
#5455 = FACE_BOUND('',#5456,.T.);
#5456 = EDGE_LOOP('',(#5457,#5458,#5493,#5522));
#5457 = ORIENTED_EDGE('',*,*,#5262,.T.);
#5458 = ORIENTED_EDGE('',*,*,#5459,.F.);
#5459 = EDGE_CURVE('',#5460,#5198,#5462,.T.);
#5460 = VERTEX_POINT('',#5461);
#5461 = CARTESIAN_POINT('',(6.818241264727,-18.41311915791,
    15.956710691609));
#5462 = SURFACE_CURVE('',#5463,(#5471,#5482),.PCURVE_S1.);
#5463 = B_SPLINE_CURVE_WITH_KNOTS('',6,(#5464,#5465,#5466,#5467,#5468,
    #5469,#5470),.UNSPECIFIED.,.F.,.F.,(7,7),(0.,1.),
  .PIECEWISE_BEZIER_KNOTS.);
#5464 = CARTESIAN_POINT('',(6.818241264727,-18.41311915791,
    15.956710691609));
#5465 = CARTESIAN_POINT('',(6.816958659539,-18.41002511235,
    15.980525092707));
#5466 = CARTESIAN_POINT('',(6.812139291086,-18.40824352335,
    16.004320628953));
#5467 = CARTESIAN_POINT('',(6.803815011654,-18.4078537669,
    16.027488467993));
#5468 = CARTESIAN_POINT('',(6.792178484806,-18.40886916318,
    16.049423225928));
#5469 = CARTESIAN_POINT('',(6.777569993567,-18.41123712998,
    16.069559443186));
#5470 = CARTESIAN_POINT('',(6.760440668253,-18.41485247482,
    16.087414712335));
#5471 = PCURVE('',#5279,#5472);
#5472 = DEFINITIONAL_REPRESENTATION('',(#5473),#5481);
#5473 = B_SPLINE_CURVE_WITH_KNOTS('',6,(#5474,#5475,#5476,#5477,#5478,
    #5479,#5480),.UNSPECIFIED.,.F.,.F.,(7,7),(0.,1.),
  .PIECEWISE_BEZIER_KNOTS.);
#5474 = CARTESIAN_POINT('',(-5.077868164157,3.14159265359));
#5475 = CARTESIAN_POINT('',(-5.077864902001,3.261836560594));
#5476 = CARTESIAN_POINT('',(-5.076011962968,3.382084964867));
#5477 = CARTESIAN_POINT('',(-5.072306008083,3.502394269469));
#5478 = CARTESIAN_POINT('',(-5.066955597173,3.622833999413));
#5479 = CARTESIAN_POINT('',(-5.060329746266,3.743467303601));
#5480 = CARTESIAN_POINT('',(-5.052795423858,3.864326901403));
#5481 = ( GEOMETRIC_REPRESENTATION_CONTEXT(2) 
PARAMETRIC_REPRESENTATION_CONTEXT() REPRESENTATION_CONTEXT('2D SPACE',''
  ) );
#5482 = PCURVE('',#213,#5483);
#5483 = DEFINITIONAL_REPRESENTATION('',(#5484),#5492);
#5484 = B_SPLINE_CURVE_WITH_KNOTS('',6,(#5485,#5486,#5487,#5488,#5489,
    #5490,#5491),.UNSPECIFIED.,.F.,.F.,(7,7),(0.,1.),
  .PIECEWISE_BEZIER_KNOTS.);
#5485 = CARTESIAN_POINT('',(-5.067026217527,-2.956710691609));
#5486 = CARTESIAN_POINT('',(-5.067019678985,-2.980525092707));
#5487 = CARTESIAN_POINT('',(-5.066821009382,-3.004320628953));
#5488 = CARTESIAN_POINT('',(-5.066430179405,-3.027488467993));
#5489 = CARTESIAN_POINT('',(-5.06585600631,-3.049423225928));
#5490 = CARTESIAN_POINT('',(-5.065115596413,-3.069559443186));
#5491 = CARTESIAN_POINT('',(-5.064232368289,-3.087414712335));
#5492 = ( GEOMETRIC_REPRESENTATION_CONTEXT(2) 
PARAMETRIC_REPRESENTATION_CONTEXT() REPRESENTATION_CONTEXT('2D SPACE',''
  ) );
#5493 = ORIENTED_EDGE('',*,*,#5494,.F.);
#5494 = EDGE_CURVE('',#5495,#5460,#5497,.T.);
#5495 = VERTEX_POINT('',#5496);
#5496 = CARTESIAN_POINT('',(8.198816785304,-17.84126605341,
    15.956710691609));
#5497 = SURFACE_CURVE('',#5498,(#5503,#5510),.PCURVE_S1.);
#5498 = CIRCLE('',#5499,0.8);
#5499 = AXIS2_PLACEMENT_3D('',#5500,#5501,#5502);
#5500 = CARTESIAN_POINT('',(7.400177964051,-17.86561000478,
    15.916918667024));
#5501 = DIRECTION('',(5.325923996829E-02,-0.128579179453,-0.990268068742
    ));
#5502 = DIRECTION('',(0.998298526565,3.042993921825E-02,
    4.97400307307E-02));
#5503 = PCURVE('',#5279,#5504);
#5504 = DEFINITIONAL_REPRESENTATION('',(#5505),#5509);
#5505 = LINE('',#5506,#5507);
#5506 = CARTESIAN_POINT('',(-7.488502450202,3.14159265359));
#5507 = VECTOR('',#5508,1.);
#5508 = DIRECTION('',(1.,-0.));
#5509 = ( GEOMETRIC_REPRESENTATION_CONTEXT(2) 
PARAMETRIC_REPRESENTATION_CONTEXT() REPRESENTATION_CONTEXT('2D SPACE',''
  ) );
#5510 = PCURVE('',#5511,#5516);
#5511 = CYLINDRICAL_SURFACE('',#5512,0.8);
#5512 = AXIS2_PLACEMENT_3D('',#5513,#5514,#5515);
#5513 = CARTESIAN_POINT('',(7.563045655347,-18.25880739398,
    12.888661519232));
#5514 = DIRECTION('',(-5.325923996829E-02,0.128579179453,0.990268068742)
  );
#5515 = DIRECTION('',(0.378959183508,-0.91488840041,0.13917310096));
#5516 = DEFINITIONAL_REPRESENTATION('',(#5517),#5521);
#5517 = LINE('',#5518,#5519);
#5518 = CARTESIAN_POINT('',(7.488502450202,3.058017564517));
#5519 = VECTOR('',#5520,1.);
#5520 = DIRECTION('',(-1.,-0.));
#5521 = ( GEOMETRIC_REPRESENTATION_CONTEXT(2) 
PARAMETRIC_REPRESENTATION_CONTEXT() REPRESENTATION_CONTEXT('2D SPACE',''
  ) );
#5522 = ORIENTED_EDGE('',*,*,#5523,.T.);
#5523 = EDGE_CURVE('',#5495,#5263,#5524,.T.);
#5524 = SURFACE_CURVE('',#5525,(#5533,#5544),.PCURVE_S1.);
#5525 = B_SPLINE_CURVE_WITH_KNOTS('',6,(#5526,#5527,#5528,#5529,#5530,
    #5531,#5532),.UNSPECIFIED.,.F.,.F.,(7,7),(0.,1.),
  .PIECEWISE_BEZIER_KNOTS.);
#5526 = CARTESIAN_POINT('',(8.198816785304,-17.84126605341,
    15.956710691609));
#5527 = CARTESIAN_POINT('',(8.197535903534,-17.83817129399,
    15.980525092707));
#5528 = CARTESIAN_POINT('',(8.199683937982,-17.83350371221,
    16.004320628953));
#5529 = CARTESIAN_POINT('',(8.205294492989,-17.82734195834,
    16.027488467993));
#5530 = CARTESIAN_POINT('',(8.214240753627,-17.81983168489,
    16.049423225928));
#5531 = CARTESIAN_POINT('',(8.226244922226,-17.81117632706,
    16.069559443186));
#5532 = CARTESIAN_POINT('',(8.240913619171,-17.80162049983,
    16.087414712335));
#5533 = PCURVE('',#5279,#5534);
#5534 = DEFINITIONAL_REPRESENTATION('',(#5535),#5543);
#5535 = B_SPLINE_CURVE_WITH_KNOTS('',6,(#5536,#5537,#5538,#5539,#5540,
    #5541,#5542),.UNSPECIFIED.,.F.,.F.,(7,7),(0.,1.),
  .PIECEWISE_BEZIER_KNOTS.);
#5536 = CARTESIAN_POINT('',(-7.488502450202,3.14159265359));
#5537 = CARTESIAN_POINT('',(-7.488505712358,3.261836560594));
#5538 = CARTESIAN_POINT('',(-7.490358651391,3.382084964867));
#5539 = CARTESIAN_POINT('',(-7.494064606276,3.502394269469));
#5540 = CARTESIAN_POINT('',(-7.499415017187,3.622833999413));
#5541 = CARTESIAN_POINT('',(-7.506040868093,3.743467303601));
#5542 = CARTESIAN_POINT('',(-7.513575190501,3.864326901403));
#5543 = ( GEOMETRIC_REPRESENTATION_CONTEXT(2) 
PARAMETRIC_REPRESENTATION_CONTEXT() REPRESENTATION_CONTEXT('2D SPACE',''
  ) );
#5544 = PCURVE('',#156,#5545);
#5545 = DEFINITIONAL_REPRESENTATION('',(#5546),#5554);
#5546 = B_SPLINE_CURVE_WITH_KNOTS('',6,(#5547,#5548,#5549,#5550,#5551,
    #5552,#5553),.UNSPECIFIED.,.F.,.F.,(7,7),(0.,1.),
  .PIECEWISE_BEZIER_KNOTS.);
#5547 = CARTESIAN_POINT('',(-5.14314990664,-2.956710691609));
#5548 = CARTESIAN_POINT('',(-5.143156445182,-2.980525092707));
#5549 = CARTESIAN_POINT('',(-5.143355114785,-3.004320628953));
#5550 = CARTESIAN_POINT('',(-5.143745944761,-3.027488467993));
#5551 = CARTESIAN_POINT('',(-5.144320117857,-3.049423225928));
#5552 = CARTESIAN_POINT('',(-5.145060527754,-3.069559443186));
#5553 = CARTESIAN_POINT('',(-5.145943755877,-3.087414712335));
#5554 = ( GEOMETRIC_REPRESENTATION_CONTEXT(2) 
PARAMETRIC_REPRESENTATION_CONTEXT() REPRESENTATION_CONTEXT('2D SPACE',''
  ) );
#5555 = ADVANCED_FACE('',(#5556),#5511,.T.);
#5556 = FACE_BOUND('',#5557,.T.);
#5557 = EDGE_LOOP('',(#5558,#5559,#5586,#5616,#5644));
#5558 = ORIENTED_EDGE('',*,*,#5494,.T.);
#5559 = ORIENTED_EDGE('',*,*,#5560,.F.);
#5560 = EDGE_CURVE('',#168,#5460,#5561,.T.);
#5561 = SURFACE_CURVE('',#5562,(#5568,#5577),.PCURVE_S1.);
#5562 = B_SPLINE_CURVE_WITH_KNOTS('',4,(#5563,#5564,#5565,#5566,#5567),
  .UNSPECIFIED.,.F.,.F.,(5,5),(0.,1.),.PIECEWISE_BEZIER_KNOTS.);
#5563 = CARTESIAN_POINT('',(6.977480279659,-18.79725973303,13.));
#5564 = CARTESIAN_POINT('',(6.937671648127,-18.70122578269,
    13.739177966495));
#5565 = CARTESIAN_POINT('',(6.897862278757,-18.60519104094,
    14.478355838424));
#5566 = CARTESIAN_POINT('',(6.858052148614,-18.50915548273,
    15.217533612523));
#5567 = CARTESIAN_POINT('',(6.818241232727,-18.41311908072,
    15.956711285761));
#5568 = PCURVE('',#5511,#5569);
#5569 = DEFINITIONAL_REPRESENTATION('',(#5570),#5576);
#5570 = B_SPLINE_CURVE_WITH_KNOTS('',4,(#5571,#5572,#5573,#5574,#5575),
  .UNSPECIFIED.,.F.,.F.,(5,5),(0.,0.99999979905),
  .PIECEWISE_BEZIER_KNOTS.);
#5571 = CARTESIAN_POINT('',(5.078264691611,7.220794940052E-02));
#5572 = CARTESIAN_POINT('',(5.07816763777,0.818660280732));
#5573 = CARTESIAN_POINT('',(5.078069227615,1.565112659152));
#5574 = CARTESIAN_POINT('',(5.077969418538,2.311565086693));
#5575 = CARTESIAN_POINT('',(5.077868164157,3.058017564517));
#5576 = ( GEOMETRIC_REPRESENTATION_CONTEXT(2) 
PARAMETRIC_REPRESENTATION_CONTEXT() REPRESENTATION_CONTEXT('2D SPACE',''
  ) );
#5577 = PCURVE('',#213,#5578);
#5578 = DEFINITIONAL_REPRESENTATION('',(#5579),#5585);
#5579 = B_SPLINE_CURVE_WITH_KNOTS('',4,(#5580,#5581,#5582,#5583,#5584),
  .UNSPECIFIED.,.F.,.F.,(5,5),(0.,1.),.PIECEWISE_BEZIER_KNOTS.);
#5580 = CARTESIAN_POINT('',(-5.06782106502,0.));
#5581 = CARTESIAN_POINT('',(-5.06762650315,-0.739177966495));
#5582 = CARTESIAN_POINT('',(-5.067429232358,-1.478355838424));
#5583 = CARTESIAN_POINT('',(-5.067229167851,-2.217533612523));
#5584 = CARTESIAN_POINT('',(-5.067026217364,-2.956711285761));
#5585 = ( GEOMETRIC_REPRESENTATION_CONTEXT(2) 
PARAMETRIC_REPRESENTATION_CONTEXT() REPRESENTATION_CONTEXT('2D SPACE',''
  ) );
#5586 = ORIENTED_EDGE('',*,*,#5587,.T.);
#5587 = EDGE_CURVE('',#168,#5588,#5590,.T.);
#5588 = VERTEX_POINT('',#5589);
#5589 = CARTESIAN_POINT('',(7.866213002153,-18.99071811431,13.));
#5590 = SURFACE_CURVE('',#5591,(#5596,#5609),.PCURVE_S1.);
#5591 = ELLIPSE('',#5592,0.807862058015,0.8);
#5592 = AXIS2_PLACEMENT_3D('',#5593,#5594,#5595);
#5593 = CARTESIAN_POINT('',(7.557057576915,-18.24435089382,13.));
#5594 = DIRECTION('',(0.,0.,1.));
#5595 = DIRECTION('',(-0.382683432365,0.923879532511,0.));
#5596 = PCURVE('',#5511,#5597);
#5597 = DEFINITIONAL_REPRESENTATION('',(#5598),#5608);
#5598 = B_SPLINE_CURVE_WITH_KNOTS('',8,(#5599,#5600,#5601,#5602,#5603,
    #5604,#5605,#5606,#5607),.UNSPECIFIED.,.F.,.F.,(9,9),(8.219857345201
    ,9.424777960769),.PIECEWISE_BEZIER_KNOTS.);
#5599 = CARTESIAN_POINT('',(5.078264691611,7.220804542988E-02));
#5600 = CARTESIAN_POINT('',(5.228879768557,5.639486914545E-02));
#5601 = CARTESIAN_POINT('',(5.379494845503,4.162446621757E-02));
#5602 = CARTESIAN_POINT('',(5.530109922449,2.8443423991E-02));
#5603 = CARTESIAN_POINT('',(5.680724999395,1.734797757347E-02));
#5604 = CARTESIAN_POINT('',(5.831340076341,8.744418132883E-03));
#5605 = CARTESIAN_POINT('',(5.981955153287,2.915235087022E-03));
#5606 = CARTESIAN_POINT('',(6.132570230234,6.221470841243E-18));
#5607 = CARTESIAN_POINT('',(6.28318530718,0.));
#5608 = ( GEOMETRIC_REPRESENTATION_CONTEXT(2) 
PARAMETRIC_REPRESENTATION_CONTEXT() REPRESENTATION_CONTEXT('2D SPACE',''
  ) );
#5609 = PCURVE('',#184,#5610);
#5610 = DEFINITIONAL_REPRESENTATION('',(#5611),#5615);
#5611 = ELLIPSE('',#5612,0.807862058015,0.8);
#5612 = AXIS2_PLACEMENT_2D('',#5613,#5614);
#5613 = CARTESIAN_POINT('',(59.74754310687,40.));
#5614 = DIRECTION('',(-1.,0.));
#5615 = ( GEOMETRIC_REPRESENTATION_CONTEXT(2) 
PARAMETRIC_REPRESENTATION_CONTEXT() REPRESENTATION_CONTEXT('2D SPACE',''
  ) );
#5616 = ORIENTED_EDGE('',*,*,#5617,.T.);
#5617 = EDGE_CURVE('',#5588,#140,#5618,.T.);
#5618 = SURFACE_CURVE('',#5619,(#5624,#5637),.PCURVE_S1.);
#5619 = ELLIPSE('',#5620,0.807862058015,0.8);
#5620 = AXIS2_PLACEMENT_3D('',#5621,#5622,#5623);
#5621 = CARTESIAN_POINT('',(7.557057576915,-18.24435089382,13.));
#5622 = DIRECTION('',(0.,0.,1.));
#5623 = DIRECTION('',(-0.382683432365,0.923879532511,0.));
#5624 = PCURVE('',#5511,#5625);
#5625 = DEFINITIONAL_REPRESENTATION('',(#5626),#5636);
#5626 = B_SPLINE_CURVE_WITH_KNOTS('',8,(#5627,#5628,#5629,#5630,#5631,
    #5632,#5633,#5634,#5635),.UNSPECIFIED.,.F.,.F.,(9,9),(3.14159265359,
    4.346513269158),.PIECEWISE_BEZIER_KNOTS.);
#5627 = CARTESIAN_POINT('',(6.28318530718,0.));
#5628 = CARTESIAN_POINT('',(6.433800384126,-9.594054676604E-18));
#5629 = CARTESIAN_POINT('',(6.584415461072,2.914270667757E-03));
#5630 = CARTESIAN_POINT('',(6.735030538018,8.745027382163E-03));
#5631 = CARTESIAN_POINT('',(6.885645614964,1.734897769606E-02));
#5632 = CARTESIAN_POINT('',(7.03626069191,2.844341430743E-02));
#5633 = CARTESIAN_POINT('',(7.186875768856,4.162404483167E-02));
#5634 = CARTESIAN_POINT('',(7.337490845802,5.639455837507E-02));
#5635 = CARTESIAN_POINT('',(7.488105922748,7.220792890934E-02));
#5636 = ( GEOMETRIC_REPRESENTATION_CONTEXT(2) 
PARAMETRIC_REPRESENTATION_CONTEXT() REPRESENTATION_CONTEXT('2D SPACE',''
  ) );
#5637 = PCURVE('',#184,#5638);
#5638 = DEFINITIONAL_REPRESENTATION('',(#5639),#5643);
#5639 = ELLIPSE('',#5640,0.807862058015,0.8);
#5640 = AXIS2_PLACEMENT_2D('',#5641,#5642);
#5641 = CARTESIAN_POINT('',(59.74754310687,40.));
#5642 = DIRECTION('',(-1.,0.));
#5643 = ( GEOMETRIC_REPRESENTATION_CONTEXT(2) 
PARAMETRIC_REPRESENTATION_CONTEXT() REPRESENTATION_CONTEXT('2D SPACE',''
  ) );
#5644 = ORIENTED_EDGE('',*,*,#5645,.F.);
#5645 = EDGE_CURVE('',#5495,#140,#5646,.T.);
#5646 = SURFACE_CURVE('',#5647,(#5653,#5662),.PCURVE_S1.);
#5647 = B_SPLINE_CURVE_WITH_KNOTS('',4,(#5648,#5649,#5650,#5651,#5652),
  .UNSPECIFIED.,.F.,.F.,(5,5),(0.,1.),.PIECEWISE_BEZIER_KNOTS.);
#5648 = CARTESIAN_POINT('',(8.198816753346,-17.8412659762,
    15.956711285761));
#5649 = CARTESIAN_POINT('',(8.23857417586,-17.93732453589,
    15.217533612517));
#5650 = CARTESIAN_POINT('',(8.278331557324,-18.03338194332,
    14.478355838379));
#5651 = CARTESIAN_POINT('',(8.318088899409,-18.12943823548,
    13.739177966501));
#5652 = CARTESIAN_POINT('',(8.357846203614,-18.22549344629,13.));
#5653 = PCURVE('',#5511,#5654);
#5654 = DEFINITIONAL_REPRESENTATION('',(#5655),#5661);
#5655 = B_SPLINE_CURVE_WITH_KNOTS('',4,(#5656,#5657,#5658,#5659,#5660),
  .UNSPECIFIED.,.F.,.F.,(5,5),(2.009504611741E-07,1.),
  .PIECEWISE_BEZIER_KNOTS.);
#5656 = CARTESIAN_POINT('',(7.488502450202,3.058017564517));
#5657 = CARTESIAN_POINT('',(7.488401195821,2.311565086686));
#5658 = CARTESIAN_POINT('',(7.488301386744,1.565112659203));
#5659 = CARTESIAN_POINT('',(7.488202976589,0.818660280662));
#5660 = CARTESIAN_POINT('',(7.488105922748,7.220794932407E-02));
#5661 = ( GEOMETRIC_REPRESENTATION_CONTEXT(2) 
PARAMETRIC_REPRESENTATION_CONTEXT() REPRESENTATION_CONTEXT('2D SPACE',''
  ) );
#5662 = PCURVE('',#156,#5663);
#5663 = DEFINITIONAL_REPRESENTATION('',(#5664),#5670);
#5664 = B_SPLINE_CURVE_WITH_KNOTS('',4,(#5665,#5666,#5667,#5668,#5669),
  .UNSPECIFIED.,.F.,.F.,(5,5),(0.,1.),.PIECEWISE_BEZIER_KNOTS.);
#5665 = CARTESIAN_POINT('',(-5.143149906803,-2.956711285761));
#5666 = CARTESIAN_POINT('',(-5.142946956316,-2.217533612517));
#5667 = CARTESIAN_POINT('',(-5.142746891809,-1.478355838379));
#5668 = CARTESIAN_POINT('',(-5.142549621016,-0.739177966501));
#5669 = CARTESIAN_POINT('',(-5.142355059147,0.));
#5670 = ( GEOMETRIC_REPRESENTATION_CONTEXT(2) 
PARAMETRIC_REPRESENTATION_CONTEXT() REPRESENTATION_CONTEXT('2D SPACE',''
  ) );
#5671 = ADVANCED_FACE('',(#5672),#4689,.F.);
#5672 = FACE_BOUND('',#5673,.T.);
#5673 = EDGE_LOOP('',(#5674,#5675,#5710,#5739));
#5674 = ORIENTED_EDGE('',*,*,#4672,.T.);
#5675 = ORIENTED_EDGE('',*,*,#5676,.F.);
#5676 = EDGE_CURVE('',#5677,#4608,#5679,.T.);
#5677 = VERTEX_POINT('',#5678);
#5678 = CARTESIAN_POINT('',(-8.198816785304,-17.84126605341,
    15.956710691609));
#5679 = SURFACE_CURVE('',#5680,(#5688,#5699),.PCURVE_S1.);
#5680 = B_SPLINE_CURVE_WITH_KNOTS('',6,(#5681,#5682,#5683,#5684,#5685,
    #5686,#5687),.UNSPECIFIED.,.F.,.F.,(7,7),(0.,1.),
  .PIECEWISE_BEZIER_KNOTS.);
#5681 = CARTESIAN_POINT('',(-8.198816785304,-17.84126605341,
    15.956710691609));
#5682 = CARTESIAN_POINT('',(-8.197535903534,-17.83817129399,
    15.980525092707));
#5683 = CARTESIAN_POINT('',(-8.199683937982,-17.83350371221,
    16.004320628953));
#5684 = CARTESIAN_POINT('',(-8.205294492989,-17.82734195834,
    16.027488467993));
#5685 = CARTESIAN_POINT('',(-8.214240753627,-17.81983168489,
    16.049423225928));
#5686 = CARTESIAN_POINT('',(-8.226244922226,-17.81117632706,
    16.069559443186));
#5687 = CARTESIAN_POINT('',(-8.240913619171,-17.80162049983,
    16.087414712335));
#5688 = PCURVE('',#4689,#5689);
#5689 = DEFINITIONAL_REPRESENTATION('',(#5690),#5698);
#5690 = B_SPLINE_CURVE_WITH_KNOTS('',6,(#5691,#5692,#5693,#5694,#5695,
    #5696,#5697),.UNSPECIFIED.,.F.,.F.,(7,7),(0.,1.),
  .PIECEWISE_BEZIER_KNOTS.);
#5691 = CARTESIAN_POINT('',(-5.077868164157,3.14159265359));
#5692 = CARTESIAN_POINT('',(-5.077864902001,3.261836560594));
#5693 = CARTESIAN_POINT('',(-5.076011962968,3.382084964867));
#5694 = CARTESIAN_POINT('',(-5.072306008083,3.502394269469));
#5695 = CARTESIAN_POINT('',(-5.066955597173,3.622833999413));
#5696 = CARTESIAN_POINT('',(-5.060329746266,3.743467303601));
#5697 = CARTESIAN_POINT('',(-5.052795423858,3.864326901403));
#5698 = ( GEOMETRIC_REPRESENTATION_CONTEXT(2) 
PARAMETRIC_REPRESENTATION_CONTEXT() REPRESENTATION_CONTEXT('2D SPACE',''
  ) );
#5699 = PCURVE('',#270,#5700);
#5700 = DEFINITIONAL_REPRESENTATION('',(#5701),#5709);
#5701 = B_SPLINE_CURVE_WITH_KNOTS('',6,(#5702,#5703,#5704,#5705,#5706,
    #5707,#5708),.UNSPECIFIED.,.F.,.F.,(7,7),(0.,1.),
  .PIECEWISE_BEZIER_KNOTS.);
#5702 = CARTESIAN_POINT('',(-4.281628054129,-2.956710691609));
#5703 = CARTESIAN_POINT('',(-4.281621515587,-2.980525092707));
#5704 = CARTESIAN_POINT('',(-4.281422845984,-3.004320628953));
#5705 = CARTESIAN_POINT('',(-4.281032016008,-3.027488467993));
#5706 = CARTESIAN_POINT('',(-4.280457842912,-3.049423225928));
#5707 = CARTESIAN_POINT('',(-4.279717433015,-3.069559443186));
#5708 = CARTESIAN_POINT('',(-4.278834204892,-3.087414712335));
#5709 = ( GEOMETRIC_REPRESENTATION_CONTEXT(2) 
PARAMETRIC_REPRESENTATION_CONTEXT() REPRESENTATION_CONTEXT('2D SPACE',''
  ) );
#5710 = ORIENTED_EDGE('',*,*,#5711,.F.);
#5711 = EDGE_CURVE('',#5712,#5677,#5714,.T.);
#5712 = VERTEX_POINT('',#5713);
#5713 = CARTESIAN_POINT('',(-6.818241264727,-18.41311915791,
    15.956710691609));
#5714 = SURFACE_CURVE('',#5715,(#5720,#5727),.PCURVE_S1.);
#5715 = CIRCLE('',#5716,0.8);
#5716 = AXIS2_PLACEMENT_3D('',#5717,#5718,#5719);
#5717 = CARTESIAN_POINT('',(-7.400177964051,-17.86561000478,
    15.916918667024));
#5718 = DIRECTION('',(-5.325923996829E-02,-0.128579179453,
    -0.990268068742));
#5719 = DIRECTION('',(0.727420874155,-0.68438644141,4.974003073069E-02)
  );
#5720 = PCURVE('',#4689,#5721);
#5721 = DEFINITIONAL_REPRESENTATION('',(#5722),#5726);
#5722 = LINE('',#5723,#5724);
#5723 = CARTESIAN_POINT('',(-7.488502450202,3.14159265359));
#5724 = VECTOR('',#5725,1.);
#5725 = DIRECTION('',(1.,-0.));
#5726 = ( GEOMETRIC_REPRESENTATION_CONTEXT(2) 
PARAMETRIC_REPRESENTATION_CONTEXT() REPRESENTATION_CONTEXT('2D SPACE',''
  ) );
#5727 = PCURVE('',#5728,#5733);
#5728 = CYLINDRICAL_SURFACE('',#5729,0.8);
#5729 = AXIS2_PLACEMENT_3D('',#5730,#5731,#5732);
#5730 = CARTESIAN_POINT('',(-7.563045655347,-18.25880739398,
    12.888661519232));
#5731 = DIRECTION('',(5.325923996829E-02,0.128579179453,0.990268068742)
  );
#5732 = DIRECTION('',(-0.378959183508,-0.91488840041,0.13917310096));
#5733 = DEFINITIONAL_REPRESENTATION('',(#5734),#5738);
#5734 = LINE('',#5735,#5736);
#5735 = CARTESIAN_POINT('',(7.488502450202,3.058017564517));
#5736 = VECTOR('',#5737,1.);
#5737 = DIRECTION('',(-1.,-0.));
#5738 = ( GEOMETRIC_REPRESENTATION_CONTEXT(2) 
PARAMETRIC_REPRESENTATION_CONTEXT() REPRESENTATION_CONTEXT('2D SPACE',''
  ) );
#5739 = ORIENTED_EDGE('',*,*,#5740,.T.);
#5740 = EDGE_CURVE('',#5712,#4673,#5741,.T.);
#5741 = SURFACE_CURVE('',#5742,(#5750,#5761),.PCURVE_S1.);
#5742 = B_SPLINE_CURVE_WITH_KNOTS('',6,(#5743,#5744,#5745,#5746,#5747,
    #5748,#5749),.UNSPECIFIED.,.F.,.F.,(7,7),(0.,1.),
  .PIECEWISE_BEZIER_KNOTS.);
#5743 = CARTESIAN_POINT('',(-6.818241264727,-18.41311915791,
    15.956710691609));
#5744 = CARTESIAN_POINT('',(-6.816958659539,-18.41002511235,
    15.980525092707));
#5745 = CARTESIAN_POINT('',(-6.812139291086,-18.40824352335,
    16.004320628953));
#5746 = CARTESIAN_POINT('',(-6.803815011654,-18.4078537669,
    16.027488467993));
#5747 = CARTESIAN_POINT('',(-6.792178484806,-18.40886916318,
    16.049423225928));
#5748 = CARTESIAN_POINT('',(-6.777569993567,-18.41123712998,
    16.069559443186));
#5749 = CARTESIAN_POINT('',(-6.760440668253,-18.41485247482,
    16.087414712335));
#5750 = PCURVE('',#4689,#5751);
#5751 = DEFINITIONAL_REPRESENTATION('',(#5752),#5760);
#5752 = B_SPLINE_CURVE_WITH_KNOTS('',6,(#5753,#5754,#5755,#5756,#5757,
    #5758,#5759),.UNSPECIFIED.,.F.,.F.,(7,7),(0.,1.),
  .PIECEWISE_BEZIER_KNOTS.);
#5753 = CARTESIAN_POINT('',(-7.488502450202,3.14159265359));
#5754 = CARTESIAN_POINT('',(-7.488505712358,3.261836560594));
#5755 = CARTESIAN_POINT('',(-7.490358651391,3.382084964867));
#5756 = CARTESIAN_POINT('',(-7.494064606276,3.502394269469));
#5757 = CARTESIAN_POINT('',(-7.499415017187,3.622833999413));
#5758 = CARTESIAN_POINT('',(-7.506040868093,3.743467303601));
#5759 = CARTESIAN_POINT('',(-7.513575190501,3.864326901403));
#5760 = ( GEOMETRIC_REPRESENTATION_CONTEXT(2) 
PARAMETRIC_REPRESENTATION_CONTEXT() REPRESENTATION_CONTEXT('2D SPACE',''
  ) );
#5761 = PCURVE('',#213,#5762);
#5762 = DEFINITIONAL_REPRESENTATION('',(#5763),#5771);
#5763 = B_SPLINE_CURVE_WITH_KNOTS('',6,(#5764,#5765,#5766,#5767,#5768,
    #5769,#5770),.UNSPECIFIED.,.F.,.F.,(7,7),(0.,1.),
  .PIECEWISE_BEZIER_KNOTS.);
#5764 = CARTESIAN_POINT('',(-4.357751743243,-2.956710691609));
#5765 = CARTESIAN_POINT('',(-4.357758281785,-2.980525092707));
#5766 = CARTESIAN_POINT('',(-4.357956951388,-3.004320628953));
#5767 = CARTESIAN_POINT('',(-4.358347781364,-3.027488467993));
#5768 = CARTESIAN_POINT('',(-4.35892195446,-3.049423225928));
#5769 = CARTESIAN_POINT('',(-4.359662364357,-3.069559443186));
#5770 = CARTESIAN_POINT('',(-4.36054559248,-3.087414712335));
#5771 = ( GEOMETRIC_REPRESENTATION_CONTEXT(2) 
PARAMETRIC_REPRESENTATION_CONTEXT() REPRESENTATION_CONTEXT('2D SPACE',''
  ) );
#5772 = ADVANCED_FACE('',(#5773),#5728,.T.);
#5773 = FACE_BOUND('',#5774,.T.);
#5774 = EDGE_LOOP('',(#5775,#5776,#5803,#5833,#5861));
#5775 = ORIENTED_EDGE('',*,*,#5711,.T.);
#5776 = ORIENTED_EDGE('',*,*,#5777,.F.);
#5777 = EDGE_CURVE('',#225,#5677,#5778,.T.);
#5778 = SURFACE_CURVE('',#5779,(#5785,#5794),.PCURVE_S1.);
#5779 = B_SPLINE_CURVE_WITH_KNOTS('',4,(#5780,#5781,#5782,#5783,#5784),
  .UNSPECIFIED.,.F.,.F.,(5,5),(0.,1.),.PIECEWISE_BEZIER_KNOTS.);
#5780 = CARTESIAN_POINT('',(-8.357846203614,-18.22549344629,13.));
#5781 = CARTESIAN_POINT('',(-8.318088899409,-18.12943823548,
    13.739177966495));
#5782 = CARTESIAN_POINT('',(-8.278331557321,-18.03338194332,
    14.478355838423));
#5783 = CARTESIAN_POINT('',(-8.23857417586,-17.93732453589,
    15.217533612523));
#5784 = CARTESIAN_POINT('',(-8.198816753346,-17.8412659762,
    15.956711285761));
#5785 = PCURVE('',#5728,#5786);
#5786 = DEFINITIONAL_REPRESENTATION('',(#5787),#5793);
#5787 = B_SPLINE_CURVE_WITH_KNOTS('',4,(#5788,#5789,#5790,#5791,#5792),
  .UNSPECIFIED.,.F.,.F.,(5,5),(0.,0.99999979905),
  .PIECEWISE_BEZIER_KNOTS.);
#5788 = CARTESIAN_POINT('',(5.078264691611,7.220794940052E-02));
#5789 = CARTESIAN_POINT('',(5.07816763777,0.818660280732));
#5790 = CARTESIAN_POINT('',(5.078069227615,1.565112659152));
#5791 = CARTESIAN_POINT('',(5.077969418538,2.311565086693));
#5792 = CARTESIAN_POINT('',(5.077868164157,3.058017564517));
#5793 = ( GEOMETRIC_REPRESENTATION_CONTEXT(2) 
PARAMETRIC_REPRESENTATION_CONTEXT() REPRESENTATION_CONTEXT('2D SPACE',''
  ) );
#5794 = PCURVE('',#270,#5795);
#5795 = DEFINITIONAL_REPRESENTATION('',(#5796),#5802);
#5796 = B_SPLINE_CURVE_WITH_KNOTS('',4,(#5797,#5798,#5799,#5800,#5801),
  .UNSPECIFIED.,.F.,.F.,(5,5),(0.,1.),.PIECEWISE_BEZIER_KNOTS.);
#5797 = CARTESIAN_POINT('',(-4.282422901623,0.));
#5798 = CARTESIAN_POINT('',(-4.282228339753,-0.739177966495));
#5799 = CARTESIAN_POINT('',(-4.28203106896,-1.478355838423));
#5800 = CARTESIAN_POINT('',(-4.281831004453,-2.217533612523));
#5801 = CARTESIAN_POINT('',(-4.281628053966,-2.956711285761));
#5802 = ( GEOMETRIC_REPRESENTATION_CONTEXT(2) 
PARAMETRIC_REPRESENTATION_CONTEXT() REPRESENTATION_CONTEXT('2D SPACE',''
  ) );
#5803 = ORIENTED_EDGE('',*,*,#5804,.T.);
#5804 = EDGE_CURVE('',#225,#5805,#5807,.T.);
#5805 = VERTEX_POINT('',#5806);
#5806 = CARTESIAN_POINT('',(-7.866213002153,-18.99071811431,13.));
#5807 = SURFACE_CURVE('',#5808,(#5813,#5826),.PCURVE_S1.);
#5808 = ELLIPSE('',#5809,0.807862058015,0.8);
#5809 = AXIS2_PLACEMENT_3D('',#5810,#5811,#5812);
#5810 = CARTESIAN_POINT('',(-7.557057576915,-18.24435089382,13.));
#5811 = DIRECTION('',(0.,-0.,1.));
#5812 = DIRECTION('',(0.382683432365,0.923879532511,0.));
#5813 = PCURVE('',#5728,#5814);
#5814 = DEFINITIONAL_REPRESENTATION('',(#5815),#5825);
#5815 = B_SPLINE_CURVE_WITH_KNOTS('',8,(#5816,#5817,#5818,#5819,#5820,
    #5821,#5822,#5823,#5824),.UNSPECIFIED.,.F.,.F.,(9,9),(8.219857345201
    ,9.424777960769),.PIECEWISE_BEZIER_KNOTS.);
#5816 = CARTESIAN_POINT('',(5.078264691611,7.220804542988E-02));
#5817 = CARTESIAN_POINT('',(5.228879768557,5.639486914545E-02));
#5818 = CARTESIAN_POINT('',(5.379494845503,4.162446621756E-02));
#5819 = CARTESIAN_POINT('',(5.530109922449,2.8443423991E-02));
#5820 = CARTESIAN_POINT('',(5.680724999395,1.734797757346E-02));
#5821 = CARTESIAN_POINT('',(5.831340076341,8.744418132882E-03));
#5822 = CARTESIAN_POINT('',(5.981955153287,2.915235087022E-03));
#5823 = CARTESIAN_POINT('',(6.132570230234,6.221470841242E-18));
#5824 = CARTESIAN_POINT('',(6.28318530718,0.));
#5825 = ( GEOMETRIC_REPRESENTATION_CONTEXT(2) 
PARAMETRIC_REPRESENTATION_CONTEXT() REPRESENTATION_CONTEXT('2D SPACE',''
  ) );
#5826 = PCURVE('',#241,#5827);
#5827 = DEFINITIONAL_REPRESENTATION('',(#5828),#5832);
#5828 = ELLIPSE('',#5829,0.807862058015,0.8);
#5829 = AXIS2_PLACEMENT_2D('',#5830,#5831);
#5830 = CARTESIAN_POINT('',(59.74754310687,40.));
#5831 = DIRECTION('',(-1.,0.));
#5832 = ( GEOMETRIC_REPRESENTATION_CONTEXT(2) 
PARAMETRIC_REPRESENTATION_CONTEXT() REPRESENTATION_CONTEXT('2D SPACE',''
  ) );
#5833 = ORIENTED_EDGE('',*,*,#5834,.T.);
#5834 = EDGE_CURVE('',#5805,#197,#5835,.T.);
#5835 = SURFACE_CURVE('',#5836,(#5841,#5854),.PCURVE_S1.);
#5836 = ELLIPSE('',#5837,0.807862058015,0.8);
#5837 = AXIS2_PLACEMENT_3D('',#5838,#5839,#5840);
#5838 = CARTESIAN_POINT('',(-7.557057576915,-18.24435089382,13.));
#5839 = DIRECTION('',(0.,-0.,1.));
#5840 = DIRECTION('',(0.382683432365,0.923879532511,0.));
#5841 = PCURVE('',#5728,#5842);
#5842 = DEFINITIONAL_REPRESENTATION('',(#5843),#5853);
#5843 = B_SPLINE_CURVE_WITH_KNOTS('',8,(#5844,#5845,#5846,#5847,#5848,
    #5849,#5850,#5851,#5852),.UNSPECIFIED.,.F.,.F.,(9,9),(3.14159265359,
    4.346513269158),.PIECEWISE_BEZIER_KNOTS.);
#5844 = CARTESIAN_POINT('',(6.28318530718,0.));
#5845 = CARTESIAN_POINT('',(6.433800384126,-9.594054676604E-18));
#5846 = CARTESIAN_POINT('',(6.584415461072,2.914270667757E-03));
#5847 = CARTESIAN_POINT('',(6.735030538018,8.745027382164E-03));
#5848 = CARTESIAN_POINT('',(6.885645614964,1.734897769606E-02));
#5849 = CARTESIAN_POINT('',(7.03626069191,2.844341430743E-02));
#5850 = CARTESIAN_POINT('',(7.186875768856,4.162404483167E-02));
#5851 = CARTESIAN_POINT('',(7.337490845802,5.639455837508E-02));
#5852 = CARTESIAN_POINT('',(7.488105922748,7.220792890935E-02));
#5853 = ( GEOMETRIC_REPRESENTATION_CONTEXT(2) 
PARAMETRIC_REPRESENTATION_CONTEXT() REPRESENTATION_CONTEXT('2D SPACE',''
  ) );
#5854 = PCURVE('',#241,#5855);
#5855 = DEFINITIONAL_REPRESENTATION('',(#5856),#5860);
#5856 = ELLIPSE('',#5857,0.807862058015,0.8);
#5857 = AXIS2_PLACEMENT_2D('',#5858,#5859);
#5858 = CARTESIAN_POINT('',(59.74754310687,40.));
#5859 = DIRECTION('',(-1.,0.));
#5860 = ( GEOMETRIC_REPRESENTATION_CONTEXT(2) 
PARAMETRIC_REPRESENTATION_CONTEXT() REPRESENTATION_CONTEXT('2D SPACE',''
  ) );
#5861 = ORIENTED_EDGE('',*,*,#5862,.F.);
#5862 = EDGE_CURVE('',#5712,#197,#5863,.T.);
#5863 = SURFACE_CURVE('',#5864,(#5870,#5879),.PCURVE_S1.);
#5864 = B_SPLINE_CURVE_WITH_KNOTS('',4,(#5865,#5866,#5867,#5868,#5869),
  .UNSPECIFIED.,.F.,.F.,(5,5),(0.,1.),.PIECEWISE_BEZIER_KNOTS.);
#5865 = CARTESIAN_POINT('',(-6.818241232727,-18.41311908072,
    15.956711285761));
#5866 = CARTESIAN_POINT('',(-6.858052148615,-18.50915548273,
    15.217533612517));
#5867 = CARTESIAN_POINT('',(-6.89786227876,-18.60519104094,
    14.478355838379));
#5868 = CARTESIAN_POINT('',(-6.937671648127,-18.70122578269,
    13.739177966501));
#5869 = CARTESIAN_POINT('',(-6.977480279659,-18.79725973303,13.));
#5870 = PCURVE('',#5728,#5871);
#5871 = DEFINITIONAL_REPRESENTATION('',(#5872),#5878);
#5872 = B_SPLINE_CURVE_WITH_KNOTS('',4,(#5873,#5874,#5875,#5876,#5877),
  .UNSPECIFIED.,.F.,.F.,(5,5),(2.009504616028E-07,1.),
  .PIECEWISE_BEZIER_KNOTS.);
#5873 = CARTESIAN_POINT('',(7.488502450202,3.058017564517));
#5874 = CARTESIAN_POINT('',(7.488401195821,2.311565086686));
#5875 = CARTESIAN_POINT('',(7.488301386744,1.565112659203));
#5876 = CARTESIAN_POINT('',(7.488202976589,0.818660280662));
#5877 = CARTESIAN_POINT('',(7.488105922748,7.220794932407E-02));
#5878 = ( GEOMETRIC_REPRESENTATION_CONTEXT(2) 
PARAMETRIC_REPRESENTATION_CONTEXT() REPRESENTATION_CONTEXT('2D SPACE',''
  ) );
#5879 = PCURVE('',#213,#5880);
#5880 = DEFINITIONAL_REPRESENTATION('',(#5881),#5887);
#5881 = B_SPLINE_CURVE_WITH_KNOTS('',4,(#5882,#5883,#5884,#5885,#5886),
  .UNSPECIFIED.,.F.,.F.,(5,5),(0.,1.),.PIECEWISE_BEZIER_KNOTS.);
#5882 = CARTESIAN_POINT('',(-4.357751743406,-2.956711285761));
#5883 = CARTESIAN_POINT('',(-4.357548792919,-2.217533612517));
#5884 = CARTESIAN_POINT('',(-4.357348728412,-1.478355838379));
#5885 = CARTESIAN_POINT('',(-4.357151457619,-0.739177966501));
#5886 = CARTESIAN_POINT('',(-4.356956895749,0.));
#5887 = ( GEOMETRIC_REPRESENTATION_CONTEXT(2) 
PARAMETRIC_REPRESENTATION_CONTEXT() REPRESENTATION_CONTEXT('2D SPACE',''
  ) );
#5888 = ADVANCED_FACE('',(#5889),#4099,.F.);
#5889 = FACE_BOUND('',#5890,.T.);
#5890 = EDGE_LOOP('',(#5891,#5892,#5927,#5956));
#5891 = ORIENTED_EDGE('',*,*,#4082,.T.);
#5892 = ORIENTED_EDGE('',*,*,#5893,.F.);
#5893 = EDGE_CURVE('',#5894,#4018,#5896,.T.);
#5894 = VERTEX_POINT('',#5895);
#5895 = CARTESIAN_POINT('',(-18.41311915791,-6.818241264727,
    15.956710691609));
#5896 = SURFACE_CURVE('',#5897,(#5905,#5916),.PCURVE_S1.);
#5897 = B_SPLINE_CURVE_WITH_KNOTS('',6,(#5898,#5899,#5900,#5901,#5902,
    #5903,#5904),.UNSPECIFIED.,.F.,.F.,(7,7),(0.,1.),
  .PIECEWISE_BEZIER_KNOTS.);
#5898 = CARTESIAN_POINT('',(-18.41311915791,-6.818241264727,
    15.956710691609));
#5899 = CARTESIAN_POINT('',(-18.41002511235,-6.816958659539,
    15.980525092707));
#5900 = CARTESIAN_POINT('',(-18.40824352335,-6.812139291086,
    16.004320628953));
#5901 = CARTESIAN_POINT('',(-18.4078537669,-6.803815011654,
    16.027488467993));
#5902 = CARTESIAN_POINT('',(-18.40886916318,-6.792178484806,
    16.049423225928));
#5903 = CARTESIAN_POINT('',(-18.41123712998,-6.777569993567,
    16.069559443186));
#5904 = CARTESIAN_POINT('',(-18.41485247482,-6.760440668253,
    16.087414712335));
#5905 = PCURVE('',#4099,#5906);
#5906 = DEFINITIONAL_REPRESENTATION('',(#5907),#5915);
#5907 = B_SPLINE_CURVE_WITH_KNOTS('',6,(#5908,#5909,#5910,#5911,#5912,
    #5913,#5914),.UNSPECIFIED.,.F.,.F.,(7,7),(0.,1.),
  .PIECEWISE_BEZIER_KNOTS.);
#5908 = CARTESIAN_POINT('',(-5.077868164157,3.14159265359));
#5909 = CARTESIAN_POINT('',(-5.077864902001,3.261836560594));
#5910 = CARTESIAN_POINT('',(-5.076011962968,3.382084964867));
#5911 = CARTESIAN_POINT('',(-5.072306008083,3.502394269469));
#5912 = CARTESIAN_POINT('',(-5.066955597173,3.622833999413));
#5913 = CARTESIAN_POINT('',(-5.060329746266,3.743467303601));
#5914 = CARTESIAN_POINT('',(-5.052795423858,3.864326901403));
#5915 = ( GEOMETRIC_REPRESENTATION_CONTEXT(2) 
PARAMETRIC_REPRESENTATION_CONTEXT() REPRESENTATION_CONTEXT('2D SPACE',''
  ) );
#5916 = PCURVE('',#327,#5917);
#5917 = DEFINITIONAL_REPRESENTATION('',(#5918),#5926);
#5918 = B_SPLINE_CURVE_WITH_KNOTS('',6,(#5919,#5920,#5921,#5922,#5923,
    #5924,#5925),.UNSPECIFIED.,.F.,.F.,(7,7),(0.,1.),
  .PIECEWISE_BEZIER_KNOTS.);
#5919 = CARTESIAN_POINT('',(-3.496229890732,-2.956710691609));
#5920 = CARTESIAN_POINT('',(-3.49622335219,-2.980525092707));
#5921 = CARTESIAN_POINT('',(-3.496024682587,-3.004320628953));
#5922 = CARTESIAN_POINT('',(-3.495633852611,-3.027488467993));
#5923 = CARTESIAN_POINT('',(-3.495059679515,-3.049423225928));
#5924 = CARTESIAN_POINT('',(-3.494319269618,-3.069559443186));
#5925 = CARTESIAN_POINT('',(-3.493436041495,-3.087414712335));
#5926 = ( GEOMETRIC_REPRESENTATION_CONTEXT(2) 
PARAMETRIC_REPRESENTATION_CONTEXT() REPRESENTATION_CONTEXT('2D SPACE',''
  ) );
#5927 = ORIENTED_EDGE('',*,*,#5928,.F.);
#5928 = EDGE_CURVE('',#5929,#5894,#5931,.T.);
#5929 = VERTEX_POINT('',#5930);
#5930 = CARTESIAN_POINT('',(-17.84126605341,-8.198816785304,
    15.956710691609));
#5931 = SURFACE_CURVE('',#5932,(#5937,#5944),.PCURVE_S1.);
#5932 = CIRCLE('',#5933,0.8);
#5933 = AXIS2_PLACEMENT_3D('',#5934,#5935,#5936);
#5934 = CARTESIAN_POINT('',(-17.86561000478,-7.400177964051,
    15.916918667024));
#5935 = DIRECTION('',(-0.128579179453,-5.325923996829E-02,
    -0.990268068742));
#5936 = DIRECTION('',(3.042993921824E-02,-0.998298526565,
    4.97400307307E-02));
#5937 = PCURVE('',#4099,#5938);
#5938 = DEFINITIONAL_REPRESENTATION('',(#5939),#5943);
#5939 = LINE('',#5940,#5941);
#5940 = CARTESIAN_POINT('',(-7.488502450202,3.14159265359));
#5941 = VECTOR('',#5942,1.);
#5942 = DIRECTION('',(1.,-0.));
#5943 = ( GEOMETRIC_REPRESENTATION_CONTEXT(2) 
PARAMETRIC_REPRESENTATION_CONTEXT() REPRESENTATION_CONTEXT('2D SPACE',''
  ) );
#5944 = PCURVE('',#5945,#5950);
#5945 = CYLINDRICAL_SURFACE('',#5946,0.8);
#5946 = AXIS2_PLACEMENT_3D('',#5947,#5948,#5949);
#5947 = CARTESIAN_POINT('',(-18.25880739398,-7.563045655347,
    12.888661519232));
#5948 = DIRECTION('',(0.128579179453,5.325923996829E-02,0.990268068742)
  );
#5949 = DIRECTION('',(-0.91488840041,-0.378959183508,0.13917310096));
#5950 = DEFINITIONAL_REPRESENTATION('',(#5951),#5955);
#5951 = LINE('',#5952,#5953);
#5952 = CARTESIAN_POINT('',(7.488502450202,3.058017564517));
#5953 = VECTOR('',#5954,1.);
#5954 = DIRECTION('',(-1.,-0.));
#5955 = ( GEOMETRIC_REPRESENTATION_CONTEXT(2) 
PARAMETRIC_REPRESENTATION_CONTEXT() REPRESENTATION_CONTEXT('2D SPACE',''
  ) );
#5956 = ORIENTED_EDGE('',*,*,#5957,.T.);
#5957 = EDGE_CURVE('',#5929,#4083,#5958,.T.);
#5958 = SURFACE_CURVE('',#5959,(#5967,#5978),.PCURVE_S1.);
#5959 = B_SPLINE_CURVE_WITH_KNOTS('',6,(#5960,#5961,#5962,#5963,#5964,
    #5965,#5966),.UNSPECIFIED.,.F.,.F.,(7,7),(0.,1.),
  .PIECEWISE_BEZIER_KNOTS.);
#5960 = CARTESIAN_POINT('',(-17.84126605341,-8.198816785304,
    15.956710691609));
#5961 = CARTESIAN_POINT('',(-17.83817129399,-8.197535903534,
    15.980525092707));
#5962 = CARTESIAN_POINT('',(-17.83350371221,-8.199683937982,
    16.004320628953));
#5963 = CARTESIAN_POINT('',(-17.82734195834,-8.205294492989,
    16.027488467993));
#5964 = CARTESIAN_POINT('',(-17.81983168489,-8.214240753627,
    16.049423225928));
#5965 = CARTESIAN_POINT('',(-17.81117632706,-8.226244922226,
    16.069559443186));
#5966 = CARTESIAN_POINT('',(-17.80162049983,-8.240913619171,
    16.087414712335));
#5967 = PCURVE('',#4099,#5968);
#5968 = DEFINITIONAL_REPRESENTATION('',(#5969),#5977);
#5969 = B_SPLINE_CURVE_WITH_KNOTS('',6,(#5970,#5971,#5972,#5973,#5974,
    #5975,#5976),.UNSPECIFIED.,.F.,.F.,(7,7),(0.,1.),
  .PIECEWISE_BEZIER_KNOTS.);
#5970 = CARTESIAN_POINT('',(-7.488502450202,3.14159265359));
#5971 = CARTESIAN_POINT('',(-7.488505712358,3.261836560594));
#5972 = CARTESIAN_POINT('',(-7.490358651391,3.382084964867));
#5973 = CARTESIAN_POINT('',(-7.494064606276,3.502394269469));
#5974 = CARTESIAN_POINT('',(-7.499415017187,3.622833999413));
#5975 = CARTESIAN_POINT('',(-7.506040868093,3.743467303601));
#5976 = CARTESIAN_POINT('',(-7.513575190501,3.864326901403));
#5977 = ( GEOMETRIC_REPRESENTATION_CONTEXT(2) 
PARAMETRIC_REPRESENTATION_CONTEXT() REPRESENTATION_CONTEXT('2D SPACE',''
  ) );
#5978 = PCURVE('',#270,#5979);
#5979 = DEFINITIONAL_REPRESENTATION('',(#5980),#5988);
#5980 = B_SPLINE_CURVE_WITH_KNOTS('',6,(#5981,#5982,#5983,#5984,#5985,
    #5986,#5987),.UNSPECIFIED.,.F.,.F.,(7,7),(0.,1.),
  .PIECEWISE_BEZIER_KNOTS.);
#5981 = CARTESIAN_POINT('',(-3.572353579845,-2.956710691609));
#5982 = CARTESIAN_POINT('',(-3.572360118387,-2.980525092707));
#5983 = CARTESIAN_POINT('',(-3.57255878799,-3.004320628953));
#5984 = CARTESIAN_POINT('',(-3.572949617966,-3.027488467993));
#5985 = CARTESIAN_POINT('',(-3.573523791062,-3.049423225928));
#5986 = CARTESIAN_POINT('',(-3.574264200959,-3.069559443186));
#5987 = CARTESIAN_POINT('',(-3.575147429083,-3.087414712335));
#5988 = ( GEOMETRIC_REPRESENTATION_CONTEXT(2) 
PARAMETRIC_REPRESENTATION_CONTEXT() REPRESENTATION_CONTEXT('2D SPACE',''
  ) );
#5989 = ADVANCED_FACE('',(#5990),#5945,.T.);
#5990 = FACE_BOUND('',#5991,.T.);
#5991 = EDGE_LOOP('',(#5992,#5993,#6020,#6050,#6078));
#5992 = ORIENTED_EDGE('',*,*,#5928,.T.);
#5993 = ORIENTED_EDGE('',*,*,#5994,.F.);
#5994 = EDGE_CURVE('',#282,#5894,#5995,.T.);
#5995 = SURFACE_CURVE('',#5996,(#6002,#6011),.PCURVE_S1.);
#5996 = B_SPLINE_CURVE_WITH_KNOTS('',4,(#5997,#5998,#5999,#6000,#6001),
  .UNSPECIFIED.,.F.,.F.,(5,5),(0.,1.),.PIECEWISE_BEZIER_KNOTS.);
#5997 = CARTESIAN_POINT('',(-18.79725973303,-6.977480279659,13.));
#5998 = CARTESIAN_POINT('',(-18.70122578269,-6.937671648127,
    13.739177966495));
#5999 = CARTESIAN_POINT('',(-18.60519104094,-6.897862278757,
    14.478355838423));
#6000 = CARTESIAN_POINT('',(-18.50915548273,-6.858052148614,
    15.217533612523));
#6001 = CARTESIAN_POINT('',(-18.41311908072,-6.818241232727,
    15.956711285761));
#6002 = PCURVE('',#5945,#6003);
#6003 = DEFINITIONAL_REPRESENTATION('',(#6004),#6010);
#6004 = B_SPLINE_CURVE_WITH_KNOTS('',4,(#6005,#6006,#6007,#6008,#6009),
  .UNSPECIFIED.,.F.,.F.,(5,5),(0.,0.99999979905),
  .PIECEWISE_BEZIER_KNOTS.);
#6005 = CARTESIAN_POINT('',(5.078264691611,7.220794940052E-02));
#6006 = CARTESIAN_POINT('',(5.07816763777,0.818660280732));
#6007 = CARTESIAN_POINT('',(5.078069227615,1.565112659152));
#6008 = CARTESIAN_POINT('',(5.077969418538,2.311565086693));
#6009 = CARTESIAN_POINT('',(5.077868164157,3.058017564517));
#6010 = ( GEOMETRIC_REPRESENTATION_CONTEXT(2) 
PARAMETRIC_REPRESENTATION_CONTEXT() REPRESENTATION_CONTEXT('2D SPACE',''
  ) );
#6011 = PCURVE('',#327,#6012);
#6012 = DEFINITIONAL_REPRESENTATION('',(#6013),#6019);
#6013 = B_SPLINE_CURVE_WITH_KNOTS('',4,(#6014,#6015,#6016,#6017,#6018),
  .UNSPECIFIED.,.F.,.F.,(5,5),(0.,1.),.PIECEWISE_BEZIER_KNOTS.);
#6014 = CARTESIAN_POINT('',(-3.497024738225,0.));
#6015 = CARTESIAN_POINT('',(-3.496830176355,-0.739177966495));
#6016 = CARTESIAN_POINT('',(-3.496632905563,-1.478355838423));
#6017 = CARTESIAN_POINT('',(-3.496432841056,-2.217533612523));
#6018 = CARTESIAN_POINT('',(-3.496229890569,-2.956711285761));
#6019 = ( GEOMETRIC_REPRESENTATION_CONTEXT(2) 
PARAMETRIC_REPRESENTATION_CONTEXT() REPRESENTATION_CONTEXT('2D SPACE',''
  ) );
#6020 = ORIENTED_EDGE('',*,*,#6021,.T.);
#6021 = EDGE_CURVE('',#282,#6022,#6024,.T.);
#6022 = VERTEX_POINT('',#6023);
#6023 = CARTESIAN_POINT('',(-18.99071811431,-7.866213002153,13.));
#6024 = SURFACE_CURVE('',#6025,(#6030,#6043),.PCURVE_S1.);
#6025 = ELLIPSE('',#6026,0.807862058015,0.8);
#6026 = AXIS2_PLACEMENT_3D('',#6027,#6028,#6029);
#6027 = CARTESIAN_POINT('',(-18.24435089382,-7.557057576915,13.));
#6028 = DIRECTION('',(0.,-0.,1.));
#6029 = DIRECTION('',(0.923879532511,0.382683432365,0.));
#6030 = PCURVE('',#5945,#6031);
#6031 = DEFINITIONAL_REPRESENTATION('',(#6032),#6042);
#6032 = B_SPLINE_CURVE_WITH_KNOTS('',8,(#6033,#6034,#6035,#6036,#6037,
    #6038,#6039,#6040,#6041),.UNSPECIFIED.,.F.,.F.,(9,9),(8.219857345201
    ,9.424777960769),.PIECEWISE_BEZIER_KNOTS.);
#6033 = CARTESIAN_POINT('',(5.078264691611,7.220804542988E-02));
#6034 = CARTESIAN_POINT('',(5.228879768557,5.639486914546E-02));
#6035 = CARTESIAN_POINT('',(5.379494845503,4.162446621757E-02));
#6036 = CARTESIAN_POINT('',(5.530109922449,2.8443423991E-02));
#6037 = CARTESIAN_POINT('',(5.680724999395,1.734797757347E-02));
#6038 = CARTESIAN_POINT('',(5.831340076341,8.744418132883E-03));
#6039 = CARTESIAN_POINT('',(5.981955153287,2.915235087022E-03));
#6040 = CARTESIAN_POINT('',(6.132570230234,6.221470841243E-18));
#6041 = CARTESIAN_POINT('',(6.28318530718,0.));
#6042 = ( GEOMETRIC_REPRESENTATION_CONTEXT(2) 
PARAMETRIC_REPRESENTATION_CONTEXT() REPRESENTATION_CONTEXT('2D SPACE',''
  ) );
#6043 = PCURVE('',#298,#6044);
#6044 = DEFINITIONAL_REPRESENTATION('',(#6045),#6049);
#6045 = ELLIPSE('',#6046,0.807862058015,0.8);
#6046 = AXIS2_PLACEMENT_2D('',#6047,#6048);
#6047 = CARTESIAN_POINT('',(59.74754310687,40.));
#6048 = DIRECTION('',(-1.,0.));
#6049 = ( GEOMETRIC_REPRESENTATION_CONTEXT(2) 
PARAMETRIC_REPRESENTATION_CONTEXT() REPRESENTATION_CONTEXT('2D SPACE',''
  ) );
#6050 = ORIENTED_EDGE('',*,*,#6051,.T.);
#6051 = EDGE_CURVE('',#6022,#254,#6052,.T.);
#6052 = SURFACE_CURVE('',#6053,(#6058,#6071),.PCURVE_S1.);
#6053 = ELLIPSE('',#6054,0.807862058015,0.8);
#6054 = AXIS2_PLACEMENT_3D('',#6055,#6056,#6057);
#6055 = CARTESIAN_POINT('',(-18.24435089382,-7.557057576915,13.));
#6056 = DIRECTION('',(0.,-0.,1.));
#6057 = DIRECTION('',(0.923879532511,0.382683432365,0.));
#6058 = PCURVE('',#5945,#6059);
#6059 = DEFINITIONAL_REPRESENTATION('',(#6060),#6070);
#6060 = B_SPLINE_CURVE_WITH_KNOTS('',8,(#6061,#6062,#6063,#6064,#6065,
    #6066,#6067,#6068,#6069),.UNSPECIFIED.,.F.,.F.,(9,9),(3.14159265359,
    4.346513269158),.PIECEWISE_BEZIER_KNOTS.);
#6061 = CARTESIAN_POINT('',(6.28318530718,0.));
#6062 = CARTESIAN_POINT('',(6.433800384126,-9.594054676604E-18));
#6063 = CARTESIAN_POINT('',(6.584415461072,2.914270667757E-03));
#6064 = CARTESIAN_POINT('',(6.735030538018,8.745027382163E-03));
#6065 = CARTESIAN_POINT('',(6.885645614964,1.734897769606E-02));
#6066 = CARTESIAN_POINT('',(7.03626069191,2.844341430743E-02));
#6067 = CARTESIAN_POINT('',(7.186875768856,4.162404483167E-02));
#6068 = CARTESIAN_POINT('',(7.337490845802,5.639455837507E-02));
#6069 = CARTESIAN_POINT('',(7.488105922748,7.220792890934E-02));
#6070 = ( GEOMETRIC_REPRESENTATION_CONTEXT(2) 
PARAMETRIC_REPRESENTATION_CONTEXT() REPRESENTATION_CONTEXT('2D SPACE',''
  ) );
#6071 = PCURVE('',#298,#6072);
#6072 = DEFINITIONAL_REPRESENTATION('',(#6073),#6077);
#6073 = ELLIPSE('',#6074,0.807862058015,0.8);
#6074 = AXIS2_PLACEMENT_2D('',#6075,#6076);
#6075 = CARTESIAN_POINT('',(59.74754310687,40.));
#6076 = DIRECTION('',(-1.,0.));
#6077 = ( GEOMETRIC_REPRESENTATION_CONTEXT(2) 
PARAMETRIC_REPRESENTATION_CONTEXT() REPRESENTATION_CONTEXT('2D SPACE',''
  ) );
#6078 = ORIENTED_EDGE('',*,*,#6079,.F.);
#6079 = EDGE_CURVE('',#5929,#254,#6080,.T.);
#6080 = SURFACE_CURVE('',#6081,(#6087,#6096),.PCURVE_S1.);
#6081 = B_SPLINE_CURVE_WITH_KNOTS('',4,(#6082,#6083,#6084,#6085,#6086),
  .UNSPECIFIED.,.F.,.F.,(5,5),(0.,1.),.PIECEWISE_BEZIER_KNOTS.);
#6082 = CARTESIAN_POINT('',(-17.8412659762,-8.198816753346,
    15.956711285761));
#6083 = CARTESIAN_POINT('',(-17.93732453589,-8.23857417586,
    15.217533612517));
#6084 = CARTESIAN_POINT('',(-18.03338194332,-8.278331557324,
    14.478355838379));
#6085 = CARTESIAN_POINT('',(-18.12943823548,-8.318088899409,
    13.739177966501));
#6086 = CARTESIAN_POINT('',(-18.22549344629,-8.357846203614,13.));
#6087 = PCURVE('',#5945,#6088);
#6088 = DEFINITIONAL_REPRESENTATION('',(#6089),#6095);
#6089 = B_SPLINE_CURVE_WITH_KNOTS('',4,(#6090,#6091,#6092,#6093,#6094),
  .UNSPECIFIED.,.F.,.F.,(5,5),(2.009504616335E-07,1.),
  .PIECEWISE_BEZIER_KNOTS.);
#6090 = CARTESIAN_POINT('',(7.488502450202,3.058017564517));
#6091 = CARTESIAN_POINT('',(7.488401195821,2.311565086686));
#6092 = CARTESIAN_POINT('',(7.488301386744,1.565112659203));
#6093 = CARTESIAN_POINT('',(7.488202976589,0.818660280662));
#6094 = CARTESIAN_POINT('',(7.488105922748,7.220794932408E-02));
#6095 = ( GEOMETRIC_REPRESENTATION_CONTEXT(2) 
PARAMETRIC_REPRESENTATION_CONTEXT() REPRESENTATION_CONTEXT('2D SPACE',''
  ) );
#6096 = PCURVE('',#270,#6097);
#6097 = DEFINITIONAL_REPRESENTATION('',(#6098),#6104);
#6098 = B_SPLINE_CURVE_WITH_KNOTS('',4,(#6099,#6100,#6101,#6102,#6103),
  .UNSPECIFIED.,.F.,.F.,(5,5),(0.,1.),.PIECEWISE_BEZIER_KNOTS.);
#6099 = CARTESIAN_POINT('',(-3.572353580008,-2.956711285761));
#6100 = CARTESIAN_POINT('',(-3.572150629521,-2.217533612517));
#6101 = CARTESIAN_POINT('',(-3.571950565014,-1.478355838379));
#6102 = CARTESIAN_POINT('',(-3.571753294222,-0.739177966501));
#6103 = CARTESIAN_POINT('',(-3.571558732352,0.));
#6104 = ( GEOMETRIC_REPRESENTATION_CONTEXT(2) 
PARAMETRIC_REPRESENTATION_CONTEXT() REPRESENTATION_CONTEXT('2D SPACE',''
  ) );
#6105 = ADVANCED_FACE('',(#6106),#3509,.F.);
#6106 = FACE_BOUND('',#6107,.T.);
#6107 = EDGE_LOOP('',(#6108,#6109,#6144,#6173));
#6108 = ORIENTED_EDGE('',*,*,#3492,.T.);
#6109 = ORIENTED_EDGE('',*,*,#6110,.F.);
#6110 = EDGE_CURVE('',#6111,#3428,#6113,.T.);
#6111 = VERTEX_POINT('',#6112);
#6112 = CARTESIAN_POINT('',(-17.84126605341,8.198816785304,
    15.956710691609));
#6113 = SURFACE_CURVE('',#6114,(#6122,#6133),.PCURVE_S1.);
#6114 = B_SPLINE_CURVE_WITH_KNOTS('',6,(#6115,#6116,#6117,#6118,#6119,
    #6120,#6121),.UNSPECIFIED.,.F.,.F.,(7,7),(0.,1.),
  .PIECEWISE_BEZIER_KNOTS.);
#6115 = CARTESIAN_POINT('',(-17.84126605341,8.198816785304,
    15.956710691609));
#6116 = CARTESIAN_POINT('',(-17.83817129399,8.197535903534,
    15.980525092707));
#6117 = CARTESIAN_POINT('',(-17.83350371221,8.199683937982,
    16.004320628953));
#6118 = CARTESIAN_POINT('',(-17.82734195834,8.205294492989,
    16.027488467993));
#6119 = CARTESIAN_POINT('',(-17.81983168489,8.214240753627,
    16.049423225928));
#6120 = CARTESIAN_POINT('',(-17.81117632706,8.226244922226,
    16.069559443186));
#6121 = CARTESIAN_POINT('',(-17.80162049983,8.240913619171,
    16.087414712335));
#6122 = PCURVE('',#3509,#6123);
#6123 = DEFINITIONAL_REPRESENTATION('',(#6124),#6132);
#6124 = B_SPLINE_CURVE_WITH_KNOTS('',6,(#6125,#6126,#6127,#6128,#6129,
    #6130,#6131),.UNSPECIFIED.,.F.,.F.,(7,7),(0.,1.),
  .PIECEWISE_BEZIER_KNOTS.);
#6125 = CARTESIAN_POINT('',(-5.077868164157,3.14159265359));
#6126 = CARTESIAN_POINT('',(-5.077864902001,3.261836560594));
#6127 = CARTESIAN_POINT('',(-5.076011962968,3.382084964867));
#6128 = CARTESIAN_POINT('',(-5.072306008083,3.502394269469));
#6129 = CARTESIAN_POINT('',(-5.066955597173,3.622833999413));
#6130 = CARTESIAN_POINT('',(-5.060329746266,3.743467303601));
#6131 = CARTESIAN_POINT('',(-5.052795423858,3.864326901403));
#6132 = ( GEOMETRIC_REPRESENTATION_CONTEXT(2) 
PARAMETRIC_REPRESENTATION_CONTEXT() REPRESENTATION_CONTEXT('2D SPACE',''
  ) );
#6133 = PCURVE('',#384,#6134);
#6134 = DEFINITIONAL_REPRESENTATION('',(#6135),#6143);
#6135 = B_SPLINE_CURVE_WITH_KNOTS('',6,(#6136,#6137,#6138,#6139,#6140,
    #6141,#6142),.UNSPECIFIED.,.F.,.F.,(7,7),(0.,1.),
  .PIECEWISE_BEZIER_KNOTS.);
#6136 = CARTESIAN_POINT('',(-2.710831727334,-2.956710691609));
#6137 = CARTESIAN_POINT('',(-2.710825188792,-2.980525092707));
#6138 = CARTESIAN_POINT('',(-2.710626519189,-3.004320628953));
#6139 = CARTESIAN_POINT('',(-2.710235689213,-3.027488467993));
#6140 = CARTESIAN_POINT('',(-2.709661516117,-3.049423225928));
#6141 = CARTESIAN_POINT('',(-2.70892110622,-3.069559443186));
#6142 = CARTESIAN_POINT('',(-2.708037878097,-3.087414712335));
#6143 = ( GEOMETRIC_REPRESENTATION_CONTEXT(2) 
PARAMETRIC_REPRESENTATION_CONTEXT() REPRESENTATION_CONTEXT('2D SPACE',''
  ) );
#6144 = ORIENTED_EDGE('',*,*,#6145,.F.);
#6145 = EDGE_CURVE('',#6146,#6111,#6148,.T.);
#6146 = VERTEX_POINT('',#6147);
#6147 = CARTESIAN_POINT('',(-18.41311915791,6.818241264727,
    15.956710691609));
#6148 = SURFACE_CURVE('',#6149,(#6154,#6161),.PCURVE_S1.);
#6149 = CIRCLE('',#6150,0.8);
#6150 = AXIS2_PLACEMENT_3D('',#6151,#6152,#6153);
#6151 = CARTESIAN_POINT('',(-17.86561000478,7.400177964051,
    15.916918667024));
#6152 = DIRECTION('',(-0.128579179453,5.325923996829E-02,-0.990268068742
    ));
#6153 = DIRECTION('',(-0.68438644141,-0.727420874155,4.97400307307E-02)
  );
#6154 = PCURVE('',#3509,#6155);
#6155 = DEFINITIONAL_REPRESENTATION('',(#6156),#6160);
#6156 = LINE('',#6157,#6158);
#6157 = CARTESIAN_POINT('',(-7.488502450202,3.14159265359));
#6158 = VECTOR('',#6159,1.);
#6159 = DIRECTION('',(1.,-0.));
#6160 = ( GEOMETRIC_REPRESENTATION_CONTEXT(2) 
PARAMETRIC_REPRESENTATION_CONTEXT() REPRESENTATION_CONTEXT('2D SPACE',''
  ) );
#6161 = PCURVE('',#6162,#6167);
#6162 = CYLINDRICAL_SURFACE('',#6163,0.8);
#6163 = AXIS2_PLACEMENT_3D('',#6164,#6165,#6166);
#6164 = CARTESIAN_POINT('',(-18.25880739398,7.563045655347,
    12.888661519232));
#6165 = DIRECTION('',(0.128579179453,-5.325923996829E-02,0.990268068742)
  );
#6166 = DIRECTION('',(-0.91488840041,0.378959183508,0.13917310096));
#6167 = DEFINITIONAL_REPRESENTATION('',(#6168),#6172);
#6168 = LINE('',#6169,#6170);
#6169 = CARTESIAN_POINT('',(7.488502450202,3.058017564517));
#6170 = VECTOR('',#6171,1.);
#6171 = DIRECTION('',(-1.,-0.));
#6172 = ( GEOMETRIC_REPRESENTATION_CONTEXT(2) 
PARAMETRIC_REPRESENTATION_CONTEXT() REPRESENTATION_CONTEXT('2D SPACE',''
  ) );
#6173 = ORIENTED_EDGE('',*,*,#6174,.T.);
#6174 = EDGE_CURVE('',#6146,#3493,#6175,.T.);
#6175 = SURFACE_CURVE('',#6176,(#6184,#6195),.PCURVE_S1.);
#6176 = B_SPLINE_CURVE_WITH_KNOTS('',6,(#6177,#6178,#6179,#6180,#6181,
    #6182,#6183),.UNSPECIFIED.,.F.,.F.,(7,7),(0.,1.),
  .PIECEWISE_BEZIER_KNOTS.);
#6177 = CARTESIAN_POINT('',(-18.41311915791,6.818241264727,
    15.956710691609));
#6178 = CARTESIAN_POINT('',(-18.41002511235,6.816958659539,
    15.980525092707));
#6179 = CARTESIAN_POINT('',(-18.40824352335,6.812139291086,
    16.004320628953));
#6180 = CARTESIAN_POINT('',(-18.4078537669,6.803815011654,
    16.027488467993));
#6181 = CARTESIAN_POINT('',(-18.40886916318,6.792178484806,
    16.049423225928));
#6182 = CARTESIAN_POINT('',(-18.41123712998,6.777569993567,
    16.069559443186));
#6183 = CARTESIAN_POINT('',(-18.41485247482,6.760440668253,
    16.087414712335));
#6184 = PCURVE('',#3509,#6185);
#6185 = DEFINITIONAL_REPRESENTATION('',(#6186),#6194);
#6186 = B_SPLINE_CURVE_WITH_KNOTS('',6,(#6187,#6188,#6189,#6190,#6191,
    #6192,#6193),.UNSPECIFIED.,.F.,.F.,(7,7),(0.,1.),
  .PIECEWISE_BEZIER_KNOTS.);
#6187 = CARTESIAN_POINT('',(-7.488502450202,3.14159265359));
#6188 = CARTESIAN_POINT('',(-7.488505712358,3.261836560594));
#6189 = CARTESIAN_POINT('',(-7.490358651391,3.382084964867));
#6190 = CARTESIAN_POINT('',(-7.494064606276,3.502394269469));
#6191 = CARTESIAN_POINT('',(-7.499415017187,3.622833999413));
#6192 = CARTESIAN_POINT('',(-7.506040868093,3.743467303601));
#6193 = CARTESIAN_POINT('',(-7.513575190501,3.864326901403));
#6194 = ( GEOMETRIC_REPRESENTATION_CONTEXT(2) 
PARAMETRIC_REPRESENTATION_CONTEXT() REPRESENTATION_CONTEXT('2D SPACE',''
  ) );
#6195 = PCURVE('',#327,#6196);
#6196 = DEFINITIONAL_REPRESENTATION('',(#6197),#6205);
#6197 = B_SPLINE_CURVE_WITH_KNOTS('',6,(#6198,#6199,#6200,#6201,#6202,
    #6203,#6204),.UNSPECIFIED.,.F.,.F.,(7,7),(0.,1.),
  .PIECEWISE_BEZIER_KNOTS.);
#6198 = CARTESIAN_POINT('',(-2.786955416448,-2.956710691609));
#6199 = CARTESIAN_POINT('',(-2.78696195499,-2.980525092707));
#6200 = CARTESIAN_POINT('',(-2.787160624593,-3.004320628953));
#6201 = CARTESIAN_POINT('',(-2.787551454569,-3.027488467993));
#6202 = CARTESIAN_POINT('',(-2.788125627665,-3.049423225928));
#6203 = CARTESIAN_POINT('',(-2.788866037562,-3.069559443186));
#6204 = CARTESIAN_POINT('',(-2.789749265685,-3.087414712335));
#6205 = ( GEOMETRIC_REPRESENTATION_CONTEXT(2) 
PARAMETRIC_REPRESENTATION_CONTEXT() REPRESENTATION_CONTEXT('2D SPACE',''
  ) );
#6206 = ADVANCED_FACE('',(#6207),#6162,.T.);
#6207 = FACE_BOUND('',#6208,.T.);
#6208 = EDGE_LOOP('',(#6209,#6210,#6237,#6267,#6295));
#6209 = ORIENTED_EDGE('',*,*,#6145,.T.);
#6210 = ORIENTED_EDGE('',*,*,#6211,.F.);
#6211 = EDGE_CURVE('',#339,#6111,#6212,.T.);
#6212 = SURFACE_CURVE('',#6213,(#6219,#6228),.PCURVE_S1.);
#6213 = B_SPLINE_CURVE_WITH_KNOTS('',4,(#6214,#6215,#6216,#6217,#6218),
  .UNSPECIFIED.,.F.,.F.,(5,5),(0.,1.),.PIECEWISE_BEZIER_KNOTS.);
#6214 = CARTESIAN_POINT('',(-18.22549344629,8.357846203614,13.));
#6215 = CARTESIAN_POINT('',(-18.12943823548,8.318088899409,
    13.739177966495));
#6216 = CARTESIAN_POINT('',(-18.03338194332,8.278331557321,
    14.478355838424));
#6217 = CARTESIAN_POINT('',(-17.93732453589,8.23857417586,
    15.217533612523));
#6218 = CARTESIAN_POINT('',(-17.8412659762,8.198816753346,
    15.956711285761));
#6219 = PCURVE('',#6162,#6220);
#6220 = DEFINITIONAL_REPRESENTATION('',(#6221),#6227);
#6221 = B_SPLINE_CURVE_WITH_KNOTS('',4,(#6222,#6223,#6224,#6225,#6226),
  .UNSPECIFIED.,.F.,.F.,(5,5),(0.,0.99999979905),
  .PIECEWISE_BEZIER_KNOTS.);
#6222 = CARTESIAN_POINT('',(5.078264691611,7.220794940052E-02));
#6223 = CARTESIAN_POINT('',(5.07816763777,0.818660280732));
#6224 = CARTESIAN_POINT('',(5.078069227615,1.565112659152));
#6225 = CARTESIAN_POINT('',(5.077969418538,2.311565086693));
#6226 = CARTESIAN_POINT('',(5.077868164157,3.058017564517));
#6227 = ( GEOMETRIC_REPRESENTATION_CONTEXT(2) 
PARAMETRIC_REPRESENTATION_CONTEXT() REPRESENTATION_CONTEXT('2D SPACE',''
  ) );
#6228 = PCURVE('',#384,#6229);
#6229 = DEFINITIONAL_REPRESENTATION('',(#6230),#6236);
#6230 = B_SPLINE_CURVE_WITH_KNOTS('',4,(#6231,#6232,#6233,#6234,#6235),
  .UNSPECIFIED.,.F.,.F.,(5,5),(0.,1.),.PIECEWISE_BEZIER_KNOTS.);
#6231 = CARTESIAN_POINT('',(-2.711626574828,0.));
#6232 = CARTESIAN_POINT('',(-2.711432012958,-0.739177966495));
#6233 = CARTESIAN_POINT('',(-2.711234742165,-1.478355838424));
#6234 = CARTESIAN_POINT('',(-2.711034677658,-2.217533612523));
#6235 = CARTESIAN_POINT('',(-2.710831727171,-2.956711285761));
#6236 = ( GEOMETRIC_REPRESENTATION_CONTEXT(2) 
PARAMETRIC_REPRESENTATION_CONTEXT() REPRESENTATION_CONTEXT('2D SPACE',''
  ) );
#6237 = ORIENTED_EDGE('',*,*,#6238,.T.);
#6238 = EDGE_CURVE('',#339,#6239,#6241,.T.);
#6239 = VERTEX_POINT('',#6240);
#6240 = CARTESIAN_POINT('',(-18.99071811431,7.866213002153,13.));
#6241 = SURFACE_CURVE('',#6242,(#6247,#6260),.PCURVE_S1.);
#6242 = ELLIPSE('',#6243,0.807862058015,0.8);
#6243 = AXIS2_PLACEMENT_3D('',#6244,#6245,#6246);
#6244 = CARTESIAN_POINT('',(-18.24435089382,7.557057576915,13.));
#6245 = DIRECTION('',(-0.,0.,1.));
#6246 = DIRECTION('',(0.923879532511,-0.382683432365,0.));
#6247 = PCURVE('',#6162,#6248);
#6248 = DEFINITIONAL_REPRESENTATION('',(#6249),#6259);
#6249 = B_SPLINE_CURVE_WITH_KNOTS('',8,(#6250,#6251,#6252,#6253,#6254,
    #6255,#6256,#6257,#6258),.UNSPECIFIED.,.F.,.F.,(9,9),(8.219857345201
    ,9.424777960769),.PIECEWISE_BEZIER_KNOTS.);
#6250 = CARTESIAN_POINT('',(5.078264691611,7.220804542988E-02));
#6251 = CARTESIAN_POINT('',(5.228879768557,5.639486914545E-02));
#6252 = CARTESIAN_POINT('',(5.379494845503,4.162446621756E-02));
#6253 = CARTESIAN_POINT('',(5.530109922449,2.8443423991E-02));
#6254 = CARTESIAN_POINT('',(5.680724999395,1.734797757346E-02));
#6255 = CARTESIAN_POINT('',(5.831340076341,8.744418132882E-03));
#6256 = CARTESIAN_POINT('',(5.981955153287,2.915235087022E-03));
#6257 = CARTESIAN_POINT('',(6.132570230234,6.221470841242E-18));
#6258 = CARTESIAN_POINT('',(6.28318530718,0.));
#6259 = ( GEOMETRIC_REPRESENTATION_CONTEXT(2) 
PARAMETRIC_REPRESENTATION_CONTEXT() REPRESENTATION_CONTEXT('2D SPACE',''
  ) );
#6260 = PCURVE('',#355,#6261);
#6261 = DEFINITIONAL_REPRESENTATION('',(#6262),#6266);
#6262 = ELLIPSE('',#6263,0.807862058015,0.8);
#6263 = AXIS2_PLACEMENT_2D('',#6264,#6265);
#6264 = CARTESIAN_POINT('',(59.74754310687,40.));
#6265 = DIRECTION('',(-1.,0.));
#6266 = ( GEOMETRIC_REPRESENTATION_CONTEXT(2) 
PARAMETRIC_REPRESENTATION_CONTEXT() REPRESENTATION_CONTEXT('2D SPACE',''
  ) );
#6267 = ORIENTED_EDGE('',*,*,#6268,.T.);
#6268 = EDGE_CURVE('',#6239,#311,#6269,.T.);
#6269 = SURFACE_CURVE('',#6270,(#6275,#6288),.PCURVE_S1.);
#6270 = ELLIPSE('',#6271,0.807862058015,0.8);
#6271 = AXIS2_PLACEMENT_3D('',#6272,#6273,#6274);
#6272 = CARTESIAN_POINT('',(-18.24435089382,7.557057576915,13.));
#6273 = DIRECTION('',(-0.,0.,1.));
#6274 = DIRECTION('',(0.923879532511,-0.382683432365,0.));
#6275 = PCURVE('',#6162,#6276);
#6276 = DEFINITIONAL_REPRESENTATION('',(#6277),#6287);
#6277 = B_SPLINE_CURVE_WITH_KNOTS('',8,(#6278,#6279,#6280,#6281,#6282,
    #6283,#6284,#6285,#6286),.UNSPECIFIED.,.F.,.F.,(9,9),(3.14159265359,
    4.346513269158),.PIECEWISE_BEZIER_KNOTS.);
#6278 = CARTESIAN_POINT('',(6.28318530718,0.));
#6279 = CARTESIAN_POINT('',(6.433800384126,-9.594054676604E-18));
#6280 = CARTESIAN_POINT('',(6.584415461072,2.914270667757E-03));
#6281 = CARTESIAN_POINT('',(6.735030538018,8.745027382163E-03));
#6282 = CARTESIAN_POINT('',(6.885645614964,1.734897769606E-02));
#6283 = CARTESIAN_POINT('',(7.03626069191,2.844341430743E-02));
#6284 = CARTESIAN_POINT('',(7.186875768856,4.162404483167E-02));
#6285 = CARTESIAN_POINT('',(7.337490845802,5.639455837507E-02));
#6286 = CARTESIAN_POINT('',(7.488105922748,7.220792890934E-02));
#6287 = ( GEOMETRIC_REPRESENTATION_CONTEXT(2) 
PARAMETRIC_REPRESENTATION_CONTEXT() REPRESENTATION_CONTEXT('2D SPACE',''
  ) );
#6288 = PCURVE('',#355,#6289);
#6289 = DEFINITIONAL_REPRESENTATION('',(#6290),#6294);
#6290 = ELLIPSE('',#6291,0.807862058015,0.8);
#6291 = AXIS2_PLACEMENT_2D('',#6292,#6293);
#6292 = CARTESIAN_POINT('',(59.74754310687,40.));
#6293 = DIRECTION('',(-1.,0.));
#6294 = ( GEOMETRIC_REPRESENTATION_CONTEXT(2) 
PARAMETRIC_REPRESENTATION_CONTEXT() REPRESENTATION_CONTEXT('2D SPACE',''
  ) );
#6295 = ORIENTED_EDGE('',*,*,#6296,.F.);
#6296 = EDGE_CURVE('',#6146,#311,#6297,.T.);
#6297 = SURFACE_CURVE('',#6298,(#6304,#6313),.PCURVE_S1.);
#6298 = B_SPLINE_CURVE_WITH_KNOTS('',4,(#6299,#6300,#6301,#6302,#6303),
  .UNSPECIFIED.,.F.,.F.,(5,5),(0.,1.),.PIECEWISE_BEZIER_KNOTS.);
#6299 = CARTESIAN_POINT('',(-18.41311908072,6.818241232727,
    15.956711285761));
#6300 = CARTESIAN_POINT('',(-18.50915548273,6.858052148615,
    15.217533612517));
#6301 = CARTESIAN_POINT('',(-18.60519104094,6.89786227876,
    14.478355838379));
#6302 = CARTESIAN_POINT('',(-18.70122578269,6.937671648127,
    13.739177966501));
#6303 = CARTESIAN_POINT('',(-18.79725973303,6.977480279659,13.));
#6304 = PCURVE('',#6162,#6305);
#6305 = DEFINITIONAL_REPRESENTATION('',(#6306),#6312);
#6306 = B_SPLINE_CURVE_WITH_KNOTS('',4,(#6307,#6308,#6309,#6310,#6311),
  .UNSPECIFIED.,.F.,.F.,(5,5),(2.009504614094E-07,1.),
  .PIECEWISE_BEZIER_KNOTS.);
#6307 = CARTESIAN_POINT('',(7.488502450202,3.058017564517));
#6308 = CARTESIAN_POINT('',(7.488401195821,2.311565086686));
#6309 = CARTESIAN_POINT('',(7.488301386744,1.565112659203));
#6310 = CARTESIAN_POINT('',(7.488202976589,0.818660280662));
#6311 = CARTESIAN_POINT('',(7.488105922748,7.220794932407E-02));
#6312 = ( GEOMETRIC_REPRESENTATION_CONTEXT(2) 
PARAMETRIC_REPRESENTATION_CONTEXT() REPRESENTATION_CONTEXT('2D SPACE',''
  ) );
#6313 = PCURVE('',#327,#6314);
#6314 = DEFINITIONAL_REPRESENTATION('',(#6315),#6321);
#6315 = B_SPLINE_CURVE_WITH_KNOTS('',4,(#6316,#6317,#6318,#6319,#6320),
  .UNSPECIFIED.,.F.,.F.,(5,5),(0.,1.),.PIECEWISE_BEZIER_KNOTS.);
#6316 = CARTESIAN_POINT('',(-2.786955416611,-2.956711285761));
#6317 = CARTESIAN_POINT('',(-2.786752466124,-2.217533612517));
#6318 = CARTESIAN_POINT('',(-2.786552401617,-1.478355838379));
#6319 = CARTESIAN_POINT('',(-2.786355130824,-0.739177966501));
#6320 = CARTESIAN_POINT('',(-2.786160568954,0.));
#6321 = ( GEOMETRIC_REPRESENTATION_CONTEXT(2) 
PARAMETRIC_REPRESENTATION_CONTEXT() REPRESENTATION_CONTEXT('2D SPACE',''
  ) );
#6322 = ADVANCED_FACE('',(#6323),#2919,.F.);
#6323 = FACE_BOUND('',#6324,.T.);
#6324 = EDGE_LOOP('',(#6325,#6326,#6361,#6390));
#6325 = ORIENTED_EDGE('',*,*,#2902,.T.);
#6326 = ORIENTED_EDGE('',*,*,#6327,.F.);
#6327 = EDGE_CURVE('',#6328,#2838,#6330,.T.);
#6328 = VERTEX_POINT('',#6329);
#6329 = CARTESIAN_POINT('',(-6.818241264727,18.413119157916,
    15.956710691609));
#6330 = SURFACE_CURVE('',#6331,(#6339,#6350),.PCURVE_S1.);
#6331 = B_SPLINE_CURVE_WITH_KNOTS('',6,(#6332,#6333,#6334,#6335,#6336,
    #6337,#6338),.UNSPECIFIED.,.F.,.F.,(7,7),(0.,1.),
  .PIECEWISE_BEZIER_KNOTS.);
#6332 = CARTESIAN_POINT('',(-6.818241264727,18.413119157916,
    15.956710691609));
#6333 = CARTESIAN_POINT('',(-6.816958659539,18.410025112356,
    15.980525092707));
#6334 = CARTESIAN_POINT('',(-6.812139291086,18.408243523353,
    16.004320628953));
#6335 = CARTESIAN_POINT('',(-6.803815011654,18.407853766905,
    16.027488467993));
#6336 = CARTESIAN_POINT('',(-6.792178484806,18.408869163183,
    16.049423225928));
#6337 = CARTESIAN_POINT('',(-6.777569993567,18.411237129982,
    16.069559443186));
#6338 = CARTESIAN_POINT('',(-6.760440668253,18.414852474829,
    16.087414712335));
#6339 = PCURVE('',#2919,#6340);
#6340 = DEFINITIONAL_REPRESENTATION('',(#6341),#6349);
#6341 = B_SPLINE_CURVE_WITH_KNOTS('',6,(#6342,#6343,#6344,#6345,#6346,
    #6347,#6348),.UNSPECIFIED.,.F.,.F.,(7,7),(0.,1.),
  .PIECEWISE_BEZIER_KNOTS.);
#6342 = CARTESIAN_POINT('',(-5.077868164157,3.14159265359));
#6343 = CARTESIAN_POINT('',(-5.077864902001,3.261836560594));
#6344 = CARTESIAN_POINT('',(-5.076011962968,3.382084964867));
#6345 = CARTESIAN_POINT('',(-5.072306008083,3.502394269469));
#6346 = CARTESIAN_POINT('',(-5.066955597173,3.622833999413));
#6347 = CARTESIAN_POINT('',(-5.060329746266,3.743467303601));
#6348 = CARTESIAN_POINT('',(-5.052795423858,3.864326901403));
#6349 = ( GEOMETRIC_REPRESENTATION_CONTEXT(2) 
PARAMETRIC_REPRESENTATION_CONTEXT() REPRESENTATION_CONTEXT('2D SPACE',''
  ) );
#6350 = PCURVE('',#441,#6351);
#6351 = DEFINITIONAL_REPRESENTATION('',(#6352),#6360);
#6352 = B_SPLINE_CURVE_WITH_KNOTS('',6,(#6353,#6354,#6355,#6356,#6357,
    #6358,#6359),.UNSPECIFIED.,.F.,.F.,(7,7),(0.,1.),
  .PIECEWISE_BEZIER_KNOTS.);
#6353 = CARTESIAN_POINT('',(-1.925433563937,-2.956710691609));
#6354 = CARTESIAN_POINT('',(-1.925427025395,-2.980525092707));
#6355 = CARTESIAN_POINT('',(-1.925228355792,-3.004320628953));
#6356 = CARTESIAN_POINT('',(-1.924837525816,-3.027488467993));
#6357 = CARTESIAN_POINT('',(-1.92426335272,-3.049423225928));
#6358 = CARTESIAN_POINT('',(-1.923522942823,-3.069559443186));
#6359 = CARTESIAN_POINT('',(-1.9226397147,-3.087414712335));
#6360 = ( GEOMETRIC_REPRESENTATION_CONTEXT(2) 
PARAMETRIC_REPRESENTATION_CONTEXT() REPRESENTATION_CONTEXT('2D SPACE',''
  ) );
#6361 = ORIENTED_EDGE('',*,*,#6362,.F.);
#6362 = EDGE_CURVE('',#6363,#6328,#6365,.T.);
#6363 = VERTEX_POINT('',#6364);
#6364 = CARTESIAN_POINT('',(-8.198816785304,17.841266053413,
    15.956710691609));
#6365 = SURFACE_CURVE('',#6366,(#6371,#6378),.PCURVE_S1.);
#6366 = CIRCLE('',#6367,0.8);
#6367 = AXIS2_PLACEMENT_3D('',#6368,#6369,#6370);
#6368 = CARTESIAN_POINT('',(-7.400177964051,17.865610004788,
    15.916918667024));
#6369 = DIRECTION('',(-5.325923996829E-02,0.128579179453,-0.990268068742
    ));
#6370 = DIRECTION('',(-0.998298526565,-3.042993921825E-02,
    4.974003073069E-02));
#6371 = PCURVE('',#2919,#6372);
#6372 = DEFINITIONAL_REPRESENTATION('',(#6373),#6377);
#6373 = LINE('',#6374,#6375);
#6374 = CARTESIAN_POINT('',(-7.488502450202,3.14159265359));
#6375 = VECTOR('',#6376,1.);
#6376 = DIRECTION('',(1.,-0.));
#6377 = ( GEOMETRIC_REPRESENTATION_CONTEXT(2) 
PARAMETRIC_REPRESENTATION_CONTEXT() REPRESENTATION_CONTEXT('2D SPACE',''
  ) );
#6378 = PCURVE('',#6379,#6384);
#6379 = CYLINDRICAL_SURFACE('',#6380,0.8);
#6380 = AXIS2_PLACEMENT_3D('',#6381,#6382,#6383);
#6381 = CARTESIAN_POINT('',(-7.563045655347,18.258807393986,
    12.888661519232));
#6382 = DIRECTION('',(5.325923996829E-02,-0.128579179453,0.990268068742)
  );
#6383 = DIRECTION('',(-0.378959183508,0.91488840041,0.13917310096));
#6384 = DEFINITIONAL_REPRESENTATION('',(#6385),#6389);
#6385 = LINE('',#6386,#6387);
#6386 = CARTESIAN_POINT('',(7.488502450202,3.058017564517));
#6387 = VECTOR('',#6388,1.);
#6388 = DIRECTION('',(-1.,-0.));
#6389 = ( GEOMETRIC_REPRESENTATION_CONTEXT(2) 
PARAMETRIC_REPRESENTATION_CONTEXT() REPRESENTATION_CONTEXT('2D SPACE',''
  ) );
#6390 = ORIENTED_EDGE('',*,*,#6391,.T.);
#6391 = EDGE_CURVE('',#6363,#2903,#6392,.T.);
#6392 = SURFACE_CURVE('',#6393,(#6401,#6412),.PCURVE_S1.);
#6393 = B_SPLINE_CURVE_WITH_KNOTS('',6,(#6394,#6395,#6396,#6397,#6398,
    #6399,#6400),.UNSPECIFIED.,.F.,.F.,(7,7),(0.,1.),
  .PIECEWISE_BEZIER_KNOTS.);
#6394 = CARTESIAN_POINT('',(-8.198816785304,17.841266053413,
    15.956710691609));
#6395 = CARTESIAN_POINT('',(-8.197535903534,17.83817129399,
    15.980525092707));
#6396 = CARTESIAN_POINT('',(-8.199683937982,17.83350371221,
    16.004320628953));
#6397 = CARTESIAN_POINT('',(-8.205294492989,17.827341958348,
    16.027488467993));
#6398 = CARTESIAN_POINT('',(-8.214240753627,17.819831684898,
    16.049423225928));
#6399 = CARTESIAN_POINT('',(-8.226244922226,17.811176327062,
    16.069559443186));
#6400 = CARTESIAN_POINT('',(-8.240913619171,17.801620499833,
    16.087414712335));
#6401 = PCURVE('',#2919,#6402);
#6402 = DEFINITIONAL_REPRESENTATION('',(#6403),#6411);
#6403 = B_SPLINE_CURVE_WITH_KNOTS('',6,(#6404,#6405,#6406,#6407,#6408,
    #6409,#6410),.UNSPECIFIED.,.F.,.F.,(7,7),(0.,1.),
  .PIECEWISE_BEZIER_KNOTS.);
#6404 = CARTESIAN_POINT('',(-7.488502450202,3.14159265359));
#6405 = CARTESIAN_POINT('',(-7.488505712358,3.261836560594));
#6406 = CARTESIAN_POINT('',(-7.490358651391,3.382084964867));
#6407 = CARTESIAN_POINT('',(-7.494064606276,3.502394269469));
#6408 = CARTESIAN_POINT('',(-7.499415017187,3.622833999413));
#6409 = CARTESIAN_POINT('',(-7.506040868093,3.743467303601));
#6410 = CARTESIAN_POINT('',(-7.513575190501,3.864326901403));
#6411 = ( GEOMETRIC_REPRESENTATION_CONTEXT(2) 
PARAMETRIC_REPRESENTATION_CONTEXT() REPRESENTATION_CONTEXT('2D SPACE',''
  ) );
#6412 = PCURVE('',#384,#6413);
#6413 = DEFINITIONAL_REPRESENTATION('',(#6414),#6422);
#6414 = B_SPLINE_CURVE_WITH_KNOTS('',6,(#6415,#6416,#6417,#6418,#6419,
    #6420,#6421),.UNSPECIFIED.,.F.,.F.,(7,7),(0.,1.),
  .PIECEWISE_BEZIER_KNOTS.);
#6415 = CARTESIAN_POINT('',(-2.00155725305,-2.956710691609));
#6416 = CARTESIAN_POINT('',(-2.001563791592,-2.980525092707));
#6417 = CARTESIAN_POINT('',(-2.001762461196,-3.004320628953));
#6418 = CARTESIAN_POINT('',(-2.002153291172,-3.027488467993));
#6419 = CARTESIAN_POINT('',(-2.002727464267,-3.049423225928));
#6420 = CARTESIAN_POINT('',(-2.003467874164,-3.069559443186));
#6421 = CARTESIAN_POINT('',(-2.004351102288,-3.087414712335));
#6422 = ( GEOMETRIC_REPRESENTATION_CONTEXT(2) 
PARAMETRIC_REPRESENTATION_CONTEXT() REPRESENTATION_CONTEXT('2D SPACE',''
  ) );
#6423 = ADVANCED_FACE('',(#6424),#6379,.T.);
#6424 = FACE_BOUND('',#6425,.T.);
#6425 = EDGE_LOOP('',(#6426,#6427,#6454,#6484,#6512));
#6426 = ORIENTED_EDGE('',*,*,#6362,.T.);
#6427 = ORIENTED_EDGE('',*,*,#6428,.F.);
#6428 = EDGE_CURVE('',#396,#6328,#6429,.T.);
#6429 = SURFACE_CURVE('',#6430,(#6436,#6445),.PCURVE_S1.);
#6430 = B_SPLINE_CURVE_WITH_KNOTS('',4,(#6431,#6432,#6433,#6434,#6435),
  .UNSPECIFIED.,.F.,.F.,(5,5),(0.,1.),.PIECEWISE_BEZIER_KNOTS.);
#6431 = CARTESIAN_POINT('',(-6.977480279659,18.797259733039,13.));
#6432 = CARTESIAN_POINT('',(-6.937671648127,18.701225782697,
    13.739177966495));
#6433 = CARTESIAN_POINT('',(-6.897862278757,18.605191040942,
    14.478355838423));
#6434 = CARTESIAN_POINT('',(-6.858052148614,18.509155482732,
    15.217533612523));
#6435 = CARTESIAN_POINT('',(-6.818241232727,18.413119080722,
    15.956711285761));
#6436 = PCURVE('',#6379,#6437);
#6437 = DEFINITIONAL_REPRESENTATION('',(#6438),#6444);
#6438 = B_SPLINE_CURVE_WITH_KNOTS('',4,(#6439,#6440,#6441,#6442,#6443),
  .UNSPECIFIED.,.F.,.F.,(5,5),(0.,0.99999979905),
  .PIECEWISE_BEZIER_KNOTS.);
#6439 = CARTESIAN_POINT('',(5.078264691611,7.220794940052E-02));
#6440 = CARTESIAN_POINT('',(5.07816763777,0.818660280732));
#6441 = CARTESIAN_POINT('',(5.078069227615,1.565112659152));
#6442 = CARTESIAN_POINT('',(5.077969418538,2.311565086693));
#6443 = CARTESIAN_POINT('',(5.077868164157,3.058017564517));
#6444 = ( GEOMETRIC_REPRESENTATION_CONTEXT(2) 
PARAMETRIC_REPRESENTATION_CONTEXT() REPRESENTATION_CONTEXT('2D SPACE',''
  ) );
#6445 = PCURVE('',#441,#6446);
#6446 = DEFINITIONAL_REPRESENTATION('',(#6447),#6453);
#6447 = B_SPLINE_CURVE_WITH_KNOTS('',4,(#6448,#6449,#6450,#6451,#6452),
  .UNSPECIFIED.,.F.,.F.,(5,5),(0.,1.),.PIECEWISE_BEZIER_KNOTS.);
#6448 = CARTESIAN_POINT('',(-1.92622841143,0.));
#6449 = CARTESIAN_POINT('',(-1.926033849561,-0.739177966495));
#6450 = CARTESIAN_POINT('',(-1.925836578768,-1.478355838423));
#6451 = CARTESIAN_POINT('',(-1.925636514261,-2.217533612523));
#6452 = CARTESIAN_POINT('',(-1.925433563774,-2.956711285761));
#6453 = ( GEOMETRIC_REPRESENTATION_CONTEXT(2) 
PARAMETRIC_REPRESENTATION_CONTEXT() REPRESENTATION_CONTEXT('2D SPACE',''
  ) );
#6454 = ORIENTED_EDGE('',*,*,#6455,.T.);
#6455 = EDGE_CURVE('',#396,#6456,#6458,.T.);
#6456 = VERTEX_POINT('',#6457);
#6457 = CARTESIAN_POINT('',(-7.866213002153,18.990718114314,13.));
#6458 = SURFACE_CURVE('',#6459,(#6464,#6477),.PCURVE_S1.);
#6459 = ELLIPSE('',#6460,0.807862058015,0.8);
#6460 = AXIS2_PLACEMENT_3D('',#6461,#6462,#6463);
#6461 = CARTESIAN_POINT('',(-7.557057576915,18.244350893822,13.));
#6462 = DIRECTION('',(-0.,0.,1.));
#6463 = DIRECTION('',(0.382683432365,-0.923879532511,0.));
#6464 = PCURVE('',#6379,#6465);
#6465 = DEFINITIONAL_REPRESENTATION('',(#6466),#6476);
#6466 = B_SPLINE_CURVE_WITH_KNOTS('',8,(#6467,#6468,#6469,#6470,#6471,
    #6472,#6473,#6474,#6475),.UNSPECIFIED.,.F.,.F.,(9,9),(8.219857345201
    ,9.424777960769),.PIECEWISE_BEZIER_KNOTS.);
#6467 = CARTESIAN_POINT('',(5.078264691611,7.220804542988E-02));
#6468 = CARTESIAN_POINT('',(5.228879768557,5.639486914545E-02));
#6469 = CARTESIAN_POINT('',(5.379494845503,4.162446621757E-02));
#6470 = CARTESIAN_POINT('',(5.530109922449,2.8443423991E-02));
#6471 = CARTESIAN_POINT('',(5.680724999395,1.734797757347E-02));
#6472 = CARTESIAN_POINT('',(5.831340076341,8.744418132883E-03));
#6473 = CARTESIAN_POINT('',(5.981955153287,2.915235087022E-03));
#6474 = CARTESIAN_POINT('',(6.132570230234,6.221470841243E-18));
#6475 = CARTESIAN_POINT('',(6.28318530718,0.));
#6476 = ( GEOMETRIC_REPRESENTATION_CONTEXT(2) 
PARAMETRIC_REPRESENTATION_CONTEXT() REPRESENTATION_CONTEXT('2D SPACE',''
  ) );
#6477 = PCURVE('',#412,#6478);
#6478 = DEFINITIONAL_REPRESENTATION('',(#6479),#6483);
#6479 = ELLIPSE('',#6480,0.807862058015,0.8);
#6480 = AXIS2_PLACEMENT_2D('',#6481,#6482);
#6481 = CARTESIAN_POINT('',(59.74754310687,40.));
#6482 = DIRECTION('',(-1.,0.));
#6483 = ( GEOMETRIC_REPRESENTATION_CONTEXT(2) 
PARAMETRIC_REPRESENTATION_CONTEXT() REPRESENTATION_CONTEXT('2D SPACE',''
  ) );
#6484 = ORIENTED_EDGE('',*,*,#6485,.T.);
#6485 = EDGE_CURVE('',#6456,#368,#6486,.T.);
#6486 = SURFACE_CURVE('',#6487,(#6492,#6505),.PCURVE_S1.);
#6487 = ELLIPSE('',#6488,0.807862058015,0.8);
#6488 = AXIS2_PLACEMENT_3D('',#6489,#6490,#6491);
#6489 = CARTESIAN_POINT('',(-7.557057576915,18.244350893822,13.));
#6490 = DIRECTION('',(-0.,0.,1.));
#6491 = DIRECTION('',(0.382683432365,-0.923879532511,0.));
#6492 = PCURVE('',#6379,#6493);
#6493 = DEFINITIONAL_REPRESENTATION('',(#6494),#6504);
#6494 = B_SPLINE_CURVE_WITH_KNOTS('',8,(#6495,#6496,#6497,#6498,#6499,
    #6500,#6501,#6502,#6503),.UNSPECIFIED.,.F.,.F.,(9,9),(3.14159265359,
    4.346513269158),.PIECEWISE_BEZIER_KNOTS.);
#6495 = CARTESIAN_POINT('',(6.28318530718,0.));
#6496 = CARTESIAN_POINT('',(6.433800384126,-9.594054676604E-18));
#6497 = CARTESIAN_POINT('',(6.584415461072,2.914270667757E-03));
#6498 = CARTESIAN_POINT('',(6.735030538018,8.745027382163E-03));
#6499 = CARTESIAN_POINT('',(6.885645614964,1.734897769606E-02));
#6500 = CARTESIAN_POINT('',(7.03626069191,2.844341430743E-02));
#6501 = CARTESIAN_POINT('',(7.186875768856,4.162404483167E-02));
#6502 = CARTESIAN_POINT('',(7.337490845802,5.639455837507E-02));
#6503 = CARTESIAN_POINT('',(7.488105922748,7.220792890934E-02));
#6504 = ( GEOMETRIC_REPRESENTATION_CONTEXT(2) 
PARAMETRIC_REPRESENTATION_CONTEXT() REPRESENTATION_CONTEXT('2D SPACE',''
  ) );
#6505 = PCURVE('',#412,#6506);
#6506 = DEFINITIONAL_REPRESENTATION('',(#6507),#6511);
#6507 = ELLIPSE('',#6508,0.807862058015,0.8);
#6508 = AXIS2_PLACEMENT_2D('',#6509,#6510);
#6509 = CARTESIAN_POINT('',(59.74754310687,40.));
#6510 = DIRECTION('',(-1.,0.));
#6511 = ( GEOMETRIC_REPRESENTATION_CONTEXT(2) 
PARAMETRIC_REPRESENTATION_CONTEXT() REPRESENTATION_CONTEXT('2D SPACE',''
  ) );
#6512 = ORIENTED_EDGE('',*,*,#6513,.F.);
#6513 = EDGE_CURVE('',#6363,#368,#6514,.T.);
#6514 = SURFACE_CURVE('',#6515,(#6521,#6530),.PCURVE_S1.);
#6515 = B_SPLINE_CURVE_WITH_KNOTS('',4,(#6516,#6517,#6518,#6519,#6520),
  .UNSPECIFIED.,.F.,.F.,(5,5),(0.,1.),.PIECEWISE_BEZIER_KNOTS.);
#6516 = CARTESIAN_POINT('',(-8.198816753346,17.841265976201,
    15.956711285761));
#6517 = CARTESIAN_POINT('',(-8.23857417586,17.937324535893,
    15.217533612517));
#6518 = CARTESIAN_POINT('',(-8.278331557324,18.033381943327,
    14.478355838379));
#6519 = CARTESIAN_POINT('',(-8.318088899409,18.129438235482,
    13.739177966501));
#6520 = CARTESIAN_POINT('',(-8.357846203614,18.225493446299,13.));
#6521 = PCURVE('',#6379,#6522);
#6522 = DEFINITIONAL_REPRESENTATION('',(#6523),#6529);
#6523 = B_SPLINE_CURVE_WITH_KNOTS('',4,(#6524,#6525,#6526,#6527,#6528),
  .UNSPECIFIED.,.F.,.F.,(5,5),(2.009504615204E-07,1.),
  .PIECEWISE_BEZIER_KNOTS.);
#6524 = CARTESIAN_POINT('',(7.488502450202,3.058017564517));
#6525 = CARTESIAN_POINT('',(7.488401195821,2.311565086686));
#6526 = CARTESIAN_POINT('',(7.488301386744,1.565112659203));
#6527 = CARTESIAN_POINT('',(7.488202976589,0.818660280662));
#6528 = CARTESIAN_POINT('',(7.488105922748,7.220794932407E-02));
#6529 = ( GEOMETRIC_REPRESENTATION_CONTEXT(2) 
PARAMETRIC_REPRESENTATION_CONTEXT() REPRESENTATION_CONTEXT('2D SPACE',''
  ) );
#6530 = PCURVE('',#384,#6531);
#6531 = DEFINITIONAL_REPRESENTATION('',(#6532),#6538);
#6532 = B_SPLINE_CURVE_WITH_KNOTS('',4,(#6533,#6534,#6535,#6536,#6537),
  .UNSPECIFIED.,.F.,.F.,(5,5),(0.,1.),.PIECEWISE_BEZIER_KNOTS.);
#6533 = CARTESIAN_POINT('',(-2.001557253214,-2.956711285761));
#6534 = CARTESIAN_POINT('',(-2.001354302726,-2.217533612517));
#6535 = CARTESIAN_POINT('',(-2.001154238219,-1.478355838379));
#6536 = CARTESIAN_POINT('',(-2.000956967427,-0.739177966501));
#6537 = CARTESIAN_POINT('',(-2.000762405557,0.));
#6538 = ( GEOMETRIC_REPRESENTATION_CONTEXT(2) 
PARAMETRIC_REPRESENTATION_CONTEXT() REPRESENTATION_CONTEXT('2D SPACE',''
  ) );
#6539 = ADVANCED_FACE('',(#6540),#2329,.F.);
#6540 = FACE_BOUND('',#6541,.T.);
#6541 = EDGE_LOOP('',(#6542,#6543,#6578,#6607));
#6542 = ORIENTED_EDGE('',*,*,#2312,.T.);
#6543 = ORIENTED_EDGE('',*,*,#6544,.F.);
#6544 = EDGE_CURVE('',#6545,#2248,#6547,.T.);
#6545 = VERTEX_POINT('',#6546);
#6546 = CARTESIAN_POINT('',(8.198816785304,17.841266053413,
    15.956710691609));
#6547 = SURFACE_CURVE('',#6548,(#6556,#6567),.PCURVE_S1.);
#6548 = B_SPLINE_CURVE_WITH_KNOTS('',6,(#6549,#6550,#6551,#6552,#6553,
    #6554,#6555),.UNSPECIFIED.,.F.,.F.,(7,7),(0.,1.),
  .PIECEWISE_BEZIER_KNOTS.);
#6549 = CARTESIAN_POINT('',(8.198816785304,17.841266053413,
    15.956710691609));
#6550 = CARTESIAN_POINT('',(8.197535903534,17.83817129399,
    15.980525092707));
#6551 = CARTESIAN_POINT('',(8.199683937982,17.83350371221,
    16.004320628953));
#6552 = CARTESIAN_POINT('',(8.205294492989,17.827341958348,
    16.027488467993));
#6553 = CARTESIAN_POINT('',(8.214240753627,17.819831684898,
    16.049423225928));
#6554 = CARTESIAN_POINT('',(8.226244922226,17.811176327062,
    16.069559443186));
#6555 = CARTESIAN_POINT('',(8.240913619171,17.801620499833,
    16.087414712335));
#6556 = PCURVE('',#2329,#6557);
#6557 = DEFINITIONAL_REPRESENTATION('',(#6558),#6566);
#6558 = B_SPLINE_CURVE_WITH_KNOTS('',6,(#6559,#6560,#6561,#6562,#6563,
    #6564,#6565),.UNSPECIFIED.,.F.,.F.,(7,7),(0.,1.),
  .PIECEWISE_BEZIER_KNOTS.);
#6559 = CARTESIAN_POINT('',(-5.077868164157,3.14159265359));
#6560 = CARTESIAN_POINT('',(-5.077864902001,3.261836560594));
#6561 = CARTESIAN_POINT('',(-5.076011962968,3.382084964867));
#6562 = CARTESIAN_POINT('',(-5.072306008083,3.502394269469));
#6563 = CARTESIAN_POINT('',(-5.066955597173,3.622833999413));
#6564 = CARTESIAN_POINT('',(-5.060329746266,3.743467303601));
#6565 = CARTESIAN_POINT('',(-5.052795423858,3.864326901403));
#6566 = ( GEOMETRIC_REPRESENTATION_CONTEXT(2) 
PARAMETRIC_REPRESENTATION_CONTEXT() REPRESENTATION_CONTEXT('2D SPACE',''
  ) );
#6567 = PCURVE('',#498,#6568);
#6568 = DEFINITIONAL_REPRESENTATION('',(#6569),#6577);
#6569 = B_SPLINE_CURVE_WITH_KNOTS('',6,(#6570,#6571,#6572,#6573,#6574,
    #6575,#6576),.UNSPECIFIED.,.F.,.F.,(7,7),(0.,1.),
  .PIECEWISE_BEZIER_KNOTS.);
#6570 = CARTESIAN_POINT('',(-1.140035400539,-2.956710691609));
#6571 = CARTESIAN_POINT('',(-1.140028861997,-2.980525092707));
#6572 = CARTESIAN_POINT('',(-1.139830192394,-3.004320628953));
#6573 = CARTESIAN_POINT('',(-1.139439362418,-3.027488467993));
#6574 = CARTESIAN_POINT('',(-1.138865189322,-3.049423225928));
#6575 = CARTESIAN_POINT('',(-1.138124779425,-3.069559443186));
#6576 = CARTESIAN_POINT('',(-1.137241551302,-3.087414712335));
#6577 = ( GEOMETRIC_REPRESENTATION_CONTEXT(2) 
PARAMETRIC_REPRESENTATION_CONTEXT() REPRESENTATION_CONTEXT('2D SPACE',''
  ) );
#6578 = ORIENTED_EDGE('',*,*,#6579,.F.);
#6579 = EDGE_CURVE('',#6580,#6545,#6582,.T.);
#6580 = VERTEX_POINT('',#6581);
#6581 = CARTESIAN_POINT('',(6.818241264727,18.413119157916,
    15.956710691609));
#6582 = SURFACE_CURVE('',#6583,(#6588,#6595),.PCURVE_S1.);
#6583 = CIRCLE('',#6584,0.8);
#6584 = AXIS2_PLACEMENT_3D('',#6585,#6586,#6587);
#6585 = CARTESIAN_POINT('',(7.400177964051,17.865610004788,
    15.916918667024));
#6586 = DIRECTION('',(5.325923996829E-02,0.128579179453,-0.990268068742)
  );
#6587 = DIRECTION('',(-0.727420874155,0.68438644141,4.974003073069E-02)
  );
#6588 = PCURVE('',#2329,#6589);
#6589 = DEFINITIONAL_REPRESENTATION('',(#6590),#6594);
#6590 = LINE('',#6591,#6592);
#6591 = CARTESIAN_POINT('',(-7.488502450202,3.14159265359));
#6592 = VECTOR('',#6593,1.);
#6593 = DIRECTION('',(1.,-0.));
#6594 = ( GEOMETRIC_REPRESENTATION_CONTEXT(2) 
PARAMETRIC_REPRESENTATION_CONTEXT() REPRESENTATION_CONTEXT('2D SPACE',''
  ) );
#6595 = PCURVE('',#6596,#6601);
#6596 = CYLINDRICAL_SURFACE('',#6597,0.8);
#6597 = AXIS2_PLACEMENT_3D('',#6598,#6599,#6600);
#6598 = CARTESIAN_POINT('',(7.563045655347,18.258807393986,
    12.888661519232));
#6599 = DIRECTION('',(-5.325923996829E-02,-0.128579179453,0.990268068742
    ));
#6600 = DIRECTION('',(0.378959183508,0.91488840041,0.13917310096));
#6601 = DEFINITIONAL_REPRESENTATION('',(#6602),#6606);
#6602 = LINE('',#6603,#6604);
#6603 = CARTESIAN_POINT('',(7.488502450202,3.058017564517));
#6604 = VECTOR('',#6605,1.);
#6605 = DIRECTION('',(-1.,-0.));
#6606 = ( GEOMETRIC_REPRESENTATION_CONTEXT(2) 
PARAMETRIC_REPRESENTATION_CONTEXT() REPRESENTATION_CONTEXT('2D SPACE',''
  ) );
#6607 = ORIENTED_EDGE('',*,*,#6608,.T.);
#6608 = EDGE_CURVE('',#6580,#2313,#6609,.T.);
#6609 = SURFACE_CURVE('',#6610,(#6618,#6629),.PCURVE_S1.);
#6610 = B_SPLINE_CURVE_WITH_KNOTS('',6,(#6611,#6612,#6613,#6614,#6615,
    #6616,#6617),.UNSPECIFIED.,.F.,.F.,(7,7),(0.,1.),
  .PIECEWISE_BEZIER_KNOTS.);
#6611 = CARTESIAN_POINT('',(6.818241264727,18.413119157916,
    15.956710691609));
#6612 = CARTESIAN_POINT('',(6.816958659539,18.410025112356,
    15.980525092707));
#6613 = CARTESIAN_POINT('',(6.812139291086,18.408243523353,
    16.004320628953));
#6614 = CARTESIAN_POINT('',(6.803815011654,18.407853766905,
    16.027488467993));
#6615 = CARTESIAN_POINT('',(6.792178484806,18.408869163183,
    16.049423225928));
#6616 = CARTESIAN_POINT('',(6.777569993567,18.411237129982,
    16.069559443186));
#6617 = CARTESIAN_POINT('',(6.760440668253,18.414852474829,
    16.087414712335));
#6618 = PCURVE('',#2329,#6619);
#6619 = DEFINITIONAL_REPRESENTATION('',(#6620),#6628);
#6620 = B_SPLINE_CURVE_WITH_KNOTS('',6,(#6621,#6622,#6623,#6624,#6625,
    #6626,#6627),.UNSPECIFIED.,.F.,.F.,(7,7),(0.,1.),
  .PIECEWISE_BEZIER_KNOTS.);
#6621 = CARTESIAN_POINT('',(-7.488502450202,3.14159265359));
#6622 = CARTESIAN_POINT('',(-7.488505712358,3.261836560594));
#6623 = CARTESIAN_POINT('',(-7.490358651391,3.382084964867));
#6624 = CARTESIAN_POINT('',(-7.494064606276,3.502394269469));
#6625 = CARTESIAN_POINT('',(-7.499415017187,3.622833999413));
#6626 = CARTESIAN_POINT('',(-7.506040868093,3.743467303601));
#6627 = CARTESIAN_POINT('',(-7.513575190501,3.864326901403));
#6628 = ( GEOMETRIC_REPRESENTATION_CONTEXT(2) 
PARAMETRIC_REPRESENTATION_CONTEXT() REPRESENTATION_CONTEXT('2D SPACE',''
  ) );
#6629 = PCURVE('',#441,#6630);
#6630 = DEFINITIONAL_REPRESENTATION('',(#6631),#6639);
#6631 = B_SPLINE_CURVE_WITH_KNOTS('',6,(#6632,#6633,#6634,#6635,#6636,
    #6637,#6638),.UNSPECIFIED.,.F.,.F.,(7,7),(0.,1.),
  .PIECEWISE_BEZIER_KNOTS.);
#6632 = CARTESIAN_POINT('',(-1.216159089653,-2.956710691609));
#6633 = CARTESIAN_POINT('',(-1.216165628195,-2.980525092707));
#6634 = CARTESIAN_POINT('',(-1.216364297798,-3.004320628953));
#6635 = CARTESIAN_POINT('',(-1.216755127774,-3.027488467993));
#6636 = CARTESIAN_POINT('',(-1.21732930087,-3.049423225928));
#6637 = CARTESIAN_POINT('',(-1.218069710767,-3.069559443186));
#6638 = CARTESIAN_POINT('',(-1.21895293889,-3.087414712335));
#6639 = ( GEOMETRIC_REPRESENTATION_CONTEXT(2) 
PARAMETRIC_REPRESENTATION_CONTEXT() REPRESENTATION_CONTEXT('2D SPACE',''
  ) );
#6640 = ADVANCED_FACE('',(#6641),#6596,.T.);
#6641 = FACE_BOUND('',#6642,.T.);
#6642 = EDGE_LOOP('',(#6643,#6644,#6671,#6701,#6729));
#6643 = ORIENTED_EDGE('',*,*,#6579,.T.);
#6644 = ORIENTED_EDGE('',*,*,#6645,.F.);
#6645 = EDGE_CURVE('',#453,#6545,#6646,.T.);
#6646 = SURFACE_CURVE('',#6647,(#6653,#6662),.PCURVE_S1.);
#6647 = B_SPLINE_CURVE_WITH_KNOTS('',4,(#6648,#6649,#6650,#6651,#6652),
  .UNSPECIFIED.,.F.,.F.,(5,5),(0.,1.),.PIECEWISE_BEZIER_KNOTS.);
#6648 = CARTESIAN_POINT('',(8.357846203614,18.225493446299,13.));
#6649 = CARTESIAN_POINT('',(8.318088899409,18.129438235482,
    13.739177966495));
#6650 = CARTESIAN_POINT('',(8.278331557321,18.033381943322,
    14.478355838423));
#6651 = CARTESIAN_POINT('',(8.23857417586,17.937324535892,
    15.217533612523));
#6652 = CARTESIAN_POINT('',(8.198816753346,17.841265976201,
    15.956711285761));
#6653 = PCURVE('',#6596,#6654);
#6654 = DEFINITIONAL_REPRESENTATION('',(#6655),#6661);
#6655 = B_SPLINE_CURVE_WITH_KNOTS('',4,(#6656,#6657,#6658,#6659,#6660),
  .UNSPECIFIED.,.F.,.F.,(5,5),(0.,0.99999979905),
  .PIECEWISE_BEZIER_KNOTS.);
#6656 = CARTESIAN_POINT('',(5.078264691611,7.220794940052E-02));
#6657 = CARTESIAN_POINT('',(5.07816763777,0.818660280732));
#6658 = CARTESIAN_POINT('',(5.078069227615,1.565112659152));
#6659 = CARTESIAN_POINT('',(5.077969418538,2.311565086693));
#6660 = CARTESIAN_POINT('',(5.077868164157,3.058017564517));
#6661 = ( GEOMETRIC_REPRESENTATION_CONTEXT(2) 
PARAMETRIC_REPRESENTATION_CONTEXT() REPRESENTATION_CONTEXT('2D SPACE',''
  ) );
#6662 = PCURVE('',#498,#6663);
#6663 = DEFINITIONAL_REPRESENTATION('',(#6664),#6670);
#6664 = B_SPLINE_CURVE_WITH_KNOTS('',4,(#6665,#6666,#6667,#6668,#6669),
  .UNSPECIFIED.,.F.,.F.,(5,5),(0.,1.),.PIECEWISE_BEZIER_KNOTS.);
#6665 = CARTESIAN_POINT('',(-1.140830248033,0.));
#6666 = CARTESIAN_POINT('',(-1.140635686163,-0.739177966495));
#6667 = CARTESIAN_POINT('',(-1.14043841537,-1.478355838423));
#6668 = CARTESIAN_POINT('',(-1.140238350863,-2.217533612523));
#6669 = CARTESIAN_POINT('',(-1.140035400376,-2.956711285761));
#6670 = ( GEOMETRIC_REPRESENTATION_CONTEXT(2) 
PARAMETRIC_REPRESENTATION_CONTEXT() REPRESENTATION_CONTEXT('2D SPACE',''
  ) );
#6671 = ORIENTED_EDGE('',*,*,#6672,.T.);
#6672 = EDGE_CURVE('',#453,#6673,#6675,.T.);
#6673 = VERTEX_POINT('',#6674);
#6674 = CARTESIAN_POINT('',(7.866213002153,18.990718114314,13.));
#6675 = SURFACE_CURVE('',#6676,(#6681,#6694),.PCURVE_S1.);
#6676 = ELLIPSE('',#6677,0.807862058015,0.8);
#6677 = AXIS2_PLACEMENT_3D('',#6678,#6679,#6680);
#6678 = CARTESIAN_POINT('',(7.557057576915,18.244350893822,13.));
#6679 = DIRECTION('',(0.,0.,1.));
#6680 = DIRECTION('',(-0.382683432365,-0.923879532511,0.));
#6681 = PCURVE('',#6596,#6682);
#6682 = DEFINITIONAL_REPRESENTATION('',(#6683),#6693);
#6683 = B_SPLINE_CURVE_WITH_KNOTS('',8,(#6684,#6685,#6686,#6687,#6688,
    #6689,#6690,#6691,#6692),.UNSPECIFIED.,.F.,.F.,(9,9),(8.219857345201
    ,9.424777960769),.PIECEWISE_BEZIER_KNOTS.);
#6684 = CARTESIAN_POINT('',(5.078264691611,7.220804542988E-02));
#6685 = CARTESIAN_POINT('',(5.228879768557,5.639486914545E-02));
#6686 = CARTESIAN_POINT('',(5.379494845503,4.162446621756E-02));
#6687 = CARTESIAN_POINT('',(5.530109922449,2.8443423991E-02));
#6688 = CARTESIAN_POINT('',(5.680724999395,1.734797757346E-02));
#6689 = CARTESIAN_POINT('',(5.831340076341,8.744418132882E-03));
#6690 = CARTESIAN_POINT('',(5.981955153287,2.915235087022E-03));
#6691 = CARTESIAN_POINT('',(6.132570230234,6.221470841242E-18));
#6692 = CARTESIAN_POINT('',(6.28318530718,0.));
#6693 = ( GEOMETRIC_REPRESENTATION_CONTEXT(2) 
PARAMETRIC_REPRESENTATION_CONTEXT() REPRESENTATION_CONTEXT('2D SPACE',''
  ) );
#6694 = PCURVE('',#469,#6695);
#6695 = DEFINITIONAL_REPRESENTATION('',(#6696),#6700);
#6696 = ELLIPSE('',#6697,0.807862058015,0.8);
#6697 = AXIS2_PLACEMENT_2D('',#6698,#6699);
#6698 = CARTESIAN_POINT('',(59.74754310687,40.));
#6699 = DIRECTION('',(-1.,0.));
#6700 = ( GEOMETRIC_REPRESENTATION_CONTEXT(2) 
PARAMETRIC_REPRESENTATION_CONTEXT() REPRESENTATION_CONTEXT('2D SPACE',''
  ) );
#6701 = ORIENTED_EDGE('',*,*,#6702,.T.);
#6702 = EDGE_CURVE('',#6673,#425,#6703,.T.);
#6703 = SURFACE_CURVE('',#6704,(#6709,#6722),.PCURVE_S1.);
#6704 = ELLIPSE('',#6705,0.807862058015,0.8);
#6705 = AXIS2_PLACEMENT_3D('',#6706,#6707,#6708);
#6706 = CARTESIAN_POINT('',(7.557057576915,18.244350893822,13.));
#6707 = DIRECTION('',(0.,0.,1.));
#6708 = DIRECTION('',(-0.382683432365,-0.923879532511,0.));
#6709 = PCURVE('',#6596,#6710);
#6710 = DEFINITIONAL_REPRESENTATION('',(#6711),#6721);
#6711 = B_SPLINE_CURVE_WITH_KNOTS('',8,(#6712,#6713,#6714,#6715,#6716,
    #6717,#6718,#6719,#6720),.UNSPECIFIED.,.F.,.F.,(9,9),(3.14159265359,
    4.346513269158),.PIECEWISE_BEZIER_KNOTS.);
#6712 = CARTESIAN_POINT('',(6.28318530718,0.));
#6713 = CARTESIAN_POINT('',(6.433800384126,-9.594054676604E-18));
#6714 = CARTESIAN_POINT('',(6.584415461072,2.914270667757E-03));
#6715 = CARTESIAN_POINT('',(6.735030538018,8.745027382164E-03));
#6716 = CARTESIAN_POINT('',(6.885645614964,1.734897769606E-02));
#6717 = CARTESIAN_POINT('',(7.03626069191,2.844341430743E-02));
#6718 = CARTESIAN_POINT('',(7.186875768856,4.162404483168E-02));
#6719 = CARTESIAN_POINT('',(7.337490845802,5.639455837508E-02));
#6720 = CARTESIAN_POINT('',(7.488105922748,7.220792890935E-02));
#6721 = ( GEOMETRIC_REPRESENTATION_CONTEXT(2) 
PARAMETRIC_REPRESENTATION_CONTEXT() REPRESENTATION_CONTEXT('2D SPACE',''
  ) );
#6722 = PCURVE('',#469,#6723);
#6723 = DEFINITIONAL_REPRESENTATION('',(#6724),#6728);
#6724 = ELLIPSE('',#6725,0.807862058015,0.8);
#6725 = AXIS2_PLACEMENT_2D('',#6726,#6727);
#6726 = CARTESIAN_POINT('',(59.74754310687,40.));
#6727 = DIRECTION('',(-1.,0.));
#6728 = ( GEOMETRIC_REPRESENTATION_CONTEXT(2) 
PARAMETRIC_REPRESENTATION_CONTEXT() REPRESENTATION_CONTEXT('2D SPACE',''
  ) );
#6729 = ORIENTED_EDGE('',*,*,#6730,.F.);
#6730 = EDGE_CURVE('',#6580,#425,#6731,.T.);
#6731 = SURFACE_CURVE('',#6732,(#6738,#6747),.PCURVE_S1.);
#6732 = B_SPLINE_CURVE_WITH_KNOTS('',4,(#6733,#6734,#6735,#6736,#6737),
  .UNSPECIFIED.,.F.,.F.,(5,5),(0.,1.),.PIECEWISE_BEZIER_KNOTS.);
#6733 = CARTESIAN_POINT('',(6.818241232727,18.413119080722,
    15.956711285761));
#6734 = CARTESIAN_POINT('',(6.858052148615,18.509155482733,
    15.217533612517));
#6735 = CARTESIAN_POINT('',(6.89786227876,18.605191040948,
    14.478355838379));
#6736 = CARTESIAN_POINT('',(6.937671648127,18.701225782696,
    13.739177966501));
#6737 = CARTESIAN_POINT('',(6.977480279659,18.797259733039,13.));
#6738 = PCURVE('',#6596,#6739);
#6739 = DEFINITIONAL_REPRESENTATION('',(#6740),#6746);
#6740 = B_SPLINE_CURVE_WITH_KNOTS('',4,(#6741,#6742,#6743,#6744,#6745),
  .UNSPECIFIED.,.F.,.F.,(5,5),(2.009504614282E-07,1.),
  .PIECEWISE_BEZIER_KNOTS.);
#6741 = CARTESIAN_POINT('',(7.488502450202,3.058017564517));
#6742 = CARTESIAN_POINT('',(7.488401195821,2.311565086686));
#6743 = CARTESIAN_POINT('',(7.488301386744,1.565112659203));
#6744 = CARTESIAN_POINT('',(7.488202976589,0.818660280662));
#6745 = CARTESIAN_POINT('',(7.488105922748,7.220794932407E-02));
#6746 = ( GEOMETRIC_REPRESENTATION_CONTEXT(2) 
PARAMETRIC_REPRESENTATION_CONTEXT() REPRESENTATION_CONTEXT('2D SPACE',''
  ) );
#6747 = PCURVE('',#441,#6748);
#6748 = DEFINITIONAL_REPRESENTATION('',(#6749),#6755);
#6749 = B_SPLINE_CURVE_WITH_KNOTS('',4,(#6750,#6751,#6752,#6753,#6754),
  .UNSPECIFIED.,.F.,.F.,(5,5),(0.,1.),.PIECEWISE_BEZIER_KNOTS.);
#6750 = CARTESIAN_POINT('',(-1.216159089816,-2.956711285761));
#6751 = CARTESIAN_POINT('',(-1.215956139329,-2.217533612517));
#6752 = CARTESIAN_POINT('',(-1.215756074822,-1.478355838379));
#6753 = CARTESIAN_POINT('',(-1.215558804029,-0.739177966501));
#6754 = CARTESIAN_POINT('',(-1.215364242159,0.));
#6755 = ( GEOMETRIC_REPRESENTATION_CONTEXT(2) 
PARAMETRIC_REPRESENTATION_CONTEXT() REPRESENTATION_CONTEXT('2D SPACE',''
  ) );
#6756 = ADVANCED_FACE('',(#6757),#1516,.F.);
#6757 = FACE_BOUND('',#6758,.T.);
#6758 = EDGE_LOOP('',(#6759,#6790,#6823,#6824));
#6759 = ORIENTED_EDGE('',*,*,#6760,.T.);
#6760 = EDGE_CURVE('',#6761,#6763,#6765,.T.);
#6761 = VERTEX_POINT('',#6762);
#6762 = CARTESIAN_POINT('',(18.413119157916,6.818241264727,
    15.956710691609));
#6763 = VERTEX_POINT('',#6764);
#6764 = CARTESIAN_POINT('',(17.841266053413,8.198816785304,
    15.956710691609));
#6765 = SURFACE_CURVE('',#6766,(#6771,#6778),.PCURVE_S1.);
#6766 = CIRCLE('',#6767,0.8);
#6767 = AXIS2_PLACEMENT_3D('',#6768,#6769,#6770);
#6768 = CARTESIAN_POINT('',(17.865610004788,7.400177964051,
    15.916918667024));
#6769 = DIRECTION('',(-0.128579179453,-5.325923996829E-02,0.990268068742
    ));
#6770 = DIRECTION('',(0.68438644141,-0.727420874155,4.974003073069E-02)
  );
#6771 = PCURVE('',#1516,#6772);
#6772 = DEFINITIONAL_REPRESENTATION('',(#6773),#6777);
#6773 = LINE('',#6774,#6775);
#6774 = CARTESIAN_POINT('',(-5.077868164157,3.14159265359));
#6775 = VECTOR('',#6776,1.);
#6776 = DIRECTION('',(-1.,0.));
#6777 = ( GEOMETRIC_REPRESENTATION_CONTEXT(2) 
PARAMETRIC_REPRESENTATION_CONTEXT() REPRESENTATION_CONTEXT('2D SPACE',''
  ) );
#6778 = PCURVE('',#6779,#6784);
#6779 = CYLINDRICAL_SURFACE('',#6780,0.8);
#6780 = AXIS2_PLACEMENT_3D('',#6781,#6782,#6783);
#6781 = CARTESIAN_POINT('',(18.258807393986,7.563045655347,
    12.888661519232));
#6782 = DIRECTION('',(-0.128579179453,-5.325923996829E-02,0.990268068742
    ));
#6783 = DIRECTION('',(0.91488840041,0.378959183508,0.13917310096));
#6784 = DEFINITIONAL_REPRESENTATION('',(#6785),#6789);
#6785 = LINE('',#6786,#6787);
#6786 = CARTESIAN_POINT('',(5.077868164157,3.058017564517));
#6787 = VECTOR('',#6788,1.);
#6788 = DIRECTION('',(1.,0.));
#6789 = ( GEOMETRIC_REPRESENTATION_CONTEXT(2) 
PARAMETRIC_REPRESENTATION_CONTEXT() REPRESENTATION_CONTEXT('2D SPACE',''
  ) );
#6790 = ORIENTED_EDGE('',*,*,#6791,.T.);
#6791 = EDGE_CURVE('',#6763,#1500,#6792,.T.);
#6792 = SURFACE_CURVE('',#6793,(#6801,#6812),.PCURVE_S1.);
#6793 = B_SPLINE_CURVE_WITH_KNOTS('',6,(#6794,#6795,#6796,#6797,#6798,
    #6799,#6800),.UNSPECIFIED.,.F.,.F.,(7,7),(0.,1.),
  .PIECEWISE_BEZIER_KNOTS.);
#6794 = CARTESIAN_POINT('',(17.841266053413,8.198816785304,
    15.956710691609));
#6795 = CARTESIAN_POINT('',(17.83817129399,8.197535903534,
    15.980525092707));
#6796 = CARTESIAN_POINT('',(17.83350371221,8.199683937982,
    16.004320628953));
#6797 = CARTESIAN_POINT('',(17.827341958348,8.205294492989,
    16.027488467993));
#6798 = CARTESIAN_POINT('',(17.819831684898,8.214240753627,
    16.049423225928));
#6799 = CARTESIAN_POINT('',(17.811176327062,8.226244922226,
    16.069559443186));
#6800 = CARTESIAN_POINT('',(17.801620499833,8.240913619171,
    16.087414712335));
#6801 = PCURVE('',#1516,#6802);
#6802 = DEFINITIONAL_REPRESENTATION('',(#6803),#6811);
#6803 = B_SPLINE_CURVE_WITH_KNOTS('',6,(#6804,#6805,#6806,#6807,#6808,
    #6809,#6810),.UNSPECIFIED.,.F.,.F.,(7,7),(0.,1.),
  .PIECEWISE_BEZIER_KNOTS.);
#6804 = CARTESIAN_POINT('',(-7.488502450202,3.14159265359));
#6805 = CARTESIAN_POINT('',(-7.488505712358,3.261836560594));
#6806 = CARTESIAN_POINT('',(-7.490358651391,3.382084964867));
#6807 = CARTESIAN_POINT('',(-7.494064606276,3.502394269469));
#6808 = CARTESIAN_POINT('',(-7.499415017187,3.622833999413));
#6809 = CARTESIAN_POINT('',(-7.506040868093,3.743467303601));
#6810 = CARTESIAN_POINT('',(-7.513575190501,3.864326901403));
#6811 = ( GEOMETRIC_REPRESENTATION_CONTEXT(2) 
PARAMETRIC_REPRESENTATION_CONTEXT() REPRESENTATION_CONTEXT('2D SPACE',''
  ) );
#6812 = PCURVE('',#498,#6813);
#6813 = DEFINITIONAL_REPRESENTATION('',(#6814),#6822);
#6814 = B_SPLINE_CURVE_WITH_KNOTS('',6,(#6815,#6816,#6817,#6818,#6819,
    #6820,#6821),.UNSPECIFIED.,.F.,.F.,(7,7),(0.,1.),
  .PIECEWISE_BEZIER_KNOTS.);
#6815 = CARTESIAN_POINT('',(-0.430760926255,-2.956710691609));
#6816 = CARTESIAN_POINT('',(-0.430767464797,-2.980525092707));
#6817 = CARTESIAN_POINT('',(-0.430966134401,-3.004320628953));
#6818 = CARTESIAN_POINT('',(-0.431356964377,-3.027488467993));
#6819 = CARTESIAN_POINT('',(-0.431931137472,-3.049423225928));
#6820 = CARTESIAN_POINT('',(-0.432671547369,-3.069559443186));
#6821 = CARTESIAN_POINT('',(-0.433554775493,-3.087414712335));
#6822 = ( GEOMETRIC_REPRESENTATION_CONTEXT(2) 
PARAMETRIC_REPRESENTATION_CONTEXT() REPRESENTATION_CONTEXT('2D SPACE',''
  ) );
#6823 = ORIENTED_EDGE('',*,*,#1497,.F.);
#6824 = ORIENTED_EDGE('',*,*,#6825,.F.);
#6825 = EDGE_CURVE('',#6761,#1498,#6826,.T.);
#6826 = SURFACE_CURVE('',#6827,(#6835,#6846),.PCURVE_S1.);
#6827 = B_SPLINE_CURVE_WITH_KNOTS('',6,(#6828,#6829,#6830,#6831,#6832,
    #6833,#6834),.UNSPECIFIED.,.F.,.F.,(7,7),(0.,1.),
  .PIECEWISE_BEZIER_KNOTS.);
#6828 = CARTESIAN_POINT('',(18.413119157916,6.818241264727,
    15.956710691609));
#6829 = CARTESIAN_POINT('',(18.410025112356,6.816958659539,
    15.980525092707));
#6830 = CARTESIAN_POINT('',(18.408243523353,6.812139291086,
    16.004320628953));
#6831 = CARTESIAN_POINT('',(18.407853766905,6.803815011654,
    16.027488467993));
#6832 = CARTESIAN_POINT('',(18.408869163183,6.792178484806,
    16.049423225928));
#6833 = CARTESIAN_POINT('',(18.411237129982,6.777569993567,
    16.069559443186));
#6834 = CARTESIAN_POINT('',(18.414852474829,6.760440668253,
    16.087414712335));
#6835 = PCURVE('',#1516,#6836);
#6836 = DEFINITIONAL_REPRESENTATION('',(#6837),#6845);
#6837 = B_SPLINE_CURVE_WITH_KNOTS('',6,(#6838,#6839,#6840,#6841,#6842,
    #6843,#6844),.UNSPECIFIED.,.F.,.F.,(7,7),(0.,1.),
  .PIECEWISE_BEZIER_KNOTS.);
#6838 = CARTESIAN_POINT('',(-5.077868164157,3.14159265359));
#6839 = CARTESIAN_POINT('',(-5.077864902001,3.261836560594));
#6840 = CARTESIAN_POINT('',(-5.076011962968,3.382084964867));
#6841 = CARTESIAN_POINT('',(-5.072306008083,3.502394269469));
#6842 = CARTESIAN_POINT('',(-5.066955597173,3.622833999413));
#6843 = CARTESIAN_POINT('',(-5.060329746266,3.743467303601));
#6844 = CARTESIAN_POINT('',(-5.052795423858,3.864326901403));
#6845 = ( GEOMETRIC_REPRESENTATION_CONTEXT(2) 
PARAMETRIC_REPRESENTATION_CONTEXT() REPRESENTATION_CONTEXT('2D SPACE',''
  ) );
#6846 = PCURVE('',#99,#6847);
#6847 = DEFINITIONAL_REPRESENTATION('',(#6848),#6856);
#6848 = B_SPLINE_CURVE_WITH_KNOTS('',6,(#6849,#6850,#6851,#6852,#6853,
    #6854,#6855),.UNSPECIFIED.,.F.,.F.,(7,7),(0.,1.),
  .PIECEWISE_BEZIER_KNOTS.);
#6849 = CARTESIAN_POINT('',(-6.637822544322,-2.956710691609));
#6850 = CARTESIAN_POINT('',(-6.63781600578,-2.980525092707));
#6851 = CARTESIAN_POINT('',(-6.637617336176,-3.004320628953));
#6852 = CARTESIAN_POINT('',(-6.6372265062,-3.027488467993));
#6853 = CARTESIAN_POINT('',(-6.636652333105,-3.049423225928));
#6854 = CARTESIAN_POINT('',(-6.635911923208,-3.069559443186));
#6855 = CARTESIAN_POINT('',(-6.635028695084,-3.087414712335));
#6856 = ( GEOMETRIC_REPRESENTATION_CONTEXT(2) 
PARAMETRIC_REPRESENTATION_CONTEXT() REPRESENTATION_CONTEXT('2D SPACE',''
  ) );
#6857 = ADVANCED_FACE('',(#6858),#6779,.T.);
#6858 = FACE_BOUND('',#6859,.T.);
#6859 = EDGE_LOOP('',(#6860,#6890,#6918,#6945,#6946));
#6860 = ORIENTED_EDGE('',*,*,#6861,.T.);
#6861 = EDGE_CURVE('',#510,#6862,#6864,.T.);
#6862 = VERTEX_POINT('',#6863);
#6863 = CARTESIAN_POINT('',(18.990718114314,7.866213002153,13.));
#6864 = SURFACE_CURVE('',#6865,(#6870,#6883),.PCURVE_S1.);
#6865 = ELLIPSE('',#6866,0.807862058015,0.8);
#6866 = AXIS2_PLACEMENT_3D('',#6867,#6868,#6869);
#6867 = CARTESIAN_POINT('',(18.244350893822,7.557057576915,13.));
#6868 = DIRECTION('',(0.,0.,1.));
#6869 = DIRECTION('',(-0.923879532511,-0.382683432365,0.));
#6870 = PCURVE('',#6779,#6871);
#6871 = DEFINITIONAL_REPRESENTATION('',(#6872),#6882);
#6872 = B_SPLINE_CURVE_WITH_KNOTS('',8,(#6873,#6874,#6875,#6876,#6877,
    #6878,#6879,#6880,#6881),.UNSPECIFIED.,.F.,.F.,(9,9),(8.219857345201
    ,9.424777960769),.PIECEWISE_BEZIER_KNOTS.);
#6873 = CARTESIAN_POINT('',(5.078264691611,7.220804542988E-02));
#6874 = CARTESIAN_POINT('',(5.228879768557,5.639486914546E-02));
#6875 = CARTESIAN_POINT('',(5.379494845503,4.162446621757E-02));
#6876 = CARTESIAN_POINT('',(5.530109922449,2.8443423991E-02));
#6877 = CARTESIAN_POINT('',(5.680724999395,1.734797757347E-02));
#6878 = CARTESIAN_POINT('',(5.831340076341,8.744418132883E-03));
#6879 = CARTESIAN_POINT('',(5.981955153287,2.915235087022E-03));
#6880 = CARTESIAN_POINT('',(6.132570230234,6.221470841243E-18));
#6881 = CARTESIAN_POINT('',(6.28318530718,0.));
#6882 = ( GEOMETRIC_REPRESENTATION_CONTEXT(2) 
PARAMETRIC_REPRESENTATION_CONTEXT() REPRESENTATION_CONTEXT('2D SPACE',''
  ) );
#6883 = PCURVE('',#526,#6884);
#6884 = DEFINITIONAL_REPRESENTATION('',(#6885),#6889);
#6885 = ELLIPSE('',#6886,0.807862058015,0.8);
#6886 = AXIS2_PLACEMENT_2D('',#6887,#6888);
#6887 = CARTESIAN_POINT('',(59.74754310687,40.));
#6888 = DIRECTION('',(-1.,0.));
#6889 = ( GEOMETRIC_REPRESENTATION_CONTEXT(2) 
PARAMETRIC_REPRESENTATION_CONTEXT() REPRESENTATION_CONTEXT('2D SPACE',''
  ) );
#6890 = ORIENTED_EDGE('',*,*,#6891,.T.);
#6891 = EDGE_CURVE('',#6862,#482,#6892,.T.);
#6892 = SURFACE_CURVE('',#6893,(#6898,#6911),.PCURVE_S1.);
#6893 = ELLIPSE('',#6894,0.807862058015,0.8);
#6894 = AXIS2_PLACEMENT_3D('',#6895,#6896,#6897);
#6895 = CARTESIAN_POINT('',(18.244350893822,7.557057576915,13.));
#6896 = DIRECTION('',(0.,0.,1.));
#6897 = DIRECTION('',(-0.923879532511,-0.382683432365,0.));
#6898 = PCURVE('',#6779,#6899);
#6899 = DEFINITIONAL_REPRESENTATION('',(#6900),#6910);
#6900 = B_SPLINE_CURVE_WITH_KNOTS('',8,(#6901,#6902,#6903,#6904,#6905,
    #6906,#6907,#6908,#6909),.UNSPECIFIED.,.F.,.F.,(9,9),(3.14159265359,
    4.346513269158),.PIECEWISE_BEZIER_KNOTS.);
#6901 = CARTESIAN_POINT('',(6.28318530718,0.));
#6902 = CARTESIAN_POINT('',(6.433800384126,-9.594054676606E-18));
#6903 = CARTESIAN_POINT('',(6.584415461072,2.914270667759E-03));
#6904 = CARTESIAN_POINT('',(6.735030538018,8.745027382168E-03));
#6905 = CARTESIAN_POINT('',(6.885645614964,1.734897769607E-02));
#6906 = CARTESIAN_POINT('',(7.03626069191,2.844341430744E-02));
#6907 = CARTESIAN_POINT('',(7.186875768856,4.16240448317E-02));
#6908 = CARTESIAN_POINT('',(7.337490845802,5.63945583751E-02));
#6909 = CARTESIAN_POINT('',(7.488105922748,7.220792890938E-02));
#6910 = ( GEOMETRIC_REPRESENTATION_CONTEXT(2) 
PARAMETRIC_REPRESENTATION_CONTEXT() REPRESENTATION_CONTEXT('2D SPACE',''
  ) );
#6911 = PCURVE('',#526,#6912);
#6912 = DEFINITIONAL_REPRESENTATION('',(#6913),#6917);
#6913 = ELLIPSE('',#6914,0.807862058015,0.8);
#6914 = AXIS2_PLACEMENT_2D('',#6915,#6916);
#6915 = CARTESIAN_POINT('',(59.74754310687,40.));
#6916 = DIRECTION('',(-1.,0.));
#6917 = ( GEOMETRIC_REPRESENTATION_CONTEXT(2) 
PARAMETRIC_REPRESENTATION_CONTEXT() REPRESENTATION_CONTEXT('2D SPACE',''
  ) );
#6918 = ORIENTED_EDGE('',*,*,#6919,.F.);
#6919 = EDGE_CURVE('',#6763,#482,#6920,.T.);
#6920 = SURFACE_CURVE('',#6921,(#6927,#6936),.PCURVE_S1.);
#6921 = B_SPLINE_CURVE_WITH_KNOTS('',4,(#6922,#6923,#6924,#6925,#6926),
  .UNSPECIFIED.,.F.,.F.,(5,5),(0.,1.),.PIECEWISE_BEZIER_KNOTS.);
#6922 = CARTESIAN_POINT('',(17.841265976201,8.198816753346,
    15.956711285761));
#6923 = CARTESIAN_POINT('',(17.937324535893,8.23857417586,
    15.217533612517));
#6924 = CARTESIAN_POINT('',(18.033381943328,8.278331557324,
    14.478355838379));
#6925 = CARTESIAN_POINT('',(18.129438235482,8.318088899409,
    13.739177966501));
#6926 = CARTESIAN_POINT('',(18.225493446299,8.357846203614,13.));
#6927 = PCURVE('',#6779,#6928);
#6928 = DEFINITIONAL_REPRESENTATION('',(#6929),#6935);
#6929 = B_SPLINE_CURVE_WITH_KNOTS('',4,(#6930,#6931,#6932,#6933,#6934),
  .UNSPECIFIED.,.F.,.F.,(5,5),(2.009504616418E-07,1.),
  .PIECEWISE_BEZIER_KNOTS.);
#6930 = CARTESIAN_POINT('',(7.488502450202,3.058017564517));
#6931 = CARTESIAN_POINT('',(7.488401195821,2.311565086686));
#6932 = CARTESIAN_POINT('',(7.488301386744,1.565112659203));
#6933 = CARTESIAN_POINT('',(7.488202976589,0.818660280662));
#6934 = CARTESIAN_POINT('',(7.488105922748,7.220794932407E-02));
#6935 = ( GEOMETRIC_REPRESENTATION_CONTEXT(2) 
PARAMETRIC_REPRESENTATION_CONTEXT() REPRESENTATION_CONTEXT('2D SPACE',''
  ) );
#6936 = PCURVE('',#498,#6937);
#6937 = DEFINITIONAL_REPRESENTATION('',(#6938),#6944);
#6938 = B_SPLINE_CURVE_WITH_KNOTS('',4,(#6939,#6940,#6941,#6942,#6943),
  .UNSPECIFIED.,.F.,.F.,(5,5),(2.009504616418E-07,1.),
  .PIECEWISE_BEZIER_KNOTS.);
#6939 = CARTESIAN_POINT('',(-0.430760926255,-2.956710691609));
#6940 = CARTESIAN_POINT('',(-0.430557975811,-2.217533166903));
#6941 = CARTESIAN_POINT('',(-0.430357911345,-1.478355541303));
#6942 = CARTESIAN_POINT('',(-0.430160640593,-0.739177817963));
#6943 = CARTESIAN_POINT('',(-0.429966078762,0.));
#6944 = ( GEOMETRIC_REPRESENTATION_CONTEXT(2) 
PARAMETRIC_REPRESENTATION_CONTEXT() REPRESENTATION_CONTEXT('2D SPACE',''
  ) );
#6945 = ORIENTED_EDGE('',*,*,#6760,.F.);
#6946 = ORIENTED_EDGE('',*,*,#6947,.F.);
#6947 = EDGE_CURVE('',#510,#6761,#6948,.T.);
#6948 = SURFACE_CURVE('',#6949,(#6955,#6964),.PCURVE_S1.);
#6949 = B_SPLINE_CURVE_WITH_KNOTS('',4,(#6950,#6951,#6952,#6953,#6954),
  .UNSPECIFIED.,.F.,.F.,(5,5),(0.,1.),.PIECEWISE_BEZIER_KNOTS.);
#6950 = CARTESIAN_POINT('',(18.797259733039,6.977480279659,13.));
#6951 = CARTESIAN_POINT('',(18.701225782697,6.937671648127,
    13.739177966495));
#6952 = CARTESIAN_POINT('',(18.605191040942,6.897862278757,
    14.478355838423));
#6953 = CARTESIAN_POINT('',(18.509155482732,6.858052148614,
    15.217533612523));
#6954 = CARTESIAN_POINT('',(18.413119080722,6.818241232727,
    15.956711285761));
#6955 = PCURVE('',#6779,#6956);
#6956 = DEFINITIONAL_REPRESENTATION('',(#6957),#6963);
#6957 = B_SPLINE_CURVE_WITH_KNOTS('',4,(#6958,#6959,#6960,#6961,#6962),
  .UNSPECIFIED.,.F.,.F.,(5,5),(0.,0.99999979905),
  .PIECEWISE_BEZIER_KNOTS.);
#6958 = CARTESIAN_POINT('',(5.078264691611,7.220794940052E-02));
#6959 = CARTESIAN_POINT('',(5.07816763777,0.818660280732));
#6960 = CARTESIAN_POINT('',(5.078069227615,1.565112659152));
#6961 = CARTESIAN_POINT('',(5.077969418538,2.311565086693));
#6962 = CARTESIAN_POINT('',(5.077868164157,3.058017564517));
#6963 = ( GEOMETRIC_REPRESENTATION_CONTEXT(2) 
PARAMETRIC_REPRESENTATION_CONTEXT() REPRESENTATION_CONTEXT('2D SPACE',''
  ) );
#6964 = PCURVE('',#99,#6965);
#6965 = DEFINITIONAL_REPRESENTATION('',(#6966),#6972);
#6966 = B_SPLINE_CURVE_WITH_KNOTS('',4,(#6967,#6968,#6969,#6970,#6971),
  .UNSPECIFIED.,.F.,.F.,(5,5),(0.,0.99999979905),
  .PIECEWISE_BEZIER_KNOTS.);
#6967 = CARTESIAN_POINT('',(-6.638617391815,0.));
#6968 = CARTESIAN_POINT('',(-6.638422829984,-0.739177817957));
#6969 = CARTESIAN_POINT('',(-6.638225559232,-1.478355541347));
#6970 = CARTESIAN_POINT('',(-6.638025494766,-2.217533166909));
#6971 = CARTESIAN_POINT('',(-6.637822544322,-2.956710691609));
#6972 = ( GEOMETRIC_REPRESENTATION_CONTEXT(2) 
PARAMETRIC_REPRESENTATION_CONTEXT() REPRESENTATION_CONTEXT('2D SPACE',''
  ) );
#6973 = ADVANCED_FACE('',(#6974),#1059,.T.);
#6974 = FACE_BOUND('',#6975,.T.);
#6975 = EDGE_LOOP('',(#6976,#6977,#7003,#7004));
#6976 = ORIENTED_EDGE('',*,*,#991,.F.);
#6977 = ORIENTED_EDGE('',*,*,#6978,.T.);
#6978 = EDGE_CURVE('',#828,#5038,#6979,.T.);
#6979 = SURFACE_CURVE('',#6980,(#6985,#6992),.PCURVE_S1.);
#6980 = CIRCLE('',#6981,19.184077681581);
#6981 = AXIS2_PLACEMENT_3D('',#6982,#6983,#6984);
#6982 = CARTESIAN_POINT('',(0.,0.,17.));
#6983 = DIRECTION('',(0.,0.,-1.));
#6984 = DIRECTION('',(0.943477829431,0.331435642882,0.));
#6985 = PCURVE('',#1059,#6986);
#6986 = DEFINITIONAL_REPRESENTATION('',(#6987),#6991);
#6987 = LINE('',#6988,#6989);
#6988 = CARTESIAN_POINT('',(6.621010126278,1.570796326795));
#6989 = VECTOR('',#6990,1.);
#6990 = DIRECTION('',(-1.,-0.));
#6991 = ( GEOMETRIC_REPRESENTATION_CONTEXT(2) 
PARAMETRIC_REPRESENTATION_CONTEXT() REPRESENTATION_CONTEXT('2D SPACE',''
  ) );
#6992 = PCURVE('',#944,#6993);
#6993 = DEFINITIONAL_REPRESENTATION('',(#6994),#7002);
#6994 = ( BOUNDED_CURVE() B_SPLINE_CURVE(2,(#6995,#6996,#6997,#6998,
#6999,#7000,#7001),.UNSPECIFIED.,.T.,.F.) B_SPLINE_CURVE_WITH_KNOTS((1,2
    ,2,2,2,1),(-2.094395102393,0.,2.094395102393,4.188790204786,
6.28318530718,8.377580409573),.UNSPECIFIED.) CURVE() 
GEOMETRIC_REPRESENTATION_ITEM() RATIONAL_B_SPLINE_CURVE((1.,0.5,1.,0.5,
1.,0.5,1.)) REPRESENTATION_ITEM('') );
#6995 = CARTESIAN_POINT('',(54.288779250362,52.800766540616));
#6996 = CARTESIAN_POINT('',(76.460357274536,28.051874900854));
#6997 = CARTESIAN_POINT('',(43.941399386907,21.225170909811));
#6998 = CARTESIAN_POINT('',(11.422441499277,14.398466918768));
#6999 = CARTESIAN_POINT('',(21.769821362732,45.974062549573));
#7000 = CARTESIAN_POINT('',(32.117201226187,77.549658180378));
#7001 = CARTESIAN_POINT('',(54.288779250362,52.800766540616));
#7002 = ( GEOMETRIC_REPRESENTATION_CONTEXT(2) 
PARAMETRIC_REPRESENTATION_CONTEXT() REPRESENTATION_CONTEXT('2D SPACE',''
  ) );
#7003 = ORIENTED_EDGE('',*,*,#5356,.F.);
#7004 = ORIENTED_EDGE('',*,*,#7005,.F.);
#7005 = EDGE_CURVE('',#992,#5292,#7006,.T.);
#7006 = SURFACE_CURVE('',#7007,(#7012,#7019),.PCURVE_S1.);
#7007 = CIRCLE('',#7008,19.53067150564);
#7008 = AXIS2_PLACEMENT_3D('',#7009,#7010,#7011);
#7009 = CARTESIAN_POINT('',(0.,0.,16.698710585336));
#7010 = DIRECTION('',(0.,0.,-1.));
#7011 = DIRECTION('',(0.943374448074,0.3317297857,0.));
#7012 = PCURVE('',#1059,#7013);
#7013 = DEFINITIONAL_REPRESENTATION('',(#7014),#7018);
#7014 = LINE('',#7015,#7016);
#7015 = CARTESIAN_POINT('',(6.621321907777,0.13962634016));
#7016 = VECTOR('',#7017,1.);
#7017 = DIRECTION('',(-1.,-0.));
#7018 = ( GEOMETRIC_REPRESENTATION_CONTEXT(2) 
PARAMETRIC_REPRESENTATION_CONTEXT() REPRESENTATION_CONTEXT('2D SPACE',''
  ) );
#7019 = PCURVE('',#156,#7020);
#7020 = DEFINITIONAL_REPRESENTATION('',(#7021),#7025);
#7021 = LINE('',#7022,#7023);
#7022 = CARTESIAN_POINT('',(-6.621321907777,-3.698710585336));
#7023 = VECTOR('',#7024,1.);
#7024 = DIRECTION('',(1.,-0.));
#7025 = ( GEOMETRIC_REPRESENTATION_CONTEXT(2) 
PARAMETRIC_REPRESENTATION_CONTEXT() REPRESENTATION_CONTEXT('2D SPACE',''
  ) );
#7026 = ADVANCED_FACE('',(#7027),#944,.T.);
#7027 = FACE_BOUND('',#7028,.T.);
#7028 = EDGE_LOOP('',(#7029,#7030,#7031,#7032,#7033,#7034,#7035,#7036,
    #7037,#7038,#7039,#7040,#7041,#7042,#7043,#7044));
#7029 = ORIENTED_EDGE('',*,*,#825,.F.);
#7030 = ORIENTED_EDGE('',*,*,#1445,.F.);
#7031 = ORIENTED_EDGE('',*,*,#1699,.F.);
#7032 = ORIENTED_EDGE('',*,*,#2035,.F.);
#7033 = ORIENTED_EDGE('',*,*,#2087,.F.);
#7034 = ORIENTED_EDGE('',*,*,#2625,.F.);
#7035 = ORIENTED_EDGE('',*,*,#2677,.F.);
#7036 = ORIENTED_EDGE('',*,*,#3215,.F.);
#7037 = ORIENTED_EDGE('',*,*,#3267,.F.);
#7038 = ORIENTED_EDGE('',*,*,#3805,.F.);
#7039 = ORIENTED_EDGE('',*,*,#3857,.F.);
#7040 = ORIENTED_EDGE('',*,*,#4395,.F.);
#7041 = ORIENTED_EDGE('',*,*,#4447,.F.);
#7042 = ORIENTED_EDGE('',*,*,#4985,.F.);
#7043 = ORIENTED_EDGE('',*,*,#5037,.F.);
#7044 = ORIENTED_EDGE('',*,*,#6978,.F.);
#7045 = ADVANCED_FACE('',(#7046),#156,.T.);
#7046 = FACE_BOUND('',#7047,.T.);
#7047 = EDGE_LOOP('',(#7048,#7049,#7050,#7051,#7052,#7053,#7054,#7055));
#7048 = ORIENTED_EDGE('',*,*,#5523,.F.);
#7049 = ORIENTED_EDGE('',*,*,#5645,.T.);
#7050 = ORIENTED_EDGE('',*,*,#139,.T.);
#7051 = ORIENTED_EDGE('',*,*,#661,.T.);
#7052 = ORIENTED_EDGE('',*,*,#755,.T.);
#7053 = ORIENTED_EDGE('',*,*,#1097,.T.);
#7054 = ORIENTED_EDGE('',*,*,#7005,.T.);
#7055 = ORIENTED_EDGE('',*,*,#5291,.F.);
#7056 = ADVANCED_FACE('',(#7057),#184,.F.);
#7057 = FACE_BOUND('',#7058,.F.);
#7058 = EDGE_LOOP('',(#7059,#7060,#7061));
#7059 = ORIENTED_EDGE('',*,*,#5587,.T.);
#7060 = ORIENTED_EDGE('',*,*,#5617,.T.);
#7061 = ORIENTED_EDGE('',*,*,#167,.F.);
#7062 = ADVANCED_FACE('',(#7063),#213,.T.);
#7063 = FACE_BOUND('',#7064,.T.);
#7064 = EDGE_LOOP('',(#7065,#7066,#7067,#7068,#7069,#7070,#7071,#7072));
#7065 = ORIENTED_EDGE('',*,*,#5862,.T.);
#7066 = ORIENTED_EDGE('',*,*,#196,.T.);
#7067 = ORIENTED_EDGE('',*,*,#5560,.T.);
#7068 = ORIENTED_EDGE('',*,*,#5459,.T.);
#7069 = ORIENTED_EDGE('',*,*,#5197,.T.);
#7070 = ORIENTED_EDGE('',*,*,#5012,.T.);
#7071 = ORIENTED_EDGE('',*,*,#4701,.F.);
#7072 = ORIENTED_EDGE('',*,*,#5740,.F.);
#7073 = ADVANCED_FACE('',(#7074),#241,.F.);
#7074 = FACE_BOUND('',#7075,.F.);
#7075 = EDGE_LOOP('',(#7076,#7077,#7078));
#7076 = ORIENTED_EDGE('',*,*,#5804,.T.);
#7077 = ORIENTED_EDGE('',*,*,#5834,.T.);
#7078 = ORIENTED_EDGE('',*,*,#224,.F.);
#7079 = ADVANCED_FACE('',(#7080),#270,.T.);
#7080 = FACE_BOUND('',#7081,.T.);
#7081 = EDGE_LOOP('',(#7082,#7083,#7084,#7085,#7086,#7087,#7088,#7089));
#7082 = ORIENTED_EDGE('',*,*,#253,.T.);
#7083 = ORIENTED_EDGE('',*,*,#5777,.T.);
#7084 = ORIENTED_EDGE('',*,*,#5676,.T.);
#7085 = ORIENTED_EDGE('',*,*,#4607,.T.);
#7086 = ORIENTED_EDGE('',*,*,#4422,.T.);
#7087 = ORIENTED_EDGE('',*,*,#4111,.F.);
#7088 = ORIENTED_EDGE('',*,*,#5957,.F.);
#7089 = ORIENTED_EDGE('',*,*,#6079,.T.);
#7090 = ADVANCED_FACE('',(#7091),#298,.F.);
#7091 = FACE_BOUND('',#7092,.F.);
#7092 = EDGE_LOOP('',(#7093,#7094,#7095));
#7093 = ORIENTED_EDGE('',*,*,#6021,.T.);
#7094 = ORIENTED_EDGE('',*,*,#6051,.T.);
#7095 = ORIENTED_EDGE('',*,*,#281,.F.);
#7096 = ADVANCED_FACE('',(#7097),#327,.T.);
#7097 = FACE_BOUND('',#7098,.T.);
#7098 = EDGE_LOOP('',(#7099,#7100,#7101,#7102,#7103,#7104,#7105,#7106));
#7099 = ORIENTED_EDGE('',*,*,#310,.T.);
#7100 = ORIENTED_EDGE('',*,*,#5994,.T.);
#7101 = ORIENTED_EDGE('',*,*,#5893,.T.);
#7102 = ORIENTED_EDGE('',*,*,#4017,.T.);
#7103 = ORIENTED_EDGE('',*,*,#3832,.T.);
#7104 = ORIENTED_EDGE('',*,*,#3521,.F.);
#7105 = ORIENTED_EDGE('',*,*,#6174,.F.);
#7106 = ORIENTED_EDGE('',*,*,#6296,.T.);
#7107 = ADVANCED_FACE('',(#7108),#355,.F.);
#7108 = FACE_BOUND('',#7109,.F.);
#7109 = EDGE_LOOP('',(#7110,#7111,#7112));
#7110 = ORIENTED_EDGE('',*,*,#6238,.T.);
#7111 = ORIENTED_EDGE('',*,*,#6268,.T.);
#7112 = ORIENTED_EDGE('',*,*,#338,.F.);
#7113 = ADVANCED_FACE('',(#7114),#384,.T.);
#7114 = FACE_BOUND('',#7115,.T.);
#7115 = EDGE_LOOP('',(#7116,#7117,#7118,#7119,#7120,#7121,#7122,#7123));
#7116 = ORIENTED_EDGE('',*,*,#3427,.T.);
#7117 = ORIENTED_EDGE('',*,*,#3242,.T.);
#7118 = ORIENTED_EDGE('',*,*,#2931,.F.);
#7119 = ORIENTED_EDGE('',*,*,#6391,.F.);
#7120 = ORIENTED_EDGE('',*,*,#6513,.T.);
#7121 = ORIENTED_EDGE('',*,*,#367,.T.);
#7122 = ORIENTED_EDGE('',*,*,#6211,.T.);
#7123 = ORIENTED_EDGE('',*,*,#6110,.T.);
#7124 = ADVANCED_FACE('',(#7125),#412,.F.);
#7125 = FACE_BOUND('',#7126,.F.);
#7126 = EDGE_LOOP('',(#7127,#7128,#7129));
#7127 = ORIENTED_EDGE('',*,*,#6455,.T.);
#7128 = ORIENTED_EDGE('',*,*,#6485,.T.);
#7129 = ORIENTED_EDGE('',*,*,#395,.F.);
#7130 = ADVANCED_FACE('',(#7131),#441,.T.);
#7131 = FACE_BOUND('',#7132,.T.);
#7132 = EDGE_LOOP('',(#7133,#7134,#7135,#7136,#7137,#7138,#7139,#7140));
#7133 = ORIENTED_EDGE('',*,*,#2837,.T.);
#7134 = ORIENTED_EDGE('',*,*,#2652,.T.);
#7135 = ORIENTED_EDGE('',*,*,#2341,.F.);
#7136 = ORIENTED_EDGE('',*,*,#6608,.F.);
#7137 = ORIENTED_EDGE('',*,*,#6730,.T.);
#7138 = ORIENTED_EDGE('',*,*,#424,.T.);
#7139 = ORIENTED_EDGE('',*,*,#6428,.T.);
#7140 = ORIENTED_EDGE('',*,*,#6327,.T.);
#7141 = ADVANCED_FACE('',(#7142),#469,.F.);
#7142 = FACE_BOUND('',#7143,.F.);
#7143 = EDGE_LOOP('',(#7144,#7145,#7146));
#7144 = ORIENTED_EDGE('',*,*,#6672,.T.);
#7145 = ORIENTED_EDGE('',*,*,#6702,.T.);
#7146 = ORIENTED_EDGE('',*,*,#452,.F.);
#7147 = ADVANCED_FACE('',(#7148),#498,.T.);
#7148 = FACE_BOUND('',#7149,.T.);
#7149 = EDGE_LOOP('',(#7150,#7151,#7152,#7153,#7154,#7155,#7156,#7157));
#7150 = ORIENTED_EDGE('',*,*,#2247,.T.);
#7151 = ORIENTED_EDGE('',*,*,#2062,.T.);
#7152 = ORIENTED_EDGE('',*,*,#1528,.F.);
#7153 = ORIENTED_EDGE('',*,*,#6791,.F.);
#7154 = ORIENTED_EDGE('',*,*,#6919,.T.);
#7155 = ORIENTED_EDGE('',*,*,#481,.T.);
#7156 = ORIENTED_EDGE('',*,*,#6645,.T.);
#7157 = ORIENTED_EDGE('',*,*,#6544,.T.);
#7158 = ADVANCED_FACE('',(#7159),#526,.F.);
#7159 = FACE_BOUND('',#7160,.F.);
#7160 = EDGE_LOOP('',(#7161,#7162,#7163));
#7161 = ORIENTED_EDGE('',*,*,#6861,.T.);
#7162 = ORIENTED_EDGE('',*,*,#6891,.T.);
#7163 = ORIENTED_EDGE('',*,*,#509,.F.);
#7164 = ADVANCED_FACE('',(#7165),#99,.T.);
#7165 = FACE_BOUND('',#7166,.T.);
#7166 = EDGE_LOOP('',(#7167,#7168,#7169,#7170,#7171,#7172,#7173,#7174,
    #7175));
#7167 = ORIENTED_EDGE('',*,*,#690,.T.);
#7168 = ORIENTED_EDGE('',*,*,#82,.T.);
#7169 = ORIENTED_EDGE('',*,*,#538,.T.);
#7170 = ORIENTED_EDGE('',*,*,#6947,.T.);
#7171 = ORIENTED_EDGE('',*,*,#6825,.T.);
#7172 = ORIENTED_EDGE('',*,*,#1857,.T.);
#7173 = ORIENTED_EDGE('',*,*,#1472,.T.);
#7174 = ORIENTED_EDGE('',*,*,#1161,.F.);
#7175 = ORIENTED_EDGE('',*,*,#789,.F.);
#7176 = ( GEOMETRIC_REPRESENTATION_CONTEXT(3) 
GLOBAL_UNCERTAINTY_ASSIGNED_CONTEXT((#7180)) 
GLOBAL_UNIT_ASSIGNED_CONTEXT((#7177,#7178,#7179)) REPRESENTATION_CONTEXT
('Context #1','3D Context with UNIT and UNCERTAINTY') );
#7177 = ( LENGTH_UNIT() NAMED_UNIT(*) SI_UNIT(.MILLI.,.METRE.) );
#7178 = ( NAMED_UNIT(*) PLANE_ANGLE_UNIT() SI_UNIT($,.RADIAN.) );
#7179 = ( NAMED_UNIT(*) SI_UNIT($,.STERADIAN.) SOLID_ANGLE_UNIT() );
#7180 = UNCERTAINTY_MEASURE_WITH_UNIT(LENGTH_MEASURE(2.E-06),#7177,
  'distance_accuracy_value','confusion accuracy');
#7181 = PRODUCT_RELATED_PRODUCT_CATEGORY('part',$,(#7));
ENDSEC;
END-ISO-10303-21;
