ISO-10303-21;
HEADER;
FILE_DESCRIPTION(('Open CASCADE Model'),'2;1');
FILE_NAME('Open CASCADE Shape Model','2026-08-15T22:43:08',('Author'),(
    'Open CASCADE'),'Open CASCADE STEP processor 7.9','Open CASCADE 7.9'
  ,'Unknown');
FILE_SCHEMA(('AUTOMOTIVE_DESIGN { 1 0 10303 214 1 1 1 1 }'));
ENDSEC;
DATA;
#1 = APPLICATION_PROTOCOL_DEFINITION('international standard',
  'automotive_design',2000,#2);
#2 = APPLICATION_CONTEXT(
  'core data for automotive mechanical design processes');
#3 = SHAPE_DEFINITION_REPRESENTATION(#4,#10);
#4 = PRODUCT_DEFINITION_SHAPE('','',#5);
#5 = PRODUCT_DEFINITION('design','',#6,#9);
#6 = PRODUCT_DEFINITION_FORMATION('','',#7);
#7 = PRODUCT('Open CASCADE STEP translator 7.9 1',
  'Open CASCADE STEP translator 7.9 1','',(#8));
#8 = PRODUCT_CONTEXT('',#2,'mechanical');
#9 = PRODUCT_DEFINITION_CONTEXT('part definition',#2,'design');
#10 = ADVANCED_BREP_SHAPE_REPRESENTATION('',(#11,#15),#8264);
#11 = AXIS2_PLACEMENT_3D('',#12,#13,#14);
#12 = CARTESIAN_POINT('',(0.,0.,0.));
#13 = DIRECTION('',(0.,0.,1.));
#14 = DIRECTION('',(1.,0.,-0.));
#15 = MANIFOLD_SOLID_BREP('',#16);
#16 = CLOSED_SHELL('',(#17,#238,#743,#798,#868,#919,#970,#1002,#1057,
    #1385,#1447,#1755,#1817,#2125,#2187,#2495,#2557,#2865,#2927,#3235,
    #3297,#3605,#3667,#3956,#4018,#4053,#4129,#4183,#4237,#4269,#4304,
    #4333,#4361,#4731,#4863,#5149,#5177,#5185,#5571,#5599,#5607,#5639,
    #6025,#6053,#6061,#6093,#6479,#6507,#6515,#6547,#6679,#6965,#6993,
    #7001,#7133,#7419,#7447,#7455,#7587,#7873,#7901,#7909,#7941,#7991,
    #8056,#8106,#8156,#8183,#8233));
#17 = ADVANCED_FACE('',(#18,#54,#85,#207),#31,.F.);
#18 = FACE_BOUND('',#19,.T.);
#19 = EDGE_LOOP('',(#20));
#20 = ORIENTED_EDGE('',*,*,#21,.F.);
#21 = EDGE_CURVE('',#22,#22,#24,.T.);
#22 = VERTEX_POINT('',#23);
#23 = CARTESIAN_POINT('',(19.650491378626,0.,12.6));
#24 = SURFACE_CURVE('',#25,(#30,#42),.PCURVE_S1.);
#25 = CIRCLE('',#26,19.650491378626);
#26 = AXIS2_PLACEMENT_3D('',#27,#28,#29);
#27 = CARTESIAN_POINT('',(0.,0.,12.6));
#28 = DIRECTION('',(0.,0.,1.));
#29 = DIRECTION('',(1.,0.,-0.));
#30 = PCURVE('',#31,#36);
#31 = PLANE('',#32);
#32 = AXIS2_PLACEMENT_3D('',#33,#34,#35);
#33 = CARTESIAN_POINT('',(0.,0.,12.6));
#34 = DIRECTION('',(0.,0.,1.));
#35 = DIRECTION('',(1.,0.,-0.));
#36 = DEFINITIONAL_REPRESENTATION('',(#37),#41);
#37 = CIRCLE('',#38,19.650491378626);
#38 = AXIS2_PLACEMENT_2D('',#39,#40);
#39 = CARTESIAN_POINT('',(0.,0.));
#40 = DIRECTION('',(1.,-0.));
#41 = ( GEOMETRIC_REPRESENTATION_CONTEXT(2) 
PARAMETRIC_REPRESENTATION_CONTEXT() REPRESENTATION_CONTEXT('2D SPACE',''
  ) );
#42 = PCURVE('',#43,#48);
#43 = CONICAL_SURFACE('',#44,19.650491378626,0.785398163397);
#44 = AXIS2_PLACEMENT_3D('',#45,#46,#47);
#45 = CARTESIAN_POINT('',(0.,0.,12.6));
#46 = DIRECTION('',(0.,0.,1.));
#47 = DIRECTION('',(1.,0.,-0.));
#48 = DEFINITIONAL_REPRESENTATION('',(#49),#53);
#49 = LINE('',#50,#51);
#50 = CARTESIAN_POINT('',(0.,0.));
#51 = VECTOR('',#52,1.);
#52 = DIRECTION('',(1.,0.));
#53 = ( GEOMETRIC_REPRESENTATION_CONTEXT(2) 
PARAMETRIC_REPRESENTATION_CONTEXT() REPRESENTATION_CONTEXT('2D SPACE',''
  ) );
#54 = FACE_BOUND('',#55,.T.);
#55 = EDGE_LOOP('',(#56));
#56 = ORIENTED_EDGE('',*,*,#57,.T.);
#57 = EDGE_CURVE('',#58,#58,#60,.T.);
#58 = VERTEX_POINT('',#59);
#59 = CARTESIAN_POINT('',(-5.75,-13.6,12.6));
#60 = SURFACE_CURVE('',#61,(#66,#73),.PCURVE_S1.);
#61 = CIRCLE('',#62,1.45);
#62 = AXIS2_PLACEMENT_3D('',#63,#64,#65);
#63 = CARTESIAN_POINT('',(-7.2,-13.6,12.6));
#64 = DIRECTION('',(0.,0.,1.));
#65 = DIRECTION('',(1.,0.,-0.));
#66 = PCURVE('',#31,#67);
#67 = DEFINITIONAL_REPRESENTATION('',(#68),#72);
#68 = CIRCLE('',#69,1.45);
#69 = AXIS2_PLACEMENT_2D('',#70,#71);
#70 = CARTESIAN_POINT('',(-7.2,-13.6));
#71 = DIRECTION('',(1.,-0.));
#72 = ( GEOMETRIC_REPRESENTATION_CONTEXT(2) 
PARAMETRIC_REPRESENTATION_CONTEXT() REPRESENTATION_CONTEXT('2D SPACE',''
  ) );
#73 = PCURVE('',#74,#79);
#74 = CYLINDRICAL_SURFACE('',#75,1.45);
#75 = AXIS2_PLACEMENT_3D('',#76,#77,#78);
#76 = CARTESIAN_POINT('',(-7.2,-13.6,11.6));
#77 = DIRECTION('',(0.,0.,1.));
#78 = DIRECTION('',(1.,0.,-0.));
#79 = DEFINITIONAL_REPRESENTATION('',(#80),#84);
#80 = LINE('',#81,#82);
#81 = CARTESIAN_POINT('',(0.,1.));
#82 = VECTOR('',#83,1.);
#83 = DIRECTION('',(1.,0.));
#84 = ( GEOMETRIC_REPRESENTATION_CONTEXT(2) 
PARAMETRIC_REPRESENTATION_CONTEXT() REPRESENTATION_CONTEXT('2D SPACE',''
  ) );
#85 = FACE_BOUND('',#86,.T.);
#86 = EDGE_LOOP('',(#87,#117,#149,#177));
#87 = ORIENTED_EDGE('',*,*,#88,.F.);
#88 = EDGE_CURVE('',#89,#91,#93,.T.);
#89 = VERTEX_POINT('',#90);
#90 = CARTESIAN_POINT('',(0.6,-2.,12.6));
#91 = VERTEX_POINT('',#92);
#92 = CARTESIAN_POINT('',(0.6,2.,12.6));
#93 = SURFACE_CURVE('',#94,(#98,#105),.PCURVE_S1.);
#94 = LINE('',#95,#96);
#95 = CARTESIAN_POINT('',(0.6,-2.,12.6));
#96 = VECTOR('',#97,1.);
#97 = DIRECTION('',(0.,1.,0.));
#98 = PCURVE('',#31,#99);
#99 = DEFINITIONAL_REPRESENTATION('',(#100),#104);
#100 = LINE('',#101,#102);
#101 = CARTESIAN_POINT('',(0.6,-2.));
#102 = VECTOR('',#103,1.);
#103 = DIRECTION('',(-0.,1.));
#104 = ( GEOMETRIC_REPRESENTATION_CONTEXT(2) 
PARAMETRIC_REPRESENTATION_CONTEXT() REPRESENTATION_CONTEXT('2D SPACE',''
  ) );
#105 = PCURVE('',#106,#111);
#106 = PLANE('',#107);
#107 = AXIS2_PLACEMENT_3D('',#108,#109,#110);
#108 = CARTESIAN_POINT('',(1.,-2.,13.));
#109 = DIRECTION('',(0.707106781187,0.,-0.707106781187));
#110 = DIRECTION('',(0.,1.,0.));
#111 = DEFINITIONAL_REPRESENTATION('',(#112),#116);
#112 = LINE('',#113,#114);
#113 = CARTESIAN_POINT('',(0.,-0.565685424949));
#114 = VECTOR('',#115,1.);
#115 = DIRECTION('',(1.,0.));
#116 = ( GEOMETRIC_REPRESENTATION_CONTEXT(2) 
PARAMETRIC_REPRESENTATION_CONTEXT() REPRESENTATION_CONTEXT('2D SPACE',''
  ) );
#117 = ORIENTED_EDGE('',*,*,#118,.F.);
#118 = EDGE_CURVE('',#119,#89,#121,.T.);
#119 = VERTEX_POINT('',#120);
#120 = CARTESIAN_POINT('',(11.4,-2.,12.6));
#121 = SURFACE_CURVE('',#122,(#127,#138),.PCURVE_S1.);
#122 = CIRCLE('',#123,5.4);
#123 = AXIS2_PLACEMENT_3D('',#124,#125,#126);
#124 = CARTESIAN_POINT('',(6.,-2.,12.6));
#125 = DIRECTION('',(0.,0.,-1.));
#126 = DIRECTION('',(1.,8.223874256483E-17,0.));
#127 = PCURVE('',#31,#128);
#128 = DEFINITIONAL_REPRESENTATION('',(#129),#137);
#129 = ( BOUNDED_CURVE() B_SPLINE_CURVE(2,(#130,#131,#132,#133,#134,#135
,#136),.UNSPECIFIED.,.T.,.F.) B_SPLINE_CURVE_WITH_KNOTS((1,2,2,2,2,1),(
    -2.094395102393,0.,2.094395102393,4.188790204786,6.28318530718,
8.377580409573),.UNSPECIFIED.) CURVE() GEOMETRIC_REPRESENTATION_ITEM() 
RATIONAL_B_SPLINE_CURVE((1.,0.5,1.,0.5,1.,0.5,1.)) REPRESENTATION_ITEM(
  '') );
#130 = CARTESIAN_POINT('',(11.4,-2.));
#131 = CARTESIAN_POINT('',(11.4,-11.35307436087));
#132 = CARTESIAN_POINT('',(3.3,-6.676537180436));
#133 = CARTESIAN_POINT('',(-4.8,-2.));
#134 = CARTESIAN_POINT('',(3.3,2.676537180436));
#135 = CARTESIAN_POINT('',(11.4,7.353074360872));
#136 = CARTESIAN_POINT('',(11.4,-2.));
#137 = ( GEOMETRIC_REPRESENTATION_CONTEXT(2) 
PARAMETRIC_REPRESENTATION_CONTEXT() REPRESENTATION_CONTEXT('2D SPACE',''
  ) );
#138 = PCURVE('',#139,#144);
#139 = CONICAL_SURFACE('',#140,5.4,0.785398163397);
#140 = AXIS2_PLACEMENT_3D('',#141,#142,#143);
#141 = CARTESIAN_POINT('',(6.,-2.,12.6));
#142 = DIRECTION('',(0.,0.,-1.));
#143 = DIRECTION('',(1.,8.223874256483E-17,0.));
#144 = DEFINITIONAL_REPRESENTATION('',(#145),#148);
#145 = B_SPLINE_CURVE_WITH_KNOTS('',1,(#146,#147),.UNSPECIFIED.,.F.,.F.,
  (2,2),(0.,3.14159265359),.PIECEWISE_BEZIER_KNOTS.);
#146 = CARTESIAN_POINT('',(0.,0.));
#147 = CARTESIAN_POINT('',(3.14159265359,0.));
#148 = ( GEOMETRIC_REPRESENTATION_CONTEXT(2) 
PARAMETRIC_REPRESENTATION_CONTEXT() REPRESENTATION_CONTEXT('2D SPACE',''
  ) );
#149 = ORIENTED_EDGE('',*,*,#150,.F.);
#150 = EDGE_CURVE('',#151,#119,#153,.T.);
#151 = VERTEX_POINT('',#152);
#152 = CARTESIAN_POINT('',(11.4,2.,12.6));
#153 = SURFACE_CURVE('',#154,(#158,#165),.PCURVE_S1.);
#154 = LINE('',#155,#156);
#155 = CARTESIAN_POINT('',(11.4,2.,12.6));
#156 = VECTOR('',#157,1.);
#157 = DIRECTION('',(-4.440892098501E-16,-1.,0.));
#158 = PCURVE('',#31,#159);
#159 = DEFINITIONAL_REPRESENTATION('',(#160),#164);
#160 = LINE('',#161,#162);
#161 = CARTESIAN_POINT('',(11.4,2.));
#162 = VECTOR('',#163,1.);
#163 = DIRECTION('',(-4.440892098501E-16,-1.));
#164 = ( GEOMETRIC_REPRESENTATION_CONTEXT(2) 
PARAMETRIC_REPRESENTATION_CONTEXT() REPRESENTATION_CONTEXT('2D SPACE',''
  ) );
#165 = PCURVE('',#166,#171);
#166 = PLANE('',#167);
#167 = AXIS2_PLACEMENT_3D('',#168,#169,#170);
#168 = CARTESIAN_POINT('',(11.,2.,13.));
#169 = DIRECTION('',(-0.707106781187,-0.,-0.707106781187));
#170 = DIRECTION('',(0.,-1.,0.));
#171 = DEFINITIONAL_REPRESENTATION('',(#172),#176);
#172 = LINE('',#173,#174);
#173 = CARTESIAN_POINT('',(-8.881784197001E-16,-0.565685424949));
#174 = VECTOR('',#175,1.);
#175 = DIRECTION('',(1.,3.140184917368E-16));
#176 = ( GEOMETRIC_REPRESENTATION_CONTEXT(2) 
PARAMETRIC_REPRESENTATION_CONTEXT() REPRESENTATION_CONTEXT('2D SPACE',''
  ) );
#177 = ORIENTED_EDGE('',*,*,#178,.F.);
#178 = EDGE_CURVE('',#91,#151,#179,.T.);
#179 = SURFACE_CURVE('',#180,(#185,#196),.PCURVE_S1.);
#180 = CIRCLE('',#181,5.4);
#181 = AXIS2_PLACEMENT_3D('',#182,#183,#184);
#182 = CARTESIAN_POINT('',(6.,2.,12.6));
#183 = DIRECTION('',(0.,0.,-1.));
#184 = DIRECTION('',(-1.,-8.223874256483E-17,-0.));
#185 = PCURVE('',#31,#186);
#186 = DEFINITIONAL_REPRESENTATION('',(#187),#195);
#187 = ( BOUNDED_CURVE() B_SPLINE_CURVE(2,(#188,#189,#190,#191,#192,#193
,#194),.UNSPECIFIED.,.T.,.F.) B_SPLINE_CURVE_WITH_KNOTS((1,2,2,2,2,1),(
    -2.094395102393,0.,2.094395102393,4.188790204786,6.28318530718,
8.377580409573),.UNSPECIFIED.) CURVE() GEOMETRIC_REPRESENTATION_ITEM() 
RATIONAL_B_SPLINE_CURVE((1.,0.5,1.,0.5,1.,0.5,1.)) REPRESENTATION_ITEM(
  '') );
#188 = CARTESIAN_POINT('',(0.6,2.));
#189 = CARTESIAN_POINT('',(0.6,11.353074360872));
#190 = CARTESIAN_POINT('',(8.7,6.676537180436));
#191 = CARTESIAN_POINT('',(16.8,2.));
#192 = CARTESIAN_POINT('',(8.7,-2.676537180436));
#193 = CARTESIAN_POINT('',(0.6,-7.353074360872));
#194 = CARTESIAN_POINT('',(0.6,2.));
#195 = ( GEOMETRIC_REPRESENTATION_CONTEXT(2) 
PARAMETRIC_REPRESENTATION_CONTEXT() REPRESENTATION_CONTEXT('2D SPACE',''
  ) );
#196 = PCURVE('',#197,#202);
#197 = CONICAL_SURFACE('',#198,5.4,0.785398163397);
#198 = AXIS2_PLACEMENT_3D('',#199,#200,#201);
#199 = CARTESIAN_POINT('',(6.,2.,12.6));
#200 = DIRECTION('',(0.,0.,-1.));
#201 = DIRECTION('',(-1.,-8.223874256483E-17,-0.));
#202 = DEFINITIONAL_REPRESENTATION('',(#203),#206);
#203 = B_SPLINE_CURVE_WITH_KNOTS('',1,(#204,#205),.UNSPECIFIED.,.F.,.F.,
  (2,2),(0.,3.14159265359),.PIECEWISE_BEZIER_KNOTS.);
#204 = CARTESIAN_POINT('',(0.,0.));
#205 = CARTESIAN_POINT('',(3.14159265359,0.));
#206 = ( GEOMETRIC_REPRESENTATION_CONTEXT(2) 
PARAMETRIC_REPRESENTATION_CONTEXT() REPRESENTATION_CONTEXT('2D SPACE',''
  ) );
#207 = FACE_BOUND('',#208,.T.);
#208 = EDGE_LOOP('',(#209));
#209 = ORIENTED_EDGE('',*,*,#210,.T.);
#210 = EDGE_CURVE('',#211,#211,#213,.T.);
#211 = VERTEX_POINT('',#212);
#212 = CARTESIAN_POINT('',(-5.75,13.6,12.6));
#213 = SURFACE_CURVE('',#214,(#219,#226),.PCURVE_S1.);
#214 = CIRCLE('',#215,1.45);
#215 = AXIS2_PLACEMENT_3D('',#216,#217,#218);
#216 = CARTESIAN_POINT('',(-7.2,13.6,12.6));
#217 = DIRECTION('',(0.,0.,1.));
#218 = DIRECTION('',(1.,0.,-0.));
#219 = PCURVE('',#31,#220);
#220 = DEFINITIONAL_REPRESENTATION('',(#221),#225);
#221 = CIRCLE('',#222,1.45);
#222 = AXIS2_PLACEMENT_2D('',#223,#224);
#223 = CARTESIAN_POINT('',(-7.2,13.6));
#224 = DIRECTION('',(1.,-0.));
#225 = ( GEOMETRIC_REPRESENTATION_CONTEXT(2) 
PARAMETRIC_REPRESENTATION_CONTEXT() REPRESENTATION_CONTEXT('2D SPACE',''
  ) );
#226 = PCURVE('',#227,#232);
#227 = CYLINDRICAL_SURFACE('',#228,1.45);
#228 = AXIS2_PLACEMENT_3D('',#229,#230,#231);
#229 = CARTESIAN_POINT('',(-7.2,13.6,11.6));
#230 = DIRECTION('',(0.,0.,1.));
#231 = DIRECTION('',(1.,0.,-0.));
#232 = DEFINITIONAL_REPRESENTATION('',(#233),#237);
#233 = LINE('',#234,#235);
#234 = CARTESIAN_POINT('',(0.,1.));
#235 = VECTOR('',#236,1.);
#236 = DIRECTION('',(1.,0.));
#237 = ( GEOMETRIC_REPRESENTATION_CONTEXT(2) 
PARAMETRIC_REPRESENTATION_CONTEXT() REPRESENTATION_CONTEXT('2D SPACE',''
  ) );
#238 = ADVANCED_FACE('',(#239),#43,.T.);
#239 = FACE_BOUND('',#240,.T.);
#240 = EDGE_LOOP('',(#241,#242,#265,#293,#322,#350,#379,#407,#436,#464,
    #493,#521,#550,#578,#607,#635,#664,#692,#721,#742));
#241 = ORIENTED_EDGE('',*,*,#21,.T.);
#242 = ORIENTED_EDGE('',*,*,#243,.T.);
#243 = EDGE_CURVE('',#22,#244,#246,.T.);
#244 = VERTEX_POINT('',#245);
#245 = CARTESIAN_POINT('',(20.050491378626,0.,13.));
#246 = SEAM_CURVE('',#247,(#251,#258),.PCURVE_S1.);
#247 = LINE('',#248,#249);
#248 = CARTESIAN_POINT('',(19.650491378626,0.,12.6));
#249 = VECTOR('',#250,1.);
#250 = DIRECTION('',(0.707106781187,0.,0.707106781187));
#251 = PCURVE('',#43,#252);
#252 = DEFINITIONAL_REPRESENTATION('',(#253),#257);
#253 = LINE('',#254,#255);
#254 = CARTESIAN_POINT('',(0.,0.));
#255 = VECTOR('',#256,1.);
#256 = DIRECTION('',(0.,1.));
#257 = ( GEOMETRIC_REPRESENTATION_CONTEXT(2) 
PARAMETRIC_REPRESENTATION_CONTEXT() REPRESENTATION_CONTEXT('2D SPACE',''
  ) );
#258 = PCURVE('',#43,#259);
#259 = DEFINITIONAL_REPRESENTATION('',(#260),#264);
#260 = LINE('',#261,#262);
#261 = CARTESIAN_POINT('',(6.28318530718,0.));
#262 = VECTOR('',#263,1.);
#263 = DIRECTION('',(0.,1.));
#264 = ( GEOMETRIC_REPRESENTATION_CONTEXT(2) 
PARAMETRIC_REPRESENTATION_CONTEXT() REPRESENTATION_CONTEXT('2D SPACE',''
  ) );
#265 = ORIENTED_EDGE('',*,*,#266,.F.);
#266 = EDGE_CURVE('',#267,#244,#269,.T.);
#267 = VERTEX_POINT('',#268);
#268 = CARTESIAN_POINT('',(18.797259733039,-6.977480279659,13.));
#269 = SURFACE_CURVE('',#270,(#275,#282),.PCURVE_S1.);
#270 = CIRCLE('',#271,20.050491378626);
#271 = AXIS2_PLACEMENT_3D('',#272,#273,#274);
#272 = CARTESIAN_POINT('',(0.,0.,13.));
#273 = DIRECTION('',(0.,0.,1.));
#274 = DIRECTION('',(1.,0.,-0.));
#275 = PCURVE('',#43,#276);
#276 = DEFINITIONAL_REPRESENTATION('',(#277),#281);
#277 = LINE('',#278,#279);
#278 = CARTESIAN_POINT('',(0.,0.4));
#279 = VECTOR('',#280,1.);
#280 = DIRECTION('',(1.,0.));
#281 = ( GEOMETRIC_REPRESENTATION_CONTEXT(2) 
PARAMETRIC_REPRESENTATION_CONTEXT() REPRESENTATION_CONTEXT('2D SPACE',''
  ) );
#282 = PCURVE('',#283,#288);
#283 = CONICAL_SURFACE('',#284,20.050491378626,0.13962634016);
#284 = AXIS2_PLACEMENT_3D('',#285,#286,#287);
#285 = CARTESIAN_POINT('',(0.,0.,13.));
#286 = DIRECTION('',(-0.,-0.,-1.));
#287 = DIRECTION('',(1.,0.,-0.));
#288 = DEFINITIONAL_REPRESENTATION('',(#289),#292);
#289 = B_SPLINE_CURVE_WITH_KNOTS('',1,(#290,#291),.UNSPECIFIED.,.F.,.F.,
  (2,2),(0.429966078762,6.28318530718),.PIECEWISE_BEZIER_KNOTS.);
#290 = CARTESIAN_POINT('',(-0.429966078762,0.));
#291 = CARTESIAN_POINT('',(-6.28318530718,0.));
#292 = ( GEOMETRIC_REPRESENTATION_CONTEXT(2) 
PARAMETRIC_REPRESENTATION_CONTEXT() REPRESENTATION_CONTEXT('2D SPACE',''
  ) );
#293 = ORIENTED_EDGE('',*,*,#294,.F.);
#294 = EDGE_CURVE('',#295,#267,#297,.T.);
#295 = VERTEX_POINT('',#296);
#296 = CARTESIAN_POINT('',(18.225493446299,-8.357846203614,13.));
#297 = SURFACE_CURVE('',#298,(#303,#310),.PCURVE_S1.);
#298 = CIRCLE('',#299,20.050491378626);
#299 = AXIS2_PLACEMENT_3D('',#300,#301,#302);
#300 = CARTESIAN_POINT('',(0.,0.,13.));
#301 = DIRECTION('',(0.,0.,1.));
#302 = DIRECTION('',(1.,0.,-0.));
#303 = PCURVE('',#43,#304);
#304 = DEFINITIONAL_REPRESENTATION('',(#305),#309);
#305 = LINE('',#306,#307);
#306 = CARTESIAN_POINT('',(0.,0.4));
#307 = VECTOR('',#308,1.);
#308 = DIRECTION('',(1.,0.));
#309 = ( GEOMETRIC_REPRESENTATION_CONTEXT(2) 
PARAMETRIC_REPRESENTATION_CONTEXT() REPRESENTATION_CONTEXT('2D SPACE',''
  ) );
#310 = PCURVE('',#311,#316);
#311 = PLANE('',#312);
#312 = AXIS2_PLACEMENT_3D('',#313,#314,#315);
#313 = CARTESIAN_POINT('',(-52.26251859505,-21.64784400584,13.));
#314 = DIRECTION('',(0.,0.,1.));
#315 = DIRECTION('',(0.923879532511,-0.382683432365,0.));
#316 = DEFINITIONAL_REPRESENTATION('',(#317),#321);
#317 = CIRCLE('',#318,20.050491378626);
#318 = AXIS2_PLACEMENT_2D('',#319,#320);
#319 = CARTESIAN_POINT('',(40.,40.));
#320 = DIRECTION('',(0.923879532511,0.382683432365));
#321 = ( GEOMETRIC_REPRESENTATION_CONTEXT(2) 
PARAMETRIC_REPRESENTATION_CONTEXT() REPRESENTATION_CONTEXT('2D SPACE',''
  ) );
#322 = ORIENTED_EDGE('',*,*,#323,.F.);
#323 = EDGE_CURVE('',#324,#295,#326,.T.);
#324 = VERTEX_POINT('',#325);
#325 = CARTESIAN_POINT('',(8.357846203614,-18.22549344629,13.));
#326 = SURFACE_CURVE('',#327,(#332,#339),.PCURVE_S1.);
#327 = CIRCLE('',#328,20.050491378626);
#328 = AXIS2_PLACEMENT_3D('',#329,#330,#331);
#329 = CARTESIAN_POINT('',(0.,0.,13.));
#330 = DIRECTION('',(0.,0.,1.));
#331 = DIRECTION('',(1.,0.,-0.));
#332 = PCURVE('',#43,#333);
#333 = DEFINITIONAL_REPRESENTATION('',(#334),#338);
#334 = LINE('',#335,#336);
#335 = CARTESIAN_POINT('',(0.,0.4));
#336 = VECTOR('',#337,1.);
#337 = DIRECTION('',(1.,0.));
#338 = ( GEOMETRIC_REPRESENTATION_CONTEXT(2) 
PARAMETRIC_REPRESENTATION_CONTEXT() REPRESENTATION_CONTEXT('2D SPACE',''
  ) );
#339 = PCURVE('',#340,#345);
#340 = CONICAL_SURFACE('',#341,20.050491378626,0.13962634016);
#341 = AXIS2_PLACEMENT_3D('',#342,#343,#344);
#342 = CARTESIAN_POINT('',(0.,0.,13.));
#343 = DIRECTION('',(-0.,-0.,-1.));
#344 = DIRECTION('',(1.,0.,-0.));
#345 = DEFINITIONAL_REPRESENTATION('',(#346),#349);
#346 = B_SPLINE_CURVE_WITH_KNOTS('',1,(#347,#348),.UNSPECIFIED.,.F.,.F.,
  (2,2),(0.429966078762,6.28318530718),.PIECEWISE_BEZIER_KNOTS.);
#347 = CARTESIAN_POINT('',(-0.429966078762,0.));
#348 = CARTESIAN_POINT('',(-6.28318530718,0.));
#349 = ( GEOMETRIC_REPRESENTATION_CONTEXT(2) 
PARAMETRIC_REPRESENTATION_CONTEXT() REPRESENTATION_CONTEXT('2D SPACE',''
  ) );
#350 = ORIENTED_EDGE('',*,*,#351,.F.);
#351 = EDGE_CURVE('',#352,#324,#354,.T.);
#352 = VERTEX_POINT('',#353);
#353 = CARTESIAN_POINT('',(6.977480279659,-18.79725973303,13.));
#354 = SURFACE_CURVE('',#355,(#360,#367),.PCURVE_S1.);
#355 = CIRCLE('',#356,20.050491378626);
#356 = AXIS2_PLACEMENT_3D('',#357,#358,#359);
#357 = CARTESIAN_POINT('',(0.,0.,13.));
#358 = DIRECTION('',(0.,0.,1.));
#359 = DIRECTION('',(1.,0.,-0.));
#360 = PCURVE('',#43,#361);
#361 = DEFINITIONAL_REPRESENTATION('',(#362),#366);
#362 = LINE('',#363,#364);
#363 = CARTESIAN_POINT('',(0.,0.4));
#364 = VECTOR('',#365,1.);
#365 = DIRECTION('',(1.,0.));
#366 = ( GEOMETRIC_REPRESENTATION_CONTEXT(2) 
PARAMETRIC_REPRESENTATION_CONTEXT() REPRESENTATION_CONTEXT('2D SPACE',''
  ) );
#367 = PCURVE('',#368,#373);
#368 = PLANE('',#369);
#369 = AXIS2_PLACEMENT_3D('',#370,#371,#372);
#370 = CARTESIAN_POINT('',(-52.26251859505,21.647844005848,13.));
#371 = DIRECTION('',(0.,0.,1.));
#372 = DIRECTION('',(0.382683432365,-0.923879532511,0.));
#373 = DEFINITIONAL_REPRESENTATION('',(#374),#378);
#374 = CIRCLE('',#375,20.050491378626);
#375 = AXIS2_PLACEMENT_2D('',#376,#377);
#376 = CARTESIAN_POINT('',(40.,40.));
#377 = DIRECTION('',(0.382683432365,0.923879532511));
#378 = ( GEOMETRIC_REPRESENTATION_CONTEXT(2) 
PARAMETRIC_REPRESENTATION_CONTEXT() REPRESENTATION_CONTEXT('2D SPACE',''
  ) );
#379 = ORIENTED_EDGE('',*,*,#380,.F.);
#380 = EDGE_CURVE('',#381,#352,#383,.T.);
#381 = VERTEX_POINT('',#382);
#382 = CARTESIAN_POINT('',(-6.977480279659,-18.79725973303,13.));
#383 = SURFACE_CURVE('',#384,(#389,#396),.PCURVE_S1.);
#384 = CIRCLE('',#385,20.050491378626);
#385 = AXIS2_PLACEMENT_3D('',#386,#387,#388);
#386 = CARTESIAN_POINT('',(0.,0.,13.));
#387 = DIRECTION('',(0.,0.,1.));
#388 = DIRECTION('',(1.,0.,-0.));
#389 = PCURVE('',#43,#390);
#390 = DEFINITIONAL_REPRESENTATION('',(#391),#395);
#391 = LINE('',#392,#393);
#392 = CARTESIAN_POINT('',(0.,0.4));
#393 = VECTOR('',#394,1.);
#394 = DIRECTION('',(1.,0.));
#395 = ( GEOMETRIC_REPRESENTATION_CONTEXT(2) 
PARAMETRIC_REPRESENTATION_CONTEXT() REPRESENTATION_CONTEXT('2D SPACE',''
  ) );
#396 = PCURVE('',#397,#402);
#397 = CONICAL_SURFACE('',#398,20.050491378626,0.13962634016);
#398 = AXIS2_PLACEMENT_3D('',#399,#400,#401);
#399 = CARTESIAN_POINT('',(0.,0.,13.));
#400 = DIRECTION('',(-0.,-0.,-1.));
#401 = DIRECTION('',(1.,0.,-0.));
#402 = DEFINITIONAL_REPRESENTATION('',(#403),#406);
#403 = B_SPLINE_CURVE_WITH_KNOTS('',1,(#404,#405),.UNSPECIFIED.,.F.,.F.,
  (2,2),(0.429966078762,6.28318530718),.PIECEWISE_BEZIER_KNOTS.);
#404 = CARTESIAN_POINT('',(-0.429966078762,0.));
#405 = CARTESIAN_POINT('',(-6.28318530718,0.));
#406 = ( GEOMETRIC_REPRESENTATION_CONTEXT(2) 
PARAMETRIC_REPRESENTATION_CONTEXT() REPRESENTATION_CONTEXT('2D SPACE',''
  ) );
#407 = ORIENTED_EDGE('',*,*,#408,.F.);
#408 = EDGE_CURVE('',#409,#381,#411,.T.);
#409 = VERTEX_POINT('',#410);
#410 = CARTESIAN_POINT('',(-8.357846203614,-18.22549344629,13.));
#411 = SURFACE_CURVE('',#412,(#417,#424),.PCURVE_S1.);
#412 = CIRCLE('',#413,20.050491378626);
#413 = AXIS2_PLACEMENT_3D('',#414,#415,#416);
#414 = CARTESIAN_POINT('',(0.,0.,13.));
#415 = DIRECTION('',(0.,0.,1.));
#416 = DIRECTION('',(1.,0.,-0.));
#417 = PCURVE('',#43,#418);
#418 = DEFINITIONAL_REPRESENTATION('',(#419),#423);
#419 = LINE('',#420,#421);
#420 = CARTESIAN_POINT('',(0.,0.4));
#421 = VECTOR('',#422,1.);
#422 = DIRECTION('',(1.,0.));
#423 = ( GEOMETRIC_REPRESENTATION_CONTEXT(2) 
PARAMETRIC_REPRESENTATION_CONTEXT() REPRESENTATION_CONTEXT('2D SPACE',''
  ) );
#424 = PCURVE('',#425,#430);
#425 = PLANE('',#426);
#426 = AXIS2_PLACEMENT_3D('',#427,#428,#429);
#427 = CARTESIAN_POINT('',(-21.64784400584,52.262518595055,13.));
#428 = DIRECTION('',(0.,0.,1.));
#429 = DIRECTION('',(-0.382683432365,-0.923879532511,0.));
#430 = DEFINITIONAL_REPRESENTATION('',(#431),#435);
#431 = CIRCLE('',#432,20.050491378626);
#432 = AXIS2_PLACEMENT_2D('',#433,#434);
#433 = CARTESIAN_POINT('',(40.,40.));
#434 = DIRECTION('',(-0.382683432365,0.923879532511));
#435 = ( GEOMETRIC_REPRESENTATION_CONTEXT(2) 
PARAMETRIC_REPRESENTATION_CONTEXT() REPRESENTATION_CONTEXT('2D SPACE',''
  ) );
#436 = ORIENTED_EDGE('',*,*,#437,.F.);
#437 = EDGE_CURVE('',#438,#409,#440,.T.);
#438 = VERTEX_POINT('',#439);
#439 = CARTESIAN_POINT('',(-18.22549344629,-8.357846203614,13.));
#440 = SURFACE_CURVE('',#441,(#446,#453),.PCURVE_S1.);
#441 = CIRCLE('',#442,20.050491378626);
#442 = AXIS2_PLACEMENT_3D('',#443,#444,#445);
#443 = CARTESIAN_POINT('',(0.,0.,13.));
#444 = DIRECTION('',(0.,0.,1.));
#445 = DIRECTION('',(1.,0.,-0.));
#446 = PCURVE('',#43,#447);
#447 = DEFINITIONAL_REPRESENTATION('',(#448),#452);
#448 = LINE('',#449,#450);
#449 = CARTESIAN_POINT('',(0.,0.4));
#450 = VECTOR('',#451,1.);
#451 = DIRECTION('',(1.,0.));
#452 = ( GEOMETRIC_REPRESENTATION_CONTEXT(2) 
PARAMETRIC_REPRESENTATION_CONTEXT() REPRESENTATION_CONTEXT('2D SPACE',''
  ) );
#453 = PCURVE('',#454,#459);
#454 = CONICAL_SURFACE('',#455,20.050491378626,0.13962634016);
#455 = AXIS2_PLACEMENT_3D('',#456,#457,#458);
#456 = CARTESIAN_POINT('',(0.,0.,13.));
#457 = DIRECTION('',(-0.,-0.,-1.));
#458 = DIRECTION('',(1.,0.,-0.));
#459 = DEFINITIONAL_REPRESENTATION('',(#460),#463);
#460 = B_SPLINE_CURVE_WITH_KNOTS('',1,(#461,#462),.UNSPECIFIED.,.F.,.F.,
  (2,2),(0.429966078762,6.28318530718),.PIECEWISE_BEZIER_KNOTS.);
#461 = CARTESIAN_POINT('',(-0.429966078762,0.));
#462 = CARTESIAN_POINT('',(-6.28318530718,0.));
#463 = ( GEOMETRIC_REPRESENTATION_CONTEXT(2) 
PARAMETRIC_REPRESENTATION_CONTEXT() REPRESENTATION_CONTEXT('2D SPACE',''
  ) );
#464 = ORIENTED_EDGE('',*,*,#465,.F.);
#465 = EDGE_CURVE('',#466,#438,#468,.T.);
#466 = VERTEX_POINT('',#467);
#467 = CARTESIAN_POINT('',(-18.79725973303,-6.977480279659,13.));
#468 = SURFACE_CURVE('',#469,(#474,#481),.PCURVE_S1.);
#469 = CIRCLE('',#470,20.050491378626);
#470 = AXIS2_PLACEMENT_3D('',#471,#472,#473);
#471 = CARTESIAN_POINT('',(0.,0.,13.));
#472 = DIRECTION('',(0.,0.,1.));
#473 = DIRECTION('',(1.,0.,-0.));
#474 = PCURVE('',#43,#475);
#475 = DEFINITIONAL_REPRESENTATION('',(#476),#480);
#476 = LINE('',#477,#478);
#477 = CARTESIAN_POINT('',(0.,0.4));
#478 = VECTOR('',#479,1.);
#479 = DIRECTION('',(1.,0.));
#480 = ( GEOMETRIC_REPRESENTATION_CONTEXT(2) 
PARAMETRIC_REPRESENTATION_CONTEXT() REPRESENTATION_CONTEXT('2D SPACE',''
  ) );
#481 = PCURVE('',#482,#487);
#482 = PLANE('',#483);
#483 = AXIS2_PLACEMENT_3D('',#484,#485,#486);
#484 = CARTESIAN_POINT('',(21.647844005848,52.262518595055,13.));
#485 = DIRECTION('',(0.,0.,1.));
#486 = DIRECTION('',(-0.923879532511,-0.382683432365,0.));
#487 = DEFINITIONAL_REPRESENTATION('',(#488),#492);
#488 = CIRCLE('',#489,20.050491378626);
#489 = AXIS2_PLACEMENT_2D('',#490,#491);
#490 = CARTESIAN_POINT('',(40.,40.));
#491 = DIRECTION('',(-0.923879532511,0.382683432365));
#492 = ( GEOMETRIC_REPRESENTATION_CONTEXT(2) 
PARAMETRIC_REPRESENTATION_CONTEXT() REPRESENTATION_CONTEXT('2D SPACE',''
  ) );
#493 = ORIENTED_EDGE('',*,*,#494,.F.);
#494 = EDGE_CURVE('',#495,#466,#497,.T.);
#495 = VERTEX_POINT('',#496);
#496 = CARTESIAN_POINT('',(-18.79725973303,6.977480279659,13.));
#497 = SURFACE_CURVE('',#498,(#503,#510),.PCURVE_S1.);
#498 = CIRCLE('',#499,20.050491378626);
#499 = AXIS2_PLACEMENT_3D('',#500,#501,#502);
#500 = CARTESIAN_POINT('',(0.,0.,13.));
#501 = DIRECTION('',(0.,0.,1.));
#502 = DIRECTION('',(1.,0.,-0.));
#503 = PCURVE('',#43,#504);
#504 = DEFINITIONAL_REPRESENTATION('',(#505),#509);
#505 = LINE('',#506,#507);
#506 = CARTESIAN_POINT('',(0.,0.4));
#507 = VECTOR('',#508,1.);
#508 = DIRECTION('',(1.,0.));
#509 = ( GEOMETRIC_REPRESENTATION_CONTEXT(2) 
PARAMETRIC_REPRESENTATION_CONTEXT() REPRESENTATION_CONTEXT('2D SPACE',''
  ) );
#510 = PCURVE('',#511,#516);
#511 = CONICAL_SURFACE('',#512,20.050491378626,0.13962634016);
#512 = AXIS2_PLACEMENT_3D('',#513,#514,#515);
#513 = CARTESIAN_POINT('',(0.,0.,13.));
#514 = DIRECTION('',(-0.,-0.,-1.));
#515 = DIRECTION('',(1.,0.,-0.));
#516 = DEFINITIONAL_REPRESENTATION('',(#517),#520);
#517 = B_SPLINE_CURVE_WITH_KNOTS('',1,(#518,#519),.UNSPECIFIED.,.F.,.F.,
  (2,2),(0.429966078762,6.28318530718),.PIECEWISE_BEZIER_KNOTS.);
#518 = CARTESIAN_POINT('',(-0.429966078762,0.));
#519 = CARTESIAN_POINT('',(-6.28318530718,0.));
#520 = ( GEOMETRIC_REPRESENTATION_CONTEXT(2) 
PARAMETRIC_REPRESENTATION_CONTEXT() REPRESENTATION_CONTEXT('2D SPACE',''
  ) );
#521 = ORIENTED_EDGE('',*,*,#522,.F.);
#522 = EDGE_CURVE('',#523,#495,#525,.T.);
#523 = VERTEX_POINT('',#524);
#524 = CARTESIAN_POINT('',(-18.22549344629,8.357846203614,13.));
#525 = SURFACE_CURVE('',#526,(#531,#538),.PCURVE_S1.);
#526 = CIRCLE('',#527,20.050491378626);
#527 = AXIS2_PLACEMENT_3D('',#528,#529,#530);
#528 = CARTESIAN_POINT('',(0.,0.,13.));
#529 = DIRECTION('',(0.,0.,1.));
#530 = DIRECTION('',(1.,0.,-0.));
#531 = PCURVE('',#43,#532);
#532 = DEFINITIONAL_REPRESENTATION('',(#533),#537);
#533 = LINE('',#534,#535);
#534 = CARTESIAN_POINT('',(0.,0.4));
#535 = VECTOR('',#536,1.);
#536 = DIRECTION('',(1.,0.));
#537 = ( GEOMETRIC_REPRESENTATION_CONTEXT(2) 
PARAMETRIC_REPRESENTATION_CONTEXT() REPRESENTATION_CONTEXT('2D SPACE',''
  ) );
#538 = PCURVE('',#539,#544);
#539 = PLANE('',#540);
#540 = AXIS2_PLACEMENT_3D('',#541,#542,#543);
#541 = CARTESIAN_POINT('',(52.262518595055,21.647844005848,13.));
#542 = DIRECTION('',(0.,0.,1.));
#543 = DIRECTION('',(-0.923879532511,0.382683432365,0.));
#544 = DEFINITIONAL_REPRESENTATION('',(#545),#549);
#545 = CIRCLE('',#546,20.050491378626);
#546 = AXIS2_PLACEMENT_2D('',#547,#548);
#547 = CARTESIAN_POINT('',(40.,40.));
#548 = DIRECTION('',(-0.923879532511,-0.382683432365));
#549 = ( GEOMETRIC_REPRESENTATION_CONTEXT(2) 
PARAMETRIC_REPRESENTATION_CONTEXT() REPRESENTATION_CONTEXT('2D SPACE',''
  ) );
#550 = ORIENTED_EDGE('',*,*,#551,.F.);
#551 = EDGE_CURVE('',#552,#523,#554,.T.);
#552 = VERTEX_POINT('',#553);
#553 = CARTESIAN_POINT('',(-8.357846203614,18.225493446299,13.));
#554 = SURFACE_CURVE('',#555,(#560,#567),.PCURVE_S1.);
#555 = CIRCLE('',#556,20.050491378626);
#556 = AXIS2_PLACEMENT_3D('',#557,#558,#559);
#557 = CARTESIAN_POINT('',(0.,0.,13.));
#558 = DIRECTION('',(0.,0.,1.));
#559 = DIRECTION('',(1.,0.,-0.));
#560 = PCURVE('',#43,#561);
#561 = DEFINITIONAL_REPRESENTATION('',(#562),#566);
#562 = LINE('',#563,#564);
#563 = CARTESIAN_POINT('',(0.,0.4));
#564 = VECTOR('',#565,1.);
#565 = DIRECTION('',(1.,0.));
#566 = ( GEOMETRIC_REPRESENTATION_CONTEXT(2) 
PARAMETRIC_REPRESENTATION_CONTEXT() REPRESENTATION_CONTEXT('2D SPACE',''
  ) );
#567 = PCURVE('',#568,#573);
#568 = CONICAL_SURFACE('',#569,20.050491378626,0.13962634016);
#569 = AXIS2_PLACEMENT_3D('',#570,#571,#572);
#570 = CARTESIAN_POINT('',(0.,0.,13.));
#571 = DIRECTION('',(-0.,-0.,-1.));
#572 = DIRECTION('',(1.,0.,-0.));
#573 = DEFINITIONAL_REPRESENTATION('',(#574),#577);
#574 = B_SPLINE_CURVE_WITH_KNOTS('',1,(#575,#576),.UNSPECIFIED.,.F.,.F.,
  (2,2),(0.429966078762,6.28318530718),.PIECEWISE_BEZIER_KNOTS.);
#575 = CARTESIAN_POINT('',(-0.429966078762,0.));
#576 = CARTESIAN_POINT('',(-6.28318530718,0.));
#577 = ( GEOMETRIC_REPRESENTATION_CONTEXT(2) 
PARAMETRIC_REPRESENTATION_CONTEXT() REPRESENTATION_CONTEXT('2D SPACE',''
  ) );
#578 = ORIENTED_EDGE('',*,*,#579,.F.);
#579 = EDGE_CURVE('',#580,#552,#582,.T.);
#580 = VERTEX_POINT('',#581);
#581 = CARTESIAN_POINT('',(-6.977480279659,18.797259733039,13.));
#582 = SURFACE_CURVE('',#583,(#588,#595),.PCURVE_S1.);
#583 = CIRCLE('',#584,20.050491378626);
#584 = AXIS2_PLACEMENT_3D('',#585,#586,#587);
#585 = CARTESIAN_POINT('',(0.,0.,13.));
#586 = DIRECTION('',(0.,0.,1.));
#587 = DIRECTION('',(1.,0.,-0.));
#588 = PCURVE('',#43,#589);
#589 = DEFINITIONAL_REPRESENTATION('',(#590),#594);
#590 = LINE('',#591,#592);
#591 = CARTESIAN_POINT('',(0.,0.4));
#592 = VECTOR('',#593,1.);
#593 = DIRECTION('',(1.,0.));
#594 = ( GEOMETRIC_REPRESENTATION_CONTEXT(2) 
PARAMETRIC_REPRESENTATION_CONTEXT() REPRESENTATION_CONTEXT('2D SPACE',''
  ) );
#595 = PCURVE('',#596,#601);
#596 = PLANE('',#597);
#597 = AXIS2_PLACEMENT_3D('',#598,#599,#600);
#598 = CARTESIAN_POINT('',(52.262518595055,-21.64784400584,13.));
#599 = DIRECTION('',(0.,0.,1.));
#600 = DIRECTION('',(-0.382683432365,0.923879532511,0.));
#601 = DEFINITIONAL_REPRESENTATION('',(#602),#606);
#602 = CIRCLE('',#603,20.050491378626);
#603 = AXIS2_PLACEMENT_2D('',#604,#605);
#604 = CARTESIAN_POINT('',(40.,40.));
#605 = DIRECTION('',(-0.382683432365,-0.923879532511));
#606 = ( GEOMETRIC_REPRESENTATION_CONTEXT(2) 
PARAMETRIC_REPRESENTATION_CONTEXT() REPRESENTATION_CONTEXT('2D SPACE',''
  ) );
#607 = ORIENTED_EDGE('',*,*,#608,.F.);
#608 = EDGE_CURVE('',#609,#580,#611,.T.);
#609 = VERTEX_POINT('',#610);
#610 = CARTESIAN_POINT('',(6.977480279659,18.797259733039,13.));
#611 = SURFACE_CURVE('',#612,(#617,#624),.PCURVE_S1.);
#612 = CIRCLE('',#613,20.050491378626);
#613 = AXIS2_PLACEMENT_3D('',#614,#615,#616);
#614 = CARTESIAN_POINT('',(0.,0.,13.));
#615 = DIRECTION('',(0.,0.,1.));
#616 = DIRECTION('',(1.,0.,-0.));
#617 = PCURVE('',#43,#618);
#618 = DEFINITIONAL_REPRESENTATION('',(#619),#623);
#619 = LINE('',#620,#621);
#620 = CARTESIAN_POINT('',(0.,0.4));
#621 = VECTOR('',#622,1.);
#622 = DIRECTION('',(1.,0.));
#623 = ( GEOMETRIC_REPRESENTATION_CONTEXT(2) 
PARAMETRIC_REPRESENTATION_CONTEXT() REPRESENTATION_CONTEXT('2D SPACE',''
  ) );
#624 = PCURVE('',#625,#630);
#625 = CONICAL_SURFACE('',#626,20.050491378626,0.13962634016);
#626 = AXIS2_PLACEMENT_3D('',#627,#628,#629);
#627 = CARTESIAN_POINT('',(0.,0.,13.));
#628 = DIRECTION('',(-0.,-0.,-1.));
#629 = DIRECTION('',(1.,0.,-0.));
#630 = DEFINITIONAL_REPRESENTATION('',(#631),#634);
#631 = B_SPLINE_CURVE_WITH_KNOTS('',1,(#632,#633),.UNSPECIFIED.,.F.,.F.,
  (2,2),(0.429966078762,6.28318530718),.PIECEWISE_BEZIER_KNOTS.);
#632 = CARTESIAN_POINT('',(-0.429966078762,0.));
#633 = CARTESIAN_POINT('',(-6.28318530718,0.));
#634 = ( GEOMETRIC_REPRESENTATION_CONTEXT(2) 
PARAMETRIC_REPRESENTATION_CONTEXT() REPRESENTATION_CONTEXT('2D SPACE',''
  ) );
#635 = ORIENTED_EDGE('',*,*,#636,.F.);
#636 = EDGE_CURVE('',#637,#609,#639,.T.);
#637 = VERTEX_POINT('',#638);
#638 = CARTESIAN_POINT('',(8.357846203614,18.225493446299,13.));
#639 = SURFACE_CURVE('',#640,(#645,#652),.PCURVE_S1.);
#640 = CIRCLE('',#641,20.050491378626);
#641 = AXIS2_PLACEMENT_3D('',#642,#643,#644);
#642 = CARTESIAN_POINT('',(0.,0.,13.));
#643 = DIRECTION('',(0.,0.,1.));
#644 = DIRECTION('',(1.,0.,-0.));
#645 = PCURVE('',#43,#646);
#646 = DEFINITIONAL_REPRESENTATION('',(#647),#651);
#647 = LINE('',#648,#649);
#648 = CARTESIAN_POINT('',(0.,0.4));
#649 = VECTOR('',#650,1.);
#650 = DIRECTION('',(1.,0.));
#651 = ( GEOMETRIC_REPRESENTATION_CONTEXT(2) 
PARAMETRIC_REPRESENTATION_CONTEXT() REPRESENTATION_CONTEXT('2D SPACE',''
  ) );
#652 = PCURVE('',#653,#658);
#653 = PLANE('',#654);
#654 = AXIS2_PLACEMENT_3D('',#655,#656,#657);
#655 = CARTESIAN_POINT('',(21.647844005848,-52.26251859505,13.));
#656 = DIRECTION('',(0.,0.,1.));
#657 = DIRECTION('',(0.382683432365,0.923879532511,0.));
#658 = DEFINITIONAL_REPRESENTATION('',(#659),#663);
#659 = CIRCLE('',#660,20.050491378626);
#660 = AXIS2_PLACEMENT_2D('',#661,#662);
#661 = CARTESIAN_POINT('',(40.,40.));
#662 = DIRECTION('',(0.382683432365,-0.923879532511));
#663 = ( GEOMETRIC_REPRESENTATION_CONTEXT(2) 
PARAMETRIC_REPRESENTATION_CONTEXT() REPRESENTATION_CONTEXT('2D SPACE',''
  ) );
#664 = ORIENTED_EDGE('',*,*,#665,.F.);
#665 = EDGE_CURVE('',#666,#637,#668,.T.);
#666 = VERTEX_POINT('',#667);
#667 = CARTESIAN_POINT('',(18.225493446299,8.357846203615,13.));
#668 = SURFACE_CURVE('',#669,(#674,#681),.PCURVE_S1.);
#669 = CIRCLE('',#670,20.050491378626);
#670 = AXIS2_PLACEMENT_3D('',#671,#672,#673);
#671 = CARTESIAN_POINT('',(0.,0.,13.));
#672 = DIRECTION('',(0.,0.,1.));
#673 = DIRECTION('',(1.,0.,-0.));
#674 = PCURVE('',#43,#675);
#675 = DEFINITIONAL_REPRESENTATION('',(#676),#680);
#676 = LINE('',#677,#678);
#677 = CARTESIAN_POINT('',(0.,0.4));
#678 = VECTOR('',#679,1.);
#679 = DIRECTION('',(1.,0.));
#680 = ( GEOMETRIC_REPRESENTATION_CONTEXT(2) 
PARAMETRIC_REPRESENTATION_CONTEXT() REPRESENTATION_CONTEXT('2D SPACE',''
  ) );
#681 = PCURVE('',#682,#687);
#682 = CONICAL_SURFACE('',#683,20.050491378626,0.13962634016);
#683 = AXIS2_PLACEMENT_3D('',#684,#685,#686);
#684 = CARTESIAN_POINT('',(0.,0.,13.));
#685 = DIRECTION('',(-0.,-0.,-1.));
#686 = DIRECTION('',(1.,0.,-0.));
#687 = DEFINITIONAL_REPRESENTATION('',(#688),#691);
#688 = B_SPLINE_CURVE_WITH_KNOTS('',1,(#689,#690),.UNSPECIFIED.,.F.,.F.,
  (2,2),(0.429966078762,6.28318530718),.PIECEWISE_BEZIER_KNOTS.);
#689 = CARTESIAN_POINT('',(-0.429966078762,0.));
#690 = CARTESIAN_POINT('',(-6.28318530718,0.));
#691 = ( GEOMETRIC_REPRESENTATION_CONTEXT(2) 
PARAMETRIC_REPRESENTATION_CONTEXT() REPRESENTATION_CONTEXT('2D SPACE',''
  ) );
#692 = ORIENTED_EDGE('',*,*,#693,.F.);
#693 = EDGE_CURVE('',#694,#666,#696,.T.);
#694 = VERTEX_POINT('',#695);
#695 = CARTESIAN_POINT('',(18.797259733039,6.977480279659,13.));
#696 = SURFACE_CURVE('',#697,(#702,#709),.PCURVE_S1.);
#697 = CIRCLE('',#698,20.050491378626);
#698 = AXIS2_PLACEMENT_3D('',#699,#700,#701);
#699 = CARTESIAN_POINT('',(0.,0.,13.));
#700 = DIRECTION('',(0.,0.,1.));
#701 = DIRECTION('',(1.,0.,-0.));
#702 = PCURVE('',#43,#703);
#703 = DEFINITIONAL_REPRESENTATION('',(#704),#708);
#704 = LINE('',#705,#706);
#705 = CARTESIAN_POINT('',(0.,0.4));
#706 = VECTOR('',#707,1.);
#707 = DIRECTION('',(1.,0.));
#708 = ( GEOMETRIC_REPRESENTATION_CONTEXT(2) 
PARAMETRIC_REPRESENTATION_CONTEXT() REPRESENTATION_CONTEXT('2D SPACE',''
  ) );
#709 = PCURVE('',#710,#715);
#710 = PLANE('',#711);
#711 = AXIS2_PLACEMENT_3D('',#712,#713,#714);
#712 = CARTESIAN_POINT('',(-21.64784400584,-52.26251859505,13.));
#713 = DIRECTION('',(0.,0.,1.));
#714 = DIRECTION('',(0.923879532511,0.382683432365,0.));
#715 = DEFINITIONAL_REPRESENTATION('',(#716),#720);
#716 = CIRCLE('',#717,20.050491378626);
#717 = AXIS2_PLACEMENT_2D('',#718,#719);
#718 = CARTESIAN_POINT('',(40.,40.));
#719 = DIRECTION('',(0.923879532511,-0.382683432365));
#720 = ( GEOMETRIC_REPRESENTATION_CONTEXT(2) 
PARAMETRIC_REPRESENTATION_CONTEXT() REPRESENTATION_CONTEXT('2D SPACE',''
  ) );
#721 = ORIENTED_EDGE('',*,*,#722,.F.);
#722 = EDGE_CURVE('',#244,#694,#723,.T.);
#723 = SURFACE_CURVE('',#724,(#729,#736),.PCURVE_S1.);
#724 = CIRCLE('',#725,20.050491378626);
#725 = AXIS2_PLACEMENT_3D('',#726,#727,#728);
#726 = CARTESIAN_POINT('',(0.,0.,13.));
#727 = DIRECTION('',(0.,0.,1.));
#728 = DIRECTION('',(1.,0.,-0.));
#729 = PCURVE('',#43,#730);
#730 = DEFINITIONAL_REPRESENTATION('',(#731),#735);
#731 = LINE('',#732,#733);
#732 = CARTESIAN_POINT('',(0.,0.4));
#733 = VECTOR('',#734,1.);
#734 = DIRECTION('',(1.,0.));
#735 = ( GEOMETRIC_REPRESENTATION_CONTEXT(2) 
PARAMETRIC_REPRESENTATION_CONTEXT() REPRESENTATION_CONTEXT('2D SPACE',''
  ) );
#736 = PCURVE('',#283,#737);
#737 = DEFINITIONAL_REPRESENTATION('',(#738),#741);
#738 = B_SPLINE_CURVE_WITH_KNOTS('',1,(#739,#740),.UNSPECIFIED.,.F.,.F.,
  (2,2),(0.,0.355432084636),.PIECEWISE_BEZIER_KNOTS.);
#739 = CARTESIAN_POINT('',(-6.28318530718,0.));
#740 = CARTESIAN_POINT('',(-6.638617391815,0.));
#741 = ( GEOMETRIC_REPRESENTATION_CONTEXT(2) 
PARAMETRIC_REPRESENTATION_CONTEXT() REPRESENTATION_CONTEXT('2D SPACE',''
  ) );
#742 = ORIENTED_EDGE('',*,*,#243,.F.);
#743 = ADVANCED_FACE('',(#744),#74,.F.);
#744 = FACE_BOUND('',#745,.F.);
#745 = EDGE_LOOP('',(#746,#775,#796,#797));
#746 = ORIENTED_EDGE('',*,*,#747,.F.);
#747 = EDGE_CURVE('',#748,#748,#750,.T.);
#748 = VERTEX_POINT('',#749);
#749 = CARTESIAN_POINT('',(-5.75,-13.6,15.));
#750 = SURFACE_CURVE('',#751,(#756,#763),.PCURVE_S1.);
#751 = CIRCLE('',#752,1.45);
#752 = AXIS2_PLACEMENT_3D('',#753,#754,#755);
#753 = CARTESIAN_POINT('',(-7.2,-13.6,15.));
#754 = DIRECTION('',(0.,0.,1.));
#755 = DIRECTION('',(1.,0.,-0.));
#756 = PCURVE('',#74,#757);
#757 = DEFINITIONAL_REPRESENTATION('',(#758),#762);
#758 = LINE('',#759,#760);
#759 = CARTESIAN_POINT('',(0.,3.4));
#760 = VECTOR('',#761,1.);
#761 = DIRECTION('',(1.,0.));
#762 = ( GEOMETRIC_REPRESENTATION_CONTEXT(2) 
PARAMETRIC_REPRESENTATION_CONTEXT() REPRESENTATION_CONTEXT('2D SPACE',''
  ) );
#763 = PCURVE('',#764,#769);
#764 = PLANE('',#765);
#765 = AXIS2_PLACEMENT_3D('',#766,#767,#768);
#766 = CARTESIAN_POINT('',(-7.2,-13.6,15.));
#767 = DIRECTION('',(0.,0.,1.));
#768 = DIRECTION('',(1.,0.,-0.));
#769 = DEFINITIONAL_REPRESENTATION('',(#770),#774);
#770 = CIRCLE('',#771,1.45);
#771 = AXIS2_PLACEMENT_2D('',#772,#773);
#772 = CARTESIAN_POINT('',(0.,0.));
#773 = DIRECTION('',(1.,0.));
#774 = ( GEOMETRIC_REPRESENTATION_CONTEXT(2) 
PARAMETRIC_REPRESENTATION_CONTEXT() REPRESENTATION_CONTEXT('2D SPACE',''
  ) );
#775 = ORIENTED_EDGE('',*,*,#776,.F.);
#776 = EDGE_CURVE('',#58,#748,#777,.T.);
#777 = SEAM_CURVE('',#778,(#782,#789),.PCURVE_S1.);
#778 = LINE('',#779,#780);
#779 = CARTESIAN_POINT('',(-5.75,-13.6,11.6));
#780 = VECTOR('',#781,1.);
#781 = DIRECTION('',(0.,0.,1.));
#782 = PCURVE('',#74,#783);
#783 = DEFINITIONAL_REPRESENTATION('',(#784),#788);
#784 = LINE('',#785,#786);
#785 = CARTESIAN_POINT('',(6.28318530718,-0.));
#786 = VECTOR('',#787,1.);
#787 = DIRECTION('',(0.,1.));
#788 = ( GEOMETRIC_REPRESENTATION_CONTEXT(2) 
PARAMETRIC_REPRESENTATION_CONTEXT() REPRESENTATION_CONTEXT('2D SPACE',''
  ) );
#789 = PCURVE('',#74,#790);
#790 = DEFINITIONAL_REPRESENTATION('',(#791),#795);
#791 = LINE('',#792,#793);
#792 = CARTESIAN_POINT('',(0.,-0.));
#793 = VECTOR('',#794,1.);
#794 = DIRECTION('',(0.,1.));
#795 = ( GEOMETRIC_REPRESENTATION_CONTEXT(2) 
PARAMETRIC_REPRESENTATION_CONTEXT() REPRESENTATION_CONTEXT('2D SPACE',''
  ) );
#796 = ORIENTED_EDGE('',*,*,#57,.T.);
#797 = ORIENTED_EDGE('',*,*,#776,.T.);
#798 = ADVANCED_FACE('',(#799),#106,.T.);
#799 = FACE_BOUND('',#800,.T.);
#800 = EDGE_LOOP('',(#801,#802,#822,#850));
#801 = ORIENTED_EDGE('',*,*,#88,.T.);
#802 = ORIENTED_EDGE('',*,*,#803,.T.);
#803 = EDGE_CURVE('',#91,#804,#806,.T.);
#804 = VERTEX_POINT('',#805);
#805 = CARTESIAN_POINT('',(1.,2.,13.));
#806 = SURFACE_CURVE('',#807,(#810,#816),.PCURVE_S1.);
#807 = B_SPLINE_CURVE_WITH_KNOTS('',1,(#808,#809),.UNSPECIFIED.,.F.,.F.,
  (2,2),(0.,1.),.PIECEWISE_BEZIER_KNOTS.);
#808 = CARTESIAN_POINT('',(0.6,2.,12.6));
#809 = CARTESIAN_POINT('',(1.,2.,13.));
#810 = PCURVE('',#106,#811);
#811 = DEFINITIONAL_REPRESENTATION('',(#812),#815);
#812 = B_SPLINE_CURVE_WITH_KNOTS('',1,(#813,#814),.UNSPECIFIED.,.F.,.F.,
  (2,2),(0.,1.),.PIECEWISE_BEZIER_KNOTS.);
#813 = CARTESIAN_POINT('',(4.,-0.565685424949));
#814 = CARTESIAN_POINT('',(4.,0.));
#815 = ( GEOMETRIC_REPRESENTATION_CONTEXT(2) 
PARAMETRIC_REPRESENTATION_CONTEXT() REPRESENTATION_CONTEXT('2D SPACE',''
  ) );
#816 = PCURVE('',#197,#817);
#817 = DEFINITIONAL_REPRESENTATION('',(#818),#821);
#818 = B_SPLINE_CURVE_WITH_KNOTS('',1,(#819,#820),.UNSPECIFIED.,.F.,.F.,
  (2,2),(0.,1.),.PIECEWISE_BEZIER_KNOTS.);
#819 = CARTESIAN_POINT('',(0.,0.));
#820 = CARTESIAN_POINT('',(0.,-0.4));
#821 = ( GEOMETRIC_REPRESENTATION_CONTEXT(2) 
PARAMETRIC_REPRESENTATION_CONTEXT() REPRESENTATION_CONTEXT('2D SPACE',''
  ) );
#822 = ORIENTED_EDGE('',*,*,#823,.F.);
#823 = EDGE_CURVE('',#824,#804,#826,.T.);
#824 = VERTEX_POINT('',#825);
#825 = CARTESIAN_POINT('',(1.,-2.,13.));
#826 = SURFACE_CURVE('',#827,(#831,#838),.PCURVE_S1.);
#827 = LINE('',#828,#829);
#828 = CARTESIAN_POINT('',(1.,-2.,13.));
#829 = VECTOR('',#830,1.);
#830 = DIRECTION('',(0.,1.,0.));
#831 = PCURVE('',#106,#832);
#832 = DEFINITIONAL_REPRESENTATION('',(#833),#837);
#833 = LINE('',#834,#835);
#834 = CARTESIAN_POINT('',(0.,0.));
#835 = VECTOR('',#836,1.);
#836 = DIRECTION('',(1.,0.));
#837 = ( GEOMETRIC_REPRESENTATION_CONTEXT(2) 
PARAMETRIC_REPRESENTATION_CONTEXT() REPRESENTATION_CONTEXT('2D SPACE',''
  ) );
#838 = PCURVE('',#839,#844);
#839 = PLANE('',#840);
#840 = AXIS2_PLACEMENT_3D('',#841,#842,#843);
#841 = CARTESIAN_POINT('',(1.,-2.,13.));
#842 = DIRECTION('',(-1.,0.,0.));
#843 = DIRECTION('',(0.,1.,0.));
#844 = DEFINITIONAL_REPRESENTATION('',(#845),#849);
#845 = LINE('',#846,#847);
#846 = CARTESIAN_POINT('',(0.,0.));
#847 = VECTOR('',#848,1.);
#848 = DIRECTION('',(1.,0.));
#849 = ( GEOMETRIC_REPRESENTATION_CONTEXT(2) 
PARAMETRIC_REPRESENTATION_CONTEXT() REPRESENTATION_CONTEXT('2D SPACE',''
  ) );
#850 = ORIENTED_EDGE('',*,*,#851,.F.);
#851 = EDGE_CURVE('',#89,#824,#852,.T.);
#852 = SURFACE_CURVE('',#853,(#856,#862),.PCURVE_S1.);
#853 = B_SPLINE_CURVE_WITH_KNOTS('',1,(#854,#855),.UNSPECIFIED.,.F.,.F.,
  (2,2),(0.,1.),.PIECEWISE_BEZIER_KNOTS.);
#854 = CARTESIAN_POINT('',(0.6,-2.,12.6));
#855 = CARTESIAN_POINT('',(1.,-2.,13.));
#856 = PCURVE('',#106,#857);
#857 = DEFINITIONAL_REPRESENTATION('',(#858),#861);
#858 = B_SPLINE_CURVE_WITH_KNOTS('',1,(#859,#860),.UNSPECIFIED.,.F.,.F.,
  (2,2),(0.,1.),.PIECEWISE_BEZIER_KNOTS.);
#859 = CARTESIAN_POINT('',(-8.881784197001E-16,-0.565685424949));
#860 = CARTESIAN_POINT('',(0.,0.));
#861 = ( GEOMETRIC_REPRESENTATION_CONTEXT(2) 
PARAMETRIC_REPRESENTATION_CONTEXT() REPRESENTATION_CONTEXT('2D SPACE',''
  ) );
#862 = PCURVE('',#139,#863);
#863 = DEFINITIONAL_REPRESENTATION('',(#864),#867);
#864 = B_SPLINE_CURVE_WITH_KNOTS('',1,(#865,#866),.UNSPECIFIED.,.F.,.F.,
  (2,2),(0.,1.),.PIECEWISE_BEZIER_KNOTS.);
#865 = CARTESIAN_POINT('',(3.14159265359,0.));
#866 = CARTESIAN_POINT('',(3.14159265359,-0.4));
#867 = ( GEOMETRIC_REPRESENTATION_CONTEXT(2) 
PARAMETRIC_REPRESENTATION_CONTEXT() REPRESENTATION_CONTEXT('2D SPACE',''
  ) );
#868 = ADVANCED_FACE('',(#869),#139,.F.);
#869 = FACE_BOUND('',#870,.T.);
#870 = EDGE_LOOP('',(#871,#872,#873,#901));
#871 = ORIENTED_EDGE('',*,*,#118,.T.);
#872 = ORIENTED_EDGE('',*,*,#851,.T.);
#873 = ORIENTED_EDGE('',*,*,#874,.F.);
#874 = EDGE_CURVE('',#875,#824,#877,.T.);
#875 = VERTEX_POINT('',#876);
#876 = CARTESIAN_POINT('',(11.,-2.,13.));
#877 = SURFACE_CURVE('',#878,(#883,#889),.PCURVE_S1.);
#878 = CIRCLE('',#879,5.);
#879 = AXIS2_PLACEMENT_3D('',#880,#881,#882);
#880 = CARTESIAN_POINT('',(6.,-2.,13.));
#881 = DIRECTION('',(0.,0.,-1.));
#882 = DIRECTION('',(1.,0.,0.));
#883 = PCURVE('',#139,#884);
#884 = DEFINITIONAL_REPRESENTATION('',(#885),#888);
#885 = B_SPLINE_CURVE_WITH_KNOTS('',1,(#886,#887),.UNSPECIFIED.,.F.,.F.,
  (2,2),(0.,3.14159265359),.PIECEWISE_BEZIER_KNOTS.);
#886 = CARTESIAN_POINT('',(0.,-0.4));
#887 = CARTESIAN_POINT('',(3.14159265359,-0.4));
#888 = ( GEOMETRIC_REPRESENTATION_CONTEXT(2) 
PARAMETRIC_REPRESENTATION_CONTEXT() REPRESENTATION_CONTEXT('2D SPACE',''
  ) );
#889 = PCURVE('',#890,#895);
#890 = CYLINDRICAL_SURFACE('',#891,5.);
#891 = AXIS2_PLACEMENT_3D('',#892,#893,#894);
#892 = CARTESIAN_POINT('',(6.,-2.,13.));
#893 = DIRECTION('',(0.,0.,-1.));
#894 = DIRECTION('',(1.,0.,0.));
#895 = DEFINITIONAL_REPRESENTATION('',(#896),#900);
#896 = LINE('',#897,#898);
#897 = CARTESIAN_POINT('',(0.,0.));
#898 = VECTOR('',#899,1.);
#899 = DIRECTION('',(1.,0.));
#900 = ( GEOMETRIC_REPRESENTATION_CONTEXT(2) 
PARAMETRIC_REPRESENTATION_CONTEXT() REPRESENTATION_CONTEXT('2D SPACE',''
  ) );
#901 = ORIENTED_EDGE('',*,*,#902,.F.);
#902 = EDGE_CURVE('',#119,#875,#903,.T.);
#903 = SURFACE_CURVE('',#904,(#907,#913),.PCURVE_S1.);
#904 = B_SPLINE_CURVE_WITH_KNOTS('',1,(#905,#906),.UNSPECIFIED.,.F.,.F.,
  (2,2),(0.,1.),.PIECEWISE_BEZIER_KNOTS.);
#905 = CARTESIAN_POINT('',(11.4,-2.,12.6));
#906 = CARTESIAN_POINT('',(11.,-2.,13.));
#907 = PCURVE('',#139,#908);
#908 = DEFINITIONAL_REPRESENTATION('',(#909),#912);
#909 = B_SPLINE_CURVE_WITH_KNOTS('',1,(#910,#911),.UNSPECIFIED.,.F.,.F.,
  (2,2),(0.,1.),.PIECEWISE_BEZIER_KNOTS.);
#910 = CARTESIAN_POINT('',(0.,0.));
#911 = CARTESIAN_POINT('',(0.,-0.4));
#912 = ( GEOMETRIC_REPRESENTATION_CONTEXT(2) 
PARAMETRIC_REPRESENTATION_CONTEXT() REPRESENTATION_CONTEXT('2D SPACE',''
  ) );
#913 = PCURVE('',#166,#914);
#914 = DEFINITIONAL_REPRESENTATION('',(#915),#918);
#915 = B_SPLINE_CURVE_WITH_KNOTS('',1,(#916,#917),.UNSPECIFIED.,.F.,.F.,
  (2,2),(0.,1.),.PIECEWISE_BEZIER_KNOTS.);
#916 = CARTESIAN_POINT('',(4.,-0.565685424949));
#917 = CARTESIAN_POINT('',(4.,0.));
#918 = ( GEOMETRIC_REPRESENTATION_CONTEXT(2) 
PARAMETRIC_REPRESENTATION_CONTEXT() REPRESENTATION_CONTEXT('2D SPACE',''
  ) );
#919 = ADVANCED_FACE('',(#920),#197,.F.);
#920 = FACE_BOUND('',#921,.T.);
#921 = EDGE_LOOP('',(#922,#923,#943,#969));
#922 = ORIENTED_EDGE('',*,*,#178,.T.);
#923 = ORIENTED_EDGE('',*,*,#924,.T.);
#924 = EDGE_CURVE('',#151,#925,#927,.T.);
#925 = VERTEX_POINT('',#926);
#926 = CARTESIAN_POINT('',(11.,2.,13.));
#927 = SURFACE_CURVE('',#928,(#931,#937),.PCURVE_S1.);
#928 = B_SPLINE_CURVE_WITH_KNOTS('',1,(#929,#930),.UNSPECIFIED.,.F.,.F.,
  (2,2),(0.,1.),.PIECEWISE_BEZIER_KNOTS.);
#929 = CARTESIAN_POINT('',(11.4,2.,12.6));
#930 = CARTESIAN_POINT('',(11.,2.,13.));
#931 = PCURVE('',#197,#932);
#932 = DEFINITIONAL_REPRESENTATION('',(#933),#936);
#933 = B_SPLINE_CURVE_WITH_KNOTS('',1,(#934,#935),.UNSPECIFIED.,.F.,.F.,
  (2,2),(0.,1.),.PIECEWISE_BEZIER_KNOTS.);
#934 = CARTESIAN_POINT('',(3.14159265359,0.));
#935 = CARTESIAN_POINT('',(3.14159265359,-0.4));
#936 = ( GEOMETRIC_REPRESENTATION_CONTEXT(2) 
PARAMETRIC_REPRESENTATION_CONTEXT() REPRESENTATION_CONTEXT('2D SPACE',''
  ) );
#937 = PCURVE('',#166,#938);
#938 = DEFINITIONAL_REPRESENTATION('',(#939),#942);
#939 = B_SPLINE_CURVE_WITH_KNOTS('',1,(#940,#941),.UNSPECIFIED.,.F.,.F.,
  (2,2),(0.,1.),.PIECEWISE_BEZIER_KNOTS.);
#940 = CARTESIAN_POINT('',(-8.881784197001E-16,-0.565685424949));
#941 = CARTESIAN_POINT('',(0.,0.));
#942 = ( GEOMETRIC_REPRESENTATION_CONTEXT(2) 
PARAMETRIC_REPRESENTATION_CONTEXT() REPRESENTATION_CONTEXT('2D SPACE',''
  ) );
#943 = ORIENTED_EDGE('',*,*,#944,.F.);
#944 = EDGE_CURVE('',#804,#925,#945,.T.);
#945 = SURFACE_CURVE('',#946,(#951,#957),.PCURVE_S1.);
#946 = CIRCLE('',#947,5.);
#947 = AXIS2_PLACEMENT_3D('',#948,#949,#950);
#948 = CARTESIAN_POINT('',(6.,2.,13.));
#949 = DIRECTION('',(0.,0.,-1.));
#950 = DIRECTION('',(-1.,0.,0.));
#951 = PCURVE('',#197,#952);
#952 = DEFINITIONAL_REPRESENTATION('',(#953),#956);
#953 = B_SPLINE_CURVE_WITH_KNOTS('',1,(#954,#955),.UNSPECIFIED.,.F.,.F.,
  (2,2),(0.,3.14159265359),.PIECEWISE_BEZIER_KNOTS.);
#954 = CARTESIAN_POINT('',(0.,-0.4));
#955 = CARTESIAN_POINT('',(3.14159265359,-0.4));
#956 = ( GEOMETRIC_REPRESENTATION_CONTEXT(2) 
PARAMETRIC_REPRESENTATION_CONTEXT() REPRESENTATION_CONTEXT('2D SPACE',''
  ) );
#957 = PCURVE('',#958,#963);
#958 = CYLINDRICAL_SURFACE('',#959,5.);
#959 = AXIS2_PLACEMENT_3D('',#960,#961,#962);
#960 = CARTESIAN_POINT('',(6.,2.,13.));
#961 = DIRECTION('',(0.,0.,-1.));
#962 = DIRECTION('',(-1.,0.,0.));
#963 = DEFINITIONAL_REPRESENTATION('',(#964),#968);
#964 = LINE('',#965,#966);
#965 = CARTESIAN_POINT('',(0.,0.));
#966 = VECTOR('',#967,1.);
#967 = DIRECTION('',(1.,0.));
#968 = ( GEOMETRIC_REPRESENTATION_CONTEXT(2) 
PARAMETRIC_REPRESENTATION_CONTEXT() REPRESENTATION_CONTEXT('2D SPACE',''
  ) );
#969 = ORIENTED_EDGE('',*,*,#803,.F.);
#970 = ADVANCED_FACE('',(#971),#166,.T.);
#971 = FACE_BOUND('',#972,.T.);
#972 = EDGE_LOOP('',(#973,#974,#975,#1001));
#973 = ORIENTED_EDGE('',*,*,#150,.T.);
#974 = ORIENTED_EDGE('',*,*,#902,.T.);
#975 = ORIENTED_EDGE('',*,*,#976,.F.);
#976 = EDGE_CURVE('',#925,#875,#977,.T.);
#977 = SURFACE_CURVE('',#978,(#982,#989),.PCURVE_S1.);
#978 = LINE('',#979,#980);
#979 = CARTESIAN_POINT('',(11.,2.,13.));
#980 = VECTOR('',#981,1.);
#981 = DIRECTION('',(0.,-1.,0.));
#982 = PCURVE('',#166,#983);
#983 = DEFINITIONAL_REPRESENTATION('',(#984),#988);
#984 = LINE('',#985,#986);
#985 = CARTESIAN_POINT('',(0.,0.));
#986 = VECTOR('',#987,1.);
#987 = DIRECTION('',(1.,0.));
#988 = ( GEOMETRIC_REPRESENTATION_CONTEXT(2) 
PARAMETRIC_REPRESENTATION_CONTEXT() REPRESENTATION_CONTEXT('2D SPACE',''
  ) );
#989 = PCURVE('',#990,#995);
#990 = PLANE('',#991);
#991 = AXIS2_PLACEMENT_3D('',#992,#993,#994);
#992 = CARTESIAN_POINT('',(11.,2.,13.));
#993 = DIRECTION('',(1.,0.,-0.));
#994 = DIRECTION('',(0.,-1.,0.));
#995 = DEFINITIONAL_REPRESENTATION('',(#996),#1000);
#996 = LINE('',#997,#998);
#997 = CARTESIAN_POINT('',(0.,0.));
#998 = VECTOR('',#999,1.);
#999 = DIRECTION('',(1.,0.));
#1000 = ( GEOMETRIC_REPRESENTATION_CONTEXT(2) 
PARAMETRIC_REPRESENTATION_CONTEXT() REPRESENTATION_CONTEXT('2D SPACE',''
  ) );
#1001 = ORIENTED_EDGE('',*,*,#924,.F.);
#1002 = ADVANCED_FACE('',(#1003),#227,.F.);
#1003 = FACE_BOUND('',#1004,.F.);
#1004 = EDGE_LOOP('',(#1005,#1034,#1055,#1056));
#1005 = ORIENTED_EDGE('',*,*,#1006,.F.);
#1006 = EDGE_CURVE('',#1007,#1007,#1009,.T.);
#1007 = VERTEX_POINT('',#1008);
#1008 = CARTESIAN_POINT('',(-5.75,13.6,15.));
#1009 = SURFACE_CURVE('',#1010,(#1015,#1022),.PCURVE_S1.);
#1010 = CIRCLE('',#1011,1.45);
#1011 = AXIS2_PLACEMENT_3D('',#1012,#1013,#1014);
#1012 = CARTESIAN_POINT('',(-7.2,13.6,15.));
#1013 = DIRECTION('',(0.,0.,1.));
#1014 = DIRECTION('',(1.,0.,-0.));
#1015 = PCURVE('',#227,#1016);
#1016 = DEFINITIONAL_REPRESENTATION('',(#1017),#1021);
#1017 = LINE('',#1018,#1019);
#1018 = CARTESIAN_POINT('',(0.,3.4));
#1019 = VECTOR('',#1020,1.);
#1020 = DIRECTION('',(1.,0.));
#1021 = ( GEOMETRIC_REPRESENTATION_CONTEXT(2) 
PARAMETRIC_REPRESENTATION_CONTEXT() REPRESENTATION_CONTEXT('2D SPACE',''
  ) );
#1022 = PCURVE('',#1023,#1028);
#1023 = PLANE('',#1024);
#1024 = AXIS2_PLACEMENT_3D('',#1025,#1026,#1027);
#1025 = CARTESIAN_POINT('',(-7.2,13.6,15.));
#1026 = DIRECTION('',(0.,0.,1.));
#1027 = DIRECTION('',(1.,0.,-0.));
#1028 = DEFINITIONAL_REPRESENTATION('',(#1029),#1033);
#1029 = CIRCLE('',#1030,1.45);
#1030 = AXIS2_PLACEMENT_2D('',#1031,#1032);
#1031 = CARTESIAN_POINT('',(0.,0.));
#1032 = DIRECTION('',(1.,0.));
#1033 = ( GEOMETRIC_REPRESENTATION_CONTEXT(2) 
PARAMETRIC_REPRESENTATION_CONTEXT() REPRESENTATION_CONTEXT('2D SPACE',''
  ) );
#1034 = ORIENTED_EDGE('',*,*,#1035,.F.);
#1035 = EDGE_CURVE('',#211,#1007,#1036,.T.);
#1036 = SEAM_CURVE('',#1037,(#1041,#1048),.PCURVE_S1.);
#1037 = LINE('',#1038,#1039);
#1038 = CARTESIAN_POINT('',(-5.75,13.6,11.6));
#1039 = VECTOR('',#1040,1.);
#1040 = DIRECTION('',(0.,0.,1.));
#1041 = PCURVE('',#227,#1042);
#1042 = DEFINITIONAL_REPRESENTATION('',(#1043),#1047);
#1043 = LINE('',#1044,#1045);
#1044 = CARTESIAN_POINT('',(6.28318530718,-0.));
#1045 = VECTOR('',#1046,1.);
#1046 = DIRECTION('',(0.,1.));
#1047 = ( GEOMETRIC_REPRESENTATION_CONTEXT(2) 
PARAMETRIC_REPRESENTATION_CONTEXT() REPRESENTATION_CONTEXT('2D SPACE',''
  ) );
#1048 = PCURVE('',#227,#1049);
#1049 = DEFINITIONAL_REPRESENTATION('',(#1050),#1054);
#1050 = LINE('',#1051,#1052);
#1051 = CARTESIAN_POINT('',(0.,-0.));
#1052 = VECTOR('',#1053,1.);
#1053 = DIRECTION('',(0.,1.));
#1054 = ( GEOMETRIC_REPRESENTATION_CONTEXT(2) 
PARAMETRIC_REPRESENTATION_CONTEXT() REPRESENTATION_CONTEXT('2D SPACE',''
  ) );
#1055 = ORIENTED_EDGE('',*,*,#210,.T.);
#1056 = ORIENTED_EDGE('',*,*,#1035,.T.);
#1057 = ADVANCED_FACE('',(#1058),#283,.T.);
#1058 = FACE_BOUND('',#1059,.T.);
#1059 = EDGE_LOOP('',(#1060,#1094,#1095,#1096,#1130,#1170,#1244,#1273,
    #1347));
#1060 = ORIENTED_EDGE('',*,*,#1061,.T.);
#1061 = EDGE_CURVE('',#1062,#267,#1064,.T.);
#1062 = VERTEX_POINT('',#1063);
#1063 = CARTESIAN_POINT('',(18.413119157916,-6.818241264727,
    15.956710691609));
#1064 = SURFACE_CURVE('',#1065,(#1071,#1080),.PCURVE_S1.);
#1065 = B_SPLINE_CURVE_WITH_KNOTS('',4,(#1066,#1067,#1068,#1069,#1070),
  .UNSPECIFIED.,.F.,.F.,(5,5),(0.,1.),.PIECEWISE_BEZIER_KNOTS.);
#1066 = CARTESIAN_POINT('',(18.413119080722,-6.818241232727,
    15.956711285761));
#1067 = CARTESIAN_POINT('',(18.509155482733,-6.858052148615,
    15.217533612517));
#1068 = CARTESIAN_POINT('',(18.605191040948,-6.89786227876,
    14.478355838379));
#1069 = CARTESIAN_POINT('',(18.701225782696,-6.937671648127,
    13.739177966501));
#1070 = CARTESIAN_POINT('',(18.797259733039,-6.977480279659,13.));
#1071 = PCURVE('',#283,#1072);
#1072 = DEFINITIONAL_REPRESENTATION('',(#1073),#1079);
#1073 = B_SPLINE_CURVE_WITH_KNOTS('',4,(#1074,#1075,#1076,#1077,#1078),
  .UNSPECIFIED.,.F.,.F.,(5,5),(0.,1.),.PIECEWISE_BEZIER_KNOTS.);
#1074 = CARTESIAN_POINT('',(-5.928548070201,-2.956711285761));
#1075 = CARTESIAN_POINT('',(-5.928345119714,-2.217533612517));
#1076 = CARTESIAN_POINT('',(-5.928145055207,-1.478355838379));
#1077 = CARTESIAN_POINT('',(-5.927947784414,-0.739177966501));
#1078 = CARTESIAN_POINT('',(-5.927753222544,0.));
#1079 = ( GEOMETRIC_REPRESENTATION_CONTEXT(2) 
PARAMETRIC_REPRESENTATION_CONTEXT() REPRESENTATION_CONTEXT('2D SPACE',''
  ) );
#1080 = PCURVE('',#1081,#1086);
#1081 = CYLINDRICAL_SURFACE('',#1082,0.8);
#1082 = AXIS2_PLACEMENT_3D('',#1083,#1084,#1085);
#1083 = CARTESIAN_POINT('',(18.258807393986,-7.563045655347,
    12.888661519232));
#1084 = DIRECTION('',(-0.128579179453,5.325923996829E-02,0.990268068742)
  );
#1085 = DIRECTION('',(0.91488840041,-0.378959183508,0.13917310096));
#1086 = DEFINITIONAL_REPRESENTATION('',(#1087),#1093);
#1087 = B_SPLINE_CURVE_WITH_KNOTS('',4,(#1088,#1089,#1090,#1091,#1092),
  .UNSPECIFIED.,.F.,.F.,(5,5),(2.009504615393E-07,1.),
  .PIECEWISE_BEZIER_KNOTS.);
#1088 = CARTESIAN_POINT('',(7.488502450202,3.058017564517));
#1089 = CARTESIAN_POINT('',(7.488401195821,2.311565086686));
#1090 = CARTESIAN_POINT('',(7.488301386744,1.565112659203));
#1091 = CARTESIAN_POINT('',(7.488202976589,0.818660280662));
#1092 = CARTESIAN_POINT('',(7.488105922748,7.220794932407E-02));
#1093 = ( GEOMETRIC_REPRESENTATION_CONTEXT(2) 
PARAMETRIC_REPRESENTATION_CONTEXT() REPRESENTATION_CONTEXT('2D SPACE',''
  ) );
#1094 = ORIENTED_EDGE('',*,*,#266,.T.);
#1095 = ORIENTED_EDGE('',*,*,#722,.T.);
#1096 = ORIENTED_EDGE('',*,*,#1097,.T.);
#1097 = EDGE_CURVE('',#694,#1098,#1100,.T.);
#1098 = VERTEX_POINT('',#1099);
#1099 = CARTESIAN_POINT('',(18.413119157916,6.818241264727,
    15.956710691609));
#1100 = SURFACE_CURVE('',#1101,(#1107,#1116),.PCURVE_S1.);
#1101 = B_SPLINE_CURVE_WITH_KNOTS('',4,(#1102,#1103,#1104,#1105,#1106),
  .UNSPECIFIED.,.F.,.F.,(5,5),(0.,1.),.PIECEWISE_BEZIER_KNOTS.);
#1102 = CARTESIAN_POINT('',(18.797259733039,6.977480279659,13.));
#1103 = CARTESIAN_POINT('',(18.701225782697,6.937671648127,
    13.739177966495));
#1104 = CARTESIAN_POINT('',(18.605191040942,6.897862278757,
    14.478355838423));
#1105 = CARTESIAN_POINT('',(18.509155482732,6.858052148614,
    15.217533612523));
#1106 = CARTESIAN_POINT('',(18.413119080722,6.818241232727,
    15.956711285761));
#1107 = PCURVE('',#283,#1108);
#1108 = DEFINITIONAL_REPRESENTATION('',(#1109),#1115);
#1109 = B_SPLINE_CURVE_WITH_KNOTS('',4,(#1110,#1111,#1112,#1113,#1114),
  .UNSPECIFIED.,.F.,.F.,(5,5),(0.,0.99999979905),
  .PIECEWISE_BEZIER_KNOTS.);
#1110 = CARTESIAN_POINT('',(-6.638617391815,0.));
#1111 = CARTESIAN_POINT('',(-6.638422829984,-0.739177817957));
#1112 = CARTESIAN_POINT('',(-6.638225559232,-1.478355541347));
#1113 = CARTESIAN_POINT('',(-6.638025494766,-2.217533166909));
#1114 = CARTESIAN_POINT('',(-6.637822544322,-2.956710691609));
#1115 = ( GEOMETRIC_REPRESENTATION_CONTEXT(2) 
PARAMETRIC_REPRESENTATION_CONTEXT() REPRESENTATION_CONTEXT('2D SPACE',''
  ) );
#1116 = PCURVE('',#1117,#1122);
#1117 = CYLINDRICAL_SURFACE('',#1118,0.8);
#1118 = AXIS2_PLACEMENT_3D('',#1119,#1120,#1121);
#1119 = CARTESIAN_POINT('',(18.258807393986,7.563045655347,
    12.888661519232));
#1120 = DIRECTION('',(-0.128579179453,-5.325923996829E-02,0.990268068742
    ));
#1121 = DIRECTION('',(0.91488840041,0.378959183508,0.13917310096));
#1122 = DEFINITIONAL_REPRESENTATION('',(#1123),#1129);
#1123 = B_SPLINE_CURVE_WITH_KNOTS('',4,(#1124,#1125,#1126,#1127,#1128),
  .UNSPECIFIED.,.F.,.F.,(5,5),(0.,0.99999979905),
  .PIECEWISE_BEZIER_KNOTS.);
#1124 = CARTESIAN_POINT('',(5.078264691611,7.220794940052E-02));
#1125 = CARTESIAN_POINT('',(5.07816763777,0.818660280732));
#1126 = CARTESIAN_POINT('',(5.078069227615,1.565112659152));
#1127 = CARTESIAN_POINT('',(5.077969418538,2.311565086693));
#1128 = CARTESIAN_POINT('',(5.077868164157,3.058017564517));
#1129 = ( GEOMETRIC_REPRESENTATION_CONTEXT(2) 
PARAMETRIC_REPRESENTATION_CONTEXT() REPRESENTATION_CONTEXT('2D SPACE',''
  ) );
#1130 = ORIENTED_EDGE('',*,*,#1131,.T.);
#1131 = EDGE_CURVE('',#1098,#1132,#1134,.T.);
#1132 = VERTEX_POINT('',#1133);
#1133 = CARTESIAN_POINT('',(18.414852474829,6.760440668253,
    16.087414712335));
#1134 = SURFACE_CURVE('',#1135,(#1143,#1154),.PCURVE_S1.);
#1135 = B_SPLINE_CURVE_WITH_KNOTS('',6,(#1136,#1137,#1138,#1139,#1140,
    #1141,#1142),.UNSPECIFIED.,.F.,.F.,(7,7),(0.,1.),
  .PIECEWISE_BEZIER_KNOTS.);
#1136 = CARTESIAN_POINT('',(18.413119157916,6.818241264727,
    15.956710691609));
#1137 = CARTESIAN_POINT('',(18.410025112356,6.816958659539,
    15.980525092707));
#1138 = CARTESIAN_POINT('',(18.408243523353,6.812139291086,
    16.004320628953));
#1139 = CARTESIAN_POINT('',(18.407853766905,6.803815011654,
    16.027488467993));
#1140 = CARTESIAN_POINT('',(18.408869163183,6.792178484806,
    16.049423225928));
#1141 = CARTESIAN_POINT('',(18.411237129982,6.777569993567,
    16.069559443186));
#1142 = CARTESIAN_POINT('',(18.414852474829,6.760440668253,
    16.087414712335));
#1143 = PCURVE('',#283,#1144);
#1144 = DEFINITIONAL_REPRESENTATION('',(#1145),#1153);
#1145 = B_SPLINE_CURVE_WITH_KNOTS('',6,(#1146,#1147,#1148,#1149,#1150,
    #1151,#1152),.UNSPECIFIED.,.F.,.F.,(7,7),(0.,1.),
  .PIECEWISE_BEZIER_KNOTS.);
#1146 = CARTESIAN_POINT('',(-6.637822544322,-2.956710691609));
#1147 = CARTESIAN_POINT('',(-6.63781600578,-2.980525092707));
#1148 = CARTESIAN_POINT('',(-6.637617336176,-3.004320628953));
#1149 = CARTESIAN_POINT('',(-6.6372265062,-3.027488467993));
#1150 = CARTESIAN_POINT('',(-6.636652333105,-3.049423225928));
#1151 = CARTESIAN_POINT('',(-6.635911923208,-3.069559443186));
#1152 = CARTESIAN_POINT('',(-6.635028695084,-3.087414712335));
#1153 = ( GEOMETRIC_REPRESENTATION_CONTEXT(2) 
PARAMETRIC_REPRESENTATION_CONTEXT() REPRESENTATION_CONTEXT('2D SPACE',''
  ) );
#1154 = PCURVE('',#1155,#1160);
#1155 = TOROIDAL_SURFACE('',#1156,1.,0.2);
#1156 = AXIS2_PLACEMENT_3D('',#1157,#1158,#1159);
#1157 = CARTESIAN_POINT('',(17.865610004788,7.400177964051,
    15.916918667024));
#1158 = DIRECTION('',(0.128579179453,5.325923996829E-02,-0.990268068742)
  );
#1159 = DIRECTION('',(0.91488840041,0.378959183508,0.13917310096));
#1160 = DEFINITIONAL_REPRESENTATION('',(#1161),#1169);
#1161 = B_SPLINE_CURVE_WITH_KNOTS('',6,(#1162,#1163,#1164,#1165,#1166,
    #1167,#1168),.UNSPECIFIED.,.F.,.F.,(7,7),(0.,1.),
  .PIECEWISE_BEZIER_KNOTS.);
#1162 = CARTESIAN_POINT('',(-5.077868164157,3.14159265359));
#1163 = CARTESIAN_POINT('',(-5.077864902001,3.261836560594));
#1164 = CARTESIAN_POINT('',(-5.076011962968,3.382084964867));
#1165 = CARTESIAN_POINT('',(-5.072306008083,3.502394269469));
#1166 = CARTESIAN_POINT('',(-5.066955597173,3.622833999413));
#1167 = CARTESIAN_POINT('',(-5.060329746266,3.743467303601));
#1168 = CARTESIAN_POINT('',(-5.052795423858,3.864326901403));
#1169 = ( GEOMETRIC_REPRESENTATION_CONTEXT(2) 
PARAMETRIC_REPRESENTATION_CONTEXT() REPRESENTATION_CONTEXT('2D SPACE',''
  ) );
#1170 = ORIENTED_EDGE('',*,*,#1171,.T.);
#1171 = EDGE_CURVE('',#1132,#1172,#1174,.T.);
#1172 = VERTEX_POINT('',#1173);
#1173 = CARTESIAN_POINT('',(18.424736452151,6.478905473151,
    16.698710585336));
#1174 = SURFACE_CURVE('',#1175,(#1193,#1214),.PCURVE_S1.);
#1175 = B_SPLINE_CURVE_WITH_KNOTS('',6,(#1176,#1177,#1178,#1179,#1180,
    #1181,#1182,#1183,#1184,#1185,#1186,#1187,#1188,#1189,#1190,#1191,
    #1192),.UNSPECIFIED.,.F.,.F.,(7,5,5,7),(0.,0.493872364423,
    0.948341652732,1.),.UNSPECIFIED.);
#1176 = CARTESIAN_POINT('',(18.414852474829,6.760440668253,
    16.087414712335));
#1177 = CARTESIAN_POINT('',(18.423456535795,6.719675052375,
    16.129907982221));
#1178 = CARTESIAN_POINT('',(18.430387791388,6.682148135556,
    16.174892809534));
#1179 = CARTESIAN_POINT('',(18.435669744061,6.648066139034,
    16.221949280885));
#1180 = CARTESIAN_POINT('',(18.439363935634,6.617513532303,
    16.270687346253));
#1181 = CARTESIAN_POINT('',(18.441537707373,6.590511735889,
    16.320784017637));
#1182 = CARTESIAN_POINT('',(18.442904302292,6.545479015172,
    16.419111531155));
#1183 = CARTESIAN_POINT('',(18.442320905358,6.526910485197,
    16.467158832587));
#1184 = CARTESIAN_POINT('',(18.440545651517,6.511356536872,
    16.515924669477));
#1185 = CARTESIAN_POINT('',(18.437619520564,6.498815676969,
    16.565217559063));
#1186 = CARTESIAN_POINT('',(18.433577525888,6.489284725944,
    16.614861302374));
#1187 = CARTESIAN_POINT('',(18.427863000886,6.482025812906,
    16.670357955093));
#1188 = CARTESIAN_POINT('',(18.427265673207,6.481323858513,
    16.67602466721));
#1189 = CARTESIAN_POINT('',(18.426654315822,6.480660841387,
    16.681693532674));
#1190 = CARTESIAN_POINT('',(18.426028967887,6.480036767007,
    16.687364305316));
#1191 = CARTESIAN_POINT('',(18.42538966759,6.479451641802,
    16.693036738542));
#1192 = CARTESIAN_POINT('',(18.424736452151,6.478905473151,
    16.698710585336));
#1193 = PCURVE('',#283,#1194);
#1194 = DEFINITIONAL_REPRESENTATION('',(#1195),#1213);
#1195 = B_SPLINE_CURVE_WITH_KNOTS('',6,(#1196,#1197,#1198,#1199,#1200,
    #1201,#1202,#1203,#1204,#1205,#1206,#1207,#1208,#1209,#1210,#1211,
    #1212),.UNSPECIFIED.,.F.,.F.,(7,5,5,7),(0.,0.493872364423,
    0.948341652732,1.),.UNSPECIFIED.);
#1196 = CARTESIAN_POINT('',(-6.635028695084,-3.087414712335));
#1197 = CARTESIAN_POINT('',(-6.632926724473,-3.129907982221));
#1198 = CARTESIAN_POINT('',(-6.63100759224,-3.174892809534));
#1199 = CARTESIAN_POINT('',(-6.629280818462,-3.221949280885));
#1200 = CARTESIAN_POINT('',(-6.627749568405,-3.270687346253));
#1201 = CARTESIAN_POINT('',(-6.626413957229,-3.320784017637));
#1202 = CARTESIAN_POINT('',(-6.624223494435,-3.419111531155));
#1203 = CARTESIAN_POINT('',(-6.62333909206,-3.467158832587));
#1204 = CARTESIAN_POINT('',(-6.622619545078,-3.515924669477));
#1205 = CARTESIAN_POINT('',(-6.622064328718,-3.565217559063));
#1206 = CARTESIAN_POINT('',(-6.621672952106,-3.614861302374));
#1207 = CARTESIAN_POINT('',(-6.621419503559,-3.670357955093));
#1208 = CARTESIAN_POINT('',(-6.621395751585,-3.67602466721));
#1209 = CARTESIAN_POINT('',(-6.621374116002,-3.681693532674));
#1210 = CARTESIAN_POINT('',(-6.621354596796,-3.687364305316));
#1211 = CARTESIAN_POINT('',(-6.621337194017,-3.693036738542));
#1212 = CARTESIAN_POINT('',(-6.621321907777,-3.698710585336));
#1213 = ( GEOMETRIC_REPRESENTATION_CONTEXT(2) 
PARAMETRIC_REPRESENTATION_CONTEXT() REPRESENTATION_CONTEXT('2D SPACE',''
  ) );
#1214 = PCURVE('',#1215,#1224);
#1215 = SURFACE_OF_REVOLUTION('',#1216,#1221);
#1216 = CIRCLE('',#1217,1.);
#1217 = AXIS2_PLACEMENT_3D('',#1218,#1219,#1220);
#1218 = CARTESIAN_POINT('',(17.855042285044,7.39580067121,
    16.716836889474));
#1219 = DIRECTION('',(0.382683432365,-0.923879532511,-2.775557561563E-17
    ));
#1220 = DIRECTION('',(0.771213433461,0.319447063624,-0.550620934575));
#1221 = AXIS1_PLACEMENT('',#1222,#1223);
#1222 = CARTESIAN_POINT('',(18.258807393986,7.563045655347,
    12.888661519232));
#1223 = DIRECTION('',(-0.128579179453,-5.325923996829E-02,0.990268068742
    ));
#1224 = DEFINITIONAL_REPRESENTATION('',(#1225),#1243);
#1225 = B_SPLINE_CURVE_WITH_KNOTS('',6,(#1226,#1227,#1228,#1229,#1230,
    #1231,#1232,#1233,#1234,#1235,#1236,#1237,#1238,#1239,#1240,#1241,
    #1242),.UNSPECIFIED.,.F.,.F.,(7,5,5,7),(0.,0.493872364423,
    0.948341652732,1.),.UNSPECIFIED.);
#1226 = CARTESIAN_POINT('',(5.052795423858,0.));
#1227 = CARTESIAN_POINT('',(5.034864694683,5.752609456464E-02));
#1228 = CARTESIAN_POINT('',(5.020335149972,0.11489635074));
#1229 = CARTESIAN_POINT('',(5.008338251646,0.171917291573));
#1230 = CARTESIAN_POINT('',(4.998393776607,0.228534481467));
#1231 = CARTESIAN_POINT('',(4.990158893419,0.284754015954));
#1232 = CARTESIAN_POINT('',(4.977189597277,0.392087131634));
#1233 = CARTESIAN_POINT('',(4.972229806608,0.443235339948));
#1234 = CARTESIAN_POINT('',(4.968346346403,0.494138548117));
#1235 = CARTESIAN_POINT('',(4.965436991748,0.544847500896));
#1236 = CARTESIAN_POINT('',(4.963437032776,0.595419422515));
#1237 = CARTESIAN_POINT('',(4.962192560975,0.651663197025));
#1238 = CARTESIAN_POINT('',(4.96207692878,0.657402842657));
#1239 = CARTESIAN_POINT('',(4.961972674149,0.663141652532));
#1240 = CARTESIAN_POINT('',(4.961879771439,0.668879717182));
#1241 = CARTESIAN_POINT('',(4.961798177682,0.67461713042));
#1242 = CARTESIAN_POINT('',(4.961727832578,0.680353989335));
#1243 = ( GEOMETRIC_REPRESENTATION_CONTEXT(2) 
PARAMETRIC_REPRESENTATION_CONTEXT() REPRESENTATION_CONTEXT('2D SPACE',''
  ) );
#1244 = ORIENTED_EDGE('',*,*,#1245,.T.);
#1245 = EDGE_CURVE('',#1172,#1246,#1248,.T.);
#1246 = VERTEX_POINT('',#1247);
#1247 = CARTESIAN_POINT('',(18.424736452151,-6.478905473151,
    16.698710585336));
#1248 = SURFACE_CURVE('',#1249,(#1254,#1261),.PCURVE_S1.);
#1249 = CIRCLE('',#1250,19.53067150564);
#1250 = AXIS2_PLACEMENT_3D('',#1251,#1252,#1253);
#1251 = CARTESIAN_POINT('',(0.,0.,16.698710585336));
#1252 = DIRECTION('',(0.,0.,-1.));
#1253 = DIRECTION('',(0.943374448074,0.3317297857,0.));
#1254 = PCURVE('',#283,#1255);
#1255 = DEFINITIONAL_REPRESENTATION('',(#1256),#1260);
#1256 = LINE('',#1257,#1258);
#1257 = CARTESIAN_POINT('',(-6.621321907777,-3.698710585336));
#1258 = VECTOR('',#1259,1.);
#1259 = DIRECTION('',(1.,-0.));
#1260 = ( GEOMETRIC_REPRESENTATION_CONTEXT(2) 
PARAMETRIC_REPRESENTATION_CONTEXT() REPRESENTATION_CONTEXT('2D SPACE',''
  ) );
#1261 = PCURVE('',#1262,#1267);
#1262 = TOROIDAL_SURFACE('',#1263,19.184077681581,0.35);
#1263 = AXIS2_PLACEMENT_3D('',#1264,#1265,#1266);
#1264 = CARTESIAN_POINT('',(0.,0.,16.65));
#1265 = DIRECTION('',(0.,0.,1.));
#1266 = DIRECTION('',(1.,0.,-0.));
#1267 = DEFINITIONAL_REPRESENTATION('',(#1268),#1272);
#1268 = LINE('',#1269,#1270);
#1269 = CARTESIAN_POINT('',(6.621321907777,0.13962634016));
#1270 = VECTOR('',#1271,1.);
#1271 = DIRECTION('',(-1.,-0.));
#1272 = ( GEOMETRIC_REPRESENTATION_CONTEXT(2) 
PARAMETRIC_REPRESENTATION_CONTEXT() REPRESENTATION_CONTEXT('2D SPACE',''
  ) );
#1273 = ORIENTED_EDGE('',*,*,#1274,.F.);
#1274 = EDGE_CURVE('',#1275,#1246,#1277,.T.);
#1275 = VERTEX_POINT('',#1276);
#1276 = CARTESIAN_POINT('',(18.414852474829,-6.760440668253,
    16.087414712335));
#1277 = SURFACE_CURVE('',#1278,(#1296,#1317),.PCURVE_S1.);
#1278 = B_SPLINE_CURVE_WITH_KNOTS('',6,(#1279,#1280,#1281,#1282,#1283,
    #1284,#1285,#1286,#1287,#1288,#1289,#1290,#1291,#1292,#1293,#1294,
    #1295),.UNSPECIFIED.,.F.,.F.,(7,5,5,7),(0.,0.493872364423,
    0.948341652732,1.),.UNSPECIFIED.);
#1279 = CARTESIAN_POINT('',(18.414852474829,-6.760440668253,
    16.087414712335));
#1280 = CARTESIAN_POINT('',(18.423456535795,-6.719675052375,
    16.129907982221));
#1281 = CARTESIAN_POINT('',(18.430387791388,-6.682148135556,
    16.174892809534));
#1282 = CARTESIAN_POINT('',(18.435669744061,-6.648066139034,
    16.221949280885));
#1283 = CARTESIAN_POINT('',(18.439363935634,-6.617513532303,
    16.270687346253));
#1284 = CARTESIAN_POINT('',(18.441537707373,-6.590511735889,
    16.320784017637));
#1285 = CARTESIAN_POINT('',(18.442904302292,-6.545479015172,
    16.419111531155));
#1286 = CARTESIAN_POINT('',(18.442320905358,-6.526910485197,
    16.467158832587));
#1287 = CARTESIAN_POINT('',(18.440545651517,-6.511356536872,
    16.515924669477));
#1288 = CARTESIAN_POINT('',(18.437619520564,-6.498815676969,
    16.565217559063));
#1289 = CARTESIAN_POINT('',(18.433577525888,-6.489284725944,
    16.614861302374));
#1290 = CARTESIAN_POINT('',(18.427863000886,-6.482025812906,
    16.670357955093));
#1291 = CARTESIAN_POINT('',(18.427265673207,-6.481323858513,
    16.67602466721));
#1292 = CARTESIAN_POINT('',(18.426654315822,-6.480660841387,
    16.681693532674));
#1293 = CARTESIAN_POINT('',(18.426028967887,-6.480036767007,
    16.687364305316));
#1294 = CARTESIAN_POINT('',(18.42538966759,-6.479451641802,
    16.693036738542));
#1295 = CARTESIAN_POINT('',(18.424736452151,-6.478905473151,
    16.698710585336));
#1296 = PCURVE('',#283,#1297);
#1297 = DEFINITIONAL_REPRESENTATION('',(#1298),#1316);
#1298 = B_SPLINE_CURVE_WITH_KNOTS('',6,(#1299,#1300,#1301,#1302,#1303,
    #1304,#1305,#1306,#1307,#1308,#1309,#1310,#1311,#1312,#1313,#1314,
    #1315),.UNSPECIFIED.,.F.,.F.,(7,5,5,7),(0.,0.493872364423,
    0.948341652732,1.),.UNSPECIFIED.);
#1299 = CARTESIAN_POINT('',(-5.931341919275,-3.087414712335));
#1300 = CARTESIAN_POINT('',(-5.933443889886,-3.129907982221));
#1301 = CARTESIAN_POINT('',(-5.935363022119,-3.174892809534));
#1302 = CARTESIAN_POINT('',(-5.937089795897,-3.221949280885));
#1303 = CARTESIAN_POINT('',(-5.938621045954,-3.270687346253));
#1304 = CARTESIAN_POINT('',(-5.93995665713,-3.320784017637));
#1305 = CARTESIAN_POINT('',(-5.942147119925,-3.419111531155));
#1306 = CARTESIAN_POINT('',(-5.943031522299,-3.467158832587));
#1307 = CARTESIAN_POINT('',(-5.943751069281,-3.515924669477));
#1308 = CARTESIAN_POINT('',(-5.944306285641,-3.565217559063));
#1309 = CARTESIAN_POINT('',(-5.944697662253,-3.614861302374));
#1310 = CARTESIAN_POINT('',(-5.9449511108,-3.670357955093));
#1311 = CARTESIAN_POINT('',(-5.944974862774,-3.67602466721));
#1312 = CARTESIAN_POINT('',(-5.944996498357,-3.681693532674));
#1313 = CARTESIAN_POINT('',(-5.945016017563,-3.687364305316));
#1314 = CARTESIAN_POINT('',(-5.945033420342,-3.693036738542));
#1315 = CARTESIAN_POINT('',(-5.945048706582,-3.698710585336));
#1316 = ( GEOMETRIC_REPRESENTATION_CONTEXT(2) 
PARAMETRIC_REPRESENTATION_CONTEXT() REPRESENTATION_CONTEXT('2D SPACE',''
  ) );
#1317 = PCURVE('',#1318,#1327);
#1318 = SURFACE_OF_REVOLUTION('',#1319,#1324);
#1319 = CIRCLE('',#1320,1.);
#1320 = AXIS2_PLACEMENT_3D('',#1321,#1322,#1323);
#1321 = CARTESIAN_POINT('',(17.855042285044,-7.39580067121,
    16.716836889474));
#1322 = DIRECTION('',(-0.382683432365,-0.923879532511,2.775557561563E-17
    ));
#1323 = DIRECTION('',(0.771213433461,-0.319447063624,-0.550620934575));
#1324 = AXIS1_PLACEMENT('',#1325,#1326);
#1325 = CARTESIAN_POINT('',(18.258807393986,-7.563045655347,
    12.888661519232));
#1326 = DIRECTION('',(-0.128579179453,5.325923996829E-02,0.990268068742)
  );
#1327 = DEFINITIONAL_REPRESENTATION('',(#1328),#1346);
#1328 = B_SPLINE_CURVE_WITH_KNOTS('',6,(#1329,#1330,#1331,#1332,#1333,
    #1334,#1335,#1336,#1337,#1338,#1339,#1340,#1341,#1342,#1343,#1344,
    #1345),.UNSPECIFIED.,.F.,.F.,(7,5,5,7),(0.,0.493872364423,
    0.948341652732,1.),.UNSPECIFIED.);
#1329 = CARTESIAN_POINT('',(7.513575190501,0.));
#1330 = CARTESIAN_POINT('',(7.531505919677,5.752609456465E-02));
#1331 = CARTESIAN_POINT('',(7.546035464387,0.11489635074));
#1332 = CARTESIAN_POINT('',(7.558032362714,0.171917291573));
#1333 = CARTESIAN_POINT('',(7.567976837752,0.228534481467));
#1334 = CARTESIAN_POINT('',(7.57621172094,0.284754015954));
#1335 = CARTESIAN_POINT('',(7.589181017082,0.392087131634));
#1336 = CARTESIAN_POINT('',(7.594140807751,0.443235339948));
#1337 = CARTESIAN_POINT('',(7.598024267956,0.494138548116));
#1338 = CARTESIAN_POINT('',(7.600933622611,0.544847500896));
#1339 = CARTESIAN_POINT('',(7.602933581583,0.595419422515));
#1340 = CARTESIAN_POINT('',(7.604178053384,0.651663197025));
#1341 = CARTESIAN_POINT('',(7.604293685579,0.657402842657));
#1342 = CARTESIAN_POINT('',(7.604397940211,0.663141652532));
#1343 = CARTESIAN_POINT('',(7.60449084292,0.668879717182));
#1344 = CARTESIAN_POINT('',(7.604572436677,0.67461713042));
#1345 = CARTESIAN_POINT('',(7.604642781781,0.680353989335));
#1346 = ( GEOMETRIC_REPRESENTATION_CONTEXT(2) 
PARAMETRIC_REPRESENTATION_CONTEXT() REPRESENTATION_CONTEXT('2D SPACE',''
  ) );
#1347 = ORIENTED_EDGE('',*,*,#1348,.F.);
#1348 = EDGE_CURVE('',#1062,#1275,#1349,.T.);
#1349 = SURFACE_CURVE('',#1350,(#1358,#1369),.PCURVE_S1.);
#1350 = B_SPLINE_CURVE_WITH_KNOTS('',6,(#1351,#1352,#1353,#1354,#1355,
    #1356,#1357),.UNSPECIFIED.,.F.,.F.,(7,7),(0.,1.),
  .PIECEWISE_BEZIER_KNOTS.);
#1351 = CARTESIAN_POINT('',(18.413119157916,-6.818241264727,
    15.956710691609));
#1352 = CARTESIAN_POINT('',(18.410025112356,-6.816958659539,
    15.980525092707));
#1353 = CARTESIAN_POINT('',(18.408243523353,-6.812139291086,
    16.004320628953));
#1354 = CARTESIAN_POINT('',(18.407853766905,-6.803815011654,
    16.027488467993));
#1355 = CARTESIAN_POINT('',(18.408869163183,-6.792178484806,
    16.049423225928));
#1356 = CARTESIAN_POINT('',(18.411237129982,-6.777569993567,
    16.069559443186));
#1357 = CARTESIAN_POINT('',(18.414852474829,-6.760440668253,
    16.087414712335));
#1358 = PCURVE('',#283,#1359);
#1359 = DEFINITIONAL_REPRESENTATION('',(#1360),#1368);
#1360 = B_SPLINE_CURVE_WITH_KNOTS('',6,(#1361,#1362,#1363,#1364,#1365,
    #1366,#1367),.UNSPECIFIED.,.F.,.F.,(7,7),(0.,1.),
  .PIECEWISE_BEZIER_KNOTS.);
#1361 = CARTESIAN_POINT('',(-5.928548070038,-2.956710691609));
#1362 = CARTESIAN_POINT('',(-5.92855460858,-2.980525092707));
#1363 = CARTESIAN_POINT('',(-5.928753278183,-3.004320628953));
#1364 = CARTESIAN_POINT('',(-5.929144108159,-3.027488467993));
#1365 = CARTESIAN_POINT('',(-5.929718281255,-3.049423225928));
#1366 = CARTESIAN_POINT('',(-5.930458691152,-3.069559443186));
#1367 = CARTESIAN_POINT('',(-5.931341919275,-3.087414712335));
#1368 = ( GEOMETRIC_REPRESENTATION_CONTEXT(2) 
PARAMETRIC_REPRESENTATION_CONTEXT() REPRESENTATION_CONTEXT('2D SPACE',''
  ) );
#1369 = PCURVE('',#1370,#1375);
#1370 = TOROIDAL_SURFACE('',#1371,1.,0.2);
#1371 = AXIS2_PLACEMENT_3D('',#1372,#1373,#1374);
#1372 = CARTESIAN_POINT('',(17.865610004788,-7.400177964051,
    15.916918667024));
#1373 = DIRECTION('',(0.128579179453,-5.325923996829E-02,-0.990268068742
    ));
#1374 = DIRECTION('',(0.91488840041,-0.378959183508,0.13917310096));
#1375 = DEFINITIONAL_REPRESENTATION('',(#1376),#1384);
#1376 = B_SPLINE_CURVE_WITH_KNOTS('',6,(#1377,#1378,#1379,#1380,#1381,
    #1382,#1383),.UNSPECIFIED.,.F.,.F.,(7,7),(0.,1.),
  .PIECEWISE_BEZIER_KNOTS.);
#1377 = CARTESIAN_POINT('',(-7.488502450202,3.14159265359));
#1378 = CARTESIAN_POINT('',(-7.488505712358,3.261836560594));
#1379 = CARTESIAN_POINT('',(-7.490358651391,3.382084964867));
#1380 = CARTESIAN_POINT('',(-7.494064606276,3.502394269469));
#1381 = CARTESIAN_POINT('',(-7.499415017187,3.622833999413));
#1382 = CARTESIAN_POINT('',(-7.506040868093,3.743467303601));
#1383 = CARTESIAN_POINT('',(-7.513575190501,3.864326901403));
#1384 = ( GEOMETRIC_REPRESENTATION_CONTEXT(2) 
PARAMETRIC_REPRESENTATION_CONTEXT() REPRESENTATION_CONTEXT('2D SPACE',''
  ) );
#1385 = ADVANCED_FACE('',(#1386),#710,.F.);
#1386 = FACE_BOUND('',#1387,.F.);
#1387 = EDGE_LOOP('',(#1388,#1418,#1446));
#1388 = ORIENTED_EDGE('',*,*,#1389,.T.);
#1389 = EDGE_CURVE('',#694,#1390,#1392,.T.);
#1390 = VERTEX_POINT('',#1391);
#1391 = CARTESIAN_POINT('',(18.990718114314,7.866213002153,13.));
#1392 = SURFACE_CURVE('',#1393,(#1398,#1405),.PCURVE_S1.);
#1393 = ELLIPSE('',#1394,0.807862058015,0.8);
#1394 = AXIS2_PLACEMENT_3D('',#1395,#1396,#1397);
#1395 = CARTESIAN_POINT('',(18.244350893822,7.557057576915,13.));
#1396 = DIRECTION('',(0.,0.,1.));
#1397 = DIRECTION('',(-0.923879532511,-0.382683432365,0.));
#1398 = PCURVE('',#710,#1399);
#1399 = DEFINITIONAL_REPRESENTATION('',(#1400),#1404);
#1400 = ELLIPSE('',#1401,0.807862058015,0.8);
#1401 = AXIS2_PLACEMENT_2D('',#1402,#1403);
#1402 = CARTESIAN_POINT('',(59.74754310687,40.));
#1403 = DIRECTION('',(-1.,0.));
#1404 = ( GEOMETRIC_REPRESENTATION_CONTEXT(2) 
PARAMETRIC_REPRESENTATION_CONTEXT() REPRESENTATION_CONTEXT('2D SPACE',''
  ) );
#1405 = PCURVE('',#1117,#1406);
#1406 = DEFINITIONAL_REPRESENTATION('',(#1407),#1417);
#1407 = B_SPLINE_CURVE_WITH_KNOTS('',8,(#1408,#1409,#1410,#1411,#1412,
    #1413,#1414,#1415,#1416),.UNSPECIFIED.,.F.,.F.,(9,9),(8.219857345201
    ,9.424777960769),.PIECEWISE_BEZIER_KNOTS.);
#1408 = CARTESIAN_POINT('',(5.078264691611,7.220804542988E-02));
#1409 = CARTESIAN_POINT('',(5.228879768557,5.639486914546E-02));
#1410 = CARTESIAN_POINT('',(5.379494845503,4.162446621757E-02));
#1411 = CARTESIAN_POINT('',(5.530109922449,2.8443423991E-02));
#1412 = CARTESIAN_POINT('',(5.680724999395,1.734797757347E-02));
#1413 = CARTESIAN_POINT('',(5.831340076341,8.744418132883E-03));
#1414 = CARTESIAN_POINT('',(5.981955153287,2.915235087022E-03));
#1415 = CARTESIAN_POINT('',(6.132570230234,6.221470841243E-18));
#1416 = CARTESIAN_POINT('',(6.28318530718,0.));
#1417 = ( GEOMETRIC_REPRESENTATION_CONTEXT(2) 
PARAMETRIC_REPRESENTATION_CONTEXT() REPRESENTATION_CONTEXT('2D SPACE',''
  ) );
#1418 = ORIENTED_EDGE('',*,*,#1419,.T.);
#1419 = EDGE_CURVE('',#1390,#666,#1420,.T.);
#1420 = SURFACE_CURVE('',#1421,(#1426,#1433),.PCURVE_S1.);
#1421 = ELLIPSE('',#1422,0.807862058015,0.8);
#1422 = AXIS2_PLACEMENT_3D('',#1423,#1424,#1425);
#1423 = CARTESIAN_POINT('',(18.244350893822,7.557057576915,13.));
#1424 = DIRECTION('',(0.,0.,1.));
#1425 = DIRECTION('',(-0.923879532511,-0.382683432365,0.));
#1426 = PCURVE('',#710,#1427);
#1427 = DEFINITIONAL_REPRESENTATION('',(#1428),#1432);
#1428 = ELLIPSE('',#1429,0.807862058015,0.8);
#1429 = AXIS2_PLACEMENT_2D('',#1430,#1431);
#1430 = CARTESIAN_POINT('',(59.74754310687,40.));
#1431 = DIRECTION('',(-1.,0.));
#1432 = ( GEOMETRIC_REPRESENTATION_CONTEXT(2) 
PARAMETRIC_REPRESENTATION_CONTEXT() REPRESENTATION_CONTEXT('2D SPACE',''
  ) );
#1433 = PCURVE('',#1117,#1434);
#1434 = DEFINITIONAL_REPRESENTATION('',(#1435),#1445);
#1435 = B_SPLINE_CURVE_WITH_KNOTS('',8,(#1436,#1437,#1438,#1439,#1440,
    #1441,#1442,#1443,#1444),.UNSPECIFIED.,.F.,.F.,(9,9),(3.14159265359,
    4.346513269158),.PIECEWISE_BEZIER_KNOTS.);
#1436 = CARTESIAN_POINT('',(6.28318530718,0.));
#1437 = CARTESIAN_POINT('',(6.433800384126,-9.594054676606E-18));
#1438 = CARTESIAN_POINT('',(6.584415461072,2.914270667759E-03));
#1439 = CARTESIAN_POINT('',(6.735030538018,8.745027382168E-03));
#1440 = CARTESIAN_POINT('',(6.885645614964,1.734897769607E-02));
#1441 = CARTESIAN_POINT('',(7.03626069191,2.844341430744E-02));
#1442 = CARTESIAN_POINT('',(7.186875768856,4.16240448317E-02));
#1443 = CARTESIAN_POINT('',(7.337490845802,5.63945583751E-02));
#1444 = CARTESIAN_POINT('',(7.488105922748,7.220792890938E-02));
#1445 = ( GEOMETRIC_REPRESENTATION_CONTEXT(2) 
PARAMETRIC_REPRESENTATION_CONTEXT() REPRESENTATION_CONTEXT('2D SPACE',''
  ) );
#1446 = ORIENTED_EDGE('',*,*,#693,.F.);
#1447 = ADVANCED_FACE('',(#1448),#682,.T.);
#1448 = FACE_BOUND('',#1449,.T.);
#1449 = EDGE_LOOP('',(#1450,#1526,#1555,#1620,#1655,#1682,#1683,#1717));
#1450 = ORIENTED_EDGE('',*,*,#1451,.T.);
#1451 = EDGE_CURVE('',#1452,#1454,#1456,.T.);
#1452 = VERTEX_POINT('',#1453);
#1453 = CARTESIAN_POINT('',(8.240913619171,17.801620499833,
    16.087414712335));
#1454 = VERTEX_POINT('',#1455);
#1455 = CARTESIAN_POINT('',(8.446978092159,17.609534081622,
    16.698710585336));
#1456 = SURFACE_CURVE('',#1457,(#1475,#1496),.PCURVE_S1.);
#1457 = B_SPLINE_CURVE_WITH_KNOTS('',6,(#1458,#1459,#1460,#1461,#1462,
    #1463,#1464,#1465,#1466,#1467,#1468,#1469,#1470,#1471,#1472,#1473,
    #1474),.UNSPECIFIED.,.F.,.F.,(7,5,5,7),(0.,0.493872364423,
    0.948341652732,1.),.UNSPECIFIED.);
#1458 = CARTESIAN_POINT('',(8.240913619171,17.801620499833,
    16.087414712335));
#1459 = CARTESIAN_POINT('',(8.275823252452,17.778878846261,
    16.129907982221));
#1460 = CARTESIAN_POINT('',(8.307259927644,17.757244446732,
    16.174892809534));
#1461 = CARTESIAN_POINT('',(8.335094443054,17.736879740429,
    16.221949280885));
#1462 = CARTESIAN_POINT('',(8.359310586369,17.717887972939,
    16.270687346253));
#1463 = CARTESIAN_POINT('',(8.379940828454,17.700331908328,
    16.320784017637));
#1464 = CARTESIAN_POINT('',(8.412750099182,17.669455294667,
    16.419111531155));
#1465 = CARTESIAN_POINT('',(8.425467508717,17.655912837277,
    16.467158832587));
#1466 = CARTESIAN_POINT('',(8.435210517022,17.643659240913,
    16.515924669477));
#1467 = CARTESIAN_POINT('',(8.442009157062,17.632722426794,
    16.565217559063));
#1468 = CARTESIAN_POINT('',(8.445890435318,17.623124904849,
    16.614861302374));
#1469 = CARTESIAN_POINT('',(8.446982482571,17.613951298835,
    16.670357955093));
#1470 = CARTESIAN_POINT('',(8.44705646483,17.613032567671,16.67602466721
    ));
#1471 = CARTESIAN_POINT('',(8.447092993784,17.612131448813,
    16.681693532674));
#1472 = CARTESIAN_POINT('',(8.447092093244,17.611247973821,
    16.687364305316));
#1473 = CARTESIAN_POINT('',(8.447053785669,17.610382174246,
    16.693036738542));
#1474 = CARTESIAN_POINT('',(8.446978092159,17.609534081622,
    16.698710585336));
#1475 = PCURVE('',#682,#1476);
#1476 = DEFINITIONAL_REPRESENTATION('',(#1477),#1495);
#1477 = B_SPLINE_CURVE_WITH_KNOTS('',6,(#1478,#1479,#1480,#1481,#1482,
    #1483,#1484,#1485,#1486,#1487,#1488,#1489,#1490,#1491,#1492,#1493,
    #1494),.UNSPECIFIED.,.F.,.F.,(7,5,5,7),(0.,0.493872364423,
    0.948341652732,1.),.UNSPECIFIED.);
#1478 = CARTESIAN_POINT('',(-1.137241551302,-3.087414712335));
#1479 = CARTESIAN_POINT('',(-1.135139580691,-3.129907982221));
#1480 = CARTESIAN_POINT('',(-1.133220448458,-3.174892809534));
#1481 = CARTESIAN_POINT('',(-1.13149367468,-3.221949280885));
#1482 = CARTESIAN_POINT('',(-1.129962424623,-3.270687346253));
#1483 = CARTESIAN_POINT('',(-1.128626813447,-3.320784017637));
#1484 = CARTESIAN_POINT('',(-1.126436350652,-3.419111531155));
#1485 = CARTESIAN_POINT('',(-1.125551948278,-3.467158832587));
#1486 = CARTESIAN_POINT('',(-1.124832401296,-3.515924669477));
#1487 = CARTESIAN_POINT('',(-1.124277184936,-3.565217559063));
#1488 = CARTESIAN_POINT('',(-1.123885808324,-3.614861302374));
#1489 = CARTESIAN_POINT('',(-1.123632359777,-3.670357955093));
#1490 = CARTESIAN_POINT('',(-1.123608607803,-3.67602466721));
#1491 = CARTESIAN_POINT('',(-1.12358697222,-3.681693532674));
#1492 = CARTESIAN_POINT('',(-1.123567453014,-3.687364305316));
#1493 = CARTESIAN_POINT('',(-1.123550050235,-3.693036738542));
#1494 = CARTESIAN_POINT('',(-1.123534763995,-3.698710585336));
#1495 = ( GEOMETRIC_REPRESENTATION_CONTEXT(2) 
PARAMETRIC_REPRESENTATION_CONTEXT() REPRESENTATION_CONTEXT('2D SPACE',''
  ) );
#1496 = PCURVE('',#1497,#1506);
#1497 = SURFACE_OF_REVOLUTION('',#1498,#1503);
#1498 = CIRCLE('',#1499,1.);
#1499 = AXIS2_PLACEMENT_3D('',#1500,#1501,#1502);
#1500 = CARTESIAN_POINT('',(7.39580067121,17.855042285044,
    16.716836889474));
#1501 = DIRECTION('',(0.923879532511,-0.382683432365,2.775557561563E-17)
  );
#1502 = DIRECTION('',(0.319447063624,0.771213433461,-0.550620934575));
#1503 = AXIS1_PLACEMENT('',#1504,#1505);
#1504 = CARTESIAN_POINT('',(7.563045655347,18.258807393986,
    12.888661519232));
#1505 = DIRECTION('',(-5.325923996829E-02,-0.128579179453,0.990268068742
    ));
#1506 = DEFINITIONAL_REPRESENTATION('',(#1507),#1525);
#1507 = B_SPLINE_CURVE_WITH_KNOTS('',6,(#1508,#1509,#1510,#1511,#1512,
    #1513,#1514,#1515,#1516,#1517,#1518,#1519,#1520,#1521,#1522,#1523,
    #1524),.UNSPECIFIED.,.F.,.F.,(7,5,5,7),(0.,0.493872364423,
    0.948341652732,1.),.UNSPECIFIED.);
#1508 = CARTESIAN_POINT('',(5.052795423858,0.));
#1509 = CARTESIAN_POINT('',(5.034864694683,5.752609456465E-02));
#1510 = CARTESIAN_POINT('',(5.020335149972,0.11489635074));
#1511 = CARTESIAN_POINT('',(5.008338251646,0.171917291573));
#1512 = CARTESIAN_POINT('',(4.998393776607,0.228534481467));
#1513 = CARTESIAN_POINT('',(4.990158893419,0.284754015954));
#1514 = CARTESIAN_POINT('',(4.977189597277,0.392087131634));
#1515 = CARTESIAN_POINT('',(4.972229806608,0.443235339948));
#1516 = CARTESIAN_POINT('',(4.968346346403,0.494138548117));
#1517 = CARTESIAN_POINT('',(4.965436991748,0.544847500895));
#1518 = CARTESIAN_POINT('',(4.963437032776,0.595419422515));
#1519 = CARTESIAN_POINT('',(4.962192560975,0.651663197025));
#1520 = CARTESIAN_POINT('',(4.96207692878,0.657402842657));
#1521 = CARTESIAN_POINT('',(4.961972674149,0.663141652532));
#1522 = CARTESIAN_POINT('',(4.961879771439,0.668879717182));
#1523 = CARTESIAN_POINT('',(4.961798177682,0.67461713042));
#1524 = CARTESIAN_POINT('',(4.961727832578,0.680353989335));
#1525 = ( GEOMETRIC_REPRESENTATION_CONTEXT(2) 
PARAMETRIC_REPRESENTATION_CONTEXT() REPRESENTATION_CONTEXT('2D SPACE',''
  ) );
#1526 = ORIENTED_EDGE('',*,*,#1527,.T.);
#1527 = EDGE_CURVE('',#1454,#1528,#1530,.T.);
#1528 = VERTEX_POINT('',#1529);
#1529 = CARTESIAN_POINT('',(17.609534081622,8.446978092159,
    16.698710585336));
#1530 = SURFACE_CURVE('',#1531,(#1536,#1543),.PCURVE_S1.);
#1531 = CIRCLE('',#1532,19.53067150564);
#1532 = AXIS2_PLACEMENT_3D('',#1533,#1534,#1535);
#1533 = CARTESIAN_POINT('',(0.,0.,16.698710585336));
#1534 = DIRECTION('',(0.,0.,-1.));
#1535 = DIRECTION('',(0.943374448074,0.3317297857,0.));
#1536 = PCURVE('',#682,#1537);
#1537 = DEFINITIONAL_REPRESENTATION('',(#1538),#1542);
#1538 = LINE('',#1539,#1540);
#1539 = CARTESIAN_POINT('',(-6.621321907777,-3.698710585336));
#1540 = VECTOR('',#1541,1.);
#1541 = DIRECTION('',(1.,-0.));
#1542 = ( GEOMETRIC_REPRESENTATION_CONTEXT(2) 
PARAMETRIC_REPRESENTATION_CONTEXT() REPRESENTATION_CONTEXT('2D SPACE',''
  ) );
#1543 = PCURVE('',#1544,#1549);
#1544 = TOROIDAL_SURFACE('',#1545,19.184077681581,0.35);
#1545 = AXIS2_PLACEMENT_3D('',#1546,#1547,#1548);
#1546 = CARTESIAN_POINT('',(0.,0.,16.65));
#1547 = DIRECTION('',(0.,0.,1.));
#1548 = DIRECTION('',(1.,0.,-0.));
#1549 = DEFINITIONAL_REPRESENTATION('',(#1550),#1554);
#1550 = LINE('',#1551,#1552);
#1551 = CARTESIAN_POINT('',(6.621321907777,0.13962634016));
#1552 = VECTOR('',#1553,1.);
#1553 = DIRECTION('',(-1.,-0.));
#1554 = ( GEOMETRIC_REPRESENTATION_CONTEXT(2) 
PARAMETRIC_REPRESENTATION_CONTEXT() REPRESENTATION_CONTEXT('2D SPACE',''
  ) );
#1555 = ORIENTED_EDGE('',*,*,#1556,.F.);
#1556 = EDGE_CURVE('',#1557,#1528,#1559,.T.);
#1557 = VERTEX_POINT('',#1558);
#1558 = CARTESIAN_POINT('',(17.801620499833,8.240913619171,
    16.087414712335));
#1559 = SURFACE_CURVE('',#1560,(#1578,#1599),.PCURVE_S1.);
#1560 = B_SPLINE_CURVE_WITH_KNOTS('',6,(#1561,#1562,#1563,#1564,#1565,
    #1566,#1567,#1568,#1569,#1570,#1571,#1572,#1573,#1574,#1575,#1576,
    #1577),.UNSPECIFIED.,.F.,.F.,(7,5,5,7),(0.,0.493872364423,
    0.948341652732,1.),.UNSPECIFIED.);
#1561 = CARTESIAN_POINT('',(17.801620499833,8.240913619171,
    16.087414712335));
#1562 = CARTESIAN_POINT('',(17.778878846261,8.275823252452,
    16.129907982221));
#1563 = CARTESIAN_POINT('',(17.757244446732,8.307259927644,
    16.174892809534));
#1564 = CARTESIAN_POINT('',(17.736879740429,8.335094443054,
    16.221949280885));
#1565 = CARTESIAN_POINT('',(17.717887972939,8.359310586369,
    16.270687346253));
#1566 = CARTESIAN_POINT('',(17.700331908328,8.379940828454,
    16.320784017637));
#1567 = CARTESIAN_POINT('',(17.669455294667,8.412750099182,
    16.419111531155));
#1568 = CARTESIAN_POINT('',(17.655912837277,8.425467508717,
    16.467158832587));
#1569 = CARTESIAN_POINT('',(17.643659240913,8.435210517022,
    16.515924669477));
#1570 = CARTESIAN_POINT('',(17.632722426794,8.442009157062,
    16.565217559063));
#1571 = CARTESIAN_POINT('',(17.623124904849,8.445890435318,
    16.614861302374));
#1572 = CARTESIAN_POINT('',(17.613951298835,8.446982482571,
    16.670357955093));
#1573 = CARTESIAN_POINT('',(17.613032567671,8.44705646483,16.67602466721
    ));
#1574 = CARTESIAN_POINT('',(17.612131448813,8.447092993784,
    16.681693532674));
#1575 = CARTESIAN_POINT('',(17.611247973821,8.447092093244,
    16.687364305316));
#1576 = CARTESIAN_POINT('',(17.610382174246,8.447053785669,
    16.693036738542));
#1577 = CARTESIAN_POINT('',(17.609534081622,8.446978092159,
    16.698710585336));
#1578 = PCURVE('',#682,#1579);
#1579 = DEFINITIONAL_REPRESENTATION('',(#1580),#1598);
#1580 = B_SPLINE_CURVE_WITH_KNOTS('',6,(#1581,#1582,#1583,#1584,#1585,
    #1586,#1587,#1588,#1589,#1590,#1591,#1592,#1593,#1594,#1595,#1596,
    #1597),.UNSPECIFIED.,.F.,.F.,(7,5,5,7),(0.,0.493872364423,
    0.948341652732,1.),.UNSPECIFIED.);
#1581 = CARTESIAN_POINT('',(-0.433554775493,-3.087414712335));
#1582 = CARTESIAN_POINT('',(-0.435656746104,-3.129907982221));
#1583 = CARTESIAN_POINT('',(-0.437575878337,-3.174892809534));
#1584 = CARTESIAN_POINT('',(-0.439302652115,-3.221949280885));
#1585 = CARTESIAN_POINT('',(-0.440833902172,-3.270687346253));
#1586 = CARTESIAN_POINT('',(-0.442169513348,-3.320784017637));
#1587 = CARTESIAN_POINT('',(-0.444359976142,-3.419111531155));
#1588 = CARTESIAN_POINT('',(-0.445244378517,-3.467158832587));
#1589 = CARTESIAN_POINT('',(-0.445963925499,-3.515924669477));
#1590 = CARTESIAN_POINT('',(-0.446519141859,-3.565217559063));
#1591 = CARTESIAN_POINT('',(-0.446910518471,-3.614861302374));
#1592 = CARTESIAN_POINT('',(-0.447163967018,-3.670357955093));
#1593 = CARTESIAN_POINT('',(-0.447187718992,-3.67602466721));
#1594 = CARTESIAN_POINT('',(-0.447209354575,-3.681693532674));
#1595 = CARTESIAN_POINT('',(-0.447228873781,-3.687364305316));
#1596 = CARTESIAN_POINT('',(-0.44724627656,-3.693036738542));
#1597 = CARTESIAN_POINT('',(-0.4472615628,-3.698710585336));
#1598 = ( GEOMETRIC_REPRESENTATION_CONTEXT(2) 
PARAMETRIC_REPRESENTATION_CONTEXT() REPRESENTATION_CONTEXT('2D SPACE',''
  ) );
#1599 = PCURVE('',#1215,#1600);
#1600 = DEFINITIONAL_REPRESENTATION('',(#1601),#1619);
#1601 = B_SPLINE_CURVE_WITH_KNOTS('',6,(#1602,#1603,#1604,#1605,#1606,
    #1607,#1608,#1609,#1610,#1611,#1612,#1613,#1614,#1615,#1616,#1617,
    #1618),.UNSPECIFIED.,.F.,.F.,(7,5,5,7),(0.,0.493872364423,
    0.948341652732,1.),.UNSPECIFIED.);
#1602 = CARTESIAN_POINT('',(7.513575190501,0.));
#1603 = CARTESIAN_POINT('',(7.531505919677,5.752609456464E-02));
#1604 = CARTESIAN_POINT('',(7.546035464387,0.11489635074));
#1605 = CARTESIAN_POINT('',(7.558032362714,0.171917291573));
#1606 = CARTESIAN_POINT('',(7.567976837752,0.228534481467));
#1607 = CARTESIAN_POINT('',(7.57621172094,0.284754015954));
#1608 = CARTESIAN_POINT('',(7.589181017082,0.392087131634));
#1609 = CARTESIAN_POINT('',(7.594140807751,0.443235339948));
#1610 = CARTESIAN_POINT('',(7.598024267956,0.494138548117));
#1611 = CARTESIAN_POINT('',(7.600933622611,0.544847500895));
#1612 = CARTESIAN_POINT('',(7.602933581583,0.595419422515));
#1613 = CARTESIAN_POINT('',(7.604178053384,0.651663197025));
#1614 = CARTESIAN_POINT('',(7.604293685579,0.657402842657));
#1615 = CARTESIAN_POINT('',(7.604397940211,0.663141652532));
#1616 = CARTESIAN_POINT('',(7.60449084292,0.668879717182));
#1617 = CARTESIAN_POINT('',(7.604572436677,0.67461713042));
#1618 = CARTESIAN_POINT('',(7.604642781781,0.680353989335));
#1619 = ( GEOMETRIC_REPRESENTATION_CONTEXT(2) 
PARAMETRIC_REPRESENTATION_CONTEXT() REPRESENTATION_CONTEXT('2D SPACE',''
  ) );
#1620 = ORIENTED_EDGE('',*,*,#1621,.F.);
#1621 = EDGE_CURVE('',#1622,#1557,#1624,.T.);
#1622 = VERTEX_POINT('',#1623);
#1623 = CARTESIAN_POINT('',(17.841266053413,8.198816785304,
    15.956710691609));
#1624 = SURFACE_CURVE('',#1625,(#1633,#1644),.PCURVE_S1.);
#1625 = B_SPLINE_CURVE_WITH_KNOTS('',6,(#1626,#1627,#1628,#1629,#1630,
    #1631,#1632),.UNSPECIFIED.,.F.,.F.,(7,7),(0.,1.),
  .PIECEWISE_BEZIER_KNOTS.);
#1626 = CARTESIAN_POINT('',(17.841266053413,8.198816785304,
    15.956710691609));
#1627 = CARTESIAN_POINT('',(17.83817129399,8.197535903534,
    15.980525092707));
#1628 = CARTESIAN_POINT('',(17.83350371221,8.199683937982,
    16.004320628953));
#1629 = CARTESIAN_POINT('',(17.827341958348,8.205294492989,
    16.027488467993));
#1630 = CARTESIAN_POINT('',(17.819831684898,8.214240753627,
    16.049423225928));
#1631 = CARTESIAN_POINT('',(17.811176327062,8.226244922226,
    16.069559443186));
#1632 = CARTESIAN_POINT('',(17.801620499833,8.240913619171,
    16.087414712335));
#1633 = PCURVE('',#682,#1634);
#1634 = DEFINITIONAL_REPRESENTATION('',(#1635),#1643);
#1635 = B_SPLINE_CURVE_WITH_KNOTS('',6,(#1636,#1637,#1638,#1639,#1640,
    #1641,#1642),.UNSPECIFIED.,.F.,.F.,(7,7),(0.,1.),
  .PIECEWISE_BEZIER_KNOTS.);
#1636 = CARTESIAN_POINT('',(-0.430760926255,-2.956710691609));
#1637 = CARTESIAN_POINT('',(-0.430767464797,-2.980525092707));
#1638 = CARTESIAN_POINT('',(-0.430966134401,-3.004320628953));
#1639 = CARTESIAN_POINT('',(-0.431356964377,-3.027488467993));
#1640 = CARTESIAN_POINT('',(-0.431931137472,-3.049423225928));
#1641 = CARTESIAN_POINT('',(-0.432671547369,-3.069559443186));
#1642 = CARTESIAN_POINT('',(-0.433554775493,-3.087414712335));
#1643 = ( GEOMETRIC_REPRESENTATION_CONTEXT(2) 
PARAMETRIC_REPRESENTATION_CONTEXT() REPRESENTATION_CONTEXT('2D SPACE',''
  ) );
#1644 = PCURVE('',#1155,#1645);
#1645 = DEFINITIONAL_REPRESENTATION('',(#1646),#1654);
#1646 = B_SPLINE_CURVE_WITH_KNOTS('',6,(#1647,#1648,#1649,#1650,#1651,
    #1652,#1653),.UNSPECIFIED.,.F.,.F.,(7,7),(0.,1.),
  .PIECEWISE_BEZIER_KNOTS.);
#1647 = CARTESIAN_POINT('',(-7.488502450202,3.14159265359));
#1648 = CARTESIAN_POINT('',(-7.488505712358,3.261836560594));
#1649 = CARTESIAN_POINT('',(-7.490358651391,3.382084964867));
#1650 = CARTESIAN_POINT('',(-7.494064606276,3.502394269469));
#1651 = CARTESIAN_POINT('',(-7.499415017187,3.622833999413));
#1652 = CARTESIAN_POINT('',(-7.506040868093,3.743467303601));
#1653 = CARTESIAN_POINT('',(-7.513575190501,3.864326901403));
#1654 = ( GEOMETRIC_REPRESENTATION_CONTEXT(2) 
PARAMETRIC_REPRESENTATION_CONTEXT() REPRESENTATION_CONTEXT('2D SPACE',''
  ) );
#1655 = ORIENTED_EDGE('',*,*,#1656,.T.);
#1656 = EDGE_CURVE('',#1622,#666,#1657,.T.);
#1657 = SURFACE_CURVE('',#1658,(#1664,#1673),.PCURVE_S1.);
#1658 = B_SPLINE_CURVE_WITH_KNOTS('',4,(#1659,#1660,#1661,#1662,#1663),
  .UNSPECIFIED.,.F.,.F.,(5,5),(0.,1.),.PIECEWISE_BEZIER_KNOTS.);
#1659 = CARTESIAN_POINT('',(17.841265976201,8.198816753346,
    15.956711285761));
#1660 = CARTESIAN_POINT('',(17.937324535893,8.23857417586,
    15.217533612517));
#1661 = CARTESIAN_POINT('',(18.033381943328,8.278331557324,
    14.478355838379));
#1662 = CARTESIAN_POINT('',(18.129438235482,8.318088899409,
    13.739177966501));
#1663 = CARTESIAN_POINT('',(18.225493446299,8.357846203614,13.));
#1664 = PCURVE('',#682,#1665);
#1665 = DEFINITIONAL_REPRESENTATION('',(#1666),#1672);
#1666 = B_SPLINE_CURVE_WITH_KNOTS('',4,(#1667,#1668,#1669,#1670,#1671),
  .UNSPECIFIED.,.F.,.F.,(5,5),(2.009504616418E-07,1.),
  .PIECEWISE_BEZIER_KNOTS.);
#1667 = CARTESIAN_POINT('',(-0.430760926255,-2.956710691609));
#1668 = CARTESIAN_POINT('',(-0.430557975811,-2.217533166903));
#1669 = CARTESIAN_POINT('',(-0.430357911345,-1.478355541303));
#1670 = CARTESIAN_POINT('',(-0.430160640593,-0.739177817963));
#1671 = CARTESIAN_POINT('',(-0.429966078762,0.));
#1672 = ( GEOMETRIC_REPRESENTATION_CONTEXT(2) 
PARAMETRIC_REPRESENTATION_CONTEXT() REPRESENTATION_CONTEXT('2D SPACE',''
  ) );
#1673 = PCURVE('',#1117,#1674);
#1674 = DEFINITIONAL_REPRESENTATION('',(#1675),#1681);
#1675 = B_SPLINE_CURVE_WITH_KNOTS('',4,(#1676,#1677,#1678,#1679,#1680),
  .UNSPECIFIED.,.F.,.F.,(5,5),(2.009504616418E-07,1.),
  .PIECEWISE_BEZIER_KNOTS.);
#1676 = CARTESIAN_POINT('',(7.488502450202,3.058017564517));
#1677 = CARTESIAN_POINT('',(7.488401195821,2.311565086686));
#1678 = CARTESIAN_POINT('',(7.488301386744,1.565112659203));
#1679 = CARTESIAN_POINT('',(7.488202976589,0.818660280662));
#1680 = CARTESIAN_POINT('',(7.488105922748,7.220794932407E-02));
#1681 = ( GEOMETRIC_REPRESENTATION_CONTEXT(2) 
PARAMETRIC_REPRESENTATION_CONTEXT() REPRESENTATION_CONTEXT('2D SPACE',''
  ) );
#1682 = ORIENTED_EDGE('',*,*,#665,.T.);
#1683 = ORIENTED_EDGE('',*,*,#1684,.T.);
#1684 = EDGE_CURVE('',#637,#1685,#1687,.T.);
#1685 = VERTEX_POINT('',#1686);
#1686 = CARTESIAN_POINT('',(8.198816785304,17.841266053413,
    15.956710691609));
#1687 = SURFACE_CURVE('',#1688,(#1694,#1703),.PCURVE_S1.);
#1688 = B_SPLINE_CURVE_WITH_KNOTS('',4,(#1689,#1690,#1691,#1692,#1693),
  .UNSPECIFIED.,.F.,.F.,(5,5),(0.,1.),.PIECEWISE_BEZIER_KNOTS.);
#1689 = CARTESIAN_POINT('',(8.357846203614,18.225493446299,13.));
#1690 = CARTESIAN_POINT('',(8.318088899409,18.129438235482,
    13.739177966495));
#1691 = CARTESIAN_POINT('',(8.278331557321,18.033381943322,
    14.478355838423));
#1692 = CARTESIAN_POINT('',(8.23857417586,17.937324535892,
    15.217533612523));
#1693 = CARTESIAN_POINT('',(8.198816753346,17.841265976201,
    15.956711285761));
#1694 = PCURVE('',#682,#1695);
#1695 = DEFINITIONAL_REPRESENTATION('',(#1696),#1702);
#1696 = B_SPLINE_CURVE_WITH_KNOTS('',4,(#1697,#1698,#1699,#1700,#1701),
  .UNSPECIFIED.,.F.,.F.,(5,5),(0.,1.),.PIECEWISE_BEZIER_KNOTS.);
#1697 = CARTESIAN_POINT('',(-1.140830248033,0.));
#1698 = CARTESIAN_POINT('',(-1.140635686163,-0.739177966495));
#1699 = CARTESIAN_POINT('',(-1.14043841537,-1.478355838423));
#1700 = CARTESIAN_POINT('',(-1.140238350863,-2.217533612523));
#1701 = CARTESIAN_POINT('',(-1.140035400376,-2.956711285761));
#1702 = ( GEOMETRIC_REPRESENTATION_CONTEXT(2) 
PARAMETRIC_REPRESENTATION_CONTEXT() REPRESENTATION_CONTEXT('2D SPACE',''
  ) );
#1703 = PCURVE('',#1704,#1709);
#1704 = CYLINDRICAL_SURFACE('',#1705,0.8);
#1705 = AXIS2_PLACEMENT_3D('',#1706,#1707,#1708);
#1706 = CARTESIAN_POINT('',(7.563045655347,18.258807393986,
    12.888661519232));
#1707 = DIRECTION('',(-5.325923996829E-02,-0.128579179453,0.990268068742
    ));
#1708 = DIRECTION('',(0.378959183508,0.91488840041,0.13917310096));
#1709 = DEFINITIONAL_REPRESENTATION('',(#1710),#1716);
#1710 = B_SPLINE_CURVE_WITH_KNOTS('',4,(#1711,#1712,#1713,#1714,#1715),
  .UNSPECIFIED.,.F.,.F.,(5,5),(0.,0.99999979905),
  .PIECEWISE_BEZIER_KNOTS.);
#1711 = CARTESIAN_POINT('',(5.078264691611,7.220794940052E-02));
#1712 = CARTESIAN_POINT('',(5.07816763777,0.818660280732));
#1713 = CARTESIAN_POINT('',(5.078069227615,1.565112659152));
#1714 = CARTESIAN_POINT('',(5.077969418538,2.311565086693));
#1715 = CARTESIAN_POINT('',(5.077868164157,3.058017564517));
#1716 = ( GEOMETRIC_REPRESENTATION_CONTEXT(2) 
PARAMETRIC_REPRESENTATION_CONTEXT() REPRESENTATION_CONTEXT('2D SPACE',''
  ) );
#1717 = ORIENTED_EDGE('',*,*,#1718,.T.);
#1718 = EDGE_CURVE('',#1685,#1452,#1719,.T.);
#1719 = SURFACE_CURVE('',#1720,(#1728,#1739),.PCURVE_S1.);
#1720 = B_SPLINE_CURVE_WITH_KNOTS('',6,(#1721,#1722,#1723,#1724,#1725,
    #1726,#1727),.UNSPECIFIED.,.F.,.F.,(7,7),(0.,1.),
  .PIECEWISE_BEZIER_KNOTS.);
#1721 = CARTESIAN_POINT('',(8.198816785304,17.841266053413,
    15.956710691609));
#1722 = CARTESIAN_POINT('',(8.197535903534,17.83817129399,
    15.980525092707));
#1723 = CARTESIAN_POINT('',(8.199683937982,17.83350371221,
    16.004320628953));
#1724 = CARTESIAN_POINT('',(8.205294492989,17.827341958348,
    16.027488467993));
#1725 = CARTESIAN_POINT('',(8.214240753627,17.819831684898,
    16.049423225928));
#1726 = CARTESIAN_POINT('',(8.226244922226,17.811176327062,
    16.069559443186));
#1727 = CARTESIAN_POINT('',(8.240913619171,17.801620499833,
    16.087414712335));
#1728 = PCURVE('',#682,#1729);
#1729 = DEFINITIONAL_REPRESENTATION('',(#1730),#1738);
#1730 = B_SPLINE_CURVE_WITH_KNOTS('',6,(#1731,#1732,#1733,#1734,#1735,
    #1736,#1737),.UNSPECIFIED.,.F.,.F.,(7,7),(0.,1.),
  .PIECEWISE_BEZIER_KNOTS.);
#1731 = CARTESIAN_POINT('',(-1.140035400539,-2.956710691609));
#1732 = CARTESIAN_POINT('',(-1.140028861997,-2.980525092707));
#1733 = CARTESIAN_POINT('',(-1.139830192394,-3.004320628953));
#1734 = CARTESIAN_POINT('',(-1.139439362418,-3.027488467993));
#1735 = CARTESIAN_POINT('',(-1.138865189322,-3.049423225928));
#1736 = CARTESIAN_POINT('',(-1.138124779425,-3.069559443186));
#1737 = CARTESIAN_POINT('',(-1.137241551302,-3.087414712335));
#1738 = ( GEOMETRIC_REPRESENTATION_CONTEXT(2) 
PARAMETRIC_REPRESENTATION_CONTEXT() REPRESENTATION_CONTEXT('2D SPACE',''
  ) );
#1739 = PCURVE('',#1740,#1745);
#1740 = TOROIDAL_SURFACE('',#1741,1.,0.2);
#1741 = AXIS2_PLACEMENT_3D('',#1742,#1743,#1744);
#1742 = CARTESIAN_POINT('',(7.400177964051,17.865610004788,
    15.916918667024));
#1743 = DIRECTION('',(5.325923996829E-02,0.128579179453,-0.990268068742)
  );
#1744 = DIRECTION('',(0.378959183508,0.91488840041,0.13917310096));
#1745 = DEFINITIONAL_REPRESENTATION('',(#1746),#1754);
#1746 = B_SPLINE_CURVE_WITH_KNOTS('',6,(#1747,#1748,#1749,#1750,#1751,
    #1752,#1753),.UNSPECIFIED.,.F.,.F.,(7,7),(0.,1.),
  .PIECEWISE_BEZIER_KNOTS.);
#1747 = CARTESIAN_POINT('',(-5.077868164157,3.14159265359));
#1748 = CARTESIAN_POINT('',(-5.077864902001,3.261836560594));
#1749 = CARTESIAN_POINT('',(-5.076011962968,3.382084964867));
#1750 = CARTESIAN_POINT('',(-5.072306008083,3.502394269469));
#1751 = CARTESIAN_POINT('',(-5.066955597173,3.622833999413));
#1752 = CARTESIAN_POINT('',(-5.060329746266,3.743467303601));
#1753 = CARTESIAN_POINT('',(-5.052795423858,3.864326901403));
#1754 = ( GEOMETRIC_REPRESENTATION_CONTEXT(2) 
PARAMETRIC_REPRESENTATION_CONTEXT() REPRESENTATION_CONTEXT('2D SPACE',''
  ) );
#1755 = ADVANCED_FACE('',(#1756),#653,.F.);
#1756 = FACE_BOUND('',#1757,.F.);
#1757 = EDGE_LOOP('',(#1758,#1788,#1816));
#1758 = ORIENTED_EDGE('',*,*,#1759,.T.);
#1759 = EDGE_CURVE('',#637,#1760,#1762,.T.);
#1760 = VERTEX_POINT('',#1761);
#1761 = CARTESIAN_POINT('',(7.866213002153,18.990718114314,13.));
#1762 = SURFACE_CURVE('',#1763,(#1768,#1775),.PCURVE_S1.);
#1763 = ELLIPSE('',#1764,0.807862058015,0.8);
#1764 = AXIS2_PLACEMENT_3D('',#1765,#1766,#1767);
#1765 = CARTESIAN_POINT('',(7.557057576915,18.244350893822,13.));
#1766 = DIRECTION('',(0.,0.,1.));
#1767 = DIRECTION('',(-0.382683432365,-0.923879532511,0.));
#1768 = PCURVE('',#653,#1769);
#1769 = DEFINITIONAL_REPRESENTATION('',(#1770),#1774);
#1770 = ELLIPSE('',#1771,0.807862058015,0.8);
#1771 = AXIS2_PLACEMENT_2D('',#1772,#1773);
#1772 = CARTESIAN_POINT('',(59.74754310687,40.));
#1773 = DIRECTION('',(-1.,0.));
#1774 = ( GEOMETRIC_REPRESENTATION_CONTEXT(2) 
PARAMETRIC_REPRESENTATION_CONTEXT() REPRESENTATION_CONTEXT('2D SPACE',''
  ) );
#1775 = PCURVE('',#1704,#1776);
#1776 = DEFINITIONAL_REPRESENTATION('',(#1777),#1787);
#1777 = B_SPLINE_CURVE_WITH_KNOTS('',8,(#1778,#1779,#1780,#1781,#1782,
    #1783,#1784,#1785,#1786),.UNSPECIFIED.,.F.,.F.,(9,9),(8.219857345201
    ,9.424777960769),.PIECEWISE_BEZIER_KNOTS.);
#1778 = CARTESIAN_POINT('',(5.078264691611,7.220804542988E-02));
#1779 = CARTESIAN_POINT('',(5.228879768557,5.639486914545E-02));
#1780 = CARTESIAN_POINT('',(5.379494845503,4.162446621756E-02));
#1781 = CARTESIAN_POINT('',(5.530109922449,2.8443423991E-02));
#1782 = CARTESIAN_POINT('',(5.680724999395,1.734797757346E-02));
#1783 = CARTESIAN_POINT('',(5.831340076341,8.744418132882E-03));
#1784 = CARTESIAN_POINT('',(5.981955153287,2.915235087022E-03));
#1785 = CARTESIAN_POINT('',(6.132570230234,6.221470841242E-18));
#1786 = CARTESIAN_POINT('',(6.28318530718,0.));
#1787 = ( GEOMETRIC_REPRESENTATION_CONTEXT(2) 
PARAMETRIC_REPRESENTATION_CONTEXT() REPRESENTATION_CONTEXT('2D SPACE',''
  ) );
#1788 = ORIENTED_EDGE('',*,*,#1789,.T.);
#1789 = EDGE_CURVE('',#1760,#609,#1790,.T.);
#1790 = SURFACE_CURVE('',#1791,(#1796,#1803),.PCURVE_S1.);
#1791 = ELLIPSE('',#1792,0.807862058015,0.8);
#1792 = AXIS2_PLACEMENT_3D('',#1793,#1794,#1795);
#1793 = CARTESIAN_POINT('',(7.557057576915,18.244350893822,13.));
#1794 = DIRECTION('',(0.,0.,1.));
#1795 = DIRECTION('',(-0.382683432365,-0.923879532511,0.));
#1796 = PCURVE('',#653,#1797);
#1797 = DEFINITIONAL_REPRESENTATION('',(#1798),#1802);
#1798 = ELLIPSE('',#1799,0.807862058015,0.8);
#1799 = AXIS2_PLACEMENT_2D('',#1800,#1801);
#1800 = CARTESIAN_POINT('',(59.74754310687,40.));
#1801 = DIRECTION('',(-1.,0.));
#1802 = ( GEOMETRIC_REPRESENTATION_CONTEXT(2) 
PARAMETRIC_REPRESENTATION_CONTEXT() REPRESENTATION_CONTEXT('2D SPACE',''
  ) );
#1803 = PCURVE('',#1704,#1804);
#1804 = DEFINITIONAL_REPRESENTATION('',(#1805),#1815);
#1805 = B_SPLINE_CURVE_WITH_KNOTS('',8,(#1806,#1807,#1808,#1809,#1810,
    #1811,#1812,#1813,#1814),.UNSPECIFIED.,.F.,.F.,(9,9),(3.14159265359,
    4.346513269158),.PIECEWISE_BEZIER_KNOTS.);
#1806 = CARTESIAN_POINT('',(6.28318530718,0.));
#1807 = CARTESIAN_POINT('',(6.433800384126,-9.594054676604E-18));
#1808 = CARTESIAN_POINT('',(6.584415461072,2.914270667757E-03));
#1809 = CARTESIAN_POINT('',(6.735030538018,8.745027382164E-03));
#1810 = CARTESIAN_POINT('',(6.885645614964,1.734897769606E-02));
#1811 = CARTESIAN_POINT('',(7.03626069191,2.844341430743E-02));
#1812 = CARTESIAN_POINT('',(7.186875768856,4.162404483168E-02));
#1813 = CARTESIAN_POINT('',(7.337490845802,5.639455837508E-02));
#1814 = CARTESIAN_POINT('',(7.488105922748,7.220792890935E-02));
#1815 = ( GEOMETRIC_REPRESENTATION_CONTEXT(2) 
PARAMETRIC_REPRESENTATION_CONTEXT() REPRESENTATION_CONTEXT('2D SPACE',''
  ) );
#1816 = ORIENTED_EDGE('',*,*,#636,.F.);
#1817 = ADVANCED_FACE('',(#1818),#625,.T.);
#1818 = FACE_BOUND('',#1819,.T.);
#1819 = EDGE_LOOP('',(#1820,#1896,#1925,#1990,#2025,#2052,#2053,#2087));
#1820 = ORIENTED_EDGE('',*,*,#1821,.T.);
#1821 = EDGE_CURVE('',#1822,#1824,#1826,.T.);
#1822 = VERTEX_POINT('',#1823);
#1823 = CARTESIAN_POINT('',(-6.760440668253,18.414852474829,
    16.087414712335));
#1824 = VERTEX_POINT('',#1825);
#1825 = CARTESIAN_POINT('',(-6.478905473151,18.424736452151,
    16.698710585336));
#1826 = SURFACE_CURVE('',#1827,(#1845,#1866),.PCURVE_S1.);
#1827 = B_SPLINE_CURVE_WITH_KNOTS('',6,(#1828,#1829,#1830,#1831,#1832,
    #1833,#1834,#1835,#1836,#1837,#1838,#1839,#1840,#1841,#1842,#1843,
    #1844),.UNSPECIFIED.,.F.,.F.,(7,5,5,7),(0.,0.493872364423,
    0.948341652732,1.),.UNSPECIFIED.);
#1828 = CARTESIAN_POINT('',(-6.760440668253,18.414852474829,
    16.087414712335));
#1829 = CARTESIAN_POINT('',(-6.719675052375,18.423456535795,
    16.129907982221));
#1830 = CARTESIAN_POINT('',(-6.682148135556,18.430387791388,
    16.174892809534));
#1831 = CARTESIAN_POINT('',(-6.648066139034,18.435669744061,
    16.221949280885));
#1832 = CARTESIAN_POINT('',(-6.617513532303,18.439363935634,
    16.270687346253));
#1833 = CARTESIAN_POINT('',(-6.590511735889,18.441537707373,
    16.320784017637));
#1834 = CARTESIAN_POINT('',(-6.545479015172,18.442904302292,
    16.419111531155));
#1835 = CARTESIAN_POINT('',(-6.526910485197,18.442320905358,
    16.467158832587));
#1836 = CARTESIAN_POINT('',(-6.511356536872,18.440545651517,
    16.515924669477));
#1837 = CARTESIAN_POINT('',(-6.498815676969,18.437619520564,
    16.565217559063));
#1838 = CARTESIAN_POINT('',(-6.489284725944,18.433577525888,
    16.614861302374));
#1839 = CARTESIAN_POINT('',(-6.482025812906,18.427863000886,
    16.670357955093));
#1840 = CARTESIAN_POINT('',(-6.481323858513,18.427265673207,
    16.67602466721));
#1841 = CARTESIAN_POINT('',(-6.480660841387,18.426654315822,
    16.681693532674));
#1842 = CARTESIAN_POINT('',(-6.480036767007,18.426028967887,
    16.687364305316));
#1843 = CARTESIAN_POINT('',(-6.479451641802,18.42538966759,
    16.693036738542));
#1844 = CARTESIAN_POINT('',(-6.478905473151,18.424736452151,
    16.698710585336));
#1845 = PCURVE('',#625,#1846);
#1846 = DEFINITIONAL_REPRESENTATION('',(#1847),#1865);
#1847 = B_SPLINE_CURVE_WITH_KNOTS('',6,(#1848,#1849,#1850,#1851,#1852,
    #1853,#1854,#1855,#1856,#1857,#1858,#1859,#1860,#1861,#1862,#1863,
    #1864),.UNSPECIFIED.,.F.,.F.,(7,5,5,7),(0.,0.493872364423,
    0.948341652732,1.),.UNSPECIFIED.);
#1848 = CARTESIAN_POINT('',(-1.9226397147,-3.087414712335));
#1849 = CARTESIAN_POINT('',(-1.920537744088,-3.129907982221));
#1850 = CARTESIAN_POINT('',(-1.918618611855,-3.174892809534));
#1851 = CARTESIAN_POINT('',(-1.916891838078,-3.221949280885));
#1852 = CARTESIAN_POINT('',(-1.915360588021,-3.270687346253));
#1853 = CARTESIAN_POINT('',(-1.914024976844,-3.320784017637));
#1854 = CARTESIAN_POINT('',(-1.91183451405,-3.419111531155));
#1855 = CARTESIAN_POINT('',(-1.910950111675,-3.467158832587));
#1856 = CARTESIAN_POINT('',(-1.910230564694,-3.515924669477));
#1857 = CARTESIAN_POINT('',(-1.909675348333,-3.565217559063));
#1858 = CARTESIAN_POINT('',(-1.909283971721,-3.614861302374));
#1859 = CARTESIAN_POINT('',(-1.909030523174,-3.670357955093));
#1860 = CARTESIAN_POINT('',(-1.9090067712,-3.67602466721));
#1861 = CARTESIAN_POINT('',(-1.908985135617,-3.681693532674));
#1862 = CARTESIAN_POINT('',(-1.908965616411,-3.687364305316));
#1863 = CARTESIAN_POINT('',(-1.908948213632,-3.693036738542));
#1864 = CARTESIAN_POINT('',(-1.908932927392,-3.698710585336));
#1865 = ( GEOMETRIC_REPRESENTATION_CONTEXT(2) 
PARAMETRIC_REPRESENTATION_CONTEXT() REPRESENTATION_CONTEXT('2D SPACE',''
  ) );
#1866 = PCURVE('',#1867,#1876);
#1867 = SURFACE_OF_REVOLUTION('',#1868,#1873);
#1868 = CIRCLE('',#1869,1.);
#1869 = AXIS2_PLACEMENT_3D('',#1870,#1871,#1872);
#1870 = CARTESIAN_POINT('',(-7.39580067121,17.855042285044,
    16.716836889474));
#1871 = DIRECTION('',(0.923879532511,0.382683432365,0.));
#1872 = DIRECTION('',(-0.319447063624,0.771213433461,-0.550620934575));
#1873 = AXIS1_PLACEMENT('',#1874,#1875);
#1874 = CARTESIAN_POINT('',(-7.563045655347,18.258807393986,
    12.888661519232));
#1875 = DIRECTION('',(5.325923996829E-02,-0.128579179453,0.990268068742)
  );
#1876 = DEFINITIONAL_REPRESENTATION('',(#1877),#1895);
#1877 = B_SPLINE_CURVE_WITH_KNOTS('',6,(#1878,#1879,#1880,#1881,#1882,
    #1883,#1884,#1885,#1886,#1887,#1888,#1889,#1890,#1891,#1892,#1893,
    #1894),.UNSPECIFIED.,.F.,.F.,(7,5,5,7),(0.,0.493872364423,
    0.948341652732,1.),.UNSPECIFIED.);
#1878 = CARTESIAN_POINT('',(5.052795423858,0.));
#1879 = CARTESIAN_POINT('',(5.034864694683,5.752609456464E-02));
#1880 = CARTESIAN_POINT('',(5.020335149972,0.11489635074));
#1881 = CARTESIAN_POINT('',(5.008338251646,0.171917291573));
#1882 = CARTESIAN_POINT('',(4.998393776607,0.228534481467));
#1883 = CARTESIAN_POINT('',(4.990158893419,0.284754015954));
#1884 = CARTESIAN_POINT('',(4.977189597277,0.392087131634));
#1885 = CARTESIAN_POINT('',(4.972229806608,0.443235339948));
#1886 = CARTESIAN_POINT('',(4.968346346403,0.494138548117));
#1887 = CARTESIAN_POINT('',(4.965436991748,0.544847500895));
#1888 = CARTESIAN_POINT('',(4.963437032776,0.595419422515));
#1889 = CARTESIAN_POINT('',(4.962192560975,0.651663197025));
#1890 = CARTESIAN_POINT('',(4.96207692878,0.657402842657));
#1891 = CARTESIAN_POINT('',(4.961972674149,0.663141652532));
#1892 = CARTESIAN_POINT('',(4.961879771439,0.668879717182));
#1893 = CARTESIAN_POINT('',(4.961798177682,0.67461713042));
#1894 = CARTESIAN_POINT('',(4.961727832578,0.680353989335));
#1895 = ( GEOMETRIC_REPRESENTATION_CONTEXT(2) 
PARAMETRIC_REPRESENTATION_CONTEXT() REPRESENTATION_CONTEXT('2D SPACE',''
  ) );
#1896 = ORIENTED_EDGE('',*,*,#1897,.T.);
#1897 = EDGE_CURVE('',#1824,#1898,#1900,.T.);
#1898 = VERTEX_POINT('',#1899);
#1899 = CARTESIAN_POINT('',(6.478905473151,18.424736452151,
    16.698710585336));
#1900 = SURFACE_CURVE('',#1901,(#1906,#1913),.PCURVE_S1.);
#1901 = CIRCLE('',#1902,19.53067150564);
#1902 = AXIS2_PLACEMENT_3D('',#1903,#1904,#1905);
#1903 = CARTESIAN_POINT('',(0.,0.,16.698710585336));
#1904 = DIRECTION('',(0.,0.,-1.));
#1905 = DIRECTION('',(0.943374448074,0.3317297857,0.));
#1906 = PCURVE('',#625,#1907);
#1907 = DEFINITIONAL_REPRESENTATION('',(#1908),#1912);
#1908 = LINE('',#1909,#1910);
#1909 = CARTESIAN_POINT('',(-6.621321907777,-3.698710585336));
#1910 = VECTOR('',#1911,1.);
#1911 = DIRECTION('',(1.,-0.));
#1912 = ( GEOMETRIC_REPRESENTATION_CONTEXT(2) 
PARAMETRIC_REPRESENTATION_CONTEXT() REPRESENTATION_CONTEXT('2D SPACE',''
  ) );
#1913 = PCURVE('',#1914,#1919);
#1914 = TOROIDAL_SURFACE('',#1915,19.184077681581,0.35);
#1915 = AXIS2_PLACEMENT_3D('',#1916,#1917,#1918);
#1916 = CARTESIAN_POINT('',(0.,0.,16.65));
#1917 = DIRECTION('',(0.,0.,1.));
#1918 = DIRECTION('',(1.,0.,-0.));
#1919 = DEFINITIONAL_REPRESENTATION('',(#1920),#1924);
#1920 = LINE('',#1921,#1922);
#1921 = CARTESIAN_POINT('',(6.621321907777,0.13962634016));
#1922 = VECTOR('',#1923,1.);
#1923 = DIRECTION('',(-1.,-0.));
#1924 = ( GEOMETRIC_REPRESENTATION_CONTEXT(2) 
PARAMETRIC_REPRESENTATION_CONTEXT() REPRESENTATION_CONTEXT('2D SPACE',''
  ) );
#1925 = ORIENTED_EDGE('',*,*,#1926,.F.);
#1926 = EDGE_CURVE('',#1927,#1898,#1929,.T.);
#1927 = VERTEX_POINT('',#1928);
#1928 = CARTESIAN_POINT('',(6.760440668253,18.414852474829,
    16.087414712335));
#1929 = SURFACE_CURVE('',#1930,(#1948,#1969),.PCURVE_S1.);
#1930 = B_SPLINE_CURVE_WITH_KNOTS('',6,(#1931,#1932,#1933,#1934,#1935,
    #1936,#1937,#1938,#1939,#1940,#1941,#1942,#1943,#1944,#1945,#1946,
    #1947),.UNSPECIFIED.,.F.,.F.,(7,5,5,7),(0.,0.493872364423,
    0.948341652732,1.),.UNSPECIFIED.);
#1931 = CARTESIAN_POINT('',(6.760440668253,18.414852474829,
    16.087414712335));
#1932 = CARTESIAN_POINT('',(6.719675052375,18.423456535795,
    16.129907982221));
#1933 = CARTESIAN_POINT('',(6.682148135556,18.430387791388,
    16.174892809534));
#1934 = CARTESIAN_POINT('',(6.648066139034,18.435669744061,
    16.221949280885));
#1935 = CARTESIAN_POINT('',(6.617513532303,18.439363935634,
    16.270687346253));
#1936 = CARTESIAN_POINT('',(6.590511735889,18.441537707373,
    16.320784017637));
#1937 = CARTESIAN_POINT('',(6.545479015172,18.442904302292,
    16.419111531155));
#1938 = CARTESIAN_POINT('',(6.526910485197,18.442320905358,
    16.467158832587));
#1939 = CARTESIAN_POINT('',(6.511356536872,18.440545651517,
    16.515924669477));
#1940 = CARTESIAN_POINT('',(6.498815676969,18.437619520564,
    16.565217559063));
#1941 = CARTESIAN_POINT('',(6.489284725944,18.433577525888,
    16.614861302374));
#1942 = CARTESIAN_POINT('',(6.482025812906,18.427863000886,
    16.670357955093));
#1943 = CARTESIAN_POINT('',(6.481323858513,18.427265673207,
    16.67602466721));
#1944 = CARTESIAN_POINT('',(6.480660841387,18.426654315822,
    16.681693532674));
#1945 = CARTESIAN_POINT('',(6.480036767007,18.426028967887,
    16.687364305316));
#1946 = CARTESIAN_POINT('',(6.479451641802,18.42538966759,
    16.693036738542));
#1947 = CARTESIAN_POINT('',(6.478905473151,18.424736452151,
    16.698710585336));
#1948 = PCURVE('',#625,#1949);
#1949 = DEFINITIONAL_REPRESENTATION('',(#1950),#1968);
#1950 = B_SPLINE_CURVE_WITH_KNOTS('',6,(#1951,#1952,#1953,#1954,#1955,
    #1956,#1957,#1958,#1959,#1960,#1961,#1962,#1963,#1964,#1965,#1966,
    #1967),.UNSPECIFIED.,.F.,.F.,(7,5,5,7),(0.,0.493872364423,
    0.948341652732,1.),.UNSPECIFIED.);
#1951 = CARTESIAN_POINT('',(-1.21895293889,-3.087414712335));
#1952 = CARTESIAN_POINT('',(-1.221054909502,-3.129907982221));
#1953 = CARTESIAN_POINT('',(-1.222974041735,-3.174892809534));
#1954 = CARTESIAN_POINT('',(-1.224700815512,-3.221949280885));
#1955 = CARTESIAN_POINT('',(-1.226232065569,-3.270687346253));
#1956 = CARTESIAN_POINT('',(-1.227567676746,-3.320784017637));
#1957 = CARTESIAN_POINT('',(-1.22975813954,-3.419111531155));
#1958 = CARTESIAN_POINT('',(-1.230642541914,-3.467158832587));
#1959 = CARTESIAN_POINT('',(-1.231362088896,-3.515924669477));
#1960 = CARTESIAN_POINT('',(-1.231917305257,-3.565217559063));
#1961 = CARTESIAN_POINT('',(-1.232308681868,-3.614861302374));
#1962 = CARTESIAN_POINT('',(-1.232562130416,-3.670357955093));
#1963 = CARTESIAN_POINT('',(-1.23258588239,-3.67602466721));
#1964 = CARTESIAN_POINT('',(-1.232607517973,-3.681693532674));
#1965 = CARTESIAN_POINT('',(-1.232627037179,-3.687364305316));
#1966 = CARTESIAN_POINT('',(-1.232644439958,-3.693036738542));
#1967 = CARTESIAN_POINT('',(-1.232659726198,-3.698710585336));
#1968 = ( GEOMETRIC_REPRESENTATION_CONTEXT(2) 
PARAMETRIC_REPRESENTATION_CONTEXT() REPRESENTATION_CONTEXT('2D SPACE',''
  ) );
#1969 = PCURVE('',#1497,#1970);
#1970 = DEFINITIONAL_REPRESENTATION('',(#1971),#1989);
#1971 = B_SPLINE_CURVE_WITH_KNOTS('',6,(#1972,#1973,#1974,#1975,#1976,
    #1977,#1978,#1979,#1980,#1981,#1982,#1983,#1984,#1985,#1986,#1987,
    #1988),.UNSPECIFIED.,.F.,.F.,(7,5,5,7),(0.,0.493872364423,
    0.948341652732,1.),.UNSPECIFIED.);
#1972 = CARTESIAN_POINT('',(7.513575190501,0.));
#1973 = CARTESIAN_POINT('',(7.531505919677,5.752609456464E-02));
#1974 = CARTESIAN_POINT('',(7.546035464387,0.11489635074));
#1975 = CARTESIAN_POINT('',(7.558032362714,0.171917291573));
#1976 = CARTESIAN_POINT('',(7.567976837752,0.228534481467));
#1977 = CARTESIAN_POINT('',(7.57621172094,0.284754015954));
#1978 = CARTESIAN_POINT('',(7.589181017082,0.392087131634));
#1979 = CARTESIAN_POINT('',(7.594140807751,0.443235339948));
#1980 = CARTESIAN_POINT('',(7.598024267956,0.494138548117));
#1981 = CARTESIAN_POINT('',(7.600933622611,0.544847500896));
#1982 = CARTESIAN_POINT('',(7.602933581583,0.595419422515));
#1983 = CARTESIAN_POINT('',(7.604178053384,0.651663197025));
#1984 = CARTESIAN_POINT('',(7.604293685579,0.657402842657));
#1985 = CARTESIAN_POINT('',(7.604397940211,0.663141652532));
#1986 = CARTESIAN_POINT('',(7.60449084292,0.668879717182));
#1987 = CARTESIAN_POINT('',(7.604572436677,0.67461713042));
#1988 = CARTESIAN_POINT('',(7.604642781781,0.680353989335));
#1989 = ( GEOMETRIC_REPRESENTATION_CONTEXT(2) 
PARAMETRIC_REPRESENTATION_CONTEXT() REPRESENTATION_CONTEXT('2D SPACE',''
  ) );
#1990 = ORIENTED_EDGE('',*,*,#1991,.F.);
#1991 = EDGE_CURVE('',#1992,#1927,#1994,.T.);
#1992 = VERTEX_POINT('',#1993);
#1993 = CARTESIAN_POINT('',(6.818241264727,18.413119157916,
    15.956710691609));
#1994 = SURFACE_CURVE('',#1995,(#2003,#2014),.PCURVE_S1.);
#1995 = B_SPLINE_CURVE_WITH_KNOTS('',6,(#1996,#1997,#1998,#1999,#2000,
    #2001,#2002),.UNSPECIFIED.,.F.,.F.,(7,7),(0.,1.),
  .PIECEWISE_BEZIER_KNOTS.);
#1996 = CARTESIAN_POINT('',(6.818241264727,18.413119157916,
    15.956710691609));
#1997 = CARTESIAN_POINT('',(6.816958659539,18.410025112356,
    15.980525092707));
#1998 = CARTESIAN_POINT('',(6.812139291086,18.408243523353,
    16.004320628953));
#1999 = CARTESIAN_POINT('',(6.803815011654,18.407853766905,
    16.027488467993));
#2000 = CARTESIAN_POINT('',(6.792178484806,18.408869163183,
    16.049423225928));
#2001 = CARTESIAN_POINT('',(6.777569993567,18.411237129982,
    16.069559443186));
#2002 = CARTESIAN_POINT('',(6.760440668253,18.414852474829,
    16.087414712335));
#2003 = PCURVE('',#625,#2004);
#2004 = DEFINITIONAL_REPRESENTATION('',(#2005),#2013);
#2005 = B_SPLINE_CURVE_WITH_KNOTS('',6,(#2006,#2007,#2008,#2009,#2010,
    #2011,#2012),.UNSPECIFIED.,.F.,.F.,(7,7),(0.,1.),
  .PIECEWISE_BEZIER_KNOTS.);
#2006 = CARTESIAN_POINT('',(-1.216159089653,-2.956710691609));
#2007 = CARTESIAN_POINT('',(-1.216165628195,-2.980525092707));
#2008 = CARTESIAN_POINT('',(-1.216364297798,-3.004320628953));
#2009 = CARTESIAN_POINT('',(-1.216755127774,-3.027488467993));
#2010 = CARTESIAN_POINT('',(-1.21732930087,-3.049423225928));
#2011 = CARTESIAN_POINT('',(-1.218069710767,-3.069559443186));
#2012 = CARTESIAN_POINT('',(-1.21895293889,-3.087414712335));
#2013 = ( GEOMETRIC_REPRESENTATION_CONTEXT(2) 
PARAMETRIC_REPRESENTATION_CONTEXT() REPRESENTATION_CONTEXT('2D SPACE',''
  ) );
#2014 = PCURVE('',#1740,#2015);
#2015 = DEFINITIONAL_REPRESENTATION('',(#2016),#2024);
#2016 = B_SPLINE_CURVE_WITH_KNOTS('',6,(#2017,#2018,#2019,#2020,#2021,
    #2022,#2023),.UNSPECIFIED.,.F.,.F.,(7,7),(0.,1.),
  .PIECEWISE_BEZIER_KNOTS.);
#2017 = CARTESIAN_POINT('',(-7.488502450202,3.14159265359));
#2018 = CARTESIAN_POINT('',(-7.488505712358,3.261836560594));
#2019 = CARTESIAN_POINT('',(-7.490358651391,3.382084964867));
#2020 = CARTESIAN_POINT('',(-7.494064606276,3.502394269469));
#2021 = CARTESIAN_POINT('',(-7.499415017187,3.622833999413));
#2022 = CARTESIAN_POINT('',(-7.506040868093,3.743467303601));
#2023 = CARTESIAN_POINT('',(-7.513575190501,3.864326901403));
#2024 = ( GEOMETRIC_REPRESENTATION_CONTEXT(2) 
PARAMETRIC_REPRESENTATION_CONTEXT() REPRESENTATION_CONTEXT('2D SPACE',''
  ) );
#2025 = ORIENTED_EDGE('',*,*,#2026,.T.);
#2026 = EDGE_CURVE('',#1992,#609,#2027,.T.);
#2027 = SURFACE_CURVE('',#2028,(#2034,#2043),.PCURVE_S1.);
#2028 = B_SPLINE_CURVE_WITH_KNOTS('',4,(#2029,#2030,#2031,#2032,#2033),
  .UNSPECIFIED.,.F.,.F.,(5,5),(0.,1.),.PIECEWISE_BEZIER_KNOTS.);
#2029 = CARTESIAN_POINT('',(6.818241232727,18.413119080722,
    15.956711285761));
#2030 = CARTESIAN_POINT('',(6.858052148615,18.509155482733,
    15.217533612517));
#2031 = CARTESIAN_POINT('',(6.89786227876,18.605191040948,
    14.478355838379));
#2032 = CARTESIAN_POINT('',(6.937671648127,18.701225782696,
    13.739177966501));
#2033 = CARTESIAN_POINT('',(6.977480279659,18.797259733039,13.));
#2034 = PCURVE('',#625,#2035);
#2035 = DEFINITIONAL_REPRESENTATION('',(#2036),#2042);
#2036 = B_SPLINE_CURVE_WITH_KNOTS('',4,(#2037,#2038,#2039,#2040,#2041),
  .UNSPECIFIED.,.F.,.F.,(5,5),(0.,1.),.PIECEWISE_BEZIER_KNOTS.);
#2037 = CARTESIAN_POINT('',(-1.216159089816,-2.956711285761));
#2038 = CARTESIAN_POINT('',(-1.215956139329,-2.217533612517));
#2039 = CARTESIAN_POINT('',(-1.215756074822,-1.478355838379));
#2040 = CARTESIAN_POINT('',(-1.215558804029,-0.739177966501));
#2041 = CARTESIAN_POINT('',(-1.215364242159,0.));
#2042 = ( GEOMETRIC_REPRESENTATION_CONTEXT(2) 
PARAMETRIC_REPRESENTATION_CONTEXT() REPRESENTATION_CONTEXT('2D SPACE',''
  ) );
#2043 = PCURVE('',#1704,#2044);
#2044 = DEFINITIONAL_REPRESENTATION('',(#2045),#2051);
#2045 = B_SPLINE_CURVE_WITH_KNOTS('',4,(#2046,#2047,#2048,#2049,#2050),
  .UNSPECIFIED.,.F.,.F.,(5,5),(2.009504614282E-07,1.),
  .PIECEWISE_BEZIER_KNOTS.);
#2046 = CARTESIAN_POINT('',(7.488502450202,3.058017564517));
#2047 = CARTESIAN_POINT('',(7.488401195821,2.311565086686));
#2048 = CARTESIAN_POINT('',(7.488301386744,1.565112659203));
#2049 = CARTESIAN_POINT('',(7.488202976589,0.818660280662));
#2050 = CARTESIAN_POINT('',(7.488105922748,7.220794932407E-02));
#2051 = ( GEOMETRIC_REPRESENTATION_CONTEXT(2) 
PARAMETRIC_REPRESENTATION_CONTEXT() REPRESENTATION_CONTEXT('2D SPACE',''
  ) );
#2052 = ORIENTED_EDGE('',*,*,#608,.T.);
#2053 = ORIENTED_EDGE('',*,*,#2054,.T.);
#2054 = EDGE_CURVE('',#580,#2055,#2057,.T.);
#2055 = VERTEX_POINT('',#2056);
#2056 = CARTESIAN_POINT('',(-6.818241264727,18.413119157916,
    15.956710691609));
#2057 = SURFACE_CURVE('',#2058,(#2064,#2073),.PCURVE_S1.);
#2058 = B_SPLINE_CURVE_WITH_KNOTS('',4,(#2059,#2060,#2061,#2062,#2063),
  .UNSPECIFIED.,.F.,.F.,(5,5),(0.,1.),.PIECEWISE_BEZIER_KNOTS.);
#2059 = CARTESIAN_POINT('',(-6.977480279659,18.797259733039,13.));
#2060 = CARTESIAN_POINT('',(-6.937671648127,18.701225782697,
    13.739177966495));
#2061 = CARTESIAN_POINT('',(-6.897862278757,18.605191040942,
    14.478355838423));
#2062 = CARTESIAN_POINT('',(-6.858052148614,18.509155482732,
    15.217533612523));
#2063 = CARTESIAN_POINT('',(-6.818241232727,18.413119080722,
    15.956711285761));
#2064 = PCURVE('',#625,#2065);
#2065 = DEFINITIONAL_REPRESENTATION('',(#2066),#2072);
#2066 = B_SPLINE_CURVE_WITH_KNOTS('',4,(#2067,#2068,#2069,#2070,#2071),
  .UNSPECIFIED.,.F.,.F.,(5,5),(0.,1.),.PIECEWISE_BEZIER_KNOTS.);
#2067 = CARTESIAN_POINT('',(-1.92622841143,0.));
#2068 = CARTESIAN_POINT('',(-1.926033849561,-0.739177966495));
#2069 = CARTESIAN_POINT('',(-1.925836578768,-1.478355838423));
#2070 = CARTESIAN_POINT('',(-1.925636514261,-2.217533612523));
#2071 = CARTESIAN_POINT('',(-1.925433563774,-2.956711285761));
#2072 = ( GEOMETRIC_REPRESENTATION_CONTEXT(2) 
PARAMETRIC_REPRESENTATION_CONTEXT() REPRESENTATION_CONTEXT('2D SPACE',''
  ) );
#2073 = PCURVE('',#2074,#2079);
#2074 = CYLINDRICAL_SURFACE('',#2075,0.8);
#2075 = AXIS2_PLACEMENT_3D('',#2076,#2077,#2078);
#2076 = CARTESIAN_POINT('',(-7.563045655347,18.258807393986,
    12.888661519232));
#2077 = DIRECTION('',(5.325923996829E-02,-0.128579179453,0.990268068742)
  );
#2078 = DIRECTION('',(-0.378959183508,0.91488840041,0.13917310096));
#2079 = DEFINITIONAL_REPRESENTATION('',(#2080),#2086);
#2080 = B_SPLINE_CURVE_WITH_KNOTS('',4,(#2081,#2082,#2083,#2084,#2085),
  .UNSPECIFIED.,.F.,.F.,(5,5),(0.,0.99999979905),
  .PIECEWISE_BEZIER_KNOTS.);
#2081 = CARTESIAN_POINT('',(5.078264691611,7.220794940052E-02));
#2082 = CARTESIAN_POINT('',(5.07816763777,0.818660280732));
#2083 = CARTESIAN_POINT('',(5.078069227615,1.565112659152));
#2084 = CARTESIAN_POINT('',(5.077969418538,2.311565086693));
#2085 = CARTESIAN_POINT('',(5.077868164157,3.058017564517));
#2086 = ( GEOMETRIC_REPRESENTATION_CONTEXT(2) 
PARAMETRIC_REPRESENTATION_CONTEXT() REPRESENTATION_CONTEXT('2D SPACE',''
  ) );
#2087 = ORIENTED_EDGE('',*,*,#2088,.T.);
#2088 = EDGE_CURVE('',#2055,#1822,#2089,.T.);
#2089 = SURFACE_CURVE('',#2090,(#2098,#2109),.PCURVE_S1.);
#2090 = B_SPLINE_CURVE_WITH_KNOTS('',6,(#2091,#2092,#2093,#2094,#2095,
    #2096,#2097),.UNSPECIFIED.,.F.,.F.,(7,7),(0.,1.),
  .PIECEWISE_BEZIER_KNOTS.);
#2091 = CARTESIAN_POINT('',(-6.818241264727,18.413119157916,
    15.956710691609));
#2092 = CARTESIAN_POINT('',(-6.816958659539,18.410025112356,
    15.980525092707));
#2093 = CARTESIAN_POINT('',(-6.812139291086,18.408243523353,
    16.004320628953));
#2094 = CARTESIAN_POINT('',(-6.803815011654,18.407853766905,
    16.027488467993));
#2095 = CARTESIAN_POINT('',(-6.792178484806,18.408869163183,
    16.049423225928));
#2096 = CARTESIAN_POINT('',(-6.777569993567,18.411237129982,
    16.069559443186));
#2097 = CARTESIAN_POINT('',(-6.760440668253,18.414852474829,
    16.087414712335));
#2098 = PCURVE('',#625,#2099);
#2099 = DEFINITIONAL_REPRESENTATION('',(#2100),#2108);
#2100 = B_SPLINE_CURVE_WITH_KNOTS('',6,(#2101,#2102,#2103,#2104,#2105,
    #2106,#2107),.UNSPECIFIED.,.F.,.F.,(7,7),(0.,1.),
  .PIECEWISE_BEZIER_KNOTS.);
#2101 = CARTESIAN_POINT('',(-1.925433563937,-2.956710691609));
#2102 = CARTESIAN_POINT('',(-1.925427025395,-2.980525092707));
#2103 = CARTESIAN_POINT('',(-1.925228355792,-3.004320628953));
#2104 = CARTESIAN_POINT('',(-1.924837525816,-3.027488467993));
#2105 = CARTESIAN_POINT('',(-1.92426335272,-3.049423225928));
#2106 = CARTESIAN_POINT('',(-1.923522942823,-3.069559443186));
#2107 = CARTESIAN_POINT('',(-1.9226397147,-3.087414712335));
#2108 = ( GEOMETRIC_REPRESENTATION_CONTEXT(2) 
PARAMETRIC_REPRESENTATION_CONTEXT() REPRESENTATION_CONTEXT('2D SPACE',''
  ) );
#2109 = PCURVE('',#2110,#2115);
#2110 = TOROIDAL_SURFACE('',#2111,1.,0.2);
#2111 = AXIS2_PLACEMENT_3D('',#2112,#2113,#2114);
#2112 = CARTESIAN_POINT('',(-7.400177964051,17.865610004788,
    15.916918667024));
#2113 = DIRECTION('',(-5.325923996829E-02,0.128579179453,-0.990268068742
    ));
#2114 = DIRECTION('',(-0.378959183508,0.91488840041,0.13917310096));
#2115 = DEFINITIONAL_REPRESENTATION('',(#2116),#2124);
#2116 = B_SPLINE_CURVE_WITH_KNOTS('',6,(#2117,#2118,#2119,#2120,#2121,
    #2122,#2123),.UNSPECIFIED.,.F.,.F.,(7,7),(0.,1.),
  .PIECEWISE_BEZIER_KNOTS.);
#2117 = CARTESIAN_POINT('',(-5.077868164157,3.14159265359));
#2118 = CARTESIAN_POINT('',(-5.077864902001,3.261836560594));
#2119 = CARTESIAN_POINT('',(-5.076011962968,3.382084964867));
#2120 = CARTESIAN_POINT('',(-5.072306008083,3.502394269469));
#2121 = CARTESIAN_POINT('',(-5.066955597173,3.622833999413));
#2122 = CARTESIAN_POINT('',(-5.060329746266,3.743467303601));
#2123 = CARTESIAN_POINT('',(-5.052795423858,3.864326901403));
#2124 = ( GEOMETRIC_REPRESENTATION_CONTEXT(2) 
PARAMETRIC_REPRESENTATION_CONTEXT() REPRESENTATION_CONTEXT('2D SPACE',''
  ) );
#2125 = ADVANCED_FACE('',(#2126),#596,.F.);
#2126 = FACE_BOUND('',#2127,.F.);
#2127 = EDGE_LOOP('',(#2128,#2158,#2186));
#2128 = ORIENTED_EDGE('',*,*,#2129,.T.);
#2129 = EDGE_CURVE('',#580,#2130,#2132,.T.);
#2130 = VERTEX_POINT('',#2131);
#2131 = CARTESIAN_POINT('',(-7.866213002153,18.990718114314,13.));
#2132 = SURFACE_CURVE('',#2133,(#2138,#2145),.PCURVE_S1.);
#2133 = ELLIPSE('',#2134,0.807862058015,0.8);
#2134 = AXIS2_PLACEMENT_3D('',#2135,#2136,#2137);
#2135 = CARTESIAN_POINT('',(-7.557057576915,18.244350893822,13.));
#2136 = DIRECTION('',(-0.,0.,1.));
#2137 = DIRECTION('',(0.382683432365,-0.923879532511,0.));
#2138 = PCURVE('',#596,#2139);
#2139 = DEFINITIONAL_REPRESENTATION('',(#2140),#2144);
#2140 = ELLIPSE('',#2141,0.807862058015,0.8);
#2141 = AXIS2_PLACEMENT_2D('',#2142,#2143);
#2142 = CARTESIAN_POINT('',(59.74754310687,40.));
#2143 = DIRECTION('',(-1.,0.));
#2144 = ( GEOMETRIC_REPRESENTATION_CONTEXT(2) 
PARAMETRIC_REPRESENTATION_CONTEXT() REPRESENTATION_CONTEXT('2D SPACE',''
  ) );
#2145 = PCURVE('',#2074,#2146);
#2146 = DEFINITIONAL_REPRESENTATION('',(#2147),#2157);
#2147 = B_SPLINE_CURVE_WITH_KNOTS('',8,(#2148,#2149,#2150,#2151,#2152,
    #2153,#2154,#2155,#2156),.UNSPECIFIED.,.F.,.F.,(9,9),(8.219857345201
    ,9.424777960769),.PIECEWISE_BEZIER_KNOTS.);
#2148 = CARTESIAN_POINT('',(5.078264691611,7.220804542988E-02));
#2149 = CARTESIAN_POINT('',(5.228879768557,5.639486914545E-02));
#2150 = CARTESIAN_POINT('',(5.379494845503,4.162446621757E-02));
#2151 = CARTESIAN_POINT('',(5.530109922449,2.8443423991E-02));
#2152 = CARTESIAN_POINT('',(5.680724999395,1.734797757347E-02));
#2153 = CARTESIAN_POINT('',(5.831340076341,8.744418132883E-03));
#2154 = CARTESIAN_POINT('',(5.981955153287,2.915235087022E-03));
#2155 = CARTESIAN_POINT('',(6.132570230234,6.221470841243E-18));
#2156 = CARTESIAN_POINT('',(6.28318530718,0.));
#2157 = ( GEOMETRIC_REPRESENTATION_CONTEXT(2) 
PARAMETRIC_REPRESENTATION_CONTEXT() REPRESENTATION_CONTEXT('2D SPACE',''
  ) );
#2158 = ORIENTED_EDGE('',*,*,#2159,.T.);
#2159 = EDGE_CURVE('',#2130,#552,#2160,.T.);
#2160 = SURFACE_CURVE('',#2161,(#2166,#2173),.PCURVE_S1.);
#2161 = ELLIPSE('',#2162,0.807862058015,0.8);
#2162 = AXIS2_PLACEMENT_3D('',#2163,#2164,#2165);
#2163 = CARTESIAN_POINT('',(-7.557057576915,18.244350893822,13.));
#2164 = DIRECTION('',(-0.,0.,1.));
#2165 = DIRECTION('',(0.382683432365,-0.923879532511,0.));
#2166 = PCURVE('',#596,#2167);
#2167 = DEFINITIONAL_REPRESENTATION('',(#2168),#2172);
#2168 = ELLIPSE('',#2169,0.807862058015,0.8);
#2169 = AXIS2_PLACEMENT_2D('',#2170,#2171);
#2170 = CARTESIAN_POINT('',(59.74754310687,40.));
#2171 = DIRECTION('',(-1.,0.));
#2172 = ( GEOMETRIC_REPRESENTATION_CONTEXT(2) 
PARAMETRIC_REPRESENTATION_CONTEXT() REPRESENTATION_CONTEXT('2D SPACE',''
  ) );
#2173 = PCURVE('',#2074,#2174);
#2174 = DEFINITIONAL_REPRESENTATION('',(#2175),#2185);
#2175 = B_SPLINE_CURVE_WITH_KNOTS('',8,(#2176,#2177,#2178,#2179,#2180,
    #2181,#2182,#2183,#2184),.UNSPECIFIED.,.F.,.F.,(9,9),(3.14159265359,
    4.346513269158),.PIECEWISE_BEZIER_KNOTS.);
#2176 = CARTESIAN_POINT('',(6.28318530718,0.));
#2177 = CARTESIAN_POINT('',(6.433800384126,-9.594054676604E-18));
#2178 = CARTESIAN_POINT('',(6.584415461072,2.914270667757E-03));
#2179 = CARTESIAN_POINT('',(6.735030538018,8.745027382163E-03));
#2180 = CARTESIAN_POINT('',(6.885645614964,1.734897769606E-02));
#2181 = CARTESIAN_POINT('',(7.03626069191,2.844341430743E-02));
#2182 = CARTESIAN_POINT('',(7.186875768856,4.162404483167E-02));
#2183 = CARTESIAN_POINT('',(7.337490845802,5.639455837507E-02));
#2184 = CARTESIAN_POINT('',(7.488105922748,7.220792890934E-02));
#2185 = ( GEOMETRIC_REPRESENTATION_CONTEXT(2) 
PARAMETRIC_REPRESENTATION_CONTEXT() REPRESENTATION_CONTEXT('2D SPACE',''
  ) );
#2186 = ORIENTED_EDGE('',*,*,#579,.F.);
#2187 = ADVANCED_FACE('',(#2188),#568,.T.);
#2188 = FACE_BOUND('',#2189,.T.);
#2189 = EDGE_LOOP('',(#2190,#2266,#2295,#2360,#2395,#2422,#2423,#2457));
#2190 = ORIENTED_EDGE('',*,*,#2191,.T.);
#2191 = EDGE_CURVE('',#2192,#2194,#2196,.T.);
#2192 = VERTEX_POINT('',#2193);
#2193 = CARTESIAN_POINT('',(-17.80162049983,8.240913619171,
    16.087414712335));
#2194 = VERTEX_POINT('',#2195);
#2195 = CARTESIAN_POINT('',(-17.60953408162,8.446978092159,
    16.698710585336));
#2196 = SURFACE_CURVE('',#2197,(#2215,#2236),.PCURVE_S1.);
#2197 = B_SPLINE_CURVE_WITH_KNOTS('',6,(#2198,#2199,#2200,#2201,#2202,
    #2203,#2204,#2205,#2206,#2207,#2208,#2209,#2210,#2211,#2212,#2213,
    #2214),.UNSPECIFIED.,.F.,.F.,(7,5,5,7),(0.,0.493872364423,
    0.948341652732,1.),.UNSPECIFIED.);
#2198 = CARTESIAN_POINT('',(-17.80162049983,8.240913619171,
    16.087414712335));
#2199 = CARTESIAN_POINT('',(-17.77887884626,8.275823252452,
    16.129907982221));
#2200 = CARTESIAN_POINT('',(-17.75724444673,8.307259927644,
    16.174892809534));
#2201 = CARTESIAN_POINT('',(-17.73687974042,8.335094443054,
    16.221949280885));
#2202 = CARTESIAN_POINT('',(-17.71788797293,8.359310586369,
    16.270687346253));
#2203 = CARTESIAN_POINT('',(-17.70033190832,8.379940828454,
    16.320784017637));
#2204 = CARTESIAN_POINT('',(-17.66945529466,8.412750099182,
    16.419111531155));
#2205 = CARTESIAN_POINT('',(-17.65591283727,8.425467508717,
    16.467158832587));
#2206 = CARTESIAN_POINT('',(-17.64365924091,8.435210517022,
    16.515924669477));
#2207 = CARTESIAN_POINT('',(-17.63272242679,8.442009157062,
    16.565217559063));
#2208 = CARTESIAN_POINT('',(-17.62312490484,8.445890435318,
    16.614861302374));
#2209 = CARTESIAN_POINT('',(-17.61395129883,8.446982482571,
    16.670357955093));
#2210 = CARTESIAN_POINT('',(-17.61303256767,8.44705646483,16.67602466721
    ));
#2211 = CARTESIAN_POINT('',(-17.61213144881,8.447092993784,
    16.681693532674));
#2212 = CARTESIAN_POINT('',(-17.61124797382,8.447092093244,
    16.687364305316));
#2213 = CARTESIAN_POINT('',(-17.61038217424,8.447053785669,
    16.693036738542));
#2214 = CARTESIAN_POINT('',(-17.60953408162,8.446978092159,
    16.698710585336));
#2215 = PCURVE('',#568,#2216);
#2216 = DEFINITIONAL_REPRESENTATION('',(#2217),#2235);
#2217 = B_SPLINE_CURVE_WITH_KNOTS('',6,(#2218,#2219,#2220,#2221,#2222,
    #2223,#2224,#2225,#2226,#2227,#2228,#2229,#2230,#2231,#2232,#2233,
    #2234),.UNSPECIFIED.,.F.,.F.,(7,5,5,7),(0.,0.493872364423,
    0.948341652732,1.),.UNSPECIFIED.);
#2218 = CARTESIAN_POINT('',(-2.708037878097,-3.087414712335));
#2219 = CARTESIAN_POINT('',(-2.705935907485,-3.129907982221));
#2220 = CARTESIAN_POINT('',(-2.704016775253,-3.174892809534));
#2221 = CARTESIAN_POINT('',(-2.702290001475,-3.221949280885));
#2222 = CARTESIAN_POINT('',(-2.700758751418,-3.270687346253));
#2223 = CARTESIAN_POINT('',(-2.699423140242,-3.320784017637));
#2224 = CARTESIAN_POINT('',(-2.697232677447,-3.419111531155));
#2225 = CARTESIAN_POINT('',(-2.696348275073,-3.467158832587));
#2226 = CARTESIAN_POINT('',(-2.695628728091,-3.515924669477));
#2227 = CARTESIAN_POINT('',(-2.695073511731,-3.565217559063));
#2228 = CARTESIAN_POINT('',(-2.694682135119,-3.614861302374));
#2229 = CARTESIAN_POINT('',(-2.694428686571,-3.670357955093));
#2230 = CARTESIAN_POINT('',(-2.694404934598,-3.67602466721));
#2231 = CARTESIAN_POINT('',(-2.694383299015,-3.681693532674));
#2232 = CARTESIAN_POINT('',(-2.694363779809,-3.687364305316));
#2233 = CARTESIAN_POINT('',(-2.69434637703,-3.693036738542));
#2234 = CARTESIAN_POINT('',(-2.69433109079,-3.698710585336));
#2235 = ( GEOMETRIC_REPRESENTATION_CONTEXT(2) 
PARAMETRIC_REPRESENTATION_CONTEXT() REPRESENTATION_CONTEXT('2D SPACE',''
  ) );
#2236 = PCURVE('',#2237,#2246);
#2237 = SURFACE_OF_REVOLUTION('',#2238,#2243);
#2238 = CIRCLE('',#2239,1.);
#2239 = AXIS2_PLACEMENT_3D('',#2240,#2241,#2242);
#2240 = CARTESIAN_POINT('',(-17.85504228504,7.39580067121,
    16.716836889474));
#2241 = DIRECTION('',(0.382683432365,0.923879532511,0.));
#2242 = DIRECTION('',(-0.771213433461,0.319447063624,-0.550620934575));
#2243 = AXIS1_PLACEMENT('',#2244,#2245);
#2244 = CARTESIAN_POINT('',(-18.25880739398,7.563045655347,
    12.888661519232));
#2245 = DIRECTION('',(0.128579179453,-5.325923996829E-02,0.990268068742)
  );
#2246 = DEFINITIONAL_REPRESENTATION('',(#2247),#2265);
#2247 = B_SPLINE_CURVE_WITH_KNOTS('',6,(#2248,#2249,#2250,#2251,#2252,
    #2253,#2254,#2255,#2256,#2257,#2258,#2259,#2260,#2261,#2262,#2263,
    #2264),.UNSPECIFIED.,.F.,.F.,(7,5,5,7),(0.,0.493872364423,
    0.948341652732,1.),.UNSPECIFIED.);
#2248 = CARTESIAN_POINT('',(5.052795423858,0.));
#2249 = CARTESIAN_POINT('',(5.034864694683,5.752609456465E-02));
#2250 = CARTESIAN_POINT('',(5.020335149972,0.11489635074));
#2251 = CARTESIAN_POINT('',(5.008338251646,0.171917291573));
#2252 = CARTESIAN_POINT('',(4.998393776607,0.228534481467));
#2253 = CARTESIAN_POINT('',(4.990158893419,0.284754015954));
#2254 = CARTESIAN_POINT('',(4.977189597277,0.392087131634));
#2255 = CARTESIAN_POINT('',(4.972229806608,0.443235339948));
#2256 = CARTESIAN_POINT('',(4.968346346403,0.494138548117));
#2257 = CARTESIAN_POINT('',(4.965436991748,0.544847500895));
#2258 = CARTESIAN_POINT('',(4.963437032776,0.595419422515));
#2259 = CARTESIAN_POINT('',(4.962192560975,0.651663197025));
#2260 = CARTESIAN_POINT('',(4.96207692878,0.657402842657));
#2261 = CARTESIAN_POINT('',(4.961972674149,0.663141652532));
#2262 = CARTESIAN_POINT('',(4.961879771439,0.668879717182));
#2263 = CARTESIAN_POINT('',(4.961798177682,0.67461713042));
#2264 = CARTESIAN_POINT('',(4.961727832578,0.680353989335));
#2265 = ( GEOMETRIC_REPRESENTATION_CONTEXT(2) 
PARAMETRIC_REPRESENTATION_CONTEXT() REPRESENTATION_CONTEXT('2D SPACE',''
  ) );
#2266 = ORIENTED_EDGE('',*,*,#2267,.T.);
#2267 = EDGE_CURVE('',#2194,#2268,#2270,.T.);
#2268 = VERTEX_POINT('',#2269);
#2269 = CARTESIAN_POINT('',(-8.446978092159,17.609534081622,
    16.698710585336));
#2270 = SURFACE_CURVE('',#2271,(#2276,#2283),.PCURVE_S1.);
#2271 = CIRCLE('',#2272,19.53067150564);
#2272 = AXIS2_PLACEMENT_3D('',#2273,#2274,#2275);
#2273 = CARTESIAN_POINT('',(0.,0.,16.698710585336));
#2274 = DIRECTION('',(0.,0.,-1.));
#2275 = DIRECTION('',(0.943374448074,0.3317297857,0.));
#2276 = PCURVE('',#568,#2277);
#2277 = DEFINITIONAL_REPRESENTATION('',(#2278),#2282);
#2278 = LINE('',#2279,#2280);
#2279 = CARTESIAN_POINT('',(-6.621321907777,-3.698710585336));
#2280 = VECTOR('',#2281,1.);
#2281 = DIRECTION('',(1.,-0.));
#2282 = ( GEOMETRIC_REPRESENTATION_CONTEXT(2) 
PARAMETRIC_REPRESENTATION_CONTEXT() REPRESENTATION_CONTEXT('2D SPACE',''
  ) );
#2283 = PCURVE('',#2284,#2289);
#2284 = TOROIDAL_SURFACE('',#2285,19.184077681581,0.35);
#2285 = AXIS2_PLACEMENT_3D('',#2286,#2287,#2288);
#2286 = CARTESIAN_POINT('',(0.,0.,16.65));
#2287 = DIRECTION('',(0.,0.,1.));
#2288 = DIRECTION('',(1.,0.,-0.));
#2289 = DEFINITIONAL_REPRESENTATION('',(#2290),#2294);
#2290 = LINE('',#2291,#2292);
#2291 = CARTESIAN_POINT('',(6.621321907777,0.13962634016));
#2292 = VECTOR('',#2293,1.);
#2293 = DIRECTION('',(-1.,-0.));
#2294 = ( GEOMETRIC_REPRESENTATION_CONTEXT(2) 
PARAMETRIC_REPRESENTATION_CONTEXT() REPRESENTATION_CONTEXT('2D SPACE',''
  ) );
#2295 = ORIENTED_EDGE('',*,*,#2296,.F.);
#2296 = EDGE_CURVE('',#2297,#2268,#2299,.T.);
#2297 = VERTEX_POINT('',#2298);
#2298 = CARTESIAN_POINT('',(-8.240913619171,17.801620499833,
    16.087414712335));
#2299 = SURFACE_CURVE('',#2300,(#2318,#2339),.PCURVE_S1.);
#2300 = B_SPLINE_CURVE_WITH_KNOTS('',6,(#2301,#2302,#2303,#2304,#2305,
    #2306,#2307,#2308,#2309,#2310,#2311,#2312,#2313,#2314,#2315,#2316,
    #2317),.UNSPECIFIED.,.F.,.F.,(7,5,5,7),(0.,0.493872364423,
    0.948341652732,1.),.UNSPECIFIED.);
#2301 = CARTESIAN_POINT('',(-8.240913619171,17.801620499833,
    16.087414712335));
#2302 = CARTESIAN_POINT('',(-8.275823252452,17.778878846261,
    16.129907982221));
#2303 = CARTESIAN_POINT('',(-8.307259927644,17.757244446732,
    16.174892809534));
#2304 = CARTESIAN_POINT('',(-8.335094443054,17.736879740429,
    16.221949280885));
#2305 = CARTESIAN_POINT('',(-8.359310586369,17.717887972939,
    16.270687346253));
#2306 = CARTESIAN_POINT('',(-8.379940828454,17.700331908328,
    16.320784017637));
#2307 = CARTESIAN_POINT('',(-8.412750099182,17.669455294667,
    16.419111531155));
#2308 = CARTESIAN_POINT('',(-8.425467508717,17.655912837277,
    16.467158832587));
#2309 = CARTESIAN_POINT('',(-8.435210517022,17.643659240913,
    16.515924669477));
#2310 = CARTESIAN_POINT('',(-8.442009157062,17.632722426794,
    16.565217559063));
#2311 = CARTESIAN_POINT('',(-8.445890435318,17.623124904849,
    16.614861302374));
#2312 = CARTESIAN_POINT('',(-8.446982482571,17.613951298835,
    16.670357955093));
#2313 = CARTESIAN_POINT('',(-8.44705646483,17.613032567671,
    16.67602466721));
#2314 = CARTESIAN_POINT('',(-8.447092993784,17.612131448813,
    16.681693532674));
#2315 = CARTESIAN_POINT('',(-8.447092093244,17.611247973821,
    16.687364305316));
#2316 = CARTESIAN_POINT('',(-8.447053785669,17.610382174246,
    16.693036738542));
#2317 = CARTESIAN_POINT('',(-8.446978092159,17.609534081622,
    16.698710585336));
#2318 = PCURVE('',#568,#2319);
#2319 = DEFINITIONAL_REPRESENTATION('',(#2320),#2338);
#2320 = B_SPLINE_CURVE_WITH_KNOTS('',6,(#2321,#2322,#2323,#2324,#2325,
    #2326,#2327,#2328,#2329,#2330,#2331,#2332,#2333,#2334,#2335,#2336,
    #2337),.UNSPECIFIED.,.F.,.F.,(7,5,5,7),(0.,0.493872364423,
    0.948341652732,1.),.UNSPECIFIED.);
#2321 = CARTESIAN_POINT('',(-2.004351102288,-3.087414712335));
#2322 = CARTESIAN_POINT('',(-2.006453072899,-3.129907982221));
#2323 = CARTESIAN_POINT('',(-2.008372205132,-3.174892809534));
#2324 = CARTESIAN_POINT('',(-2.010098978909,-3.221949280885));
#2325 = CARTESIAN_POINT('',(-2.011630228966,-3.270687346253));
#2326 = CARTESIAN_POINT('',(-2.012965840143,-3.320784017637));
#2327 = CARTESIAN_POINT('',(-2.015156302937,-3.419111531155));
#2328 = CARTESIAN_POINT('',(-2.016040705312,-3.467158832587));
#2329 = CARTESIAN_POINT('',(-2.016760252294,-3.515924669477));
#2330 = CARTESIAN_POINT('',(-2.017315468654,-3.565217559063));
#2331 = CARTESIAN_POINT('',(-2.017706845266,-3.614861302374));
#2332 = CARTESIAN_POINT('',(-2.017960293813,-3.670357955093));
#2333 = CARTESIAN_POINT('',(-2.017984045787,-3.67602466721));
#2334 = CARTESIAN_POINT('',(-2.01800568137,-3.681693532674));
#2335 = CARTESIAN_POINT('',(-2.018025200576,-3.687364305316));
#2336 = CARTESIAN_POINT('',(-2.018042603355,-3.693036738542));
#2337 = CARTESIAN_POINT('',(-2.018057889595,-3.698710585336));
#2338 = ( GEOMETRIC_REPRESENTATION_CONTEXT(2) 
PARAMETRIC_REPRESENTATION_CONTEXT() REPRESENTATION_CONTEXT('2D SPACE',''
  ) );
#2339 = PCURVE('',#1867,#2340);
#2340 = DEFINITIONAL_REPRESENTATION('',(#2341),#2359);
#2341 = B_SPLINE_CURVE_WITH_KNOTS('',6,(#2342,#2343,#2344,#2345,#2346,
    #2347,#2348,#2349,#2350,#2351,#2352,#2353,#2354,#2355,#2356,#2357,
    #2358),.UNSPECIFIED.,.F.,.F.,(7,5,5,7),(0.,0.493872364423,
    0.948341652732,1.),.UNSPECIFIED.);
#2342 = CARTESIAN_POINT('',(7.513575190501,0.));
#2343 = CARTESIAN_POINT('',(7.531505919677,5.752609456465E-02));
#2344 = CARTESIAN_POINT('',(7.546035464387,0.11489635074));
#2345 = CARTESIAN_POINT('',(7.558032362714,0.171917291573));
#2346 = CARTESIAN_POINT('',(7.567976837752,0.228534481467));
#2347 = CARTESIAN_POINT('',(7.57621172094,0.284754015954));
#2348 = CARTESIAN_POINT('',(7.589181017082,0.392087131634));
#2349 = CARTESIAN_POINT('',(7.594140807751,0.443235339948));
#2350 = CARTESIAN_POINT('',(7.598024267956,0.494138548117));
#2351 = CARTESIAN_POINT('',(7.600933622611,0.544847500895));
#2352 = CARTESIAN_POINT('',(7.602933581583,0.595419422515));
#2353 = CARTESIAN_POINT('',(7.604178053384,0.651663197025));
#2354 = CARTESIAN_POINT('',(7.604293685579,0.657402842657));
#2355 = CARTESIAN_POINT('',(7.604397940211,0.663141652532));
#2356 = CARTESIAN_POINT('',(7.60449084292,0.668879717182));
#2357 = CARTESIAN_POINT('',(7.604572436677,0.67461713042));
#2358 = CARTESIAN_POINT('',(7.604642781781,0.680353989335));
#2359 = ( GEOMETRIC_REPRESENTATION_CONTEXT(2) 
PARAMETRIC_REPRESENTATION_CONTEXT() REPRESENTATION_CONTEXT('2D SPACE',''
  ) );
#2360 = ORIENTED_EDGE('',*,*,#2361,.F.);
#2361 = EDGE_CURVE('',#2362,#2297,#2364,.T.);
#2362 = VERTEX_POINT('',#2363);
#2363 = CARTESIAN_POINT('',(-8.198816785304,17.841266053413,
    15.956710691609));
#2364 = SURFACE_CURVE('',#2365,(#2373,#2384),.PCURVE_S1.);
#2365 = B_SPLINE_CURVE_WITH_KNOTS('',6,(#2366,#2367,#2368,#2369,#2370,
    #2371,#2372),.UNSPECIFIED.,.F.,.F.,(7,7),(0.,1.),
  .PIECEWISE_BEZIER_KNOTS.);
#2366 = CARTESIAN_POINT('',(-8.198816785304,17.841266053413,
    15.956710691609));
#2367 = CARTESIAN_POINT('',(-8.197535903534,17.83817129399,
    15.980525092707));
#2368 = CARTESIAN_POINT('',(-8.199683937982,17.83350371221,
    16.004320628953));
#2369 = CARTESIAN_POINT('',(-8.205294492989,17.827341958348,
    16.027488467993));
#2370 = CARTESIAN_POINT('',(-8.214240753627,17.819831684898,
    16.049423225928));
#2371 = CARTESIAN_POINT('',(-8.226244922226,17.811176327062,
    16.069559443186));
#2372 = CARTESIAN_POINT('',(-8.240913619171,17.801620499833,
    16.087414712335));
#2373 = PCURVE('',#568,#2374);
#2374 = DEFINITIONAL_REPRESENTATION('',(#2375),#2383);
#2375 = B_SPLINE_CURVE_WITH_KNOTS('',6,(#2376,#2377,#2378,#2379,#2380,
    #2381,#2382),.UNSPECIFIED.,.F.,.F.,(7,7),(0.,1.),
  .PIECEWISE_BEZIER_KNOTS.);
#2376 = CARTESIAN_POINT('',(-2.00155725305,-2.956710691609));
#2377 = CARTESIAN_POINT('',(-2.001563791592,-2.980525092707));
#2378 = CARTESIAN_POINT('',(-2.001762461196,-3.004320628953));
#2379 = CARTESIAN_POINT('',(-2.002153291172,-3.027488467993));
#2380 = CARTESIAN_POINT('',(-2.002727464267,-3.049423225928));
#2381 = CARTESIAN_POINT('',(-2.003467874164,-3.069559443186));
#2382 = CARTESIAN_POINT('',(-2.004351102288,-3.087414712335));
#2383 = ( GEOMETRIC_REPRESENTATION_CONTEXT(2) 
PARAMETRIC_REPRESENTATION_CONTEXT() REPRESENTATION_CONTEXT('2D SPACE',''
  ) );
#2384 = PCURVE('',#2110,#2385);
#2385 = DEFINITIONAL_REPRESENTATION('',(#2386),#2394);
#2386 = B_SPLINE_CURVE_WITH_KNOTS('',6,(#2387,#2388,#2389,#2390,#2391,
    #2392,#2393),.UNSPECIFIED.,.F.,.F.,(7,7),(0.,1.),
  .PIECEWISE_BEZIER_KNOTS.);
#2387 = CARTESIAN_POINT('',(-7.488502450202,3.14159265359));
#2388 = CARTESIAN_POINT('',(-7.488505712358,3.261836560594));
#2389 = CARTESIAN_POINT('',(-7.490358651391,3.382084964867));
#2390 = CARTESIAN_POINT('',(-7.494064606276,3.502394269469));
#2391 = CARTESIAN_POINT('',(-7.499415017187,3.622833999413));
#2392 = CARTESIAN_POINT('',(-7.506040868093,3.743467303601));
#2393 = CARTESIAN_POINT('',(-7.513575190501,3.864326901403));
#2394 = ( GEOMETRIC_REPRESENTATION_CONTEXT(2) 
PARAMETRIC_REPRESENTATION_CONTEXT() REPRESENTATION_CONTEXT('2D SPACE',''
  ) );
#2395 = ORIENTED_EDGE('',*,*,#2396,.T.);
#2396 = EDGE_CURVE('',#2362,#552,#2397,.T.);
#2397 = SURFACE_CURVE('',#2398,(#2404,#2413),.PCURVE_S1.);
#2398 = B_SPLINE_CURVE_WITH_KNOTS('',4,(#2399,#2400,#2401,#2402,#2403),
  .UNSPECIFIED.,.F.,.F.,(5,5),(0.,1.),.PIECEWISE_BEZIER_KNOTS.);
#2399 = CARTESIAN_POINT('',(-8.198816753346,17.841265976201,
    15.956711285761));
#2400 = CARTESIAN_POINT('',(-8.23857417586,17.937324535893,
    15.217533612517));
#2401 = CARTESIAN_POINT('',(-8.278331557324,18.033381943327,
    14.478355838379));
#2402 = CARTESIAN_POINT('',(-8.318088899409,18.129438235482,
    13.739177966501));
#2403 = CARTESIAN_POINT('',(-8.357846203614,18.225493446299,13.));
#2404 = PCURVE('',#568,#2405);
#2405 = DEFINITIONAL_REPRESENTATION('',(#2406),#2412);
#2406 = B_SPLINE_CURVE_WITH_KNOTS('',4,(#2407,#2408,#2409,#2410,#2411),
  .UNSPECIFIED.,.F.,.F.,(5,5),(0.,1.),.PIECEWISE_BEZIER_KNOTS.);
#2407 = CARTESIAN_POINT('',(-2.001557253214,-2.956711285761));
#2408 = CARTESIAN_POINT('',(-2.001354302726,-2.217533612517));
#2409 = CARTESIAN_POINT('',(-2.001154238219,-1.478355838379));
#2410 = CARTESIAN_POINT('',(-2.000956967427,-0.739177966501));
#2411 = CARTESIAN_POINT('',(-2.000762405557,0.));
#2412 = ( GEOMETRIC_REPRESENTATION_CONTEXT(2) 
PARAMETRIC_REPRESENTATION_CONTEXT() REPRESENTATION_CONTEXT('2D SPACE',''
  ) );
#2413 = PCURVE('',#2074,#2414);
#2414 = DEFINITIONAL_REPRESENTATION('',(#2415),#2421);
#2415 = B_SPLINE_CURVE_WITH_KNOTS('',4,(#2416,#2417,#2418,#2419,#2420),
  .UNSPECIFIED.,.F.,.F.,(5,5),(2.009504615204E-07,1.),
  .PIECEWISE_BEZIER_KNOTS.);
#2416 = CARTESIAN_POINT('',(7.488502450202,3.058017564517));
#2417 = CARTESIAN_POINT('',(7.488401195821,2.311565086686));
#2418 = CARTESIAN_POINT('',(7.488301386744,1.565112659203));
#2419 = CARTESIAN_POINT('',(7.488202976589,0.818660280662));
#2420 = CARTESIAN_POINT('',(7.488105922748,7.220794932407E-02));
#2421 = ( GEOMETRIC_REPRESENTATION_CONTEXT(2) 
PARAMETRIC_REPRESENTATION_CONTEXT() REPRESENTATION_CONTEXT('2D SPACE',''
  ) );
#2422 = ORIENTED_EDGE('',*,*,#551,.T.);
#2423 = ORIENTED_EDGE('',*,*,#2424,.T.);
#2424 = EDGE_CURVE('',#523,#2425,#2427,.T.);
#2425 = VERTEX_POINT('',#2426);
#2426 = CARTESIAN_POINT('',(-17.84126605341,8.198816785304,
    15.956710691609));
#2427 = SURFACE_CURVE('',#2428,(#2434,#2443),.PCURVE_S1.);
#2428 = B_SPLINE_CURVE_WITH_KNOTS('',4,(#2429,#2430,#2431,#2432,#2433),
  .UNSPECIFIED.,.F.,.F.,(5,5),(0.,1.),.PIECEWISE_BEZIER_KNOTS.);
#2429 = CARTESIAN_POINT('',(-18.22549344629,8.357846203614,13.));
#2430 = CARTESIAN_POINT('',(-18.12943823548,8.318088899409,
    13.739177966495));
#2431 = CARTESIAN_POINT('',(-18.03338194332,8.278331557321,
    14.478355838424));
#2432 = CARTESIAN_POINT('',(-17.93732453589,8.23857417586,
    15.217533612523));
#2433 = CARTESIAN_POINT('',(-17.8412659762,8.198816753346,
    15.956711285761));
#2434 = PCURVE('',#568,#2435);
#2435 = DEFINITIONAL_REPRESENTATION('',(#2436),#2442);
#2436 = B_SPLINE_CURVE_WITH_KNOTS('',4,(#2437,#2438,#2439,#2440,#2441),
  .UNSPECIFIED.,.F.,.F.,(5,5),(0.,1.),.PIECEWISE_BEZIER_KNOTS.);
#2437 = CARTESIAN_POINT('',(-2.711626574828,0.));
#2438 = CARTESIAN_POINT('',(-2.711432012958,-0.739177966495));
#2439 = CARTESIAN_POINT('',(-2.711234742165,-1.478355838424));
#2440 = CARTESIAN_POINT('',(-2.711034677658,-2.217533612523));
#2441 = CARTESIAN_POINT('',(-2.710831727171,-2.956711285761));
#2442 = ( GEOMETRIC_REPRESENTATION_CONTEXT(2) 
PARAMETRIC_REPRESENTATION_CONTEXT() REPRESENTATION_CONTEXT('2D SPACE',''
  ) );
#2443 = PCURVE('',#2444,#2449);
#2444 = CYLINDRICAL_SURFACE('',#2445,0.8);
#2445 = AXIS2_PLACEMENT_3D('',#2446,#2447,#2448);
#2446 = CARTESIAN_POINT('',(-18.25880739398,7.563045655347,
    12.888661519232));
#2447 = DIRECTION('',(0.128579179453,-5.325923996829E-02,0.990268068742)
  );
#2448 = DIRECTION('',(-0.91488840041,0.378959183508,0.13917310096));
#2449 = DEFINITIONAL_REPRESENTATION('',(#2450),#2456);
#2450 = B_SPLINE_CURVE_WITH_KNOTS('',4,(#2451,#2452,#2453,#2454,#2455),
  .UNSPECIFIED.,.F.,.F.,(5,5),(0.,0.99999979905),
  .PIECEWISE_BEZIER_KNOTS.);
#2451 = CARTESIAN_POINT('',(5.078264691611,7.220794940052E-02));
#2452 = CARTESIAN_POINT('',(5.07816763777,0.818660280732));
#2453 = CARTESIAN_POINT('',(5.078069227615,1.565112659152));
#2454 = CARTESIAN_POINT('',(5.077969418538,2.311565086693));
#2455 = CARTESIAN_POINT('',(5.077868164157,3.058017564517));
#2456 = ( GEOMETRIC_REPRESENTATION_CONTEXT(2) 
PARAMETRIC_REPRESENTATION_CONTEXT() REPRESENTATION_CONTEXT('2D SPACE',''
  ) );
#2457 = ORIENTED_EDGE('',*,*,#2458,.T.);
#2458 = EDGE_CURVE('',#2425,#2192,#2459,.T.);
#2459 = SURFACE_CURVE('',#2460,(#2468,#2479),.PCURVE_S1.);
#2460 = B_SPLINE_CURVE_WITH_KNOTS('',6,(#2461,#2462,#2463,#2464,#2465,
    #2466,#2467),.UNSPECIFIED.,.F.,.F.,(7,7),(0.,1.),
  .PIECEWISE_BEZIER_KNOTS.);
#2461 = CARTESIAN_POINT('',(-17.84126605341,8.198816785304,
    15.956710691609));
#2462 = CARTESIAN_POINT('',(-17.83817129399,8.197535903534,
    15.980525092707));
#2463 = CARTESIAN_POINT('',(-17.83350371221,8.199683937982,
    16.004320628953));
#2464 = CARTESIAN_POINT('',(-17.82734195834,8.205294492989,
    16.027488467993));
#2465 = CARTESIAN_POINT('',(-17.81983168489,8.214240753627,
    16.049423225928));
#2466 = CARTESIAN_POINT('',(-17.81117632706,8.226244922226,
    16.069559443186));
#2467 = CARTESIAN_POINT('',(-17.80162049983,8.240913619171,
    16.087414712335));
#2468 = PCURVE('',#568,#2469);
#2469 = DEFINITIONAL_REPRESENTATION('',(#2470),#2478);
#2470 = B_SPLINE_CURVE_WITH_KNOTS('',6,(#2471,#2472,#2473,#2474,#2475,
    #2476,#2477),.UNSPECIFIED.,.F.,.F.,(7,7),(0.,1.),
  .PIECEWISE_BEZIER_KNOTS.);
#2471 = CARTESIAN_POINT('',(-2.710831727334,-2.956710691609));
#2472 = CARTESIAN_POINT('',(-2.710825188792,-2.980525092707));
#2473 = CARTESIAN_POINT('',(-2.710626519189,-3.004320628953));
#2474 = CARTESIAN_POINT('',(-2.710235689213,-3.027488467993));
#2475 = CARTESIAN_POINT('',(-2.709661516117,-3.049423225928));
#2476 = CARTESIAN_POINT('',(-2.70892110622,-3.069559443186));
#2477 = CARTESIAN_POINT('',(-2.708037878097,-3.087414712335));
#2478 = ( GEOMETRIC_REPRESENTATION_CONTEXT(2) 
PARAMETRIC_REPRESENTATION_CONTEXT() REPRESENTATION_CONTEXT('2D SPACE',''
  ) );
#2479 = PCURVE('',#2480,#2485);
#2480 = TOROIDAL_SURFACE('',#2481,1.,0.2);
#2481 = AXIS2_PLACEMENT_3D('',#2482,#2483,#2484);
#2482 = CARTESIAN_POINT('',(-17.86561000478,7.400177964051,
    15.916918667024));
#2483 = DIRECTION('',(-0.128579179453,5.325923996829E-02,-0.990268068742
    ));
#2484 = DIRECTION('',(-0.91488840041,0.378959183508,0.13917310096));
#2485 = DEFINITIONAL_REPRESENTATION('',(#2486),#2494);
#2486 = B_SPLINE_CURVE_WITH_KNOTS('',6,(#2487,#2488,#2489,#2490,#2491,
    #2492,#2493),.UNSPECIFIED.,.F.,.F.,(7,7),(0.,1.),
  .PIECEWISE_BEZIER_KNOTS.);
#2487 = CARTESIAN_POINT('',(-5.077868164157,3.14159265359));
#2488 = CARTESIAN_POINT('',(-5.077864902001,3.261836560594));
#2489 = CARTESIAN_POINT('',(-5.076011962968,3.382084964867));
#2490 = CARTESIAN_POINT('',(-5.072306008083,3.502394269469));
#2491 = CARTESIAN_POINT('',(-5.066955597173,3.622833999413));
#2492 = CARTESIAN_POINT('',(-5.060329746266,3.743467303601));
#2493 = CARTESIAN_POINT('',(-5.052795423858,3.864326901403));
#2494 = ( GEOMETRIC_REPRESENTATION_CONTEXT(2) 
PARAMETRIC_REPRESENTATION_CONTEXT() REPRESENTATION_CONTEXT('2D SPACE',''
  ) );
#2495 = ADVANCED_FACE('',(#2496),#539,.F.);
#2496 = FACE_BOUND('',#2497,.F.);
#2497 = EDGE_LOOP('',(#2498,#2528,#2556));
#2498 = ORIENTED_EDGE('',*,*,#2499,.T.);
#2499 = EDGE_CURVE('',#523,#2500,#2502,.T.);
#2500 = VERTEX_POINT('',#2501);
#2501 = CARTESIAN_POINT('',(-18.99071811431,7.866213002153,13.));
#2502 = SURFACE_CURVE('',#2503,(#2508,#2515),.PCURVE_S1.);
#2503 = ELLIPSE('',#2504,0.807862058015,0.8);
#2504 = AXIS2_PLACEMENT_3D('',#2505,#2506,#2507);
#2505 = CARTESIAN_POINT('',(-18.24435089382,7.557057576915,13.));
#2506 = DIRECTION('',(-0.,0.,1.));
#2507 = DIRECTION('',(0.923879532511,-0.382683432365,0.));
#2508 = PCURVE('',#539,#2509);
#2509 = DEFINITIONAL_REPRESENTATION('',(#2510),#2514);
#2510 = ELLIPSE('',#2511,0.807862058015,0.8);
#2511 = AXIS2_PLACEMENT_2D('',#2512,#2513);
#2512 = CARTESIAN_POINT('',(59.74754310687,40.));
#2513 = DIRECTION('',(-1.,0.));
#2514 = ( GEOMETRIC_REPRESENTATION_CONTEXT(2) 
PARAMETRIC_REPRESENTATION_CONTEXT() REPRESENTATION_CONTEXT('2D SPACE',''
  ) );
#2515 = PCURVE('',#2444,#2516);
#2516 = DEFINITIONAL_REPRESENTATION('',(#2517),#2527);
#2517 = B_SPLINE_CURVE_WITH_KNOTS('',8,(#2518,#2519,#2520,#2521,#2522,
    #2523,#2524,#2525,#2526),.UNSPECIFIED.,.F.,.F.,(9,9),(8.219857345201
    ,9.424777960769),.PIECEWISE_BEZIER_KNOTS.);
#2518 = CARTESIAN_POINT('',(5.078264691611,7.220804542988E-02));
#2519 = CARTESIAN_POINT('',(5.228879768557,5.639486914545E-02));
#2520 = CARTESIAN_POINT('',(5.379494845503,4.162446621756E-02));
#2521 = CARTESIAN_POINT('',(5.530109922449,2.8443423991E-02));
#2522 = CARTESIAN_POINT('',(5.680724999395,1.734797757346E-02));
#2523 = CARTESIAN_POINT('',(5.831340076341,8.744418132882E-03));
#2524 = CARTESIAN_POINT('',(5.981955153287,2.915235087022E-03));
#2525 = CARTESIAN_POINT('',(6.132570230234,6.221470841242E-18));
#2526 = CARTESIAN_POINT('',(6.28318530718,0.));
#2527 = ( GEOMETRIC_REPRESENTATION_CONTEXT(2) 
PARAMETRIC_REPRESENTATION_CONTEXT() REPRESENTATION_CONTEXT('2D SPACE',''
  ) );
#2528 = ORIENTED_EDGE('',*,*,#2529,.T.);
#2529 = EDGE_CURVE('',#2500,#495,#2530,.T.);
#2530 = SURFACE_CURVE('',#2531,(#2536,#2543),.PCURVE_S1.);
#2531 = ELLIPSE('',#2532,0.807862058015,0.8);
#2532 = AXIS2_PLACEMENT_3D('',#2533,#2534,#2535);
#2533 = CARTESIAN_POINT('',(-18.24435089382,7.557057576915,13.));
#2534 = DIRECTION('',(-0.,0.,1.));
#2535 = DIRECTION('',(0.923879532511,-0.382683432365,0.));
#2536 = PCURVE('',#539,#2537);
#2537 = DEFINITIONAL_REPRESENTATION('',(#2538),#2542);
#2538 = ELLIPSE('',#2539,0.807862058015,0.8);
#2539 = AXIS2_PLACEMENT_2D('',#2540,#2541);
#2540 = CARTESIAN_POINT('',(59.74754310687,40.));
#2541 = DIRECTION('',(-1.,0.));
#2542 = ( GEOMETRIC_REPRESENTATION_CONTEXT(2) 
PARAMETRIC_REPRESENTATION_CONTEXT() REPRESENTATION_CONTEXT('2D SPACE',''
  ) );
#2543 = PCURVE('',#2444,#2544);
#2544 = DEFINITIONAL_REPRESENTATION('',(#2545),#2555);
#2545 = B_SPLINE_CURVE_WITH_KNOTS('',8,(#2546,#2547,#2548,#2549,#2550,
    #2551,#2552,#2553,#2554),.UNSPECIFIED.,.F.,.F.,(9,9),(3.14159265359,
    4.346513269158),.PIECEWISE_BEZIER_KNOTS.);
#2546 = CARTESIAN_POINT('',(6.28318530718,0.));
#2547 = CARTESIAN_POINT('',(6.433800384126,-9.594054676604E-18));
#2548 = CARTESIAN_POINT('',(6.584415461072,2.914270667757E-03));
#2549 = CARTESIAN_POINT('',(6.735030538018,8.745027382163E-03));
#2550 = CARTESIAN_POINT('',(6.885645614964,1.734897769606E-02));
#2551 = CARTESIAN_POINT('',(7.03626069191,2.844341430743E-02));
#2552 = CARTESIAN_POINT('',(7.186875768856,4.162404483167E-02));
#2553 = CARTESIAN_POINT('',(7.337490845802,5.639455837507E-02));
#2554 = CARTESIAN_POINT('',(7.488105922748,7.220792890934E-02));
#2555 = ( GEOMETRIC_REPRESENTATION_CONTEXT(2) 
PARAMETRIC_REPRESENTATION_CONTEXT() REPRESENTATION_CONTEXT('2D SPACE',''
  ) );
#2556 = ORIENTED_EDGE('',*,*,#522,.F.);
#2557 = ADVANCED_FACE('',(#2558),#511,.T.);
#2558 = FACE_BOUND('',#2559,.T.);
#2559 = EDGE_LOOP('',(#2560,#2561,#2595,#2635,#2709,#2738,#2803,#2838));
#2560 = ORIENTED_EDGE('',*,*,#494,.T.);
#2561 = ORIENTED_EDGE('',*,*,#2562,.T.);
#2562 = EDGE_CURVE('',#466,#2563,#2565,.T.);
#2563 = VERTEX_POINT('',#2564);
#2564 = CARTESIAN_POINT('',(-18.41311915791,-6.818241264727,
    15.956710691609));
#2565 = SURFACE_CURVE('',#2566,(#2572,#2581),.PCURVE_S1.);
#2566 = B_SPLINE_CURVE_WITH_KNOTS('',4,(#2567,#2568,#2569,#2570,#2571),
  .UNSPECIFIED.,.F.,.F.,(5,5),(0.,1.),.PIECEWISE_BEZIER_KNOTS.);
#2567 = CARTESIAN_POINT('',(-18.79725973303,-6.977480279659,13.));
#2568 = CARTESIAN_POINT('',(-18.70122578269,-6.937671648127,
    13.739177966495));
#2569 = CARTESIAN_POINT('',(-18.60519104094,-6.897862278757,
    14.478355838423));
#2570 = CARTESIAN_POINT('',(-18.50915548273,-6.858052148614,
    15.217533612523));
#2571 = CARTESIAN_POINT('',(-18.41311908072,-6.818241232727,
    15.956711285761));
#2572 = PCURVE('',#511,#2573);
#2573 = DEFINITIONAL_REPRESENTATION('',(#2574),#2580);
#2574 = B_SPLINE_CURVE_WITH_KNOTS('',4,(#2575,#2576,#2577,#2578,#2579),
  .UNSPECIFIED.,.F.,.F.,(5,5),(0.,1.),.PIECEWISE_BEZIER_KNOTS.);
#2575 = CARTESIAN_POINT('',(-3.497024738225,0.));
#2576 = CARTESIAN_POINT('',(-3.496830176355,-0.739177966495));
#2577 = CARTESIAN_POINT('',(-3.496632905563,-1.478355838423));
#2578 = CARTESIAN_POINT('',(-3.496432841056,-2.217533612523));
#2579 = CARTESIAN_POINT('',(-3.496229890569,-2.956711285761));
#2580 = ( GEOMETRIC_REPRESENTATION_CONTEXT(2) 
PARAMETRIC_REPRESENTATION_CONTEXT() REPRESENTATION_CONTEXT('2D SPACE',''
  ) );
#2581 = PCURVE('',#2582,#2587);
#2582 = CYLINDRICAL_SURFACE('',#2583,0.8);
#2583 = AXIS2_PLACEMENT_3D('',#2584,#2585,#2586);
#2584 = CARTESIAN_POINT('',(-18.25880739398,-7.563045655347,
    12.888661519232));
#2585 = DIRECTION('',(0.128579179453,5.325923996829E-02,0.990268068742)
  );
#2586 = DIRECTION('',(-0.91488840041,-0.378959183508,0.13917310096));
#2587 = DEFINITIONAL_REPRESENTATION('',(#2588),#2594);
#2588 = B_SPLINE_CURVE_WITH_KNOTS('',4,(#2589,#2590,#2591,#2592,#2593),
  .UNSPECIFIED.,.F.,.F.,(5,5),(0.,0.99999979905),
  .PIECEWISE_BEZIER_KNOTS.);
#2589 = CARTESIAN_POINT('',(5.078264691611,7.220794940052E-02));
#2590 = CARTESIAN_POINT('',(5.07816763777,0.818660280732));
#2591 = CARTESIAN_POINT('',(5.078069227615,1.565112659152));
#2592 = CARTESIAN_POINT('',(5.077969418538,2.311565086693));
#2593 = CARTESIAN_POINT('',(5.077868164157,3.058017564517));
#2594 = ( GEOMETRIC_REPRESENTATION_CONTEXT(2) 
PARAMETRIC_REPRESENTATION_CONTEXT() REPRESENTATION_CONTEXT('2D SPACE',''
  ) );
#2595 = ORIENTED_EDGE('',*,*,#2596,.T.);
#2596 = EDGE_CURVE('',#2563,#2597,#2599,.T.);
#2597 = VERTEX_POINT('',#2598);
#2598 = CARTESIAN_POINT('',(-18.41485247482,-6.760440668253,
    16.087414712335));
#2599 = SURFACE_CURVE('',#2600,(#2608,#2619),.PCURVE_S1.);
#2600 = B_SPLINE_CURVE_WITH_KNOTS('',6,(#2601,#2602,#2603,#2604,#2605,
    #2606,#2607),.UNSPECIFIED.,.F.,.F.,(7,7),(0.,1.),
  .PIECEWISE_BEZIER_KNOTS.);
#2601 = CARTESIAN_POINT('',(-18.41311915791,-6.818241264727,
    15.956710691609));
#2602 = CARTESIAN_POINT('',(-18.41002511235,-6.816958659539,
    15.980525092707));
#2603 = CARTESIAN_POINT('',(-18.40824352335,-6.812139291086,
    16.004320628953));
#2604 = CARTESIAN_POINT('',(-18.4078537669,-6.803815011654,
    16.027488467993));
#2605 = CARTESIAN_POINT('',(-18.40886916318,-6.792178484806,
    16.049423225928));
#2606 = CARTESIAN_POINT('',(-18.41123712998,-6.777569993567,
    16.069559443186));
#2607 = CARTESIAN_POINT('',(-18.41485247482,-6.760440668253,
    16.087414712335));
#2608 = PCURVE('',#511,#2609);
#2609 = DEFINITIONAL_REPRESENTATION('',(#2610),#2618);
#2610 = B_SPLINE_CURVE_WITH_KNOTS('',6,(#2611,#2612,#2613,#2614,#2615,
    #2616,#2617),.UNSPECIFIED.,.F.,.F.,(7,7),(0.,1.),
  .PIECEWISE_BEZIER_KNOTS.);
#2611 = CARTESIAN_POINT('',(-3.496229890732,-2.956710691609));
#2612 = CARTESIAN_POINT('',(-3.49622335219,-2.980525092707));
#2613 = CARTESIAN_POINT('',(-3.496024682587,-3.004320628953));
#2614 = CARTESIAN_POINT('',(-3.495633852611,-3.027488467993));
#2615 = CARTESIAN_POINT('',(-3.495059679515,-3.049423225928));
#2616 = CARTESIAN_POINT('',(-3.494319269618,-3.069559443186));
#2617 = CARTESIAN_POINT('',(-3.493436041495,-3.087414712335));
#2618 = ( GEOMETRIC_REPRESENTATION_CONTEXT(2) 
PARAMETRIC_REPRESENTATION_CONTEXT() REPRESENTATION_CONTEXT('2D SPACE',''
  ) );
#2619 = PCURVE('',#2620,#2625);
#2620 = TOROIDAL_SURFACE('',#2621,1.,0.2);
#2621 = AXIS2_PLACEMENT_3D('',#2622,#2623,#2624);
#2622 = CARTESIAN_POINT('',(-17.86561000478,-7.400177964051,
    15.916918667024));
#2623 = DIRECTION('',(-0.128579179453,-5.325923996829E-02,
    -0.990268068742));
#2624 = DIRECTION('',(-0.91488840041,-0.378959183508,0.13917310096));
#2625 = DEFINITIONAL_REPRESENTATION('',(#2626),#2634);
#2626 = B_SPLINE_CURVE_WITH_KNOTS('',6,(#2627,#2628,#2629,#2630,#2631,
    #2632,#2633),.UNSPECIFIED.,.F.,.F.,(7,7),(0.,1.),
  .PIECEWISE_BEZIER_KNOTS.);
#2627 = CARTESIAN_POINT('',(-5.077868164157,3.14159265359));
#2628 = CARTESIAN_POINT('',(-5.077864902001,3.261836560594));
#2629 = CARTESIAN_POINT('',(-5.076011962968,3.382084964867));
#2630 = CARTESIAN_POINT('',(-5.072306008083,3.502394269469));
#2631 = CARTESIAN_POINT('',(-5.066955597173,3.622833999413));
#2632 = CARTESIAN_POINT('',(-5.060329746266,3.743467303601));
#2633 = CARTESIAN_POINT('',(-5.052795423858,3.864326901403));
#2634 = ( GEOMETRIC_REPRESENTATION_CONTEXT(2) 
PARAMETRIC_REPRESENTATION_CONTEXT() REPRESENTATION_CONTEXT('2D SPACE',''
  ) );
#2635 = ORIENTED_EDGE('',*,*,#2636,.T.);
#2636 = EDGE_CURVE('',#2597,#2637,#2639,.T.);
#2637 = VERTEX_POINT('',#2638);
#2638 = CARTESIAN_POINT('',(-18.42473645215,-6.478905473151,
    16.698710585336));
#2639 = SURFACE_CURVE('',#2640,(#2658,#2679),.PCURVE_S1.);
#2640 = B_SPLINE_CURVE_WITH_KNOTS('',6,(#2641,#2642,#2643,#2644,#2645,
    #2646,#2647,#2648,#2649,#2650,#2651,#2652,#2653,#2654,#2655,#2656,
    #2657),.UNSPECIFIED.,.F.,.F.,(7,5,5,7),(0.,0.493872364423,
    0.948341652732,1.),.UNSPECIFIED.);
#2641 = CARTESIAN_POINT('',(-18.41485247482,-6.760440668253,
    16.087414712335));
#2642 = CARTESIAN_POINT('',(-18.42345653579,-6.719675052375,
    16.129907982221));
#2643 = CARTESIAN_POINT('',(-18.43038779138,-6.682148135556,
    16.174892809534));
#2644 = CARTESIAN_POINT('',(-18.43566974406,-6.648066139034,
    16.221949280885));
#2645 = CARTESIAN_POINT('',(-18.43936393563,-6.617513532303,
    16.270687346253));
#2646 = CARTESIAN_POINT('',(-18.44153770737,-6.590511735889,
    16.320784017637));
#2647 = CARTESIAN_POINT('',(-18.44290430229,-6.545479015172,
    16.419111531155));
#2648 = CARTESIAN_POINT('',(-18.44232090535,-6.526910485197,
    16.467158832587));
#2649 = CARTESIAN_POINT('',(-18.44054565151,-6.511356536872,
    16.515924669477));
#2650 = CARTESIAN_POINT('',(-18.43761952056,-6.498815676969,
    16.565217559063));
#2651 = CARTESIAN_POINT('',(-18.43357752588,-6.489284725944,
    16.614861302374));
#2652 = CARTESIAN_POINT('',(-18.42786300088,-6.482025812906,
    16.670357955093));
#2653 = CARTESIAN_POINT('',(-18.4272656732,-6.481323858513,
    16.67602466721));
#2654 = CARTESIAN_POINT('',(-18.42665431582,-6.480660841387,
    16.681693532674));
#2655 = CARTESIAN_POINT('',(-18.42602896788,-6.480036767007,
    16.687364305316));
#2656 = CARTESIAN_POINT('',(-18.42538966759,-6.479451641802,
    16.693036738542));
#2657 = CARTESIAN_POINT('',(-18.42473645215,-6.478905473151,
    16.698710585336));
#2658 = PCURVE('',#511,#2659);
#2659 = DEFINITIONAL_REPRESENTATION('',(#2660),#2678);
#2660 = B_SPLINE_CURVE_WITH_KNOTS('',6,(#2661,#2662,#2663,#2664,#2665,
    #2666,#2667,#2668,#2669,#2670,#2671,#2672,#2673,#2674,#2675,#2676,
    #2677),.UNSPECIFIED.,.F.,.F.,(7,5,5,7),(0.,0.493872364423,
    0.948341652732,1.),.UNSPECIFIED.);
#2661 = CARTESIAN_POINT('',(-3.493436041495,-3.087414712335));
#2662 = CARTESIAN_POINT('',(-3.491334070883,-3.129907982221));
#2663 = CARTESIAN_POINT('',(-3.48941493865,-3.174892809534));
#2664 = CARTESIAN_POINT('',(-3.487688164873,-3.221949280885));
#2665 = CARTESIAN_POINT('',(-3.486156914816,-3.270687346253));
#2666 = CARTESIAN_POINT('',(-3.484821303639,-3.320784017637));
#2667 = CARTESIAN_POINT('',(-3.482630840845,-3.419111531155));
#2668 = CARTESIAN_POINT('',(-3.48174643847,-3.467158832587));
#2669 = CARTESIAN_POINT('',(-3.481026891488,-3.515924669477));
#2670 = CARTESIAN_POINT('',(-3.480471675128,-3.565217559063));
#2671 = CARTESIAN_POINT('',(-3.480080298516,-3.614861302374));
#2672 = CARTESIAN_POINT('',(-3.479826849969,-3.670357955093));
#2673 = CARTESIAN_POINT('',(-3.479803097995,-3.67602466721));
#2674 = CARTESIAN_POINT('',(-3.479781462412,-3.681693532674));
#2675 = CARTESIAN_POINT('',(-3.479761943206,-3.687364305316));
#2676 = CARTESIAN_POINT('',(-3.479744540427,-3.693036738542));
#2677 = CARTESIAN_POINT('',(-3.479729254187,-3.698710585336));
#2678 = ( GEOMETRIC_REPRESENTATION_CONTEXT(2) 
PARAMETRIC_REPRESENTATION_CONTEXT() REPRESENTATION_CONTEXT('2D SPACE',''
  ) );
#2679 = PCURVE('',#2680,#2689);
#2680 = SURFACE_OF_REVOLUTION('',#2681,#2686);
#2681 = CIRCLE('',#2682,1.);
#2682 = AXIS2_PLACEMENT_3D('',#2683,#2684,#2685);
#2683 = CARTESIAN_POINT('',(-17.85504228504,-7.39580067121,
    16.716836889474));
#2684 = DIRECTION('',(-0.382683432365,0.923879532511,2.775557561563E-17)
  );
#2685 = DIRECTION('',(-0.771213433461,-0.319447063624,-0.550620934575));
#2686 = AXIS1_PLACEMENT('',#2687,#2688);
#2687 = CARTESIAN_POINT('',(-18.25880739398,-7.563045655347,
    12.888661519232));
#2688 = DIRECTION('',(0.128579179453,5.325923996829E-02,0.990268068742)
  );
#2689 = DEFINITIONAL_REPRESENTATION('',(#2690),#2708);
#2690 = B_SPLINE_CURVE_WITH_KNOTS('',6,(#2691,#2692,#2693,#2694,#2695,
    #2696,#2697,#2698,#2699,#2700,#2701,#2702,#2703,#2704,#2705,#2706,
    #2707),.UNSPECIFIED.,.F.,.F.,(7,5,5,7),(0.,0.493872364423,
    0.948341652732,1.),.UNSPECIFIED.);
#2691 = CARTESIAN_POINT('',(5.052795423858,0.));
#2692 = CARTESIAN_POINT('',(5.034864694683,5.752609456465E-02));
#2693 = CARTESIAN_POINT('',(5.020335149972,0.11489635074));
#2694 = CARTESIAN_POINT('',(5.008338251646,0.171917291573));
#2695 = CARTESIAN_POINT('',(4.998393776607,0.228534481467));
#2696 = CARTESIAN_POINT('',(4.990158893419,0.284754015954));
#2697 = CARTESIAN_POINT('',(4.977189597277,0.392087131634));
#2698 = CARTESIAN_POINT('',(4.972229806608,0.443235339948));
#2699 = CARTESIAN_POINT('',(4.968346346403,0.494138548117));
#2700 = CARTESIAN_POINT('',(4.965436991748,0.544847500895));
#2701 = CARTESIAN_POINT('',(4.963437032776,0.595419422515));
#2702 = CARTESIAN_POINT('',(4.962192560975,0.651663197025));
#2703 = CARTESIAN_POINT('',(4.96207692878,0.657402842657));
#2704 = CARTESIAN_POINT('',(4.961972674149,0.663141652532));
#2705 = CARTESIAN_POINT('',(4.961879771439,0.668879717182));
#2706 = CARTESIAN_POINT('',(4.961798177682,0.67461713042));
#2707 = CARTESIAN_POINT('',(4.961727832578,0.680353989335));
#2708 = ( GEOMETRIC_REPRESENTATION_CONTEXT(2) 
PARAMETRIC_REPRESENTATION_CONTEXT() REPRESENTATION_CONTEXT('2D SPACE',''
  ) );
#2709 = ORIENTED_EDGE('',*,*,#2710,.T.);
#2710 = EDGE_CURVE('',#2637,#2711,#2713,.T.);
#2711 = VERTEX_POINT('',#2712);
#2712 = CARTESIAN_POINT('',(-18.42473645215,6.478905473151,
    16.698710585336));
#2713 = SURFACE_CURVE('',#2714,(#2719,#2726),.PCURVE_S1.);
#2714 = CIRCLE('',#2715,19.53067150564);
#2715 = AXIS2_PLACEMENT_3D('',#2716,#2717,#2718);
#2716 = CARTESIAN_POINT('',(0.,0.,16.698710585336));
#2717 = DIRECTION('',(0.,0.,-1.));
#2718 = DIRECTION('',(0.943374448074,0.3317297857,0.));
#2719 = PCURVE('',#511,#2720);
#2720 = DEFINITIONAL_REPRESENTATION('',(#2721),#2725);
#2721 = LINE('',#2722,#2723);
#2722 = CARTESIAN_POINT('',(-6.621321907777,-3.698710585336));
#2723 = VECTOR('',#2724,1.);
#2724 = DIRECTION('',(1.,-0.));
#2725 = ( GEOMETRIC_REPRESENTATION_CONTEXT(2) 
PARAMETRIC_REPRESENTATION_CONTEXT() REPRESENTATION_CONTEXT('2D SPACE',''
  ) );
#2726 = PCURVE('',#2727,#2732);
#2727 = TOROIDAL_SURFACE('',#2728,19.184077681581,0.35);
#2728 = AXIS2_PLACEMENT_3D('',#2729,#2730,#2731);
#2729 = CARTESIAN_POINT('',(0.,0.,16.65));
#2730 = DIRECTION('',(0.,0.,1.));
#2731 = DIRECTION('',(1.,0.,-0.));
#2732 = DEFINITIONAL_REPRESENTATION('',(#2733),#2737);
#2733 = LINE('',#2734,#2735);
#2734 = CARTESIAN_POINT('',(6.621321907777,0.13962634016));
#2735 = VECTOR('',#2736,1.);
#2736 = DIRECTION('',(-1.,-0.));
#2737 = ( GEOMETRIC_REPRESENTATION_CONTEXT(2) 
PARAMETRIC_REPRESENTATION_CONTEXT() REPRESENTATION_CONTEXT('2D SPACE',''
  ) );
#2738 = ORIENTED_EDGE('',*,*,#2739,.F.);
#2739 = EDGE_CURVE('',#2740,#2711,#2742,.T.);
#2740 = VERTEX_POINT('',#2741);
#2741 = CARTESIAN_POINT('',(-18.41485247482,6.760440668253,
    16.087414712335));
#2742 = SURFACE_CURVE('',#2743,(#2761,#2782),.PCURVE_S1.);
#2743 = B_SPLINE_CURVE_WITH_KNOTS('',6,(#2744,#2745,#2746,#2747,#2748,
    #2749,#2750,#2751,#2752,#2753,#2754,#2755,#2756,#2757,#2758,#2759,
    #2760),.UNSPECIFIED.,.F.,.F.,(7,5,5,7),(0.,0.493872364423,
    0.948341652732,1.),.UNSPECIFIED.);
#2744 = CARTESIAN_POINT('',(-18.41485247482,6.760440668253,
    16.087414712335));
#2745 = CARTESIAN_POINT('',(-18.42345653579,6.719675052375,
    16.129907982221));
#2746 = CARTESIAN_POINT('',(-18.43038779138,6.682148135556,
    16.174892809534));
#2747 = CARTESIAN_POINT('',(-18.43566974406,6.648066139034,
    16.221949280885));
#2748 = CARTESIAN_POINT('',(-18.43936393563,6.617513532303,
    16.270687346253));
#2749 = CARTESIAN_POINT('',(-18.44153770737,6.590511735889,
    16.320784017637));
#2750 = CARTESIAN_POINT('',(-18.44290430229,6.545479015172,
    16.419111531155));
#2751 = CARTESIAN_POINT('',(-18.44232090535,6.526910485197,
    16.467158832587));
#2752 = CARTESIAN_POINT('',(-18.44054565151,6.511356536872,
    16.515924669477));
#2753 = CARTESIAN_POINT('',(-18.43761952056,6.498815676969,
    16.565217559063));
#2754 = CARTESIAN_POINT('',(-18.43357752588,6.489284725944,
    16.614861302374));
#2755 = CARTESIAN_POINT('',(-18.42786300088,6.482025812906,
    16.670357955093));
#2756 = CARTESIAN_POINT('',(-18.4272656732,6.481323858513,16.67602466721
    ));
#2757 = CARTESIAN_POINT('',(-18.42665431582,6.480660841387,
    16.681693532674));
#2758 = CARTESIAN_POINT('',(-18.42602896788,6.480036767007,
    16.687364305316));
#2759 = CARTESIAN_POINT('',(-18.42538966759,6.479451641802,
    16.693036738542));
#2760 = CARTESIAN_POINT('',(-18.42473645215,6.478905473151,
    16.698710585336));
#2761 = PCURVE('',#511,#2762);
#2762 = DEFINITIONAL_REPRESENTATION('',(#2763),#2781);
#2763 = B_SPLINE_CURVE_WITH_KNOTS('',6,(#2764,#2765,#2766,#2767,#2768,
    #2769,#2770,#2771,#2772,#2773,#2774,#2775,#2776,#2777,#2778,#2779,
    #2780),.UNSPECIFIED.,.F.,.F.,(7,5,5,7),(0.,0.493872364423,
    0.948341652732,1.),.UNSPECIFIED.);
#2764 = CARTESIAN_POINT('',(-2.789749265685,-3.087414712335));
#2765 = CARTESIAN_POINT('',(-2.791851236297,-3.129907982221));
#2766 = CARTESIAN_POINT('',(-2.79377036853,-3.174892809534));
#2767 = CARTESIAN_POINT('',(-2.795497142307,-3.221949280885));
#2768 = CARTESIAN_POINT('',(-2.797028392364,-3.270687346253));
#2769 = CARTESIAN_POINT('',(-2.79836400354,-3.320784017637));
#2770 = CARTESIAN_POINT('',(-2.800554466335,-3.419111531155));
#2771 = CARTESIAN_POINT('',(-2.801438868709,-3.467158832587));
#2772 = CARTESIAN_POINT('',(-2.802158415691,-3.515924669477));
#2773 = CARTESIAN_POINT('',(-2.802713632052,-3.565217559063));
#2774 = CARTESIAN_POINT('',(-2.803105008663,-3.614861302374));
#2775 = CARTESIAN_POINT('',(-2.803358457211,-3.670357955093));
#2776 = CARTESIAN_POINT('',(-2.803382209185,-3.67602466721));
#2777 = CARTESIAN_POINT('',(-2.803403844768,-3.681693532674));
#2778 = CARTESIAN_POINT('',(-2.803423363973,-3.687364305316));
#2779 = CARTESIAN_POINT('',(-2.803440766753,-3.693036738542));
#2780 = CARTESIAN_POINT('',(-2.803456052993,-3.698710585336));
#2781 = ( GEOMETRIC_REPRESENTATION_CONTEXT(2) 
PARAMETRIC_REPRESENTATION_CONTEXT() REPRESENTATION_CONTEXT('2D SPACE',''
  ) );
#2782 = PCURVE('',#2237,#2783);
#2783 = DEFINITIONAL_REPRESENTATION('',(#2784),#2802);
#2784 = B_SPLINE_CURVE_WITH_KNOTS('',6,(#2785,#2786,#2787,#2788,#2789,
    #2790,#2791,#2792,#2793,#2794,#2795,#2796,#2797,#2798,#2799,#2800,
    #2801),.UNSPECIFIED.,.F.,.F.,(7,5,5,7),(0.,0.493872364423,
    0.948341652732,1.),.UNSPECIFIED.);
#2785 = CARTESIAN_POINT('',(7.513575190501,0.));
#2786 = CARTESIAN_POINT('',(7.531505919677,5.752609456465E-02));
#2787 = CARTESIAN_POINT('',(7.546035464387,0.11489635074));
#2788 = CARTESIAN_POINT('',(7.558032362714,0.171917291573));
#2789 = CARTESIAN_POINT('',(7.567976837752,0.228534481467));
#2790 = CARTESIAN_POINT('',(7.57621172094,0.284754015954));
#2791 = CARTESIAN_POINT('',(7.589181017082,0.392087131634));
#2792 = CARTESIAN_POINT('',(7.594140807751,0.443235339948));
#2793 = CARTESIAN_POINT('',(7.598024267956,0.494138548117));
#2794 = CARTESIAN_POINT('',(7.600933622611,0.544847500895));
#2795 = CARTESIAN_POINT('',(7.602933581583,0.595419422515));
#2796 = CARTESIAN_POINT('',(7.604178053384,0.651663197025));
#2797 = CARTESIAN_POINT('',(7.604293685579,0.657402842657));
#2798 = CARTESIAN_POINT('',(7.604397940211,0.663141652532));
#2799 = CARTESIAN_POINT('',(7.60449084292,0.668879717182));
#2800 = CARTESIAN_POINT('',(7.604572436677,0.67461713042));
#2801 = CARTESIAN_POINT('',(7.604642781781,0.680353989335));
#2802 = ( GEOMETRIC_REPRESENTATION_CONTEXT(2) 
PARAMETRIC_REPRESENTATION_CONTEXT() REPRESENTATION_CONTEXT('2D SPACE',''
  ) );
#2803 = ORIENTED_EDGE('',*,*,#2804,.F.);
#2804 = EDGE_CURVE('',#2805,#2740,#2807,.T.);
#2805 = VERTEX_POINT('',#2806);
#2806 = CARTESIAN_POINT('',(-18.41311915791,6.818241264727,
    15.956710691609));
#2807 = SURFACE_CURVE('',#2808,(#2816,#2827),.PCURVE_S1.);
#2808 = B_SPLINE_CURVE_WITH_KNOTS('',6,(#2809,#2810,#2811,#2812,#2813,
    #2814,#2815),.UNSPECIFIED.,.F.,.F.,(7,7),(0.,1.),
  .PIECEWISE_BEZIER_KNOTS.);
#2809 = CARTESIAN_POINT('',(-18.41311915791,6.818241264727,
    15.956710691609));
#2810 = CARTESIAN_POINT('',(-18.41002511235,6.816958659539,
    15.980525092707));
#2811 = CARTESIAN_POINT('',(-18.40824352335,6.812139291086,
    16.004320628953));
#2812 = CARTESIAN_POINT('',(-18.4078537669,6.803815011654,
    16.027488467993));
#2813 = CARTESIAN_POINT('',(-18.40886916318,6.792178484806,
    16.049423225928));
#2814 = CARTESIAN_POINT('',(-18.41123712998,6.777569993567,
    16.069559443186));
#2815 = CARTESIAN_POINT('',(-18.41485247482,6.760440668253,
    16.087414712335));
#2816 = PCURVE('',#511,#2817);
#2817 = DEFINITIONAL_REPRESENTATION('',(#2818),#2826);
#2818 = B_SPLINE_CURVE_WITH_KNOTS('',6,(#2819,#2820,#2821,#2822,#2823,
    #2824,#2825),.UNSPECIFIED.,.F.,.F.,(7,7),(0.,1.),
  .PIECEWISE_BEZIER_KNOTS.);
#2819 = CARTESIAN_POINT('',(-2.786955416448,-2.956710691609));
#2820 = CARTESIAN_POINT('',(-2.78696195499,-2.980525092707));
#2821 = CARTESIAN_POINT('',(-2.787160624593,-3.004320628953));
#2822 = CARTESIAN_POINT('',(-2.787551454569,-3.027488467993));
#2823 = CARTESIAN_POINT('',(-2.788125627665,-3.049423225928));
#2824 = CARTESIAN_POINT('',(-2.788866037562,-3.069559443186));
#2825 = CARTESIAN_POINT('',(-2.789749265685,-3.087414712335));
#2826 = ( GEOMETRIC_REPRESENTATION_CONTEXT(2) 
PARAMETRIC_REPRESENTATION_CONTEXT() REPRESENTATION_CONTEXT('2D SPACE',''
  ) );
#2827 = PCURVE('',#2480,#2828);
#2828 = DEFINITIONAL_REPRESENTATION('',(#2829),#2837);
#2829 = B_SPLINE_CURVE_WITH_KNOTS('',6,(#2830,#2831,#2832,#2833,#2834,
    #2835,#2836),.UNSPECIFIED.,.F.,.F.,(7,7),(0.,1.),
  .PIECEWISE_BEZIER_KNOTS.);
#2830 = CARTESIAN_POINT('',(-7.488502450202,3.14159265359));
#2831 = CARTESIAN_POINT('',(-7.488505712358,3.261836560594));
#2832 = CARTESIAN_POINT('',(-7.490358651391,3.382084964867));
#2833 = CARTESIAN_POINT('',(-7.494064606276,3.502394269469));
#2834 = CARTESIAN_POINT('',(-7.499415017187,3.622833999413));
#2835 = CARTESIAN_POINT('',(-7.506040868093,3.743467303601));
#2836 = CARTESIAN_POINT('',(-7.513575190501,3.864326901403));
#2837 = ( GEOMETRIC_REPRESENTATION_CONTEXT(2) 
PARAMETRIC_REPRESENTATION_CONTEXT() REPRESENTATION_CONTEXT('2D SPACE',''
  ) );
#2838 = ORIENTED_EDGE('',*,*,#2839,.T.);
#2839 = EDGE_CURVE('',#2805,#495,#2840,.T.);
#2840 = SURFACE_CURVE('',#2841,(#2847,#2856),.PCURVE_S1.);
#2841 = B_SPLINE_CURVE_WITH_KNOTS('',4,(#2842,#2843,#2844,#2845,#2846),
  .UNSPECIFIED.,.F.,.F.,(5,5),(0.,1.),.PIECEWISE_BEZIER_KNOTS.);
#2842 = CARTESIAN_POINT('',(-18.41311908072,6.818241232727,
    15.956711285761));
#2843 = CARTESIAN_POINT('',(-18.50915548273,6.858052148615,
    15.217533612517));
#2844 = CARTESIAN_POINT('',(-18.60519104094,6.89786227876,
    14.478355838379));
#2845 = CARTESIAN_POINT('',(-18.70122578269,6.937671648127,
    13.739177966501));
#2846 = CARTESIAN_POINT('',(-18.79725973303,6.977480279659,13.));
#2847 = PCURVE('',#511,#2848);
#2848 = DEFINITIONAL_REPRESENTATION('',(#2849),#2855);
#2849 = B_SPLINE_CURVE_WITH_KNOTS('',4,(#2850,#2851,#2852,#2853,#2854),
  .UNSPECIFIED.,.F.,.F.,(5,5),(0.,1.),.PIECEWISE_BEZIER_KNOTS.);
#2850 = CARTESIAN_POINT('',(-2.786955416611,-2.956711285761));
#2851 = CARTESIAN_POINT('',(-2.786752466124,-2.217533612517));
#2852 = CARTESIAN_POINT('',(-2.786552401617,-1.478355838379));
#2853 = CARTESIAN_POINT('',(-2.786355130824,-0.739177966501));
#2854 = CARTESIAN_POINT('',(-2.786160568954,0.));
#2855 = ( GEOMETRIC_REPRESENTATION_CONTEXT(2) 
PARAMETRIC_REPRESENTATION_CONTEXT() REPRESENTATION_CONTEXT('2D SPACE',''
  ) );
#2856 = PCURVE('',#2444,#2857);
#2857 = DEFINITIONAL_REPRESENTATION('',(#2858),#2864);
#2858 = B_SPLINE_CURVE_WITH_KNOTS('',4,(#2859,#2860,#2861,#2862,#2863),
  .UNSPECIFIED.,.F.,.F.,(5,5),(2.009504614094E-07,1.),
  .PIECEWISE_BEZIER_KNOTS.);
#2859 = CARTESIAN_POINT('',(7.488502450202,3.058017564517));
#2860 = CARTESIAN_POINT('',(7.488401195821,2.311565086686));
#2861 = CARTESIAN_POINT('',(7.488301386744,1.565112659203));
#2862 = CARTESIAN_POINT('',(7.488202976589,0.818660280662));
#2863 = CARTESIAN_POINT('',(7.488105922748,7.220794932407E-02));
#2864 = ( GEOMETRIC_REPRESENTATION_CONTEXT(2) 
PARAMETRIC_REPRESENTATION_CONTEXT() REPRESENTATION_CONTEXT('2D SPACE',''
  ) );
#2865 = ADVANCED_FACE('',(#2866),#482,.F.);
#2866 = FACE_BOUND('',#2867,.F.);
#2867 = EDGE_LOOP('',(#2868,#2898,#2926));
#2868 = ORIENTED_EDGE('',*,*,#2869,.T.);
#2869 = EDGE_CURVE('',#466,#2870,#2872,.T.);
#2870 = VERTEX_POINT('',#2871);
#2871 = CARTESIAN_POINT('',(-18.99071811431,-7.866213002153,13.));
#2872 = SURFACE_CURVE('',#2873,(#2878,#2885),.PCURVE_S1.);
#2873 = ELLIPSE('',#2874,0.807862058015,0.8);
#2874 = AXIS2_PLACEMENT_3D('',#2875,#2876,#2877);
#2875 = CARTESIAN_POINT('',(-18.24435089382,-7.557057576915,13.));
#2876 = DIRECTION('',(0.,-0.,1.));
#2877 = DIRECTION('',(0.923879532511,0.382683432365,0.));
#2878 = PCURVE('',#482,#2879);
#2879 = DEFINITIONAL_REPRESENTATION('',(#2880),#2884);
#2880 = ELLIPSE('',#2881,0.807862058015,0.8);
#2881 = AXIS2_PLACEMENT_2D('',#2882,#2883);
#2882 = CARTESIAN_POINT('',(59.74754310687,40.));
#2883 = DIRECTION('',(-1.,0.));
#2884 = ( GEOMETRIC_REPRESENTATION_CONTEXT(2) 
PARAMETRIC_REPRESENTATION_CONTEXT() REPRESENTATION_CONTEXT('2D SPACE',''
  ) );
#2885 = PCURVE('',#2582,#2886);
#2886 = DEFINITIONAL_REPRESENTATION('',(#2887),#2897);
#2887 = B_SPLINE_CURVE_WITH_KNOTS('',8,(#2888,#2889,#2890,#2891,#2892,
    #2893,#2894,#2895,#2896),.UNSPECIFIED.,.F.,.F.,(9,9),(8.219857345201
    ,9.424777960769),.PIECEWISE_BEZIER_KNOTS.);
#2888 = CARTESIAN_POINT('',(5.078264691611,7.220804542988E-02));
#2889 = CARTESIAN_POINT('',(5.228879768557,5.639486914546E-02));
#2890 = CARTESIAN_POINT('',(5.379494845503,4.162446621757E-02));
#2891 = CARTESIAN_POINT('',(5.530109922449,2.8443423991E-02));
#2892 = CARTESIAN_POINT('',(5.680724999395,1.734797757347E-02));
#2893 = CARTESIAN_POINT('',(5.831340076341,8.744418132883E-03));
#2894 = CARTESIAN_POINT('',(5.981955153287,2.915235087022E-03));
#2895 = CARTESIAN_POINT('',(6.132570230234,6.221470841243E-18));
#2896 = CARTESIAN_POINT('',(6.28318530718,0.));
#2897 = ( GEOMETRIC_REPRESENTATION_CONTEXT(2) 
PARAMETRIC_REPRESENTATION_CONTEXT() REPRESENTATION_CONTEXT('2D SPACE',''
  ) );
#2898 = ORIENTED_EDGE('',*,*,#2899,.T.);
#2899 = EDGE_CURVE('',#2870,#438,#2900,.T.);
#2900 = SURFACE_CURVE('',#2901,(#2906,#2913),.PCURVE_S1.);
#2901 = ELLIPSE('',#2902,0.807862058015,0.8);
#2902 = AXIS2_PLACEMENT_3D('',#2903,#2904,#2905);
#2903 = CARTESIAN_POINT('',(-18.24435089382,-7.557057576915,13.));
#2904 = DIRECTION('',(0.,-0.,1.));
#2905 = DIRECTION('',(0.923879532511,0.382683432365,0.));
#2906 = PCURVE('',#482,#2907);
#2907 = DEFINITIONAL_REPRESENTATION('',(#2908),#2912);
#2908 = ELLIPSE('',#2909,0.807862058015,0.8);
#2909 = AXIS2_PLACEMENT_2D('',#2910,#2911);
#2910 = CARTESIAN_POINT('',(59.74754310687,40.));
#2911 = DIRECTION('',(-1.,0.));
#2912 = ( GEOMETRIC_REPRESENTATION_CONTEXT(2) 
PARAMETRIC_REPRESENTATION_CONTEXT() REPRESENTATION_CONTEXT('2D SPACE',''
  ) );
#2913 = PCURVE('',#2582,#2914);
#2914 = DEFINITIONAL_REPRESENTATION('',(#2915),#2925);
#2915 = B_SPLINE_CURVE_WITH_KNOTS('',8,(#2916,#2917,#2918,#2919,#2920,
    #2921,#2922,#2923,#2924),.UNSPECIFIED.,.F.,.F.,(9,9),(3.14159265359,
    4.346513269158),.PIECEWISE_BEZIER_KNOTS.);
#2916 = CARTESIAN_POINT('',(6.28318530718,0.));
#2917 = CARTESIAN_POINT('',(6.433800384126,-9.594054676604E-18));
#2918 = CARTESIAN_POINT('',(6.584415461072,2.914270667757E-03));
#2919 = CARTESIAN_POINT('',(6.735030538018,8.745027382163E-03));
#2920 = CARTESIAN_POINT('',(6.885645614964,1.734897769606E-02));
#2921 = CARTESIAN_POINT('',(7.03626069191,2.844341430743E-02));
#2922 = CARTESIAN_POINT('',(7.186875768856,4.162404483167E-02));
#2923 = CARTESIAN_POINT('',(7.337490845802,5.639455837507E-02));
#2924 = CARTESIAN_POINT('',(7.488105922748,7.220792890934E-02));
#2925 = ( GEOMETRIC_REPRESENTATION_CONTEXT(2) 
PARAMETRIC_REPRESENTATION_CONTEXT() REPRESENTATION_CONTEXT('2D SPACE',''
  ) );
#2926 = ORIENTED_EDGE('',*,*,#465,.F.);
#2927 = ADVANCED_FACE('',(#2928),#454,.T.);
#2928 = FACE_BOUND('',#2929,.T.);
#2929 = EDGE_LOOP('',(#2930,#2931,#2965,#3005,#3079,#3108,#3173,#3208));
#2930 = ORIENTED_EDGE('',*,*,#437,.T.);
#2931 = ORIENTED_EDGE('',*,*,#2932,.T.);
#2932 = EDGE_CURVE('',#409,#2933,#2935,.T.);
#2933 = VERTEX_POINT('',#2934);
#2934 = CARTESIAN_POINT('',(-8.198816785304,-17.84126605341,
    15.956710691609));
#2935 = SURFACE_CURVE('',#2936,(#2942,#2951),.PCURVE_S1.);
#2936 = B_SPLINE_CURVE_WITH_KNOTS('',4,(#2937,#2938,#2939,#2940,#2941),
  .UNSPECIFIED.,.F.,.F.,(5,5),(0.,1.),.PIECEWISE_BEZIER_KNOTS.);
#2937 = CARTESIAN_POINT('',(-8.357846203614,-18.22549344629,13.));
#2938 = CARTESIAN_POINT('',(-8.318088899409,-18.12943823548,
    13.739177966495));
#2939 = CARTESIAN_POINT('',(-8.278331557321,-18.03338194332,
    14.478355838423));
#2940 = CARTESIAN_POINT('',(-8.23857417586,-17.93732453589,
    15.217533612523));
#2941 = CARTESIAN_POINT('',(-8.198816753346,-17.8412659762,
    15.956711285761));
#2942 = PCURVE('',#454,#2943);
#2943 = DEFINITIONAL_REPRESENTATION('',(#2944),#2950);
#2944 = B_SPLINE_CURVE_WITH_KNOTS('',4,(#2945,#2946,#2947,#2948,#2949),
  .UNSPECIFIED.,.F.,.F.,(5,5),(0.,1.),.PIECEWISE_BEZIER_KNOTS.);
#2945 = CARTESIAN_POINT('',(-4.282422901623,0.));
#2946 = CARTESIAN_POINT('',(-4.282228339753,-0.739177966495));
#2947 = CARTESIAN_POINT('',(-4.28203106896,-1.478355838423));
#2948 = CARTESIAN_POINT('',(-4.281831004453,-2.217533612523));
#2949 = CARTESIAN_POINT('',(-4.281628053966,-2.956711285761));
#2950 = ( GEOMETRIC_REPRESENTATION_CONTEXT(2) 
PARAMETRIC_REPRESENTATION_CONTEXT() REPRESENTATION_CONTEXT('2D SPACE',''
  ) );
#2951 = PCURVE('',#2952,#2957);
#2952 = CYLINDRICAL_SURFACE('',#2953,0.8);
#2953 = AXIS2_PLACEMENT_3D('',#2954,#2955,#2956);
#2954 = CARTESIAN_POINT('',(-7.563045655347,-18.25880739398,
    12.888661519232));
#2955 = DIRECTION('',(5.325923996829E-02,0.128579179453,0.990268068742)
  );
#2956 = DIRECTION('',(-0.378959183508,-0.91488840041,0.13917310096));
#2957 = DEFINITIONAL_REPRESENTATION('',(#2958),#2964);
#2958 = B_SPLINE_CURVE_WITH_KNOTS('',4,(#2959,#2960,#2961,#2962,#2963),
  .UNSPECIFIED.,.F.,.F.,(5,5),(0.,0.99999979905),
  .PIECEWISE_BEZIER_KNOTS.);
#2959 = CARTESIAN_POINT('',(5.078264691611,7.220794940052E-02));
#2960 = CARTESIAN_POINT('',(5.07816763777,0.818660280732));
#2961 = CARTESIAN_POINT('',(5.078069227615,1.565112659152));
#2962 = CARTESIAN_POINT('',(5.077969418538,2.311565086693));
#2963 = CARTESIAN_POINT('',(5.077868164157,3.058017564517));
#2964 = ( GEOMETRIC_REPRESENTATION_CONTEXT(2) 
PARAMETRIC_REPRESENTATION_CONTEXT() REPRESENTATION_CONTEXT('2D SPACE',''
  ) );
#2965 = ORIENTED_EDGE('',*,*,#2966,.T.);
#2966 = EDGE_CURVE('',#2933,#2967,#2969,.T.);
#2967 = VERTEX_POINT('',#2968);
#2968 = CARTESIAN_POINT('',(-8.240913619171,-17.80162049983,
    16.087414712335));
#2969 = SURFACE_CURVE('',#2970,(#2978,#2989),.PCURVE_S1.);
#2970 = B_SPLINE_CURVE_WITH_KNOTS('',6,(#2971,#2972,#2973,#2974,#2975,
    #2976,#2977),.UNSPECIFIED.,.F.,.F.,(7,7),(0.,1.),
  .PIECEWISE_BEZIER_KNOTS.);
#2971 = CARTESIAN_POINT('',(-8.198816785304,-17.84126605341,
    15.956710691609));
#2972 = CARTESIAN_POINT('',(-8.197535903534,-17.83817129399,
    15.980525092707));
#2973 = CARTESIAN_POINT('',(-8.199683937982,-17.83350371221,
    16.004320628953));
#2974 = CARTESIAN_POINT('',(-8.205294492989,-17.82734195834,
    16.027488467993));
#2975 = CARTESIAN_POINT('',(-8.214240753627,-17.81983168489,
    16.049423225928));
#2976 = CARTESIAN_POINT('',(-8.226244922226,-17.81117632706,
    16.069559443186));
#2977 = CARTESIAN_POINT('',(-8.240913619171,-17.80162049983,
    16.087414712335));
#2978 = PCURVE('',#454,#2979);
#2979 = DEFINITIONAL_REPRESENTATION('',(#2980),#2988);
#2980 = B_SPLINE_CURVE_WITH_KNOTS('',6,(#2981,#2982,#2983,#2984,#2985,
    #2986,#2987),.UNSPECIFIED.,.F.,.F.,(7,7),(0.,1.),
  .PIECEWISE_BEZIER_KNOTS.);
#2981 = CARTESIAN_POINT('',(-4.281628054129,-2.956710691609));
#2982 = CARTESIAN_POINT('',(-4.281621515587,-2.980525092707));
#2983 = CARTESIAN_POINT('',(-4.281422845984,-3.004320628953));
#2984 = CARTESIAN_POINT('',(-4.281032016008,-3.027488467993));
#2985 = CARTESIAN_POINT('',(-4.280457842912,-3.049423225928));
#2986 = CARTESIAN_POINT('',(-4.279717433015,-3.069559443186));
#2987 = CARTESIAN_POINT('',(-4.278834204892,-3.087414712335));
#2988 = ( GEOMETRIC_REPRESENTATION_CONTEXT(2) 
PARAMETRIC_REPRESENTATION_CONTEXT() REPRESENTATION_CONTEXT('2D SPACE',''
  ) );
#2989 = PCURVE('',#2990,#2995);
#2990 = TOROIDAL_SURFACE('',#2991,1.,0.2);
#2991 = AXIS2_PLACEMENT_3D('',#2992,#2993,#2994);
#2992 = CARTESIAN_POINT('',(-7.400177964051,-17.86561000478,
    15.916918667024));
#2993 = DIRECTION('',(-5.325923996829E-02,-0.128579179453,
    -0.990268068742));
#2994 = DIRECTION('',(-0.378959183508,-0.91488840041,0.13917310096));
#2995 = DEFINITIONAL_REPRESENTATION('',(#2996),#3004);
#2996 = B_SPLINE_CURVE_WITH_KNOTS('',6,(#2997,#2998,#2999,#3000,#3001,
    #3002,#3003),.UNSPECIFIED.,.F.,.F.,(7,7),(0.,1.),
  .PIECEWISE_BEZIER_KNOTS.);
#2997 = CARTESIAN_POINT('',(-5.077868164157,3.14159265359));
#2998 = CARTESIAN_POINT('',(-5.077864902001,3.261836560594));
#2999 = CARTESIAN_POINT('',(-5.076011962968,3.382084964867));
#3000 = CARTESIAN_POINT('',(-5.072306008083,3.502394269469));
#3001 = CARTESIAN_POINT('',(-5.066955597173,3.622833999413));
#3002 = CARTESIAN_POINT('',(-5.060329746266,3.743467303601));
#3003 = CARTESIAN_POINT('',(-5.052795423858,3.864326901403));
#3004 = ( GEOMETRIC_REPRESENTATION_CONTEXT(2) 
PARAMETRIC_REPRESENTATION_CONTEXT() REPRESENTATION_CONTEXT('2D SPACE',''
  ) );
#3005 = ORIENTED_EDGE('',*,*,#3006,.T.);
#3006 = EDGE_CURVE('',#2967,#3007,#3009,.T.);
#3007 = VERTEX_POINT('',#3008);
#3008 = CARTESIAN_POINT('',(-8.446978092159,-17.60953408162,
    16.698710585336));
#3009 = SURFACE_CURVE('',#3010,(#3028,#3049),.PCURVE_S1.);
#3010 = B_SPLINE_CURVE_WITH_KNOTS('',6,(#3011,#3012,#3013,#3014,#3015,
    #3016,#3017,#3018,#3019,#3020,#3021,#3022,#3023,#3024,#3025,#3026,
    #3027),.UNSPECIFIED.,.F.,.F.,(7,5,5,7),(0.,0.493872364423,
    0.948341652732,1.),.UNSPECIFIED.);
#3011 = CARTESIAN_POINT('',(-8.240913619171,-17.80162049983,
    16.087414712335));
#3012 = CARTESIAN_POINT('',(-8.275823252452,-17.77887884626,
    16.129907982221));
#3013 = CARTESIAN_POINT('',(-8.307259927644,-17.75724444673,
    16.174892809534));
#3014 = CARTESIAN_POINT('',(-8.335094443054,-17.73687974042,
    16.221949280885));
#3015 = CARTESIAN_POINT('',(-8.359310586369,-17.71788797293,
    16.270687346253));
#3016 = CARTESIAN_POINT('',(-8.379940828454,-17.70033190832,
    16.320784017637));
#3017 = CARTESIAN_POINT('',(-8.412750099182,-17.66945529466,
    16.419111531155));
#3018 = CARTESIAN_POINT('',(-8.425467508717,-17.65591283727,
    16.467158832587));
#3019 = CARTESIAN_POINT('',(-8.435210517022,-17.64365924091,
    16.515924669477));
#3020 = CARTESIAN_POINT('',(-8.442009157062,-17.63272242679,
    16.565217559063));
#3021 = CARTESIAN_POINT('',(-8.445890435318,-17.62312490484,
    16.614861302374));
#3022 = CARTESIAN_POINT('',(-8.446982482571,-17.61395129883,
    16.670357955093));
#3023 = CARTESIAN_POINT('',(-8.44705646483,-17.61303256767,
    16.67602466721));
#3024 = CARTESIAN_POINT('',(-8.447092993784,-17.61213144881,
    16.681693532674));
#3025 = CARTESIAN_POINT('',(-8.447092093244,-17.61124797382,
    16.687364305316));
#3026 = CARTESIAN_POINT('',(-8.447053785669,-17.61038217424,
    16.693036738542));
#3027 = CARTESIAN_POINT('',(-8.446978092159,-17.60953408162,
    16.698710585336));
#3028 = PCURVE('',#454,#3029);
#3029 = DEFINITIONAL_REPRESENTATION('',(#3030),#3048);
#3030 = B_SPLINE_CURVE_WITH_KNOTS('',6,(#3031,#3032,#3033,#3034,#3035,
    #3036,#3037,#3038,#3039,#3040,#3041,#3042,#3043,#3044,#3045,#3046,
    #3047),.UNSPECIFIED.,.F.,.F.,(7,5,5,7),(0.,0.493872364423,
    0.948341652732,1.),.UNSPECIFIED.);
#3031 = CARTESIAN_POINT('',(-4.278834204892,-3.087414712335));
#3032 = CARTESIAN_POINT('',(-4.27673223428,-3.129907982221));
#3033 = CARTESIAN_POINT('',(-4.274813102048,-3.174892809534));
#3034 = CARTESIAN_POINT('',(-4.27308632827,-3.221949280885));
#3035 = CARTESIAN_POINT('',(-4.271555078213,-3.270687346253));
#3036 = CARTESIAN_POINT('',(-4.270219467037,-3.320784017637));
#3037 = CARTESIAN_POINT('',(-4.268029004242,-3.419111531155));
#3038 = CARTESIAN_POINT('',(-4.267144601868,-3.467158832587));
#3039 = CARTESIAN_POINT('',(-4.266425054886,-3.515924669477));
#3040 = CARTESIAN_POINT('',(-4.265869838526,-3.565217559063));
#3041 = CARTESIAN_POINT('',(-4.265478461914,-3.614861302374));
#3042 = CARTESIAN_POINT('',(-4.265225013366,-3.670357955093));
#3043 = CARTESIAN_POINT('',(-4.265201261392,-3.67602466721));
#3044 = CARTESIAN_POINT('',(-4.265179625809,-3.681693532674));
#3045 = CARTESIAN_POINT('',(-4.265160106604,-3.687364305316));
#3046 = CARTESIAN_POINT('',(-4.265142703824,-3.693036738542));
#3047 = CARTESIAN_POINT('',(-4.265127417584,-3.698710585336));
#3048 = ( GEOMETRIC_REPRESENTATION_CONTEXT(2) 
PARAMETRIC_REPRESENTATION_CONTEXT() REPRESENTATION_CONTEXT('2D SPACE',''
  ) );
#3049 = PCURVE('',#3050,#3059);
#3050 = SURFACE_OF_REVOLUTION('',#3051,#3056);
#3051 = CIRCLE('',#3052,1.);
#3052 = AXIS2_PLACEMENT_3D('',#3053,#3054,#3055);
#3053 = CARTESIAN_POINT('',(-7.39580067121,-17.85504228504,
    16.716836889474));
#3054 = DIRECTION('',(-0.923879532511,0.382683432365,0.));
#3055 = DIRECTION('',(-0.319447063624,-0.771213433461,-0.550620934575));
#3056 = AXIS1_PLACEMENT('',#3057,#3058);
#3057 = CARTESIAN_POINT('',(-7.563045655347,-18.25880739398,
    12.888661519232));
#3058 = DIRECTION('',(5.325923996829E-02,0.128579179453,0.990268068742)
  );
#3059 = DEFINITIONAL_REPRESENTATION('',(#3060),#3078);
#3060 = B_SPLINE_CURVE_WITH_KNOTS('',6,(#3061,#3062,#3063,#3064,#3065,
    #3066,#3067,#3068,#3069,#3070,#3071,#3072,#3073,#3074,#3075,#3076,
    #3077),.UNSPECIFIED.,.F.,.F.,(7,5,5,7),(0.,0.493872364423,
    0.948341652732,1.),.UNSPECIFIED.);
#3061 = CARTESIAN_POINT('',(5.052795423858,0.));
#3062 = CARTESIAN_POINT('',(5.034864694683,5.752609456465E-02));
#3063 = CARTESIAN_POINT('',(5.020335149972,0.11489635074));
#3064 = CARTESIAN_POINT('',(5.008338251646,0.171917291573));
#3065 = CARTESIAN_POINT('',(4.998393776607,0.228534481467));
#3066 = CARTESIAN_POINT('',(4.990158893419,0.284754015954));
#3067 = CARTESIAN_POINT('',(4.977189597277,0.392087131634));
#3068 = CARTESIAN_POINT('',(4.972229806608,0.443235339948));
#3069 = CARTESIAN_POINT('',(4.968346346403,0.494138548117));
#3070 = CARTESIAN_POINT('',(4.965436991748,0.544847500895));
#3071 = CARTESIAN_POINT('',(4.963437032776,0.595419422515));
#3072 = CARTESIAN_POINT('',(4.962192560975,0.651663197025));
#3073 = CARTESIAN_POINT('',(4.96207692878,0.657402842657));
#3074 = CARTESIAN_POINT('',(4.961972674149,0.663141652532));
#3075 = CARTESIAN_POINT('',(4.961879771439,0.668879717182));
#3076 = CARTESIAN_POINT('',(4.961798177682,0.67461713042));
#3077 = CARTESIAN_POINT('',(4.961727832578,0.680353989335));
#3078 = ( GEOMETRIC_REPRESENTATION_CONTEXT(2) 
PARAMETRIC_REPRESENTATION_CONTEXT() REPRESENTATION_CONTEXT('2D SPACE',''
  ) );
#3079 = ORIENTED_EDGE('',*,*,#3080,.T.);
#3080 = EDGE_CURVE('',#3007,#3081,#3083,.T.);
#3081 = VERTEX_POINT('',#3082);
#3082 = CARTESIAN_POINT('',(-17.60953408162,-8.446978092159,
    16.698710585336));
#3083 = SURFACE_CURVE('',#3084,(#3089,#3096),.PCURVE_S1.);
#3084 = CIRCLE('',#3085,19.53067150564);
#3085 = AXIS2_PLACEMENT_3D('',#3086,#3087,#3088);
#3086 = CARTESIAN_POINT('',(0.,0.,16.698710585336));
#3087 = DIRECTION('',(0.,0.,-1.));
#3088 = DIRECTION('',(0.943374448074,0.3317297857,0.));
#3089 = PCURVE('',#454,#3090);
#3090 = DEFINITIONAL_REPRESENTATION('',(#3091),#3095);
#3091 = LINE('',#3092,#3093);
#3092 = CARTESIAN_POINT('',(-6.621321907777,-3.698710585336));
#3093 = VECTOR('',#3094,1.);
#3094 = DIRECTION('',(1.,-0.));
#3095 = ( GEOMETRIC_REPRESENTATION_CONTEXT(2) 
PARAMETRIC_REPRESENTATION_CONTEXT() REPRESENTATION_CONTEXT('2D SPACE',''
  ) );
#3096 = PCURVE('',#3097,#3102);
#3097 = TOROIDAL_SURFACE('',#3098,19.184077681581,0.35);
#3098 = AXIS2_PLACEMENT_3D('',#3099,#3100,#3101);
#3099 = CARTESIAN_POINT('',(0.,0.,16.65));
#3100 = DIRECTION('',(0.,0.,1.));
#3101 = DIRECTION('',(1.,0.,-0.));
#3102 = DEFINITIONAL_REPRESENTATION('',(#3103),#3107);
#3103 = LINE('',#3104,#3105);
#3104 = CARTESIAN_POINT('',(6.621321907777,0.13962634016));
#3105 = VECTOR('',#3106,1.);
#3106 = DIRECTION('',(-1.,-0.));
#3107 = ( GEOMETRIC_REPRESENTATION_CONTEXT(2) 
PARAMETRIC_REPRESENTATION_CONTEXT() REPRESENTATION_CONTEXT('2D SPACE',''
  ) );
#3108 = ORIENTED_EDGE('',*,*,#3109,.F.);
#3109 = EDGE_CURVE('',#3110,#3081,#3112,.T.);
#3110 = VERTEX_POINT('',#3111);
#3111 = CARTESIAN_POINT('',(-17.80162049983,-8.240913619171,
    16.087414712335));
#3112 = SURFACE_CURVE('',#3113,(#3131,#3152),.PCURVE_S1.);
#3113 = B_SPLINE_CURVE_WITH_KNOTS('',6,(#3114,#3115,#3116,#3117,#3118,
    #3119,#3120,#3121,#3122,#3123,#3124,#3125,#3126,#3127,#3128,#3129,
    #3130),.UNSPECIFIED.,.F.,.F.,(7,5,5,7),(0.,0.493872364423,
    0.948341652732,1.),.UNSPECIFIED.);
#3114 = CARTESIAN_POINT('',(-17.80162049983,-8.240913619171,
    16.087414712335));
#3115 = CARTESIAN_POINT('',(-17.77887884626,-8.275823252452,
    16.129907982221));
#3116 = CARTESIAN_POINT('',(-17.75724444673,-8.307259927644,
    16.174892809534));
#3117 = CARTESIAN_POINT('',(-17.73687974042,-8.335094443054,
    16.221949280885));
#3118 = CARTESIAN_POINT('',(-17.71788797293,-8.359310586369,
    16.270687346253));
#3119 = CARTESIAN_POINT('',(-17.70033190832,-8.379940828454,
    16.320784017637));
#3120 = CARTESIAN_POINT('',(-17.66945529466,-8.412750099182,
    16.419111531155));
#3121 = CARTESIAN_POINT('',(-17.65591283727,-8.425467508717,
    16.467158832587));
#3122 = CARTESIAN_POINT('',(-17.64365924091,-8.435210517022,
    16.515924669477));
#3123 = CARTESIAN_POINT('',(-17.63272242679,-8.442009157062,
    16.565217559063));
#3124 = CARTESIAN_POINT('',(-17.62312490484,-8.445890435318,
    16.614861302374));
#3125 = CARTESIAN_POINT('',(-17.61395129883,-8.446982482571,
    16.670357955093));
#3126 = CARTESIAN_POINT('',(-17.61303256767,-8.44705646483,
    16.67602466721));
#3127 = CARTESIAN_POINT('',(-17.61213144881,-8.447092993784,
    16.681693532674));
#3128 = CARTESIAN_POINT('',(-17.61124797382,-8.447092093244,
    16.687364305316));
#3129 = CARTESIAN_POINT('',(-17.61038217424,-8.447053785669,
    16.693036738542));
#3130 = CARTESIAN_POINT('',(-17.60953408162,-8.446978092159,
    16.698710585336));
#3131 = PCURVE('',#454,#3132);
#3132 = DEFINITIONAL_REPRESENTATION('',(#3133),#3151);
#3133 = B_SPLINE_CURVE_WITH_KNOTS('',6,(#3134,#3135,#3136,#3137,#3138,
    #3139,#3140,#3141,#3142,#3143,#3144,#3145,#3146,#3147,#3148,#3149,
    #3150),.UNSPECIFIED.,.F.,.F.,(7,5,5,7),(0.,0.493872364423,
    0.948341652732,1.),.UNSPECIFIED.);
#3134 = CARTESIAN_POINT('',(-3.575147429083,-3.087414712335));
#3135 = CARTESIAN_POINT('',(-3.577249399694,-3.129907982221));
#3136 = CARTESIAN_POINT('',(-3.579168531927,-3.174892809534));
#3137 = CARTESIAN_POINT('',(-3.580895305704,-3.221949280885));
#3138 = CARTESIAN_POINT('',(-3.582426555761,-3.270687346253));
#3139 = CARTESIAN_POINT('',(-3.583762166938,-3.320784017637));
#3140 = CARTESIAN_POINT('',(-3.585952629732,-3.419111531155));
#3141 = CARTESIAN_POINT('',(-3.586837032107,-3.467158832587));
#3142 = CARTESIAN_POINT('',(-3.587556579089,-3.515924669477));
#3143 = CARTESIAN_POINT('',(-3.588111795449,-3.565217559063));
#3144 = CARTESIAN_POINT('',(-3.588503172061,-3.614861302374));
#3145 = CARTESIAN_POINT('',(-3.588756620608,-3.670357955093));
#3146 = CARTESIAN_POINT('',(-3.588780372582,-3.67602466721));
#3147 = CARTESIAN_POINT('',(-3.588802008165,-3.681693532674));
#3148 = CARTESIAN_POINT('',(-3.588821527371,-3.687364305316));
#3149 = CARTESIAN_POINT('',(-3.58883893015,-3.693036738542));
#3150 = CARTESIAN_POINT('',(-3.58885421639,-3.698710585336));
#3151 = ( GEOMETRIC_REPRESENTATION_CONTEXT(2) 
PARAMETRIC_REPRESENTATION_CONTEXT() REPRESENTATION_CONTEXT('2D SPACE',''
  ) );
#3152 = PCURVE('',#2680,#3153);
#3153 = DEFINITIONAL_REPRESENTATION('',(#3154),#3172);
#3154 = B_SPLINE_CURVE_WITH_KNOTS('',6,(#3155,#3156,#3157,#3158,#3159,
    #3160,#3161,#3162,#3163,#3164,#3165,#3166,#3167,#3168,#3169,#3170,
    #3171),.UNSPECIFIED.,.F.,.F.,(7,5,5,7),(0.,0.493872364423,
    0.948341652732,1.),.UNSPECIFIED.);
#3155 = CARTESIAN_POINT('',(7.513575190501,0.));
#3156 = CARTESIAN_POINT('',(7.531505919677,5.752609456464E-02));
#3157 = CARTESIAN_POINT('',(7.546035464387,0.11489635074));
#3158 = CARTESIAN_POINT('',(7.558032362714,0.171917291573));
#3159 = CARTESIAN_POINT('',(7.567976837752,0.228534481467));
#3160 = CARTESIAN_POINT('',(7.57621172094,0.284754015954));
#3161 = CARTESIAN_POINT('',(7.589181017082,0.392087131634));
#3162 = CARTESIAN_POINT('',(7.594140807751,0.443235339948));
#3163 = CARTESIAN_POINT('',(7.598024267956,0.494138548117));
#3164 = CARTESIAN_POINT('',(7.600933622611,0.544847500896));
#3165 = CARTESIAN_POINT('',(7.602933581583,0.595419422515));
#3166 = CARTESIAN_POINT('',(7.604178053384,0.651663197025));
#3167 = CARTESIAN_POINT('',(7.604293685579,0.657402842657));
#3168 = CARTESIAN_POINT('',(7.604397940211,0.663141652532));
#3169 = CARTESIAN_POINT('',(7.60449084292,0.668879717182));
#3170 = CARTESIAN_POINT('',(7.604572436677,0.67461713042));
#3171 = CARTESIAN_POINT('',(7.604642781781,0.680353989335));
#3172 = ( GEOMETRIC_REPRESENTATION_CONTEXT(2) 
PARAMETRIC_REPRESENTATION_CONTEXT() REPRESENTATION_CONTEXT('2D SPACE',''
  ) );
#3173 = ORIENTED_EDGE('',*,*,#3174,.F.);
#3174 = EDGE_CURVE('',#3175,#3110,#3177,.T.);
#3175 = VERTEX_POINT('',#3176);
#3176 = CARTESIAN_POINT('',(-17.84126605341,-8.198816785304,
    15.956710691609));
#3177 = SURFACE_CURVE('',#3178,(#3186,#3197),.PCURVE_S1.);
#3178 = B_SPLINE_CURVE_WITH_KNOTS('',6,(#3179,#3180,#3181,#3182,#3183,
    #3184,#3185),.UNSPECIFIED.,.F.,.F.,(7,7),(0.,1.),
  .PIECEWISE_BEZIER_KNOTS.);
#3179 = CARTESIAN_POINT('',(-17.84126605341,-8.198816785304,
    15.956710691609));
#3180 = CARTESIAN_POINT('',(-17.83817129399,-8.197535903534,
    15.980525092707));
#3181 = CARTESIAN_POINT('',(-17.83350371221,-8.199683937982,
    16.004320628953));
#3182 = CARTESIAN_POINT('',(-17.82734195834,-8.205294492989,
    16.027488467993));
#3183 = CARTESIAN_POINT('',(-17.81983168489,-8.214240753627,
    16.049423225928));
#3184 = CARTESIAN_POINT('',(-17.81117632706,-8.226244922226,
    16.069559443186));
#3185 = CARTESIAN_POINT('',(-17.80162049983,-8.240913619171,
    16.087414712335));
#3186 = PCURVE('',#454,#3187);
#3187 = DEFINITIONAL_REPRESENTATION('',(#3188),#3196);
#3188 = B_SPLINE_CURVE_WITH_KNOTS('',6,(#3189,#3190,#3191,#3192,#3193,
    #3194,#3195),.UNSPECIFIED.,.F.,.F.,(7,7),(0.,1.),
  .PIECEWISE_BEZIER_KNOTS.);
#3189 = CARTESIAN_POINT('',(-3.572353579845,-2.956710691609));
#3190 = CARTESIAN_POINT('',(-3.572360118387,-2.980525092707));
#3191 = CARTESIAN_POINT('',(-3.57255878799,-3.004320628953));
#3192 = CARTESIAN_POINT('',(-3.572949617966,-3.027488467993));
#3193 = CARTESIAN_POINT('',(-3.573523791062,-3.049423225928));
#3194 = CARTESIAN_POINT('',(-3.574264200959,-3.069559443186));
#3195 = CARTESIAN_POINT('',(-3.575147429083,-3.087414712335));
#3196 = ( GEOMETRIC_REPRESENTATION_CONTEXT(2) 
PARAMETRIC_REPRESENTATION_CONTEXT() REPRESENTATION_CONTEXT('2D SPACE',''
  ) );
#3197 = PCURVE('',#2620,#3198);
#3198 = DEFINITIONAL_REPRESENTATION('',(#3199),#3207);
#3199 = B_SPLINE_CURVE_WITH_KNOTS('',6,(#3200,#3201,#3202,#3203,#3204,
    #3205,#3206),.UNSPECIFIED.,.F.,.F.,(7,7),(0.,1.),
  .PIECEWISE_BEZIER_KNOTS.);
#3200 = CARTESIAN_POINT('',(-7.488502450202,3.14159265359));
#3201 = CARTESIAN_POINT('',(-7.488505712358,3.261836560594));
#3202 = CARTESIAN_POINT('',(-7.490358651391,3.382084964867));
#3203 = CARTESIAN_POINT('',(-7.494064606276,3.502394269469));
#3204 = CARTESIAN_POINT('',(-7.499415017187,3.622833999413));
#3205 = CARTESIAN_POINT('',(-7.506040868093,3.743467303601));
#3206 = CARTESIAN_POINT('',(-7.513575190501,3.864326901403));
#3207 = ( GEOMETRIC_REPRESENTATION_CONTEXT(2) 
PARAMETRIC_REPRESENTATION_CONTEXT() REPRESENTATION_CONTEXT('2D SPACE',''
  ) );
#3208 = ORIENTED_EDGE('',*,*,#3209,.T.);
#3209 = EDGE_CURVE('',#3175,#438,#3210,.T.);
#3210 = SURFACE_CURVE('',#3211,(#3217,#3226),.PCURVE_S1.);
#3211 = B_SPLINE_CURVE_WITH_KNOTS('',4,(#3212,#3213,#3214,#3215,#3216),
  .UNSPECIFIED.,.F.,.F.,(5,5),(0.,1.),.PIECEWISE_BEZIER_KNOTS.);
#3212 = CARTESIAN_POINT('',(-17.8412659762,-8.198816753346,
    15.956711285761));
#3213 = CARTESIAN_POINT('',(-17.93732453589,-8.23857417586,
    15.217533612517));
#3214 = CARTESIAN_POINT('',(-18.03338194332,-8.278331557324,
    14.478355838379));
#3215 = CARTESIAN_POINT('',(-18.12943823548,-8.318088899409,
    13.739177966501));
#3216 = CARTESIAN_POINT('',(-18.22549344629,-8.357846203614,13.));
#3217 = PCURVE('',#454,#3218);
#3218 = DEFINITIONAL_REPRESENTATION('',(#3219),#3225);
#3219 = B_SPLINE_CURVE_WITH_KNOTS('',4,(#3220,#3221,#3222,#3223,#3224),
  .UNSPECIFIED.,.F.,.F.,(5,5),(0.,1.),.PIECEWISE_BEZIER_KNOTS.);
#3220 = CARTESIAN_POINT('',(-3.572353580008,-2.956711285761));
#3221 = CARTESIAN_POINT('',(-3.572150629521,-2.217533612517));
#3222 = CARTESIAN_POINT('',(-3.571950565014,-1.478355838379));
#3223 = CARTESIAN_POINT('',(-3.571753294222,-0.739177966501));
#3224 = CARTESIAN_POINT('',(-3.571558732352,0.));
#3225 = ( GEOMETRIC_REPRESENTATION_CONTEXT(2) 
PARAMETRIC_REPRESENTATION_CONTEXT() REPRESENTATION_CONTEXT('2D SPACE',''
  ) );
#3226 = PCURVE('',#2582,#3227);
#3227 = DEFINITIONAL_REPRESENTATION('',(#3228),#3234);
#3228 = B_SPLINE_CURVE_WITH_KNOTS('',4,(#3229,#3230,#3231,#3232,#3233),
  .UNSPECIFIED.,.F.,.F.,(5,5),(2.009504616335E-07,1.),
  .PIECEWISE_BEZIER_KNOTS.);
#3229 = CARTESIAN_POINT('',(7.488502450202,3.058017564517));
#3230 = CARTESIAN_POINT('',(7.488401195821,2.311565086686));
#3231 = CARTESIAN_POINT('',(7.488301386744,1.565112659203));
#3232 = CARTESIAN_POINT('',(7.488202976589,0.818660280662));
#3233 = CARTESIAN_POINT('',(7.488105922748,7.220794932408E-02));
#3234 = ( GEOMETRIC_REPRESENTATION_CONTEXT(2) 
PARAMETRIC_REPRESENTATION_CONTEXT() REPRESENTATION_CONTEXT('2D SPACE',''
  ) );
#3235 = ADVANCED_FACE('',(#3236),#425,.F.);
#3236 = FACE_BOUND('',#3237,.F.);
#3237 = EDGE_LOOP('',(#3238,#3268,#3296));
#3238 = ORIENTED_EDGE('',*,*,#3239,.T.);
#3239 = EDGE_CURVE('',#409,#3240,#3242,.T.);
#3240 = VERTEX_POINT('',#3241);
#3241 = CARTESIAN_POINT('',(-7.866213002153,-18.99071811431,13.));
#3242 = SURFACE_CURVE('',#3243,(#3248,#3255),.PCURVE_S1.);
#3243 = ELLIPSE('',#3244,0.807862058015,0.8);
#3244 = AXIS2_PLACEMENT_3D('',#3245,#3246,#3247);
#3245 = CARTESIAN_POINT('',(-7.557057576915,-18.24435089382,13.));
#3246 = DIRECTION('',(0.,-0.,1.));
#3247 = DIRECTION('',(0.382683432365,0.923879532511,0.));
#3248 = PCURVE('',#425,#3249);
#3249 = DEFINITIONAL_REPRESENTATION('',(#3250),#3254);
#3250 = ELLIPSE('',#3251,0.807862058015,0.8);
#3251 = AXIS2_PLACEMENT_2D('',#3252,#3253);
#3252 = CARTESIAN_POINT('',(59.74754310687,40.));
#3253 = DIRECTION('',(-1.,0.));
#3254 = ( GEOMETRIC_REPRESENTATION_CONTEXT(2) 
PARAMETRIC_REPRESENTATION_CONTEXT() REPRESENTATION_CONTEXT('2D SPACE',''
  ) );
#3255 = PCURVE('',#2952,#3256);
#3256 = DEFINITIONAL_REPRESENTATION('',(#3257),#3267);
#3257 = B_SPLINE_CURVE_WITH_KNOTS('',8,(#3258,#3259,#3260,#3261,#3262,
    #3263,#3264,#3265,#3266),.UNSPECIFIED.,.F.,.F.,(9,9),(8.219857345201
    ,9.424777960769),.PIECEWISE_BEZIER_KNOTS.);
#3258 = CARTESIAN_POINT('',(5.078264691611,7.220804542988E-02));
#3259 = CARTESIAN_POINT('',(5.228879768557,5.639486914545E-02));
#3260 = CARTESIAN_POINT('',(5.379494845503,4.162446621756E-02));
#3261 = CARTESIAN_POINT('',(5.530109922449,2.8443423991E-02));
#3262 = CARTESIAN_POINT('',(5.680724999395,1.734797757346E-02));
#3263 = CARTESIAN_POINT('',(5.831340076341,8.744418132882E-03));
#3264 = CARTESIAN_POINT('',(5.981955153287,2.915235087022E-03));
#3265 = CARTESIAN_POINT('',(6.132570230234,6.221470841242E-18));
#3266 = CARTESIAN_POINT('',(6.28318530718,0.));
#3267 = ( GEOMETRIC_REPRESENTATION_CONTEXT(2) 
PARAMETRIC_REPRESENTATION_CONTEXT() REPRESENTATION_CONTEXT('2D SPACE',''
  ) );
#3268 = ORIENTED_EDGE('',*,*,#3269,.T.);
#3269 = EDGE_CURVE('',#3240,#381,#3270,.T.);
#3270 = SURFACE_CURVE('',#3271,(#3276,#3283),.PCURVE_S1.);
#3271 = ELLIPSE('',#3272,0.807862058015,0.8);
#3272 = AXIS2_PLACEMENT_3D('',#3273,#3274,#3275);
#3273 = CARTESIAN_POINT('',(-7.557057576915,-18.24435089382,13.));
#3274 = DIRECTION('',(0.,-0.,1.));
#3275 = DIRECTION('',(0.382683432365,0.923879532511,0.));
#3276 = PCURVE('',#425,#3277);
#3277 = DEFINITIONAL_REPRESENTATION('',(#3278),#3282);
#3278 = ELLIPSE('',#3279,0.807862058015,0.8);
#3279 = AXIS2_PLACEMENT_2D('',#3280,#3281);
#3280 = CARTESIAN_POINT('',(59.74754310687,40.));
#3281 = DIRECTION('',(-1.,0.));
#3282 = ( GEOMETRIC_REPRESENTATION_CONTEXT(2) 
PARAMETRIC_REPRESENTATION_CONTEXT() REPRESENTATION_CONTEXT('2D SPACE',''
  ) );
#3283 = PCURVE('',#2952,#3284);
#3284 = DEFINITIONAL_REPRESENTATION('',(#3285),#3295);
#3285 = B_SPLINE_CURVE_WITH_KNOTS('',8,(#3286,#3287,#3288,#3289,#3290,
    #3291,#3292,#3293,#3294),.UNSPECIFIED.,.F.,.F.,(9,9),(3.14159265359,
    4.346513269158),.PIECEWISE_BEZIER_KNOTS.);
#3286 = CARTESIAN_POINT('',(6.28318530718,0.));
#3287 = CARTESIAN_POINT('',(6.433800384126,-9.594054676604E-18));
#3288 = CARTESIAN_POINT('',(6.584415461072,2.914270667757E-03));
#3289 = CARTESIAN_POINT('',(6.735030538018,8.745027382164E-03));
#3290 = CARTESIAN_POINT('',(6.885645614964,1.734897769606E-02));
#3291 = CARTESIAN_POINT('',(7.03626069191,2.844341430743E-02));
#3292 = CARTESIAN_POINT('',(7.186875768856,4.162404483167E-02));
#3293 = CARTESIAN_POINT('',(7.337490845802,5.639455837508E-02));
#3294 = CARTESIAN_POINT('',(7.488105922748,7.220792890935E-02));
#3295 = ( GEOMETRIC_REPRESENTATION_CONTEXT(2) 
PARAMETRIC_REPRESENTATION_CONTEXT() REPRESENTATION_CONTEXT('2D SPACE',''
  ) );
#3296 = ORIENTED_EDGE('',*,*,#408,.F.);
#3297 = ADVANCED_FACE('',(#3298),#397,.T.);
#3298 = FACE_BOUND('',#3299,.T.);
#3299 = EDGE_LOOP('',(#3300,#3329,#3330,#3364,#3404,#3478,#3507,#3572));
#3300 = ORIENTED_EDGE('',*,*,#3301,.T.);
#3301 = EDGE_CURVE('',#3302,#381,#3304,.T.);
#3302 = VERTEX_POINT('',#3303);
#3303 = CARTESIAN_POINT('',(-6.818241264727,-18.41311915791,
    15.956710691609));
#3304 = SURFACE_CURVE('',#3305,(#3311,#3320),.PCURVE_S1.);
#3305 = B_SPLINE_CURVE_WITH_KNOTS('',4,(#3306,#3307,#3308,#3309,#3310),
  .UNSPECIFIED.,.F.,.F.,(5,5),(0.,1.),.PIECEWISE_BEZIER_KNOTS.);
#3306 = CARTESIAN_POINT('',(-6.818241232727,-18.41311908072,
    15.956711285761));
#3307 = CARTESIAN_POINT('',(-6.858052148615,-18.50915548273,
    15.217533612517));
#3308 = CARTESIAN_POINT('',(-6.89786227876,-18.60519104094,
    14.478355838379));
#3309 = CARTESIAN_POINT('',(-6.937671648127,-18.70122578269,
    13.739177966501));
#3310 = CARTESIAN_POINT('',(-6.977480279659,-18.79725973303,13.));
#3311 = PCURVE('',#397,#3312);
#3312 = DEFINITIONAL_REPRESENTATION('',(#3313),#3319);
#3313 = B_SPLINE_CURVE_WITH_KNOTS('',4,(#3314,#3315,#3316,#3317,#3318),
  .UNSPECIFIED.,.F.,.F.,(5,5),(0.,1.),.PIECEWISE_BEZIER_KNOTS.);
#3314 = CARTESIAN_POINT('',(-4.357751743406,-2.956711285761));
#3315 = CARTESIAN_POINT('',(-4.357548792919,-2.217533612517));
#3316 = CARTESIAN_POINT('',(-4.357348728412,-1.478355838379));
#3317 = CARTESIAN_POINT('',(-4.357151457619,-0.739177966501));
#3318 = CARTESIAN_POINT('',(-4.356956895749,0.));
#3319 = ( GEOMETRIC_REPRESENTATION_CONTEXT(2) 
PARAMETRIC_REPRESENTATION_CONTEXT() REPRESENTATION_CONTEXT('2D SPACE',''
  ) );
#3320 = PCURVE('',#2952,#3321);
#3321 = DEFINITIONAL_REPRESENTATION('',(#3322),#3328);
#3322 = B_SPLINE_CURVE_WITH_KNOTS('',4,(#3323,#3324,#3325,#3326,#3327),
  .UNSPECIFIED.,.F.,.F.,(5,5),(2.009504616028E-07,1.),
  .PIECEWISE_BEZIER_KNOTS.);
#3323 = CARTESIAN_POINT('',(7.488502450202,3.058017564517));
#3324 = CARTESIAN_POINT('',(7.488401195821,2.311565086686));
#3325 = CARTESIAN_POINT('',(7.488301386744,1.565112659203));
#3326 = CARTESIAN_POINT('',(7.488202976589,0.818660280662));
#3327 = CARTESIAN_POINT('',(7.488105922748,7.220794932407E-02));
#3328 = ( GEOMETRIC_REPRESENTATION_CONTEXT(2) 
PARAMETRIC_REPRESENTATION_CONTEXT() REPRESENTATION_CONTEXT('2D SPACE',''
  ) );
#3329 = ORIENTED_EDGE('',*,*,#380,.T.);
#3330 = ORIENTED_EDGE('',*,*,#3331,.T.);
#3331 = EDGE_CURVE('',#352,#3332,#3334,.T.);
#3332 = VERTEX_POINT('',#3333);
#3333 = CARTESIAN_POINT('',(6.818241264727,-18.41311915791,
    15.956710691609));
#3334 = SURFACE_CURVE('',#3335,(#3341,#3350),.PCURVE_S1.);
#3335 = B_SPLINE_CURVE_WITH_KNOTS('',4,(#3336,#3337,#3338,#3339,#3340),
  .UNSPECIFIED.,.F.,.F.,(5,5),(0.,1.),.PIECEWISE_BEZIER_KNOTS.);
#3336 = CARTESIAN_POINT('',(6.977480279659,-18.79725973303,13.));
#3337 = CARTESIAN_POINT('',(6.937671648127,-18.70122578269,
    13.739177966495));
#3338 = CARTESIAN_POINT('',(6.897862278757,-18.60519104094,
    14.478355838424));
#3339 = CARTESIAN_POINT('',(6.858052148614,-18.50915548273,
    15.217533612523));
#3340 = CARTESIAN_POINT('',(6.818241232727,-18.41311908072,
    15.956711285761));
#3341 = PCURVE('',#397,#3342);
#3342 = DEFINITIONAL_REPRESENTATION('',(#3343),#3349);
#3343 = B_SPLINE_CURVE_WITH_KNOTS('',4,(#3344,#3345,#3346,#3347,#3348),
  .UNSPECIFIED.,.F.,.F.,(5,5),(0.,1.),.PIECEWISE_BEZIER_KNOTS.);
#3344 = CARTESIAN_POINT('',(-5.06782106502,0.));
#3345 = CARTESIAN_POINT('',(-5.06762650315,-0.739177966495));
#3346 = CARTESIAN_POINT('',(-5.067429232358,-1.478355838424));
#3347 = CARTESIAN_POINT('',(-5.067229167851,-2.217533612523));
#3348 = CARTESIAN_POINT('',(-5.067026217364,-2.956711285761));
#3349 = ( GEOMETRIC_REPRESENTATION_CONTEXT(2) 
PARAMETRIC_REPRESENTATION_CONTEXT() REPRESENTATION_CONTEXT('2D SPACE',''
  ) );
#3350 = PCURVE('',#3351,#3356);
#3351 = CYLINDRICAL_SURFACE('',#3352,0.8);
#3352 = AXIS2_PLACEMENT_3D('',#3353,#3354,#3355);
#3353 = CARTESIAN_POINT('',(7.563045655347,-18.25880739398,
    12.888661519232));
#3354 = DIRECTION('',(-5.325923996829E-02,0.128579179453,0.990268068742)
  );
#3355 = DIRECTION('',(0.378959183508,-0.91488840041,0.13917310096));
#3356 = DEFINITIONAL_REPRESENTATION('',(#3357),#3363);
#3357 = B_SPLINE_CURVE_WITH_KNOTS('',4,(#3358,#3359,#3360,#3361,#3362),
  .UNSPECIFIED.,.F.,.F.,(5,5),(0.,0.99999979905),
  .PIECEWISE_BEZIER_KNOTS.);
#3358 = CARTESIAN_POINT('',(5.078264691611,7.220794940052E-02));
#3359 = CARTESIAN_POINT('',(5.07816763777,0.818660280732));
#3360 = CARTESIAN_POINT('',(5.078069227615,1.565112659152));
#3361 = CARTESIAN_POINT('',(5.077969418538,2.311565086693));
#3362 = CARTESIAN_POINT('',(5.077868164157,3.058017564517));
#3363 = ( GEOMETRIC_REPRESENTATION_CONTEXT(2) 
PARAMETRIC_REPRESENTATION_CONTEXT() REPRESENTATION_CONTEXT('2D SPACE',''
  ) );
#3364 = ORIENTED_EDGE('',*,*,#3365,.T.);
#3365 = EDGE_CURVE('',#3332,#3366,#3368,.T.);
#3366 = VERTEX_POINT('',#3367);
#3367 = CARTESIAN_POINT('',(6.760440668253,-18.41485247482,
    16.087414712335));
#3368 = SURFACE_CURVE('',#3369,(#3377,#3388),.PCURVE_S1.);
#3369 = B_SPLINE_CURVE_WITH_KNOTS('',6,(#3370,#3371,#3372,#3373,#3374,
    #3375,#3376),.UNSPECIFIED.,.F.,.F.,(7,7),(0.,1.),
  .PIECEWISE_BEZIER_KNOTS.);
#3370 = CARTESIAN_POINT('',(6.818241264727,-18.41311915791,
    15.956710691609));
#3371 = CARTESIAN_POINT('',(6.816958659539,-18.41002511235,
    15.980525092707));
#3372 = CARTESIAN_POINT('',(6.812139291086,-18.40824352335,
    16.004320628953));
#3373 = CARTESIAN_POINT('',(6.803815011654,-18.4078537669,
    16.027488467993));
#3374 = CARTESIAN_POINT('',(6.792178484806,-18.40886916318,
    16.049423225928));
#3375 = CARTESIAN_POINT('',(6.777569993567,-18.41123712998,
    16.069559443186));
#3376 = CARTESIAN_POINT('',(6.760440668253,-18.41485247482,
    16.087414712335));
#3377 = PCURVE('',#397,#3378);
#3378 = DEFINITIONAL_REPRESENTATION('',(#3379),#3387);
#3379 = B_SPLINE_CURVE_WITH_KNOTS('',6,(#3380,#3381,#3382,#3383,#3384,
    #3385,#3386),.UNSPECIFIED.,.F.,.F.,(7,7),(0.,1.),
  .PIECEWISE_BEZIER_KNOTS.);
#3380 = CARTESIAN_POINT('',(-5.067026217527,-2.956710691609));
#3381 = CARTESIAN_POINT('',(-5.067019678985,-2.980525092707));
#3382 = CARTESIAN_POINT('',(-5.066821009382,-3.004320628953));
#3383 = CARTESIAN_POINT('',(-5.066430179405,-3.027488467993));
#3384 = CARTESIAN_POINT('',(-5.06585600631,-3.049423225928));
#3385 = CARTESIAN_POINT('',(-5.065115596413,-3.069559443186));
#3386 = CARTESIAN_POINT('',(-5.064232368289,-3.087414712335));
#3387 = ( GEOMETRIC_REPRESENTATION_CONTEXT(2) 
PARAMETRIC_REPRESENTATION_CONTEXT() REPRESENTATION_CONTEXT('2D SPACE',''
  ) );
#3388 = PCURVE('',#3389,#3394);
#3389 = TOROIDAL_SURFACE('',#3390,1.,0.2);
#3390 = AXIS2_PLACEMENT_3D('',#3391,#3392,#3393);
#3391 = CARTESIAN_POINT('',(7.400177964051,-17.86561000478,
    15.916918667024));
#3392 = DIRECTION('',(5.325923996829E-02,-0.128579179453,-0.990268068742
    ));
#3393 = DIRECTION('',(0.378959183508,-0.91488840041,0.13917310096));
#3394 = DEFINITIONAL_REPRESENTATION('',(#3395),#3403);
#3395 = B_SPLINE_CURVE_WITH_KNOTS('',6,(#3396,#3397,#3398,#3399,#3400,
    #3401,#3402),.UNSPECIFIED.,.F.,.F.,(7,7),(0.,1.),
  .PIECEWISE_BEZIER_KNOTS.);
#3396 = CARTESIAN_POINT('',(-5.077868164157,3.14159265359));
#3397 = CARTESIAN_POINT('',(-5.077864902001,3.261836560594));
#3398 = CARTESIAN_POINT('',(-5.076011962968,3.382084964867));
#3399 = CARTESIAN_POINT('',(-5.072306008083,3.502394269469));
#3400 = CARTESIAN_POINT('',(-5.066955597173,3.622833999413));
#3401 = CARTESIAN_POINT('',(-5.060329746266,3.743467303601));
#3402 = CARTESIAN_POINT('',(-5.052795423858,3.864326901403));
#3403 = ( GEOMETRIC_REPRESENTATION_CONTEXT(2) 
PARAMETRIC_REPRESENTATION_CONTEXT() REPRESENTATION_CONTEXT('2D SPACE',''
  ) );
#3404 = ORIENTED_EDGE('',*,*,#3405,.T.);
#3405 = EDGE_CURVE('',#3366,#3406,#3408,.T.);
#3406 = VERTEX_POINT('',#3407);
#3407 = CARTESIAN_POINT('',(6.478905473151,-18.42473645215,
    16.698710585336));
#3408 = SURFACE_CURVE('',#3409,(#3427,#3448),.PCURVE_S1.);
#3409 = B_SPLINE_CURVE_WITH_KNOTS('',6,(#3410,#3411,#3412,#3413,#3414,
    #3415,#3416,#3417,#3418,#3419,#3420,#3421,#3422,#3423,#3424,#3425,
    #3426),.UNSPECIFIED.,.F.,.F.,(7,5,5,7),(0.,0.493872364423,
    0.948341652732,1.),.UNSPECIFIED.);
#3410 = CARTESIAN_POINT('',(6.760440668253,-18.41485247482,
    16.087414712335));
#3411 = CARTESIAN_POINT('',(6.719675052375,-18.42345653579,
    16.129907982221));
#3412 = CARTESIAN_POINT('',(6.682148135556,-18.43038779138,
    16.174892809534));
#3413 = CARTESIAN_POINT('',(6.648066139034,-18.43566974406,
    16.221949280885));
#3414 = CARTESIAN_POINT('',(6.617513532303,-18.43936393563,
    16.270687346253));
#3415 = CARTESIAN_POINT('',(6.590511735889,-18.44153770737,
    16.320784017637));
#3416 = CARTESIAN_POINT('',(6.545479015172,-18.44290430229,
    16.419111531155));
#3417 = CARTESIAN_POINT('',(6.526910485197,-18.44232090535,
    16.467158832587));
#3418 = CARTESIAN_POINT('',(6.511356536872,-18.44054565151,
    16.515924669477));
#3419 = CARTESIAN_POINT('',(6.498815676969,-18.43761952056,
    16.565217559063));
#3420 = CARTESIAN_POINT('',(6.489284725944,-18.43357752588,
    16.614861302374));
#3421 = CARTESIAN_POINT('',(6.482025812906,-18.42786300088,
    16.670357955093));
#3422 = CARTESIAN_POINT('',(6.481323858513,-18.4272656732,16.67602466721
    ));
#3423 = CARTESIAN_POINT('',(6.480660841387,-18.42665431582,
    16.681693532674));
#3424 = CARTESIAN_POINT('',(6.480036767007,-18.42602896788,
    16.687364305316));
#3425 = CARTESIAN_POINT('',(6.479451641802,-18.42538966759,
    16.693036738542));
#3426 = CARTESIAN_POINT('',(6.478905473151,-18.42473645215,
    16.698710585336));
#3427 = PCURVE('',#397,#3428);
#3428 = DEFINITIONAL_REPRESENTATION('',(#3429),#3447);
#3429 = B_SPLINE_CURVE_WITH_KNOTS('',6,(#3430,#3431,#3432,#3433,#3434,
    #3435,#3436,#3437,#3438,#3439,#3440,#3441,#3442,#3443,#3444,#3445,
    #3446),.UNSPECIFIED.,.F.,.F.,(7,5,5,7),(0.,0.493872364423,
    0.948341652732,1.),.UNSPECIFIED.);
#3430 = CARTESIAN_POINT('',(-5.064232368289,-3.087414712335));
#3431 = CARTESIAN_POINT('',(-5.062130397678,-3.129907982221));
#3432 = CARTESIAN_POINT('',(-5.060211265445,-3.174892809534));
#3433 = CARTESIAN_POINT('',(-5.058484491668,-3.221949280885));
#3434 = CARTESIAN_POINT('',(-5.056953241611,-3.270687346253));
#3435 = CARTESIAN_POINT('',(-5.055617630434,-3.320784017637));
#3436 = CARTESIAN_POINT('',(-5.05342716764,-3.419111531155));
#3437 = CARTESIAN_POINT('',(-5.052542765265,-3.467158832587));
#3438 = CARTESIAN_POINT('',(-5.051823218283,-3.515924669477));
#3439 = CARTESIAN_POINT('',(-5.051268001923,-3.565217559063));
#3440 = CARTESIAN_POINT('',(-5.050876625311,-3.614861302374));
#3441 = CARTESIAN_POINT('',(-5.050623176764,-3.670357955093));
#3442 = CARTESIAN_POINT('',(-5.05059942479,-3.67602466721));
#3443 = CARTESIAN_POINT('',(-5.050577789207,-3.681693532674));
#3444 = CARTESIAN_POINT('',(-5.050558270001,-3.687364305316));
#3445 = CARTESIAN_POINT('',(-5.050540867222,-3.693036738542));
#3446 = CARTESIAN_POINT('',(-5.050525580982,-3.698710585336));
#3447 = ( GEOMETRIC_REPRESENTATION_CONTEXT(2) 
PARAMETRIC_REPRESENTATION_CONTEXT() REPRESENTATION_CONTEXT('2D SPACE',''
  ) );
#3448 = PCURVE('',#3449,#3458);
#3449 = SURFACE_OF_REVOLUTION('',#3450,#3455);
#3450 = CIRCLE('',#3451,1.);
#3451 = AXIS2_PLACEMENT_3D('',#3452,#3453,#3454);
#3452 = CARTESIAN_POINT('',(7.39580067121,-17.85504228504,
    16.716836889474));
#3453 = DIRECTION('',(-0.923879532511,-0.382683432365,0.));
#3454 = DIRECTION('',(0.319447063624,-0.771213433461,-0.550620934575));
#3455 = AXIS1_PLACEMENT('',#3456,#3457);
#3456 = CARTESIAN_POINT('',(7.563045655347,-18.25880739398,
    12.888661519232));
#3457 = DIRECTION('',(-5.325923996829E-02,0.128579179453,0.990268068742)
  );
#3458 = DEFINITIONAL_REPRESENTATION('',(#3459),#3477);
#3459 = B_SPLINE_CURVE_WITH_KNOTS('',6,(#3460,#3461,#3462,#3463,#3464,
    #3465,#3466,#3467,#3468,#3469,#3470,#3471,#3472,#3473,#3474,#3475,
    #3476),.UNSPECIFIED.,.F.,.F.,(7,5,5,7),(0.,0.493872364423,
    0.948341652732,1.),.UNSPECIFIED.);
#3460 = CARTESIAN_POINT('',(5.052795423858,0.));
#3461 = CARTESIAN_POINT('',(5.034864694683,5.752609456465E-02));
#3462 = CARTESIAN_POINT('',(5.020335149972,0.11489635074));
#3463 = CARTESIAN_POINT('',(5.008338251646,0.171917291573));
#3464 = CARTESIAN_POINT('',(4.998393776607,0.228534481467));
#3465 = CARTESIAN_POINT('',(4.990158893419,0.284754015954));
#3466 = CARTESIAN_POINT('',(4.977189597277,0.392087131634));
#3467 = CARTESIAN_POINT('',(4.972229806608,0.443235339948));
#3468 = CARTESIAN_POINT('',(4.968346346403,0.494138548117));
#3469 = CARTESIAN_POINT('',(4.965436991748,0.544847500895));
#3470 = CARTESIAN_POINT('',(4.963437032776,0.595419422515));
#3471 = CARTESIAN_POINT('',(4.962192560975,0.651663197025));
#3472 = CARTESIAN_POINT('',(4.96207692878,0.657402842657));
#3473 = CARTESIAN_POINT('',(4.961972674149,0.663141652532));
#3474 = CARTESIAN_POINT('',(4.961879771439,0.668879717182));
#3475 = CARTESIAN_POINT('',(4.961798177682,0.67461713042));
#3476 = CARTESIAN_POINT('',(4.961727832578,0.680353989335));
#3477 = ( GEOMETRIC_REPRESENTATION_CONTEXT(2) 
PARAMETRIC_REPRESENTATION_CONTEXT() REPRESENTATION_CONTEXT('2D SPACE',''
  ) );
#3478 = ORIENTED_EDGE('',*,*,#3479,.T.);
#3479 = EDGE_CURVE('',#3406,#3480,#3482,.T.);
#3480 = VERTEX_POINT('',#3481);
#3481 = CARTESIAN_POINT('',(-6.478905473151,-18.42473645215,
    16.698710585336));
#3482 = SURFACE_CURVE('',#3483,(#3488,#3495),.PCURVE_S1.);
#3483 = CIRCLE('',#3484,19.53067150564);
#3484 = AXIS2_PLACEMENT_3D('',#3485,#3486,#3487);
#3485 = CARTESIAN_POINT('',(0.,0.,16.698710585336));
#3486 = DIRECTION('',(0.,0.,-1.));
#3487 = DIRECTION('',(0.943374448074,0.3317297857,0.));
#3488 = PCURVE('',#397,#3489);
#3489 = DEFINITIONAL_REPRESENTATION('',(#3490),#3494);
#3490 = LINE('',#3491,#3492);
#3491 = CARTESIAN_POINT('',(-6.621321907777,-3.698710585336));
#3492 = VECTOR('',#3493,1.);
#3493 = DIRECTION('',(1.,-0.));
#3494 = ( GEOMETRIC_REPRESENTATION_CONTEXT(2) 
PARAMETRIC_REPRESENTATION_CONTEXT() REPRESENTATION_CONTEXT('2D SPACE',''
  ) );
#3495 = PCURVE('',#3496,#3501);
#3496 = TOROIDAL_SURFACE('',#3497,19.184077681581,0.35);
#3497 = AXIS2_PLACEMENT_3D('',#3498,#3499,#3500);
#3498 = CARTESIAN_POINT('',(0.,0.,16.65));
#3499 = DIRECTION('',(0.,0.,1.));
#3500 = DIRECTION('',(1.,0.,-0.));
#3501 = DEFINITIONAL_REPRESENTATION('',(#3502),#3506);
#3502 = LINE('',#3503,#3504);
#3503 = CARTESIAN_POINT('',(6.621321907777,0.13962634016));
#3504 = VECTOR('',#3505,1.);
#3505 = DIRECTION('',(-1.,-0.));
#3506 = ( GEOMETRIC_REPRESENTATION_CONTEXT(2) 
PARAMETRIC_REPRESENTATION_CONTEXT() REPRESENTATION_CONTEXT('2D SPACE',''
  ) );
#3507 = ORIENTED_EDGE('',*,*,#3508,.F.);
#3508 = EDGE_CURVE('',#3509,#3480,#3511,.T.);
#3509 = VERTEX_POINT('',#3510);
#3510 = CARTESIAN_POINT('',(-6.760440668253,-18.41485247482,
    16.087414712335));
#3511 = SURFACE_CURVE('',#3512,(#3530,#3551),.PCURVE_S1.);
#3512 = B_SPLINE_CURVE_WITH_KNOTS('',6,(#3513,#3514,#3515,#3516,#3517,
    #3518,#3519,#3520,#3521,#3522,#3523,#3524,#3525,#3526,#3527,#3528,
    #3529),.UNSPECIFIED.,.F.,.F.,(7,5,5,7),(0.,0.493872364423,
    0.948341652732,1.),.UNSPECIFIED.);
#3513 = CARTESIAN_POINT('',(-6.760440668253,-18.41485247482,
    16.087414712335));
#3514 = CARTESIAN_POINT('',(-6.719675052375,-18.42345653579,
    16.129907982221));
#3515 = CARTESIAN_POINT('',(-6.682148135556,-18.43038779138,
    16.174892809534));
#3516 = CARTESIAN_POINT('',(-6.648066139034,-18.43566974406,
    16.221949280885));
#3517 = CARTESIAN_POINT('',(-6.617513532303,-18.43936393563,
    16.270687346253));
#3518 = CARTESIAN_POINT('',(-6.590511735889,-18.44153770737,
    16.320784017637));
#3519 = CARTESIAN_POINT('',(-6.545479015172,-18.44290430229,
    16.419111531155));
#3520 = CARTESIAN_POINT('',(-6.526910485197,-18.44232090535,
    16.467158832587));
#3521 = CARTESIAN_POINT('',(-6.511356536872,-18.44054565151,
    16.515924669476));
#3522 = CARTESIAN_POINT('',(-6.498815676969,-18.43761952056,
    16.565217559063));
#3523 = CARTESIAN_POINT('',(-6.489284725944,-18.43357752588,
    16.614861302374));
#3524 = CARTESIAN_POINT('',(-6.482025812906,-18.42786300088,
    16.670357955093));
#3525 = CARTESIAN_POINT('',(-6.481323858513,-18.4272656732,
    16.67602466721));
#3526 = CARTESIAN_POINT('',(-6.480660841387,-18.42665431582,
    16.681693532674));
#3527 = CARTESIAN_POINT('',(-6.480036767007,-18.42602896788,
    16.687364305316));
#3528 = CARTESIAN_POINT('',(-6.479451641802,-18.42538966759,
    16.693036738542));
#3529 = CARTESIAN_POINT('',(-6.478905473151,-18.42473645215,
    16.698710585336));
#3530 = PCURVE('',#397,#3531);
#3531 = DEFINITIONAL_REPRESENTATION('',(#3532),#3550);
#3532 = B_SPLINE_CURVE_WITH_KNOTS('',6,(#3533,#3534,#3535,#3536,#3537,
    #3538,#3539,#3540,#3541,#3542,#3543,#3544,#3545,#3546,#3547,#3548,
    #3549),.UNSPECIFIED.,.F.,.F.,(7,5,5,7),(0.,0.493872364423,
    0.948341652732,1.),.UNSPECIFIED.);
#3533 = CARTESIAN_POINT('',(-4.36054559248,-3.087414712335));
#3534 = CARTESIAN_POINT('',(-4.362647563092,-3.129907982221));
#3535 = CARTESIAN_POINT('',(-4.364566695324,-3.174892809534));
#3536 = CARTESIAN_POINT('',(-4.366293469102,-3.221949280885));
#3537 = CARTESIAN_POINT('',(-4.367824719159,-3.270687346253));
#3538 = CARTESIAN_POINT('',(-4.369160330335,-3.320784017637));
#3539 = CARTESIAN_POINT('',(-4.37135079313,-3.419111531155));
#3540 = CARTESIAN_POINT('',(-4.372235195504,-3.467158832587));
#3541 = CARTESIAN_POINT('',(-4.372954742486,-3.515924669476));
#3542 = CARTESIAN_POINT('',(-4.373509958846,-3.565217559063));
#3543 = CARTESIAN_POINT('',(-4.373901335458,-3.614861302374));
#3544 = CARTESIAN_POINT('',(-4.374154784006,-3.670357955093));
#3545 = CARTESIAN_POINT('',(-4.374178535979,-3.67602466721));
#3546 = CARTESIAN_POINT('',(-4.374200171563,-3.681693532674));
#3547 = CARTESIAN_POINT('',(-4.374219690768,-3.687364305316));
#3548 = CARTESIAN_POINT('',(-4.374237093547,-3.693036738542));
#3549 = CARTESIAN_POINT('',(-4.374252379787,-3.698710585336));
#3550 = ( GEOMETRIC_REPRESENTATION_CONTEXT(2) 
PARAMETRIC_REPRESENTATION_CONTEXT() REPRESENTATION_CONTEXT('2D SPACE',''
  ) );
#3551 = PCURVE('',#3050,#3552);
#3552 = DEFINITIONAL_REPRESENTATION('',(#3553),#3571);
#3553 = B_SPLINE_CURVE_WITH_KNOTS('',6,(#3554,#3555,#3556,#3557,#3558,
    #3559,#3560,#3561,#3562,#3563,#3564,#3565,#3566,#3567,#3568,#3569,
    #3570),.UNSPECIFIED.,.F.,.F.,(7,5,5,7),(0.,0.493872364423,
    0.948341652732,1.),.UNSPECIFIED.);
#3554 = CARTESIAN_POINT('',(7.513575190501,0.));
#3555 = CARTESIAN_POINT('',(7.531505919677,5.752609456465E-02));
#3556 = CARTESIAN_POINT('',(7.546035464387,0.11489635074));
#3557 = CARTESIAN_POINT('',(7.558032362714,0.171917291573));
#3558 = CARTESIAN_POINT('',(7.567976837752,0.228534481467));
#3559 = CARTESIAN_POINT('',(7.57621172094,0.284754015954));
#3560 = CARTESIAN_POINT('',(7.589181017082,0.392087131634));
#3561 = CARTESIAN_POINT('',(7.594140807751,0.443235339949));
#3562 = CARTESIAN_POINT('',(7.598024267956,0.494138548116));
#3563 = CARTESIAN_POINT('',(7.600933622611,0.544847500896));
#3564 = CARTESIAN_POINT('',(7.602933581583,0.595419422515));
#3565 = CARTESIAN_POINT('',(7.604178053384,0.651663197025));
#3566 = CARTESIAN_POINT('',(7.604293685579,0.657402842657));
#3567 = CARTESIAN_POINT('',(7.604397940211,0.663141652532));
#3568 = CARTESIAN_POINT('',(7.60449084292,0.668879717182));
#3569 = CARTESIAN_POINT('',(7.604572436677,0.67461713042));
#3570 = CARTESIAN_POINT('',(7.604642781781,0.680353989335));
#3571 = ( GEOMETRIC_REPRESENTATION_CONTEXT(2) 
PARAMETRIC_REPRESENTATION_CONTEXT() REPRESENTATION_CONTEXT('2D SPACE',''
  ) );
#3572 = ORIENTED_EDGE('',*,*,#3573,.F.);
#3573 = EDGE_CURVE('',#3302,#3509,#3574,.T.);
#3574 = SURFACE_CURVE('',#3575,(#3583,#3594),.PCURVE_S1.);
#3575 = B_SPLINE_CURVE_WITH_KNOTS('',6,(#3576,#3577,#3578,#3579,#3580,
    #3581,#3582),.UNSPECIFIED.,.F.,.F.,(7,7),(0.,1.),
  .PIECEWISE_BEZIER_KNOTS.);
#3576 = CARTESIAN_POINT('',(-6.818241264727,-18.41311915791,
    15.956710691609));
#3577 = CARTESIAN_POINT('',(-6.816958659539,-18.41002511235,
    15.980525092707));
#3578 = CARTESIAN_POINT('',(-6.812139291086,-18.40824352335,
    16.004320628953));
#3579 = CARTESIAN_POINT('',(-6.803815011654,-18.4078537669,
    16.027488467993));
#3580 = CARTESIAN_POINT('',(-6.792178484806,-18.40886916318,
    16.049423225928));
#3581 = CARTESIAN_POINT('',(-6.777569993567,-18.41123712998,
    16.069559443186));
#3582 = CARTESIAN_POINT('',(-6.760440668253,-18.41485247482,
    16.087414712335));
#3583 = PCURVE('',#397,#3584);
#3584 = DEFINITIONAL_REPRESENTATION('',(#3585),#3593);
#3585 = B_SPLINE_CURVE_WITH_KNOTS('',6,(#3586,#3587,#3588,#3589,#3590,
    #3591,#3592),.UNSPECIFIED.,.F.,.F.,(7,7),(0.,1.),
  .PIECEWISE_BEZIER_KNOTS.);
#3586 = CARTESIAN_POINT('',(-4.357751743243,-2.956710691609));
#3587 = CARTESIAN_POINT('',(-4.357758281785,-2.980525092707));
#3588 = CARTESIAN_POINT('',(-4.357956951388,-3.004320628953));
#3589 = CARTESIAN_POINT('',(-4.358347781364,-3.027488467993));
#3590 = CARTESIAN_POINT('',(-4.35892195446,-3.049423225928));
#3591 = CARTESIAN_POINT('',(-4.359662364357,-3.069559443186));
#3592 = CARTESIAN_POINT('',(-4.36054559248,-3.087414712335));
#3593 = ( GEOMETRIC_REPRESENTATION_CONTEXT(2) 
PARAMETRIC_REPRESENTATION_CONTEXT() REPRESENTATION_CONTEXT('2D SPACE',''
  ) );
#3594 = PCURVE('',#2990,#3595);
#3595 = DEFINITIONAL_REPRESENTATION('',(#3596),#3604);
#3596 = B_SPLINE_CURVE_WITH_KNOTS('',6,(#3597,#3598,#3599,#3600,#3601,
    #3602,#3603),.UNSPECIFIED.,.F.,.F.,(7,7),(0.,1.),
  .PIECEWISE_BEZIER_KNOTS.);
#3597 = CARTESIAN_POINT('',(-7.488502450202,3.14159265359));
#3598 = CARTESIAN_POINT('',(-7.488505712358,3.261836560594));
#3599 = CARTESIAN_POINT('',(-7.490358651391,3.382084964867));
#3600 = CARTESIAN_POINT('',(-7.494064606276,3.502394269469));
#3601 = CARTESIAN_POINT('',(-7.499415017187,3.622833999413));
#3602 = CARTESIAN_POINT('',(-7.506040868093,3.743467303601));
#3603 = CARTESIAN_POINT('',(-7.513575190501,3.864326901403));
#3604 = ( GEOMETRIC_REPRESENTATION_CONTEXT(2) 
PARAMETRIC_REPRESENTATION_CONTEXT() REPRESENTATION_CONTEXT('2D SPACE',''
  ) );
#3605 = ADVANCED_FACE('',(#3606),#368,.F.);
#3606 = FACE_BOUND('',#3607,.F.);
#3607 = EDGE_LOOP('',(#3608,#3638,#3666));
#3608 = ORIENTED_EDGE('',*,*,#3609,.T.);
#3609 = EDGE_CURVE('',#352,#3610,#3612,.T.);
#3610 = VERTEX_POINT('',#3611);
#3611 = CARTESIAN_POINT('',(7.866213002153,-18.99071811431,13.));
#3612 = SURFACE_CURVE('',#3613,(#3618,#3625),.PCURVE_S1.);
#3613 = ELLIPSE('',#3614,0.807862058015,0.8);
#3614 = AXIS2_PLACEMENT_3D('',#3615,#3616,#3617);
#3615 = CARTESIAN_POINT('',(7.557057576915,-18.24435089382,13.));
#3616 = DIRECTION('',(0.,0.,1.));
#3617 = DIRECTION('',(-0.382683432365,0.923879532511,0.));
#3618 = PCURVE('',#368,#3619);
#3619 = DEFINITIONAL_REPRESENTATION('',(#3620),#3624);
#3620 = ELLIPSE('',#3621,0.807862058015,0.8);
#3621 = AXIS2_PLACEMENT_2D('',#3622,#3623);
#3622 = CARTESIAN_POINT('',(59.74754310687,40.));
#3623 = DIRECTION('',(-1.,0.));
#3624 = ( GEOMETRIC_REPRESENTATION_CONTEXT(2) 
PARAMETRIC_REPRESENTATION_CONTEXT() REPRESENTATION_CONTEXT('2D SPACE',''
  ) );
#3625 = PCURVE('',#3351,#3626);
#3626 = DEFINITIONAL_REPRESENTATION('',(#3627),#3637);
#3627 = B_SPLINE_CURVE_WITH_KNOTS('',8,(#3628,#3629,#3630,#3631,#3632,
    #3633,#3634,#3635,#3636),.UNSPECIFIED.,.F.,.F.,(9,9),(8.219857345201
    ,9.424777960769),.PIECEWISE_BEZIER_KNOTS.);
#3628 = CARTESIAN_POINT('',(5.078264691611,7.220804542988E-02));
#3629 = CARTESIAN_POINT('',(5.228879768557,5.639486914545E-02));
#3630 = CARTESIAN_POINT('',(5.379494845503,4.162446621757E-02));
#3631 = CARTESIAN_POINT('',(5.530109922449,2.8443423991E-02));
#3632 = CARTESIAN_POINT('',(5.680724999395,1.734797757347E-02));
#3633 = CARTESIAN_POINT('',(5.831340076341,8.744418132883E-03));
#3634 = CARTESIAN_POINT('',(5.981955153287,2.915235087022E-03));
#3635 = CARTESIAN_POINT('',(6.132570230234,6.221470841243E-18));
#3636 = CARTESIAN_POINT('',(6.28318530718,0.));
#3637 = ( GEOMETRIC_REPRESENTATION_CONTEXT(2) 
PARAMETRIC_REPRESENTATION_CONTEXT() REPRESENTATION_CONTEXT('2D SPACE',''
  ) );
#3638 = ORIENTED_EDGE('',*,*,#3639,.T.);
#3639 = EDGE_CURVE('',#3610,#324,#3640,.T.);
#3640 = SURFACE_CURVE('',#3641,(#3646,#3653),.PCURVE_S1.);
#3641 = ELLIPSE('',#3642,0.807862058015,0.8);
#3642 = AXIS2_PLACEMENT_3D('',#3643,#3644,#3645);
#3643 = CARTESIAN_POINT('',(7.557057576915,-18.24435089382,13.));
#3644 = DIRECTION('',(0.,0.,1.));
#3645 = DIRECTION('',(-0.382683432365,0.923879532511,0.));
#3646 = PCURVE('',#368,#3647);
#3647 = DEFINITIONAL_REPRESENTATION('',(#3648),#3652);
#3648 = ELLIPSE('',#3649,0.807862058015,0.8);
#3649 = AXIS2_PLACEMENT_2D('',#3650,#3651);
#3650 = CARTESIAN_POINT('',(59.74754310687,40.));
#3651 = DIRECTION('',(-1.,0.));
#3652 = ( GEOMETRIC_REPRESENTATION_CONTEXT(2) 
PARAMETRIC_REPRESENTATION_CONTEXT() REPRESENTATION_CONTEXT('2D SPACE',''
  ) );
#3653 = PCURVE('',#3351,#3654);
#3654 = DEFINITIONAL_REPRESENTATION('',(#3655),#3665);
#3655 = B_SPLINE_CURVE_WITH_KNOTS('',8,(#3656,#3657,#3658,#3659,#3660,
    #3661,#3662,#3663,#3664),.UNSPECIFIED.,.F.,.F.,(9,9),(3.14159265359,
    4.346513269158),.PIECEWISE_BEZIER_KNOTS.);
#3656 = CARTESIAN_POINT('',(6.28318530718,0.));
#3657 = CARTESIAN_POINT('',(6.433800384126,-9.594054676604E-18));
#3658 = CARTESIAN_POINT('',(6.584415461072,2.914270667757E-03));
#3659 = CARTESIAN_POINT('',(6.735030538018,8.745027382163E-03));
#3660 = CARTESIAN_POINT('',(6.885645614964,1.734897769606E-02));
#3661 = CARTESIAN_POINT('',(7.03626069191,2.844341430743E-02));
#3662 = CARTESIAN_POINT('',(7.186875768856,4.162404483167E-02));
#3663 = CARTESIAN_POINT('',(7.337490845802,5.639455837507E-02));
#3664 = CARTESIAN_POINT('',(7.488105922748,7.220792890934E-02));
#3665 = ( GEOMETRIC_REPRESENTATION_CONTEXT(2) 
PARAMETRIC_REPRESENTATION_CONTEXT() REPRESENTATION_CONTEXT('2D SPACE',''
  ) );
#3666 = ORIENTED_EDGE('',*,*,#351,.F.);
#3667 = ADVANCED_FACE('',(#3668),#340,.T.);
#3668 = FACE_BOUND('',#3669,.T.);
#3669 = EDGE_LOOP('',(#3670,#3707,#3734,#3735,#3764,#3799,#3864,#3893));
#3670 = ORIENTED_EDGE('',*,*,#3671,.F.);
#3671 = EDGE_CURVE('',#3672,#3674,#3676,.T.);
#3672 = VERTEX_POINT('',#3673);
#3673 = CARTESIAN_POINT('',(8.198816785304,-17.84126605341,
    15.956710691609));
#3674 = VERTEX_POINT('',#3675);
#3675 = CARTESIAN_POINT('',(8.240913619171,-17.80162049983,
    16.087414712335));
#3676 = SURFACE_CURVE('',#3677,(#3685,#3696),.PCURVE_S1.);
#3677 = B_SPLINE_CURVE_WITH_KNOTS('',6,(#3678,#3679,#3680,#3681,#3682,
    #3683,#3684),.UNSPECIFIED.,.F.,.F.,(7,7),(0.,1.),
  .PIECEWISE_BEZIER_KNOTS.);
#3678 = CARTESIAN_POINT('',(8.198816785304,-17.84126605341,
    15.956710691609));
#3679 = CARTESIAN_POINT('',(8.197535903534,-17.83817129399,
    15.980525092707));
#3680 = CARTESIAN_POINT('',(8.199683937982,-17.83350371221,
    16.004320628953));
#3681 = CARTESIAN_POINT('',(8.205294492989,-17.82734195834,
    16.027488467993));
#3682 = CARTESIAN_POINT('',(8.214240753627,-17.81983168489,
    16.049423225928));
#3683 = CARTESIAN_POINT('',(8.226244922226,-17.81117632706,
    16.069559443186));
#3684 = CARTESIAN_POINT('',(8.240913619171,-17.80162049983,
    16.087414712335));
#3685 = PCURVE('',#340,#3686);
#3686 = DEFINITIONAL_REPRESENTATION('',(#3687),#3695);
#3687 = B_SPLINE_CURVE_WITH_KNOTS('',6,(#3688,#3689,#3690,#3691,#3692,
    #3693,#3694),.UNSPECIFIED.,.F.,.F.,(7,7),(0.,1.),
  .PIECEWISE_BEZIER_KNOTS.);
#3688 = CARTESIAN_POINT('',(-5.14314990664,-2.956710691609));
#3689 = CARTESIAN_POINT('',(-5.143156445182,-2.980525092707));
#3690 = CARTESIAN_POINT('',(-5.143355114785,-3.004320628953));
#3691 = CARTESIAN_POINT('',(-5.143745944761,-3.027488467993));
#3692 = CARTESIAN_POINT('',(-5.144320117857,-3.049423225928));
#3693 = CARTESIAN_POINT('',(-5.145060527754,-3.069559443186));
#3694 = CARTESIAN_POINT('',(-5.145943755877,-3.087414712335));
#3695 = ( GEOMETRIC_REPRESENTATION_CONTEXT(2) 
PARAMETRIC_REPRESENTATION_CONTEXT() REPRESENTATION_CONTEXT('2D SPACE',''
  ) );
#3696 = PCURVE('',#3389,#3697);
#3697 = DEFINITIONAL_REPRESENTATION('',(#3698),#3706);
#3698 = B_SPLINE_CURVE_WITH_KNOTS('',6,(#3699,#3700,#3701,#3702,#3703,
    #3704,#3705),.UNSPECIFIED.,.F.,.F.,(7,7),(0.,1.),
  .PIECEWISE_BEZIER_KNOTS.);
#3699 = CARTESIAN_POINT('',(-7.488502450202,3.14159265359));
#3700 = CARTESIAN_POINT('',(-7.488505712358,3.261836560594));
#3701 = CARTESIAN_POINT('',(-7.490358651391,3.382084964867));
#3702 = CARTESIAN_POINT('',(-7.494064606276,3.502394269469));
#3703 = CARTESIAN_POINT('',(-7.499415017187,3.622833999413));
#3704 = CARTESIAN_POINT('',(-7.506040868093,3.743467303601));
#3705 = CARTESIAN_POINT('',(-7.513575190501,3.864326901403));
#3706 = ( GEOMETRIC_REPRESENTATION_CONTEXT(2) 
PARAMETRIC_REPRESENTATION_CONTEXT() REPRESENTATION_CONTEXT('2D SPACE',''
  ) );
#3707 = ORIENTED_EDGE('',*,*,#3708,.T.);
#3708 = EDGE_CURVE('',#3672,#324,#3709,.T.);
#3709 = SURFACE_CURVE('',#3710,(#3716,#3725),.PCURVE_S1.);
#3710 = B_SPLINE_CURVE_WITH_KNOTS('',4,(#3711,#3712,#3713,#3714,#3715),
  .UNSPECIFIED.,.F.,.F.,(5,5),(0.,1.),.PIECEWISE_BEZIER_KNOTS.);
#3711 = CARTESIAN_POINT('',(8.198816753346,-17.8412659762,
    15.956711285761));
#3712 = CARTESIAN_POINT('',(8.23857417586,-17.93732453589,
    15.217533612517));
#3713 = CARTESIAN_POINT('',(8.278331557324,-18.03338194332,
    14.478355838379));
#3714 = CARTESIAN_POINT('',(8.318088899409,-18.12943823548,
    13.739177966501));
#3715 = CARTESIAN_POINT('',(8.357846203614,-18.22549344629,13.));
#3716 = PCURVE('',#340,#3717);
#3717 = DEFINITIONAL_REPRESENTATION('',(#3718),#3724);
#3718 = B_SPLINE_CURVE_WITH_KNOTS('',4,(#3719,#3720,#3721,#3722,#3723),
  .UNSPECIFIED.,.F.,.F.,(5,5),(0.,1.),.PIECEWISE_BEZIER_KNOTS.);
#3719 = CARTESIAN_POINT('',(-5.143149906803,-2.956711285761));
#3720 = CARTESIAN_POINT('',(-5.142946956316,-2.217533612517));
#3721 = CARTESIAN_POINT('',(-5.142746891809,-1.478355838379));
#3722 = CARTESIAN_POINT('',(-5.142549621016,-0.739177966501));
#3723 = CARTESIAN_POINT('',(-5.142355059147,0.));
#3724 = ( GEOMETRIC_REPRESENTATION_CONTEXT(2) 
PARAMETRIC_REPRESENTATION_CONTEXT() REPRESENTATION_CONTEXT('2D SPACE',''
  ) );
#3725 = PCURVE('',#3351,#3726);
#3726 = DEFINITIONAL_REPRESENTATION('',(#3727),#3733);
#3727 = B_SPLINE_CURVE_WITH_KNOTS('',4,(#3728,#3729,#3730,#3731,#3732),
  .UNSPECIFIED.,.F.,.F.,(5,5),(2.009504611741E-07,1.),
  .PIECEWISE_BEZIER_KNOTS.);
#3728 = CARTESIAN_POINT('',(7.488502450202,3.058017564517));
#3729 = CARTESIAN_POINT('',(7.488401195821,2.311565086686));
#3730 = CARTESIAN_POINT('',(7.488301386744,1.565112659203));
#3731 = CARTESIAN_POINT('',(7.488202976589,0.818660280662));
#3732 = CARTESIAN_POINT('',(7.488105922748,7.220794932407E-02));
#3733 = ( GEOMETRIC_REPRESENTATION_CONTEXT(2) 
PARAMETRIC_REPRESENTATION_CONTEXT() REPRESENTATION_CONTEXT('2D SPACE',''
  ) );
#3734 = ORIENTED_EDGE('',*,*,#323,.T.);
#3735 = ORIENTED_EDGE('',*,*,#3736,.T.);
#3736 = EDGE_CURVE('',#295,#3737,#3739,.T.);
#3737 = VERTEX_POINT('',#3738);
#3738 = CARTESIAN_POINT('',(17.841266053407,-8.198816785303,
    15.956710691608));
#3739 = SURFACE_CURVE('',#3740,(#3746,#3755),.PCURVE_S1.);
#3740 = B_SPLINE_CURVE_WITH_KNOTS('',4,(#3741,#3742,#3743,#3744,#3745),
  .UNSPECIFIED.,.F.,.F.,(5,5),(0.,1.),.PIECEWISE_BEZIER_KNOTS.);
#3741 = CARTESIAN_POINT('',(18.225493446299,-8.357846203614,13.));
#3742 = CARTESIAN_POINT('',(18.129438235482,-8.318088899409,
    13.739177966495));
#3743 = CARTESIAN_POINT('',(18.033381943322,-8.278331557321,
    14.478355838423));
#3744 = CARTESIAN_POINT('',(17.937324535892,-8.23857417586,
    15.217533612523));
#3745 = CARTESIAN_POINT('',(17.841265976201,-8.198816753346,
    15.956711285761));
#3746 = PCURVE('',#340,#3747);
#3747 = DEFINITIONAL_REPRESENTATION('',(#3748),#3754);
#3748 = B_SPLINE_CURVE_WITH_KNOTS('',4,(#3749,#3750,#3751,#3752,#3753),
  .UNSPECIFIED.,.F.,.F.,(5,5),(0.,1.),.PIECEWISE_BEZIER_KNOTS.);
#3749 = CARTESIAN_POINT('',(-5.853219228418,0.));
#3750 = CARTESIAN_POINT('',(-5.853024666548,-0.739177966495));
#3751 = CARTESIAN_POINT('',(-5.852827395755,-1.478355838423));
#3752 = CARTESIAN_POINT('',(-5.852627331248,-2.217533612523));
#3753 = CARTESIAN_POINT('',(-5.852424380761,-2.956711285761));
#3754 = ( GEOMETRIC_REPRESENTATION_CONTEXT(2) 
PARAMETRIC_REPRESENTATION_CONTEXT() REPRESENTATION_CONTEXT('2D SPACE',''
  ) );
#3755 = PCURVE('',#1081,#3756);
#3756 = DEFINITIONAL_REPRESENTATION('',(#3757),#3763);
#3757 = B_SPLINE_CURVE_WITH_KNOTS('',4,(#3758,#3759,#3760,#3761,#3762),
  .UNSPECIFIED.,.F.,.F.,(5,5),(0.,0.99999979905),
  .PIECEWISE_BEZIER_KNOTS.);
#3758 = CARTESIAN_POINT('',(5.078264691611,7.220794940052E-02));
#3759 = CARTESIAN_POINT('',(5.07816763777,0.818660280732));
#3760 = CARTESIAN_POINT('',(5.078069227615,1.565112659152));
#3761 = CARTESIAN_POINT('',(5.077969418538,2.311565086693));
#3762 = CARTESIAN_POINT('',(5.077868164157,3.058017564517));
#3763 = ( GEOMETRIC_REPRESENTATION_CONTEXT(2) 
PARAMETRIC_REPRESENTATION_CONTEXT() REPRESENTATION_CONTEXT('2D SPACE',''
  ) );
#3764 = ORIENTED_EDGE('',*,*,#3765,.T.);
#3765 = EDGE_CURVE('',#3737,#3766,#3768,.T.);
#3766 = VERTEX_POINT('',#3767);
#3767 = CARTESIAN_POINT('',(17.801620499833,-8.240913619171,
    16.087414712335));
#3768 = SURFACE_CURVE('',#3769,(#3777,#3788),.PCURVE_S1.);
#3769 = B_SPLINE_CURVE_WITH_KNOTS('',6,(#3770,#3771,#3772,#3773,#3774,
    #3775,#3776),.UNSPECIFIED.,.F.,.F.,(7,7),(0.,1.),
  .PIECEWISE_BEZIER_KNOTS.);
#3770 = CARTESIAN_POINT('',(17.841266053413,-8.198816785304,
    15.956710691609));
#3771 = CARTESIAN_POINT('',(17.83817129399,-8.197535903534,
    15.980525092707));
#3772 = CARTESIAN_POINT('',(17.83350371221,-8.199683937982,
    16.004320628953));
#3773 = CARTESIAN_POINT('',(17.827341958348,-8.205294492989,
    16.027488467993));
#3774 = CARTESIAN_POINT('',(17.819831684898,-8.214240753627,
    16.049423225928));
#3775 = CARTESIAN_POINT('',(17.811176327062,-8.226244922226,
    16.069559443186));
#3776 = CARTESIAN_POINT('',(17.801620499833,-8.240913619171,
    16.087414712335));
#3777 = PCURVE('',#340,#3778);
#3778 = DEFINITIONAL_REPRESENTATION('',(#3779),#3787);
#3779 = B_SPLINE_CURVE_WITH_KNOTS('',6,(#3780,#3781,#3782,#3783,#3784,
    #3785,#3786),.UNSPECIFIED.,.F.,.F.,(7,7),(0.,1.),
  .PIECEWISE_BEZIER_KNOTS.);
#3780 = CARTESIAN_POINT('',(-5.852424380924,-2.956710691609));
#3781 = CARTESIAN_POINT('',(-5.852417842382,-2.980525092707));
#3782 = CARTESIAN_POINT('',(-5.852219172779,-3.004320628953));
#3783 = CARTESIAN_POINT('',(-5.851828342803,-3.027488467993));
#3784 = CARTESIAN_POINT('',(-5.851254169707,-3.049423225928));
#3785 = CARTESIAN_POINT('',(-5.85051375981,-3.069559443186));
#3786 = CARTESIAN_POINT('',(-5.849630531687,-3.087414712335));
#3787 = ( GEOMETRIC_REPRESENTATION_CONTEXT(2) 
PARAMETRIC_REPRESENTATION_CONTEXT() REPRESENTATION_CONTEXT('2D SPACE',''
  ) );
#3788 = PCURVE('',#1370,#3789);
#3789 = DEFINITIONAL_REPRESENTATION('',(#3790),#3798);
#3790 = B_SPLINE_CURVE_WITH_KNOTS('',6,(#3791,#3792,#3793,#3794,#3795,
    #3796,#3797),.UNSPECIFIED.,.F.,.F.,(7,7),(0.,1.),
  .PIECEWISE_BEZIER_KNOTS.);
#3791 = CARTESIAN_POINT('',(-5.077868164157,3.14159265359));
#3792 = CARTESIAN_POINT('',(-5.077864902001,3.261836560594));
#3793 = CARTESIAN_POINT('',(-5.076011962968,3.382084964867));
#3794 = CARTESIAN_POINT('',(-5.072306008083,3.502394269469));
#3795 = CARTESIAN_POINT('',(-5.066955597173,3.622833999413));
#3796 = CARTESIAN_POINT('',(-5.060329746266,3.743467303601));
#3797 = CARTESIAN_POINT('',(-5.052795423858,3.864326901403));
#3798 = ( GEOMETRIC_REPRESENTATION_CONTEXT(2) 
PARAMETRIC_REPRESENTATION_CONTEXT() REPRESENTATION_CONTEXT('2D SPACE',''
  ) );
#3799 = ORIENTED_EDGE('',*,*,#3800,.T.);
#3800 = EDGE_CURVE('',#3766,#3801,#3803,.T.);
#3801 = VERTEX_POINT('',#3802);
#3802 = CARTESIAN_POINT('',(17.609534081622,-8.446978092159,
    16.698710585336));
#3803 = SURFACE_CURVE('',#3804,(#3822,#3843),.PCURVE_S1.);
#3804 = B_SPLINE_CURVE_WITH_KNOTS('',6,(#3805,#3806,#3807,#3808,#3809,
    #3810,#3811,#3812,#3813,#3814,#3815,#3816,#3817,#3818,#3819,#3820,
    #3821),.UNSPECIFIED.,.F.,.F.,(7,5,5,7),(0.,0.493872364423,
    0.948341652732,1.),.UNSPECIFIED.);
#3805 = CARTESIAN_POINT('',(17.801620499833,-8.240913619171,
    16.087414712335));
#3806 = CARTESIAN_POINT('',(17.778878846261,-8.275823252452,
    16.129907982221));
#3807 = CARTESIAN_POINT('',(17.757244446732,-8.307259927644,
    16.174892809534));
#3808 = CARTESIAN_POINT('',(17.736879740429,-8.335094443054,
    16.221949280885));
#3809 = CARTESIAN_POINT('',(17.717887972939,-8.359310586369,
    16.270687346253));
#3810 = CARTESIAN_POINT('',(17.700331908328,-8.379940828454,
    16.320784017637));
#3811 = CARTESIAN_POINT('',(17.669455294667,-8.412750099182,
    16.419111531155));
#3812 = CARTESIAN_POINT('',(17.655912837277,-8.425467508717,
    16.467158832587));
#3813 = CARTESIAN_POINT('',(17.643659240913,-8.435210517022,
    16.515924669477));
#3814 = CARTESIAN_POINT('',(17.632722426794,-8.442009157062,
    16.565217559063));
#3815 = CARTESIAN_POINT('',(17.623124904849,-8.445890435318,
    16.614861302374));
#3816 = CARTESIAN_POINT('',(17.613951298835,-8.446982482571,
    16.670357955093));
#3817 = CARTESIAN_POINT('',(17.613032567671,-8.44705646483,
    16.67602466721));
#3818 = CARTESIAN_POINT('',(17.612131448813,-8.447092993784,
    16.681693532674));
#3819 = CARTESIAN_POINT('',(17.611247973821,-8.447092093244,
    16.687364305316));
#3820 = CARTESIAN_POINT('',(17.610382174246,-8.447053785669,
    16.693036738542));
#3821 = CARTESIAN_POINT('',(17.609534081622,-8.446978092159,
    16.698710585336));
#3822 = PCURVE('',#340,#3823);
#3823 = DEFINITIONAL_REPRESENTATION('',(#3824),#3842);
#3824 = B_SPLINE_CURVE_WITH_KNOTS('',6,(#3825,#3826,#3827,#3828,#3829,
    #3830,#3831,#3832,#3833,#3834,#3835,#3836,#3837,#3838,#3839,#3840,
    #3841),.UNSPECIFIED.,.F.,.F.,(7,5,5,7),(0.,0.493872364423,
    0.948341652732,1.),.UNSPECIFIED.);
#3825 = CARTESIAN_POINT('',(-5.849630531687,-3.087414712335));
#3826 = CARTESIAN_POINT('',(-5.847528561075,-3.129907982221));
#3827 = CARTESIAN_POINT('',(-5.845609428842,-3.174892809534));
#3828 = CARTESIAN_POINT('',(-5.843882655065,-3.221949280885));
#3829 = CARTESIAN_POINT('',(-5.842351405008,-3.270687346253));
#3830 = CARTESIAN_POINT('',(-5.841015793832,-3.320784017637));
#3831 = CARTESIAN_POINT('',(-5.838825331037,-3.419111531155));
#3832 = CARTESIAN_POINT('',(-5.837940928663,-3.467158832587));
#3833 = CARTESIAN_POINT('',(-5.837221381681,-3.515924669477));
#3834 = CARTESIAN_POINT('',(-5.83666616532,-3.565217559063));
#3835 = CARTESIAN_POINT('',(-5.836274788709,-3.614861302374));
#3836 = CARTESIAN_POINT('',(-5.836021340161,-3.670357955093));
#3837 = CARTESIAN_POINT('',(-5.835997588187,-3.67602466721));
#3838 = CARTESIAN_POINT('',(-5.835975952604,-3.681693532674));
#3839 = CARTESIAN_POINT('',(-5.835956433398,-3.687364305316));
#3840 = CARTESIAN_POINT('',(-5.835939030619,-3.693036738542));
#3841 = CARTESIAN_POINT('',(-5.835923744379,-3.698710585336));
#3842 = ( GEOMETRIC_REPRESENTATION_CONTEXT(2) 
PARAMETRIC_REPRESENTATION_CONTEXT() REPRESENTATION_CONTEXT('2D SPACE',''
  ) );
#3843 = PCURVE('',#1318,#3844);
#3844 = DEFINITIONAL_REPRESENTATION('',(#3845),#3863);
#3845 = B_SPLINE_CURVE_WITH_KNOTS('',6,(#3846,#3847,#3848,#3849,#3850,
    #3851,#3852,#3853,#3854,#3855,#3856,#3857,#3858,#3859,#3860,#3861,
    #3862),.UNSPECIFIED.,.F.,.F.,(7,5,5,7),(0.,0.493872364423,
    0.948341652732,1.),.UNSPECIFIED.);
#3846 = CARTESIAN_POINT('',(5.052795423858,0.));
#3847 = CARTESIAN_POINT('',(5.034864694683,5.752609456465E-02));
#3848 = CARTESIAN_POINT('',(5.020335149972,0.11489635074));
#3849 = CARTESIAN_POINT('',(5.008338251646,0.171917291573));
#3850 = CARTESIAN_POINT('',(4.998393776607,0.228534481467));
#3851 = CARTESIAN_POINT('',(4.990158893419,0.284754015954));
#3852 = CARTESIAN_POINT('',(4.977189597277,0.392087131634));
#3853 = CARTESIAN_POINT('',(4.972229806608,0.443235339948));
#3854 = CARTESIAN_POINT('',(4.968346346403,0.494138548117));
#3855 = CARTESIAN_POINT('',(4.965436991748,0.544847500895));
#3856 = CARTESIAN_POINT('',(4.963437032776,0.595419422515));
#3857 = CARTESIAN_POINT('',(4.962192560975,0.651663197025));
#3858 = CARTESIAN_POINT('',(4.96207692878,0.657402842657));
#3859 = CARTESIAN_POINT('',(4.961972674149,0.663141652532));
#3860 = CARTESIAN_POINT('',(4.961879771439,0.668879717182));
#3861 = CARTESIAN_POINT('',(4.961798177682,0.67461713042));
#3862 = CARTESIAN_POINT('',(4.961727832578,0.680353989335));
#3863 = ( GEOMETRIC_REPRESENTATION_CONTEXT(2) 
PARAMETRIC_REPRESENTATION_CONTEXT() REPRESENTATION_CONTEXT('2D SPACE',''
  ) );
#3864 = ORIENTED_EDGE('',*,*,#3865,.T.);
#3865 = EDGE_CURVE('',#3801,#3866,#3868,.T.);
#3866 = VERTEX_POINT('',#3867);
#3867 = CARTESIAN_POINT('',(8.446978092159,-17.60953408162,
    16.698710585336));
#3868 = SURFACE_CURVE('',#3869,(#3874,#3881),.PCURVE_S1.);
#3869 = CIRCLE('',#3870,19.53067150564);
#3870 = AXIS2_PLACEMENT_3D('',#3871,#3872,#3873);
#3871 = CARTESIAN_POINT('',(0.,0.,16.698710585336));
#3872 = DIRECTION('',(0.,0.,-1.));
#3873 = DIRECTION('',(0.943374448074,0.3317297857,0.));
#3874 = PCURVE('',#340,#3875);
#3875 = DEFINITIONAL_REPRESENTATION('',(#3876),#3880);
#3876 = LINE('',#3877,#3878);
#3877 = CARTESIAN_POINT('',(-6.621321907777,-3.698710585336));
#3878 = VECTOR('',#3879,1.);
#3879 = DIRECTION('',(1.,-0.));
#3880 = ( GEOMETRIC_REPRESENTATION_CONTEXT(2) 
PARAMETRIC_REPRESENTATION_CONTEXT() REPRESENTATION_CONTEXT('2D SPACE',''
  ) );
#3881 = PCURVE('',#3882,#3887);
#3882 = TOROIDAL_SURFACE('',#3883,19.184077681581,0.35);
#3883 = AXIS2_PLACEMENT_3D('',#3884,#3885,#3886);
#3884 = CARTESIAN_POINT('',(0.,0.,16.65));
#3885 = DIRECTION('',(0.,0.,1.));
#3886 = DIRECTION('',(1.,0.,-0.));
#3887 = DEFINITIONAL_REPRESENTATION('',(#3888),#3892);
#3888 = LINE('',#3889,#3890);
#3889 = CARTESIAN_POINT('',(6.621321907777,0.13962634016));
#3890 = VECTOR('',#3891,1.);
#3891 = DIRECTION('',(-1.,-0.));
#3892 = ( GEOMETRIC_REPRESENTATION_CONTEXT(2) 
PARAMETRIC_REPRESENTATION_CONTEXT() REPRESENTATION_CONTEXT('2D SPACE',''
  ) );
#3893 = ORIENTED_EDGE('',*,*,#3894,.F.);
#3894 = EDGE_CURVE('',#3674,#3866,#3895,.T.);
#3895 = SURFACE_CURVE('',#3896,(#3914,#3935),.PCURVE_S1.);
#3896 = B_SPLINE_CURVE_WITH_KNOTS('',6,(#3897,#3898,#3899,#3900,#3901,
    #3902,#3903,#3904,#3905,#3906,#3907,#3908,#3909,#3910,#3911,#3912,
    #3913),.UNSPECIFIED.,.F.,.F.,(7,5,5,7),(0.,0.493872364423,
    0.948341652732,1.),.UNSPECIFIED.);
#3897 = CARTESIAN_POINT('',(8.240913619171,-17.80162049983,
    16.087414712335));
#3898 = CARTESIAN_POINT('',(8.275823252452,-17.77887884626,
    16.129907982221));
#3899 = CARTESIAN_POINT('',(8.307259927644,-17.75724444673,
    16.174892809534));
#3900 = CARTESIAN_POINT('',(8.335094443054,-17.73687974042,
    16.221949280885));
#3901 = CARTESIAN_POINT('',(8.359310586369,-17.71788797293,
    16.270687346253));
#3902 = CARTESIAN_POINT('',(8.379940828454,-17.70033190832,
    16.320784017637));
#3903 = CARTESIAN_POINT('',(8.412750099182,-17.66945529466,
    16.419111531155));
#3904 = CARTESIAN_POINT('',(8.425467508717,-17.65591283727,
    16.467158832587));
#3905 = CARTESIAN_POINT('',(8.435210517022,-17.64365924091,
    16.515924669477));
#3906 = CARTESIAN_POINT('',(8.442009157062,-17.63272242679,
    16.565217559063));
#3907 = CARTESIAN_POINT('',(8.445890435318,-17.62312490484,
    16.614861302374));
#3908 = CARTESIAN_POINT('',(8.446982482571,-17.61395129883,
    16.670357955093));
#3909 = CARTESIAN_POINT('',(8.44705646483,-17.61303256767,16.67602466721
    ));
#3910 = CARTESIAN_POINT('',(8.447092993784,-17.61213144881,
    16.681693532674));
#3911 = CARTESIAN_POINT('',(8.447092093244,-17.61124797382,
    16.687364305316));
#3912 = CARTESIAN_POINT('',(8.447053785669,-17.61038217424,
    16.693036738542));
#3913 = CARTESIAN_POINT('',(8.446978092159,-17.60953408162,
    16.698710585336));
#3914 = PCURVE('',#340,#3915);
#3915 = DEFINITIONAL_REPRESENTATION('',(#3916),#3934);
#3916 = B_SPLINE_CURVE_WITH_KNOTS('',6,(#3917,#3918,#3919,#3920,#3921,
    #3922,#3923,#3924,#3925,#3926,#3927,#3928,#3929,#3930,#3931,#3932,
    #3933),.UNSPECIFIED.,.F.,.F.,(7,5,5,7),(0.,0.493872364423,
    0.948341652732,1.),.UNSPECIFIED.);
#3917 = CARTESIAN_POINT('',(-5.145943755877,-3.087414712335));
#3918 = CARTESIAN_POINT('',(-5.148045726489,-3.129907982221));
#3919 = CARTESIAN_POINT('',(-5.149964858722,-3.174892809534));
#3920 = CARTESIAN_POINT('',(-5.151691632499,-3.221949280885));
#3921 = CARTESIAN_POINT('',(-5.153222882556,-3.270687346253));
#3922 = CARTESIAN_POINT('',(-5.154558493733,-3.320784017637));
#3923 = CARTESIAN_POINT('',(-5.156748956527,-3.419111531155));
#3924 = CARTESIAN_POINT('',(-5.157633358902,-3.467158832587));
#3925 = CARTESIAN_POINT('',(-5.158352905884,-3.515924669477));
#3926 = CARTESIAN_POINT('',(-5.158908122244,-3.565217559063));
#3927 = CARTESIAN_POINT('',(-5.159299498856,-3.614861302374));
#3928 = CARTESIAN_POINT('',(-5.159552947403,-3.670357955093));
#3929 = CARTESIAN_POINT('',(-5.159576699377,-3.67602466721));
#3930 = CARTESIAN_POINT('',(-5.15959833496,-3.681693532674));
#3931 = CARTESIAN_POINT('',(-5.159617854166,-3.687364305316));
#3932 = CARTESIAN_POINT('',(-5.159635256945,-3.693036738542));
#3933 = CARTESIAN_POINT('',(-5.159650543185,-3.698710585336));
#3934 = ( GEOMETRIC_REPRESENTATION_CONTEXT(2) 
PARAMETRIC_REPRESENTATION_CONTEXT() REPRESENTATION_CONTEXT('2D SPACE',''
  ) );
#3935 = PCURVE('',#3449,#3936);
#3936 = DEFINITIONAL_REPRESENTATION('',(#3937),#3955);
#3937 = B_SPLINE_CURVE_WITH_KNOTS('',6,(#3938,#3939,#3940,#3941,#3942,
    #3943,#3944,#3945,#3946,#3947,#3948,#3949,#3950,#3951,#3952,#3953,
    #3954),.UNSPECIFIED.,.F.,.F.,(7,5,5,7),(0.,0.493872364423,
    0.948341652732,1.),.UNSPECIFIED.);
#3938 = CARTESIAN_POINT('',(7.513575190501,0.));
#3939 = CARTESIAN_POINT('',(7.531505919677,5.752609456464E-02));
#3940 = CARTESIAN_POINT('',(7.546035464387,0.11489635074));
#3941 = CARTESIAN_POINT('',(7.558032362714,0.171917291573));
#3942 = CARTESIAN_POINT('',(7.567976837752,0.228534481467));
#3943 = CARTESIAN_POINT('',(7.57621172094,0.284754015954));
#3944 = CARTESIAN_POINT('',(7.589181017082,0.392087131634));
#3945 = CARTESIAN_POINT('',(7.594140807751,0.443235339948));
#3946 = CARTESIAN_POINT('',(7.598024267956,0.494138548116));
#3947 = CARTESIAN_POINT('',(7.600933622611,0.544847500896));
#3948 = CARTESIAN_POINT('',(7.602933581583,0.595419422515));
#3949 = CARTESIAN_POINT('',(7.604178053384,0.651663197025));
#3950 = CARTESIAN_POINT('',(7.604293685579,0.657402842657));
#3951 = CARTESIAN_POINT('',(7.604397940211,0.663141652532));
#3952 = CARTESIAN_POINT('',(7.60449084292,0.668879717182));
#3953 = CARTESIAN_POINT('',(7.604572436677,0.67461713042));
#3954 = CARTESIAN_POINT('',(7.604642781781,0.680353989335));
#3955 = ( GEOMETRIC_REPRESENTATION_CONTEXT(2) 
PARAMETRIC_REPRESENTATION_CONTEXT() REPRESENTATION_CONTEXT('2D SPACE',''
  ) );
#3956 = ADVANCED_FACE('',(#3957),#311,.F.);
#3957 = FACE_BOUND('',#3958,.F.);
#3958 = EDGE_LOOP('',(#3959,#3989,#4017));
#3959 = ORIENTED_EDGE('',*,*,#3960,.T.);
#3960 = EDGE_CURVE('',#295,#3961,#3963,.T.);
#3961 = VERTEX_POINT('',#3962);
#3962 = CARTESIAN_POINT('',(18.990718114314,-7.866213002153,13.));
#3963 = SURFACE_CURVE('',#3964,(#3969,#3976),.PCURVE_S1.);
#3964 = ELLIPSE('',#3965,0.807862058015,0.8);
#3965 = AXIS2_PLACEMENT_3D('',#3966,#3967,#3968);
#3966 = CARTESIAN_POINT('',(18.244350893822,-7.557057576915,13.));
#3967 = DIRECTION('',(0.,0.,1.));
#3968 = DIRECTION('',(-0.923879532511,0.382683432365,0.));
#3969 = PCURVE('',#311,#3970);
#3970 = DEFINITIONAL_REPRESENTATION('',(#3971),#3975);
#3971 = ELLIPSE('',#3972,0.807862058015,0.8);
#3972 = AXIS2_PLACEMENT_2D('',#3973,#3974);
#3973 = CARTESIAN_POINT('',(59.74754310687,40.));
#3974 = DIRECTION('',(-1.,0.));
#3975 = ( GEOMETRIC_REPRESENTATION_CONTEXT(2) 
PARAMETRIC_REPRESENTATION_CONTEXT() REPRESENTATION_CONTEXT('2D SPACE',''
  ) );
#3976 = PCURVE('',#1081,#3977);
#3977 = DEFINITIONAL_REPRESENTATION('',(#3978),#3988);
#3978 = B_SPLINE_CURVE_WITH_KNOTS('',8,(#3979,#3980,#3981,#3982,#3983,
    #3984,#3985,#3986,#3987),.UNSPECIFIED.,.F.,.F.,(9,9),(8.219857345201
    ,9.424777960769),.PIECEWISE_BEZIER_KNOTS.);
#3979 = CARTESIAN_POINT('',(5.078264691611,7.220804542988E-02));
#3980 = CARTESIAN_POINT('',(5.228879768557,5.639486914545E-02));
#3981 = CARTESIAN_POINT('',(5.379494845503,4.162446621757E-02));
#3982 = CARTESIAN_POINT('',(5.530109922449,2.8443423991E-02));
#3983 = CARTESIAN_POINT('',(5.680724999395,1.734797757347E-02));
#3984 = CARTESIAN_POINT('',(5.831340076341,8.744418132883E-03));
#3985 = CARTESIAN_POINT('',(5.981955153287,2.915235087022E-03));
#3986 = CARTESIAN_POINT('',(6.132570230234,6.221470841243E-18));
#3987 = CARTESIAN_POINT('',(6.28318530718,0.));
#3988 = ( GEOMETRIC_REPRESENTATION_CONTEXT(2) 
PARAMETRIC_REPRESENTATION_CONTEXT() REPRESENTATION_CONTEXT('2D SPACE',''
  ) );
#3989 = ORIENTED_EDGE('',*,*,#3990,.T.);
#3990 = EDGE_CURVE('',#3961,#267,#3991,.T.);
#3991 = SURFACE_CURVE('',#3992,(#3997,#4004),.PCURVE_S1.);
#3992 = ELLIPSE('',#3993,0.807862058015,0.8);
#3993 = AXIS2_PLACEMENT_3D('',#3994,#3995,#3996);
#3994 = CARTESIAN_POINT('',(18.244350893822,-7.557057576915,13.));
#3995 = DIRECTION('',(0.,0.,1.));
#3996 = DIRECTION('',(-0.923879532511,0.382683432365,0.));
#3997 = PCURVE('',#311,#3998);
#3998 = DEFINITIONAL_REPRESENTATION('',(#3999),#4003);
#3999 = ELLIPSE('',#4000,0.807862058015,0.8);
#4000 = AXIS2_PLACEMENT_2D('',#4001,#4002);
#4001 = CARTESIAN_POINT('',(59.74754310687,40.));
#4002 = DIRECTION('',(-1.,0.));
#4003 = ( GEOMETRIC_REPRESENTATION_CONTEXT(2) 
PARAMETRIC_REPRESENTATION_CONTEXT() REPRESENTATION_CONTEXT('2D SPACE',''
  ) );
#4004 = PCURVE('',#1081,#4005);
#4005 = DEFINITIONAL_REPRESENTATION('',(#4006),#4016);
#4006 = B_SPLINE_CURVE_WITH_KNOTS('',8,(#4007,#4008,#4009,#4010,#4011,
    #4012,#4013,#4014,#4015),.UNSPECIFIED.,.F.,.F.,(9,9),(3.14159265359,
    4.346513269158),.PIECEWISE_BEZIER_KNOTS.);
#4007 = CARTESIAN_POINT('',(6.28318530718,0.));
#4008 = CARTESIAN_POINT('',(6.433800384126,-9.594054676604E-18));
#4009 = CARTESIAN_POINT('',(6.584415461072,2.914270667757E-03));
#4010 = CARTESIAN_POINT('',(6.735030538018,8.745027382164E-03));
#4011 = CARTESIAN_POINT('',(6.885645614964,1.734897769606E-02));
#4012 = CARTESIAN_POINT('',(7.03626069191,2.844341430743E-02));
#4013 = CARTESIAN_POINT('',(7.186875768856,4.162404483167E-02));
#4014 = CARTESIAN_POINT('',(7.337490845802,5.639455837508E-02));
#4015 = CARTESIAN_POINT('',(7.488105922748,7.220792890935E-02));
#4016 = ( GEOMETRIC_REPRESENTATION_CONTEXT(2) 
PARAMETRIC_REPRESENTATION_CONTEXT() REPRESENTATION_CONTEXT('2D SPACE',''
  ) );
#4017 = ORIENTED_EDGE('',*,*,#294,.F.);
#4018 = ADVANCED_FACE('',(#4019,#4050),#764,.T.);
#4019 = FACE_BOUND('',#4020,.T.);
#4020 = EDGE_LOOP('',(#4021));
#4021 = ORIENTED_EDGE('',*,*,#4022,.T.);
#4022 = EDGE_CURVE('',#4023,#4023,#4025,.T.);
#4023 = VERTEX_POINT('',#4024);
#4024 = CARTESIAN_POINT('',(-4.7,-13.6,15.));
#4025 = SURFACE_CURVE('',#4026,(#4031,#4038),.PCURVE_S1.);
#4026 = CIRCLE('',#4027,2.5);
#4027 = AXIS2_PLACEMENT_3D('',#4028,#4029,#4030);
#4028 = CARTESIAN_POINT('',(-7.2,-13.6,15.));
#4029 = DIRECTION('',(0.,0.,1.));
#4030 = DIRECTION('',(1.,0.,-0.));
#4031 = PCURVE('',#764,#4032);
#4032 = DEFINITIONAL_REPRESENTATION('',(#4033),#4037);
#4033 = CIRCLE('',#4034,2.5);
#4034 = AXIS2_PLACEMENT_2D('',#4035,#4036);
#4035 = CARTESIAN_POINT('',(0.,0.));
#4036 = DIRECTION('',(1.,0.));
#4037 = ( GEOMETRIC_REPRESENTATION_CONTEXT(2) 
PARAMETRIC_REPRESENTATION_CONTEXT() REPRESENTATION_CONTEXT('2D SPACE',''
  ) );
#4038 = PCURVE('',#4039,#4044);
#4039 = CYLINDRICAL_SURFACE('',#4040,2.5);
#4040 = AXIS2_PLACEMENT_3D('',#4041,#4042,#4043);
#4041 = CARTESIAN_POINT('',(-7.2,-13.6,15.));
#4042 = DIRECTION('',(0.,0.,1.));
#4043 = DIRECTION('',(1.,0.,-0.));
#4044 = DEFINITIONAL_REPRESENTATION('',(#4045),#4049);
#4045 = LINE('',#4046,#4047);
#4046 = CARTESIAN_POINT('',(0.,0.));
#4047 = VECTOR('',#4048,1.);
#4048 = DIRECTION('',(1.,0.));
#4049 = ( GEOMETRIC_REPRESENTATION_CONTEXT(2) 
PARAMETRIC_REPRESENTATION_CONTEXT() REPRESENTATION_CONTEXT('2D SPACE',''
  ) );
#4050 = FACE_BOUND('',#4051,.T.);
#4051 = EDGE_LOOP('',(#4052));
#4052 = ORIENTED_EDGE('',*,*,#747,.F.);
#4053 = ADVANCED_FACE('',(#4054),#839,.F.);
#4054 = FACE_BOUND('',#4055,.F.);
#4055 = EDGE_LOOP('',(#4056,#4079,#4107,#4128));
#4056 = ORIENTED_EDGE('',*,*,#4057,.T.);
#4057 = EDGE_CURVE('',#824,#4058,#4060,.T.);
#4058 = VERTEX_POINT('',#4059);
#4059 = CARTESIAN_POINT('',(1.,-2.,16.6));
#4060 = SURFACE_CURVE('',#4061,(#4065,#4072),.PCURVE_S1.);
#4061 = LINE('',#4062,#4063);
#4062 = CARTESIAN_POINT('',(1.,-2.,13.));
#4063 = VECTOR('',#4064,1.);
#4064 = DIRECTION('',(0.,0.,1.));
#4065 = PCURVE('',#839,#4066);
#4066 = DEFINITIONAL_REPRESENTATION('',(#4067),#4071);
#4067 = LINE('',#4068,#4069);
#4068 = CARTESIAN_POINT('',(0.,0.));
#4069 = VECTOR('',#4070,1.);
#4070 = DIRECTION('',(0.,-1.));
#4071 = ( GEOMETRIC_REPRESENTATION_CONTEXT(2) 
PARAMETRIC_REPRESENTATION_CONTEXT() REPRESENTATION_CONTEXT('2D SPACE',''
  ) );
#4072 = PCURVE('',#890,#4073);
#4073 = DEFINITIONAL_REPRESENTATION('',(#4074),#4078);
#4074 = LINE('',#4075,#4076);
#4075 = CARTESIAN_POINT('',(3.14159265359,0.));
#4076 = VECTOR('',#4077,1.);
#4077 = DIRECTION('',(0.,-1.));
#4078 = ( GEOMETRIC_REPRESENTATION_CONTEXT(2) 
PARAMETRIC_REPRESENTATION_CONTEXT() REPRESENTATION_CONTEXT('2D SPACE',''
  ) );
#4079 = ORIENTED_EDGE('',*,*,#4080,.T.);
#4080 = EDGE_CURVE('',#4058,#4081,#4083,.T.);
#4081 = VERTEX_POINT('',#4082);
#4082 = CARTESIAN_POINT('',(1.,2.,16.6));
#4083 = SURFACE_CURVE('',#4084,(#4088,#4095),.PCURVE_S1.);
#4084 = LINE('',#4085,#4086);
#4085 = CARTESIAN_POINT('',(1.,-2.,16.6));
#4086 = VECTOR('',#4087,1.);
#4087 = DIRECTION('',(0.,1.,0.));
#4088 = PCURVE('',#839,#4089);
#4089 = DEFINITIONAL_REPRESENTATION('',(#4090),#4094);
#4090 = LINE('',#4091,#4092);
#4091 = CARTESIAN_POINT('',(0.,-3.6));
#4092 = VECTOR('',#4093,1.);
#4093 = DIRECTION('',(1.,0.));
#4094 = ( GEOMETRIC_REPRESENTATION_CONTEXT(2) 
PARAMETRIC_REPRESENTATION_CONTEXT() REPRESENTATION_CONTEXT('2D SPACE',''
  ) );
#4095 = PCURVE('',#4096,#4101);
#4096 = PLANE('',#4097);
#4097 = AXIS2_PLACEMENT_3D('',#4098,#4099,#4100);
#4098 = CARTESIAN_POINT('',(0.6,-2.,17.));
#4099 = DIRECTION('',(0.707106781187,-0.,0.707106781187));
#4100 = DIRECTION('',(0.,1.,0.));
#4101 = DEFINITIONAL_REPRESENTATION('',(#4102),#4106);
#4102 = LINE('',#4103,#4104);
#4103 = CARTESIAN_POINT('',(0.,-0.565685424949));
#4104 = VECTOR('',#4105,1.);
#4105 = DIRECTION('',(1.,0.));
#4106 = ( GEOMETRIC_REPRESENTATION_CONTEXT(2) 
PARAMETRIC_REPRESENTATION_CONTEXT() REPRESENTATION_CONTEXT('2D SPACE',''
  ) );
#4107 = ORIENTED_EDGE('',*,*,#4108,.F.);
#4108 = EDGE_CURVE('',#804,#4081,#4109,.T.);
#4109 = SURFACE_CURVE('',#4110,(#4114,#4121),.PCURVE_S1.);
#4110 = LINE('',#4111,#4112);
#4111 = CARTESIAN_POINT('',(1.,2.,13.));
#4112 = VECTOR('',#4113,1.);
#4113 = DIRECTION('',(0.,0.,1.));
#4114 = PCURVE('',#839,#4115);
#4115 = DEFINITIONAL_REPRESENTATION('',(#4116),#4120);
#4116 = LINE('',#4117,#4118);
#4117 = CARTESIAN_POINT('',(4.,0.));
#4118 = VECTOR('',#4119,1.);
#4119 = DIRECTION('',(0.,-1.));
#4120 = ( GEOMETRIC_REPRESENTATION_CONTEXT(2) 
PARAMETRIC_REPRESENTATION_CONTEXT() REPRESENTATION_CONTEXT('2D SPACE',''
  ) );
#4121 = PCURVE('',#958,#4122);
#4122 = DEFINITIONAL_REPRESENTATION('',(#4123),#4127);
#4123 = LINE('',#4124,#4125);
#4124 = CARTESIAN_POINT('',(0.,0.));
#4125 = VECTOR('',#4126,1.);
#4126 = DIRECTION('',(0.,-1.));
#4127 = ( GEOMETRIC_REPRESENTATION_CONTEXT(2) 
PARAMETRIC_REPRESENTATION_CONTEXT() REPRESENTATION_CONTEXT('2D SPACE',''
  ) );
#4128 = ORIENTED_EDGE('',*,*,#823,.F.);
#4129 = ADVANCED_FACE('',(#4130),#890,.F.);
#4130 = FACE_BOUND('',#4131,.F.);
#4131 = EDGE_LOOP('',(#4132,#4155,#4181,#4182));
#4132 = ORIENTED_EDGE('',*,*,#4133,.T.);
#4133 = EDGE_CURVE('',#875,#4134,#4136,.T.);
#4134 = VERTEX_POINT('',#4135);
#4135 = CARTESIAN_POINT('',(11.,-2.,16.6));
#4136 = SURFACE_CURVE('',#4137,(#4141,#4148),.PCURVE_S1.);
#4137 = LINE('',#4138,#4139);
#4138 = CARTESIAN_POINT('',(11.,-2.,13.));
#4139 = VECTOR('',#4140,1.);
#4140 = DIRECTION('',(0.,0.,1.));
#4141 = PCURVE('',#890,#4142);
#4142 = DEFINITIONAL_REPRESENTATION('',(#4143),#4147);
#4143 = LINE('',#4144,#4145);
#4144 = CARTESIAN_POINT('',(0.,0.));
#4145 = VECTOR('',#4146,1.);
#4146 = DIRECTION('',(0.,-1.));
#4147 = ( GEOMETRIC_REPRESENTATION_CONTEXT(2) 
PARAMETRIC_REPRESENTATION_CONTEXT() REPRESENTATION_CONTEXT('2D SPACE',''
  ) );
#4148 = PCURVE('',#990,#4149);
#4149 = DEFINITIONAL_REPRESENTATION('',(#4150),#4154);
#4150 = LINE('',#4151,#4152);
#4151 = CARTESIAN_POINT('',(4.,0.));
#4152 = VECTOR('',#4153,1.);
#4153 = DIRECTION('',(0.,-1.));
#4154 = ( GEOMETRIC_REPRESENTATION_CONTEXT(2) 
PARAMETRIC_REPRESENTATION_CONTEXT() REPRESENTATION_CONTEXT('2D SPACE',''
  ) );
#4155 = ORIENTED_EDGE('',*,*,#4156,.T.);
#4156 = EDGE_CURVE('',#4134,#4058,#4157,.T.);
#4157 = SURFACE_CURVE('',#4158,(#4163,#4170),.PCURVE_S1.);
#4158 = CIRCLE('',#4159,5.);
#4159 = AXIS2_PLACEMENT_3D('',#4160,#4161,#4162);
#4160 = CARTESIAN_POINT('',(6.,-2.,16.6));
#4161 = DIRECTION('',(0.,0.,-1.));
#4162 = DIRECTION('',(1.,0.,0.));
#4163 = PCURVE('',#890,#4164);
#4164 = DEFINITIONAL_REPRESENTATION('',(#4165),#4169);
#4165 = LINE('',#4166,#4167);
#4166 = CARTESIAN_POINT('',(0.,-3.6));
#4167 = VECTOR('',#4168,1.);
#4168 = DIRECTION('',(1.,0.));
#4169 = ( GEOMETRIC_REPRESENTATION_CONTEXT(2) 
PARAMETRIC_REPRESENTATION_CONTEXT() REPRESENTATION_CONTEXT('2D SPACE',''
  ) );
#4170 = PCURVE('',#4171,#4176);
#4171 = CONICAL_SURFACE('',#4172,5.,0.785398163397);
#4172 = AXIS2_PLACEMENT_3D('',#4173,#4174,#4175);
#4173 = CARTESIAN_POINT('',(6.,-2.,16.6));
#4174 = DIRECTION('',(-0.,-0.,1.));
#4175 = DIRECTION('',(1.,0.,0.));
#4176 = DEFINITIONAL_REPRESENTATION('',(#4177),#4180);
#4177 = B_SPLINE_CURVE_WITH_KNOTS('',1,(#4178,#4179),.UNSPECIFIED.,.F.,
  .F.,(2,2),(0.,3.14159265359),.PIECEWISE_BEZIER_KNOTS.);
#4178 = CARTESIAN_POINT('',(0.,0.));
#4179 = CARTESIAN_POINT('',(-3.14159265359,0.));
#4180 = ( GEOMETRIC_REPRESENTATION_CONTEXT(2) 
PARAMETRIC_REPRESENTATION_CONTEXT() REPRESENTATION_CONTEXT('2D SPACE',''
  ) );
#4181 = ORIENTED_EDGE('',*,*,#4057,.F.);
#4182 = ORIENTED_EDGE('',*,*,#874,.F.);
#4183 = ADVANCED_FACE('',(#4184),#958,.F.);
#4184 = FACE_BOUND('',#4185,.F.);
#4185 = EDGE_LOOP('',(#4186,#4187,#4215,#4236));
#4186 = ORIENTED_EDGE('',*,*,#4108,.T.);
#4187 = ORIENTED_EDGE('',*,*,#4188,.T.);
#4188 = EDGE_CURVE('',#4081,#4189,#4191,.T.);
#4189 = VERTEX_POINT('',#4190);
#4190 = CARTESIAN_POINT('',(11.,2.,16.6));
#4191 = SURFACE_CURVE('',#4192,(#4197,#4204),.PCURVE_S1.);
#4192 = CIRCLE('',#4193,5.);
#4193 = AXIS2_PLACEMENT_3D('',#4194,#4195,#4196);
#4194 = CARTESIAN_POINT('',(6.,2.,16.6));
#4195 = DIRECTION('',(0.,0.,-1.));
#4196 = DIRECTION('',(-1.,0.,0.));
#4197 = PCURVE('',#958,#4198);
#4198 = DEFINITIONAL_REPRESENTATION('',(#4199),#4203);
#4199 = LINE('',#4200,#4201);
#4200 = CARTESIAN_POINT('',(0.,-3.6));
#4201 = VECTOR('',#4202,1.);
#4202 = DIRECTION('',(1.,0.));
#4203 = ( GEOMETRIC_REPRESENTATION_CONTEXT(2) 
PARAMETRIC_REPRESENTATION_CONTEXT() REPRESENTATION_CONTEXT('2D SPACE',''
  ) );
#4204 = PCURVE('',#4205,#4210);
#4205 = CONICAL_SURFACE('',#4206,5.,0.785398163397);
#4206 = AXIS2_PLACEMENT_3D('',#4207,#4208,#4209);
#4207 = CARTESIAN_POINT('',(6.,2.,16.6));
#4208 = DIRECTION('',(-0.,-0.,1.));
#4209 = DIRECTION('',(-1.,0.,0.));
#4210 = DEFINITIONAL_REPRESENTATION('',(#4211),#4214);
#4211 = B_SPLINE_CURVE_WITH_KNOTS('',1,(#4212,#4213),.UNSPECIFIED.,.F.,
  .F.,(2,2),(0.,3.14159265359),.PIECEWISE_BEZIER_KNOTS.);
#4212 = CARTESIAN_POINT('',(0.,0.));
#4213 = CARTESIAN_POINT('',(-3.14159265359,0.));
#4214 = ( GEOMETRIC_REPRESENTATION_CONTEXT(2) 
PARAMETRIC_REPRESENTATION_CONTEXT() REPRESENTATION_CONTEXT('2D SPACE',''
  ) );
#4215 = ORIENTED_EDGE('',*,*,#4216,.F.);
#4216 = EDGE_CURVE('',#925,#4189,#4217,.T.);
#4217 = SURFACE_CURVE('',#4218,(#4222,#4229),.PCURVE_S1.);
#4218 = LINE('',#4219,#4220);
#4219 = CARTESIAN_POINT('',(11.,2.,13.));
#4220 = VECTOR('',#4221,1.);
#4221 = DIRECTION('',(0.,0.,1.));
#4222 = PCURVE('',#958,#4223);
#4223 = DEFINITIONAL_REPRESENTATION('',(#4224),#4228);
#4224 = LINE('',#4225,#4226);
#4225 = CARTESIAN_POINT('',(3.14159265359,0.));
#4226 = VECTOR('',#4227,1.);
#4227 = DIRECTION('',(0.,-1.));
#4228 = ( GEOMETRIC_REPRESENTATION_CONTEXT(2) 
PARAMETRIC_REPRESENTATION_CONTEXT() REPRESENTATION_CONTEXT('2D SPACE',''
  ) );
#4229 = PCURVE('',#990,#4230);
#4230 = DEFINITIONAL_REPRESENTATION('',(#4231),#4235);
#4231 = LINE('',#4232,#4233);
#4232 = CARTESIAN_POINT('',(0.,0.));
#4233 = VECTOR('',#4234,1.);
#4234 = DIRECTION('',(0.,-1.));
#4235 = ( GEOMETRIC_REPRESENTATION_CONTEXT(2) 
PARAMETRIC_REPRESENTATION_CONTEXT() REPRESENTATION_CONTEXT('2D SPACE',''
  ) );
#4236 = ORIENTED_EDGE('',*,*,#944,.F.);
#4237 = ADVANCED_FACE('',(#4238),#990,.F.);
#4238 = FACE_BOUND('',#4239,.F.);
#4239 = EDGE_LOOP('',(#4240,#4241,#4267,#4268));
#4240 = ORIENTED_EDGE('',*,*,#4216,.T.);
#4241 = ORIENTED_EDGE('',*,*,#4242,.T.);
#4242 = EDGE_CURVE('',#4189,#4134,#4243,.T.);
#4243 = SURFACE_CURVE('',#4244,(#4248,#4255),.PCURVE_S1.);
#4244 = LINE('',#4245,#4246);
#4245 = CARTESIAN_POINT('',(11.,2.,16.6));
#4246 = VECTOR('',#4247,1.);
#4247 = DIRECTION('',(0.,-1.,0.));
#4248 = PCURVE('',#990,#4249);
#4249 = DEFINITIONAL_REPRESENTATION('',(#4250),#4254);
#4250 = LINE('',#4251,#4252);
#4251 = CARTESIAN_POINT('',(0.,-3.6));
#4252 = VECTOR('',#4253,1.);
#4253 = DIRECTION('',(1.,0.));
#4254 = ( GEOMETRIC_REPRESENTATION_CONTEXT(2) 
PARAMETRIC_REPRESENTATION_CONTEXT() REPRESENTATION_CONTEXT('2D SPACE',''
  ) );
#4255 = PCURVE('',#4256,#4261);
#4256 = PLANE('',#4257);
#4257 = AXIS2_PLACEMENT_3D('',#4258,#4259,#4260);
#4258 = CARTESIAN_POINT('',(11.4,2.,17.));
#4259 = DIRECTION('',(-0.707106781187,3.140184917368E-16,0.707106781187)
  );
#4260 = DIRECTION('',(-4.440892098501E-16,-1.,0.));
#4261 = DEFINITIONAL_REPRESENTATION('',(#4262),#4266);
#4262 = LINE('',#4263,#4264);
#4263 = CARTESIAN_POINT('',(1.06581410364E-15,-0.565685424949));
#4264 = VECTOR('',#4265,1.);
#4265 = DIRECTION('',(1.,3.140184917368E-16));
#4266 = ( GEOMETRIC_REPRESENTATION_CONTEXT(2) 
PARAMETRIC_REPRESENTATION_CONTEXT() REPRESENTATION_CONTEXT('2D SPACE',''
  ) );
#4267 = ORIENTED_EDGE('',*,*,#4133,.F.);
#4268 = ORIENTED_EDGE('',*,*,#976,.F.);
#4269 = ADVANCED_FACE('',(#4270,#4301),#1023,.T.);
#4270 = FACE_BOUND('',#4271,.T.);
#4271 = EDGE_LOOP('',(#4272));
#4272 = ORIENTED_EDGE('',*,*,#4273,.T.);
#4273 = EDGE_CURVE('',#4274,#4274,#4276,.T.);
#4274 = VERTEX_POINT('',#4275);
#4275 = CARTESIAN_POINT('',(-4.7,13.6,15.));
#4276 = SURFACE_CURVE('',#4277,(#4282,#4289),.PCURVE_S1.);
#4277 = CIRCLE('',#4278,2.5);
#4278 = AXIS2_PLACEMENT_3D('',#4279,#4280,#4281);
#4279 = CARTESIAN_POINT('',(-7.2,13.6,15.));
#4280 = DIRECTION('',(0.,0.,1.));
#4281 = DIRECTION('',(1.,0.,-0.));
#4282 = PCURVE('',#1023,#4283);
#4283 = DEFINITIONAL_REPRESENTATION('',(#4284),#4288);
#4284 = CIRCLE('',#4285,2.5);
#4285 = AXIS2_PLACEMENT_2D('',#4286,#4287);
#4286 = CARTESIAN_POINT('',(0.,0.));
#4287 = DIRECTION('',(1.,0.));
#4288 = ( GEOMETRIC_REPRESENTATION_CONTEXT(2) 
PARAMETRIC_REPRESENTATION_CONTEXT() REPRESENTATION_CONTEXT('2D SPACE',''
  ) );
#4289 = PCURVE('',#4290,#4295);
#4290 = CYLINDRICAL_SURFACE('',#4291,2.5);
#4291 = AXIS2_PLACEMENT_3D('',#4292,#4293,#4294);
#4292 = CARTESIAN_POINT('',(-7.2,13.6,15.));
#4293 = DIRECTION('',(0.,0.,1.));
#4294 = DIRECTION('',(1.,0.,-0.));
#4295 = DEFINITIONAL_REPRESENTATION('',(#4296),#4300);
#4296 = LINE('',#4297,#4298);
#4297 = CARTESIAN_POINT('',(0.,0.));
#4298 = VECTOR('',#4299,1.);
#4299 = DIRECTION('',(1.,0.));
#4300 = ( GEOMETRIC_REPRESENTATION_CONTEXT(2) 
PARAMETRIC_REPRESENTATION_CONTEXT() REPRESENTATION_CONTEXT('2D SPACE',''
  ) );
#4301 = FACE_BOUND('',#4302,.T.);
#4302 = EDGE_LOOP('',(#4303));
#4303 = ORIENTED_EDGE('',*,*,#1006,.F.);
#4304 = ADVANCED_FACE('',(#4305),#1081,.T.);
#4305 = FACE_BOUND('',#4306,.T.);
#4306 = EDGE_LOOP('',(#4307,#4329,#4330,#4331,#4332));
#4307 = ORIENTED_EDGE('',*,*,#4308,.T.);
#4308 = EDGE_CURVE('',#1062,#3737,#4309,.T.);
#4309 = SURFACE_CURVE('',#4310,(#4315,#4322),.PCURVE_S1.);
#4310 = CIRCLE('',#4311,0.8);
#4311 = AXIS2_PLACEMENT_3D('',#4312,#4313,#4314);
#4312 = CARTESIAN_POINT('',(17.865610004788,-7.400177964051,
    15.916918667024));
#4313 = DIRECTION('',(0.128579179453,-5.325923996829E-02,-0.990268068742
    ));
#4314 = DIRECTION('',(0.68438644141,0.727420874155,4.974003073069E-02));
#4315 = PCURVE('',#1081,#4316);
#4316 = DEFINITIONAL_REPRESENTATION('',(#4317),#4321);
#4317 = LINE('',#4318,#4319);
#4318 = CARTESIAN_POINT('',(7.488502450202,3.058017564517));
#4319 = VECTOR('',#4320,1.);
#4320 = DIRECTION('',(-1.,-0.));
#4321 = ( GEOMETRIC_REPRESENTATION_CONTEXT(2) 
PARAMETRIC_REPRESENTATION_CONTEXT() REPRESENTATION_CONTEXT('2D SPACE',''
  ) );
#4322 = PCURVE('',#1370,#4323);
#4323 = DEFINITIONAL_REPRESENTATION('',(#4324),#4328);
#4324 = LINE('',#4325,#4326);
#4325 = CARTESIAN_POINT('',(-7.488502450202,3.14159265359));
#4326 = VECTOR('',#4327,1.);
#4327 = DIRECTION('',(1.,-0.));
#4328 = ( GEOMETRIC_REPRESENTATION_CONTEXT(2) 
PARAMETRIC_REPRESENTATION_CONTEXT() REPRESENTATION_CONTEXT('2D SPACE',''
  ) );
#4329 = ORIENTED_EDGE('',*,*,#3736,.F.);
#4330 = ORIENTED_EDGE('',*,*,#3960,.T.);
#4331 = ORIENTED_EDGE('',*,*,#3990,.T.);
#4332 = ORIENTED_EDGE('',*,*,#1061,.F.);
#4333 = ADVANCED_FACE('',(#4334),#1370,.F.);
#4334 = FACE_BOUND('',#4335,.T.);
#4335 = EDGE_LOOP('',(#4336,#4358,#4359,#4360));
#4336 = ORIENTED_EDGE('',*,*,#4337,.T.);
#4337 = EDGE_CURVE('',#1275,#3766,#4338,.T.);
#4338 = SURFACE_CURVE('',#4339,(#4344,#4351),.PCURVE_S1.);
#4339 = CIRCLE('',#4340,0.85);
#4340 = AXIS2_PLACEMENT_3D('',#4341,#4342,#4343);
#4341 = CARTESIAN_POINT('',(17.848600578157,-7.393132428853,
    16.047918819083));
#4342 = DIRECTION('',(0.128579179453,-5.325923996829E-02,-0.990268068742
    ));
#4343 = DIRECTION('',(0.666178701968,0.744343247765,4.646575676742E-02)
  );
#4344 = PCURVE('',#1370,#4345);
#4345 = DEFINITIONAL_REPRESENTATION('',(#4346),#4350);
#4346 = LINE('',#4347,#4348);
#4347 = CARTESIAN_POINT('',(-7.513575190501,3.864326901403));
#4348 = VECTOR('',#4349,1.);
#4349 = DIRECTION('',(1.,-0.));
#4350 = ( GEOMETRIC_REPRESENTATION_CONTEXT(2) 
PARAMETRIC_REPRESENTATION_CONTEXT() REPRESENTATION_CONTEXT('2D SPACE',''
  ) );
#4351 = PCURVE('',#1318,#4352);
#4352 = DEFINITIONAL_REPRESENTATION('',(#4353),#4357);
#4353 = LINE('',#4354,#4355);
#4354 = CARTESIAN_POINT('',(7.513575190501,0.));
#4355 = VECTOR('',#4356,1.);
#4356 = DIRECTION('',(-1.,-0.));
#4357 = ( GEOMETRIC_REPRESENTATION_CONTEXT(2) 
PARAMETRIC_REPRESENTATION_CONTEXT() REPRESENTATION_CONTEXT('2D SPACE',''
  ) );
#4358 = ORIENTED_EDGE('',*,*,#3765,.F.);
#4359 = ORIENTED_EDGE('',*,*,#4308,.F.);
#4360 = ORIENTED_EDGE('',*,*,#1348,.T.);
#4361 = ADVANCED_FACE('',(#4362),#1318,.T.);
#4362 = FACE_BOUND('',#4363,.T.);
#4363 = EDGE_LOOP('',(#4364,#4530,#4629,#4630,#4631,#4632));
#4364 = ORIENTED_EDGE('',*,*,#4365,.T.);
#4365 = EDGE_CURVE('',#4366,#4368,#4370,.T.);
#4366 = VERTEX_POINT('',#4367);
#4367 = CARTESIAN_POINT('',(18.099751970648,-6.358287119494,17.));
#4368 = VERTEX_POINT('',#4369);
#4369 = CARTESIAN_POINT('',(17.294445295166,-8.302469417314,17.));
#4370 = SURFACE_CURVE('',#4371,(#4410,#4483),.PCURVE_S1.);
#4371 = B_SPLINE_CURVE_WITH_KNOTS('',7,(#4372,#4373,#4374,#4375,#4376,
    #4377,#4378,#4379,#4380,#4381,#4382,#4383,#4384,#4385,#4386,#4387,
    #4388,#4389,#4390,#4391,#4392,#4393,#4394,#4395,#4396,#4397,#4398,
    #4399,#4400,#4401,#4402,#4403,#4404,#4405,#4406,#4407,#4408,#4409),
  .UNSPECIFIED.,.F.,.F.,(8,6,6,6,6,6,8),(0.741795890122,0.823668423302,
    0.878544277659,1.,1.121448595208,1.176320530943,1.258204133755),
  .UNSPECIFIED.);
#4372 = CARTESIAN_POINT('',(18.099751970648,-6.358287119494,17.));
#4373 = CARTESIAN_POINT('',(18.173412852413,-6.382717141379,17.));
#4374 = CARTESIAN_POINT('',(18.245107036386,-6.413527827986,17.));
#4375 = CARTESIAN_POINT('',(18.314150797699,-6.450538827693,17.));
#4376 = CARTESIAN_POINT('',(18.379891719818,-6.493477003886,17.));
#4377 = CARTESIAN_POINT('',(18.441714452163,-6.541984944335,17.));
#4378 = CARTESIAN_POINT('',(18.499050738792,-6.595623140716,17.));
#4379 = CARTESIAN_POINT('',(18.586477104535,-6.692903567608,17.));
#4380 = CARTESIAN_POINT('',(18.619320133397,-6.734013124117,17.));
#4381 = CARTESIAN_POINT('',(18.649771306224,-6.777038350437,17.));
#4382 = CARTESIAN_POINT('',(18.67769408994,-6.821810286382,17.));
#4383 = CARTESIAN_POINT('',(18.702967718533,-6.868148131167,17.));
#4384 = CARTESIAN_POINT('',(18.72548799466,-6.915860205627,17.));
#4385 = CARTESIAN_POINT('',(18.788725688178,-7.07294054413,17.));
#4386 = CARTESIAN_POINT('',(18.818392392113,-7.186934630736,17.));
#4387 = CARTESIAN_POINT('',(18.833174974172,-7.304477022433,17.));
#4388 = CARTESIAN_POINT('',(18.832622682432,-7.423200571487,17.));
#4389 = CARTESIAN_POINT('',(18.816722982182,-7.540732102736,17.));
#4390 = CARTESIAN_POINT('',(18.785895721835,-7.654696980436,17.));
#4391 = CARTESIAN_POINT('',(18.69632502649,-7.87093976793,17.));
#4392 = CARTESIAN_POINT('',(18.637542132839,-7.973317579949,17.));
#4393 = CARTESIAN_POINT('',(18.56568334211,-8.067663105251,17.));
#4394 = CARTESIAN_POINT('',(18.482130617546,-8.152000670283,17.));
#4395 = CARTESIAN_POINT('',(18.388570578809,-8.22466131057,17.));
#4396 = CARTESIAN_POINT('',(18.286995371261,-8.284290101103,17.));
#4397 = CARTESIAN_POINT('',(18.131219724897,-8.350649825647,17.));
#4398 = CARTESIAN_POINT('',(18.08156237683,-8.368464313411,17.));
#4399 = CARTESIAN_POINT('',(18.030929831228,-8.383360625756,17.));
#4400 = CARTESIAN_POINT('',(17.9795312563,-8.395276905641,17.));
#4401 = CARTESIAN_POINT('',(17.927579843916,-8.404170698232,17.));
#4402 = CARTESIAN_POINT('',(17.875291562878,-8.410019064524,17.));
#4403 = CARTESIAN_POINT('',(17.744677681721,-8.416996492308,17.));
#4404 = CARTESIAN_POINT('',(17.66619596548,-8.414385787792,17.));
#4405 = CARTESIAN_POINT('',(17.58816922987,-8.404973162962,17.));
#4406 = CARTESIAN_POINT('',(17.511310367056,-8.388849654959,17.));
#4407 = CARTESIAN_POINT('',(17.436307512478,-8.366197702398,17.));
#4408 = CARTESIAN_POINT('',(17.363815405783,-8.337285593619,17.));
#4409 = CARTESIAN_POINT('',(17.294445295166,-8.302469417314,17.));
#4410 = PCURVE('',#1318,#4411);
#4411 = DEFINITIONAL_REPRESENTATION('',(#4412),#4482);
#4412 = B_SPLINE_CURVE_WITH_KNOTS('',3,(#4413,#4414,#4415,#4416,#4417,
    #4418,#4419,#4420,#4421,#4422,#4423,#4424,#4425,#4426,#4427,#4428,
    #4429,#4430,#4431,#4432,#4433,#4434,#4435,#4436,#4437,#4438,#4439,
    #4440,#4441,#4442,#4443,#4444,#4445,#4446,#4447,#4448,#4449,#4450,
    #4451,#4452,#4453,#4454,#4455,#4456,#4457,#4458,#4459,#4460,#4461,
    #4462,#4463,#4464,#4465,#4466,#4467,#4468,#4469,#4470,#4471,#4472,
    #4473,#4474,#4475,#4476,#4477,#4478,#4479,#4480,#4481),
  .UNSPECIFIED.,.F.,.F.,(4,1,1,1,1,1,1,1,1,1,1,1,1,1,1,1,1,1,1,1,1,1,1,1
    ,1,1,1,1,1,1,1,1,1,1,1,1,1,1,1,1,1,1,1,1,1,1,1,1,1,1,1,1,1,1,1,1,1,1
    ,1,1,1,1,1,1,1,1,4),(0.741795890122,0.74962025745,0.757444624778,
    0.765268992106,0.773093359433,0.780917726761,0.788742094089,
    0.796566461417,0.804390828744,0.812215196072,0.8200395634,
    0.827863930728,0.835688298055,0.843512665383,0.851337032711,
    0.859161400039,0.866985767366,0.874810134694,0.882634502022,
    0.89045886935,0.898283236678,0.906107604005,0.913931971333,
    0.921756338661,0.929580705989,0.937405073316,0.945229440644,
    0.953053807972,0.9608781753,0.968702542627,0.976526909955,
    0.984351277283,0.992175644611,1.000000011938,1.007824379266,
    1.015648746594,1.023473113922,1.03129748125,1.039121848577,
    1.046946215905,1.054770583233,1.062594950561,1.070419317888,
    1.078243685216,1.086068052544,1.093892419872,1.101716787199,
    1.109541154527,1.117365521855,1.125189889183,1.13301425651,
    1.140838623838,1.148662991166,1.156487358494,1.164311725821,
    1.172136093149,1.179960460477,1.187784827805,1.195609195133,
    1.20343356246,1.211257929788,1.219082297116,1.226906664444,
    1.234731031771,1.242555399099,1.250379766427,1.258204133755),
  .QUASI_UNIFORM_KNOTS.);
#4413 = CARTESIAN_POINT('',(7.882376400371,1.0318327639));
#4414 = CARTESIAN_POINT('',(7.866111179149,1.029311100647));
#4415 = CARTESIAN_POINT('',(7.833599900695,1.024262236658));
#4416 = CARTESIAN_POINT('',(7.784886972822,1.016690572896));
#4417 = CARTESIAN_POINT('',(7.736224774471,1.009138842031));
#4418 = CARTESIAN_POINT('',(7.68760919878,1.001625148722));
#4419 = CARTESIAN_POINT('',(7.639035855156,0.994167452767));
#4420 = CARTESIAN_POINT('',(7.590500170013,0.986783538481));
#4421 = CARTESIAN_POINT('',(7.54199760645,0.979491005414));
#4422 = CARTESIAN_POINT('',(7.493523835337,0.972307249751));
#4423 = CARTESIAN_POINT('',(7.445074989818,0.965249456045));
#4424 = CARTESIAN_POINT('',(7.396647683907,0.958334554034));
#4425 = CARTESIAN_POINT('',(7.34823997835,0.95157930635));
#4426 = CARTESIAN_POINT('',(7.299845714699,0.944999475521));
#4427 = CARTESIAN_POINT('',(7.251462334976,0.938610883601));
#4428 = CARTESIAN_POINT('',(7.203086687271,0.932428801319));
#4429 = CARTESIAN_POINT('',(7.154715816594,0.926468004413));
#4430 = CARTESIAN_POINT('',(7.10634705288,0.920742743528));
#4431 = CARTESIAN_POINT('',(7.057978018869,0.9152667207));
#4432 = CARTESIAN_POINT('',(7.00960763409,0.910053161132));
#4433 = CARTESIAN_POINT('',(6.961226030003,0.90511375784));
#4434 = CARTESIAN_POINT('',(6.912836950529,0.900460999335));
#4435 = CARTESIAN_POINT('',(6.864441088319,0.896106267805));
#4436 = CARTESIAN_POINT('',(6.816039010585,0.892060170525));
#4437 = CARTESIAN_POINT('',(6.767630645494,0.888332473036));
#4438 = CARTESIAN_POINT('',(6.719215661895,0.884932133771));
#4439 = CARTESIAN_POINT('',(6.670793587479,0.881867305558));
#4440 = CARTESIAN_POINT('',(6.622363979924,0.879145339522));
#4441 = CARTESIAN_POINT('',(6.573926574989,0.876772781504));
#4442 = CARTESIAN_POINT('',(6.525481428129,0.874755363339));
#4443 = CARTESIAN_POINT('',(6.477029086507,0.873097988139));
#4444 = CARTESIAN_POINT('',(6.428570654872,0.871804709649));
#4445 = CARTESIAN_POINT('',(6.380108292812,0.870878705593));
#4446 = CARTESIAN_POINT('',(6.33164415905,0.870322244779));
#4447 = CARTESIAN_POINT('',(6.28318523297,0.870136648905));
#4448 = CARTESIAN_POINT('',(6.234726308535,0.87032224591));
#4449 = CARTESIAN_POINT('',(6.186262178567,0.870878707791));
#4450 = CARTESIAN_POINT('',(6.137799821495,0.871804712823));
#4451 = CARTESIAN_POINT('',(6.089341395374,0.873097992188));
#4452 = CARTESIAN_POINT('',(6.040889059306,0.874755368168));
#4453 = CARTESIAN_POINT('',(5.992443917709,0.876772787032));
#4454 = CARTESIAN_POINT('',(5.944006517539,0.879145345683));
#4455 = CARTESIAN_POINT('',(5.895576914151,0.881867312305));
#4456 = CARTESIAN_POINT('',(5.847154843306,0.884932141069));
#4457 = CARTESIAN_POINT('',(5.798739862791,0.888332480854));
#4458 = CARTESIAN_POINT('',(5.750331500538,0.892060178824));
#4459 = CARTESIAN_POINT('',(5.701929425746,0.896106276521));
#4460 = CARTESIAN_POINT('',(5.653533567257,0.900461008336));
#4461 = CARTESIAN_POINT('',(5.605144492695,0.905113766943));
#4462 = CARTESIAN_POINT('',(5.556762897313,0.910053169857));
#4463 = CARTESIAN_POINT('',(5.508392521037,0.915266728946));
#4464 = CARTESIAN_POINT('',(5.460023490231,0.920742751784));
#4465 = CARTESIAN_POINT('',(5.41165473151,0.926468012423));
#4466 = CARTESIAN_POINT('',(5.363283865282,0.932428809088));
#4467 = CARTESIAN_POINT('',(5.314908222006,0.938610891071));
#4468 = CARTESIAN_POINT('',(5.266524846414,0.944999482667));
#4469 = CARTESIAN_POINT('',(5.218130587903,0.951579312975));
#4470 = CARTESIAN_POINT('',(5.169722885503,0.95833456039));
#4471 = CARTESIAN_POINT('',(5.121295582234,0.965249462152));
#4472 = CARTESIAN_POINT('',(5.072846741587,0.972307255257));
#4473 = CARTESIAN_POINT('',(5.024372975624,0.979491010238));
#4474 = CARTESIAN_POINT('',(4.975870417175,0.986783542596));
#4475 = CARTESIAN_POINT('',(4.927334736697,0.994167456211));
#4476 = CARTESIAN_POINT('',(4.878761397216,1.001625151553));
#4477 = CARTESIAN_POINT('',(4.830145825283,1.009138844294));
#4478 = CARTESIAN_POINT('',(4.781483630697,1.01669057458));
#4479 = CARTESIAN_POINT('',(4.732770707211,1.024262237661));
#4480 = CARTESIAN_POINT('',(4.700259432777,1.029311101025));
#4481 = CARTESIAN_POINT('',(4.683994213989,1.0318327639));
#4482 = ( GEOMETRIC_REPRESENTATION_CONTEXT(2) 
PARAMETRIC_REPRESENTATION_CONTEXT() REPRESENTATION_CONTEXT('2D SPACE',''
  ) );
#4483 = PCURVE('',#4484,#4489);
#4484 = PLANE('',#4485);
#4485 = AXIS2_PLACEMENT_3D('',#4486,#4487,#4488);
#4486 = CARTESIAN_POINT('',(-52.26251859505,-21.64784400584,17.));
#4487 = DIRECTION('',(0.,0.,1.));
#4488 = DIRECTION('',(0.923879532511,-0.382683432365,0.));
#4489 = DEFINITIONAL_REPRESENTATION('',(#4490),#4529);
#4490 = B_SPLINE_CURVE_WITH_KNOTS('',7,(#4491,#4492,#4493,#4494,#4495,
    #4496,#4497,#4498,#4499,#4500,#4501,#4502,#4503,#4504,#4505,#4506,
    #4507,#4508,#4509,#4510,#4511,#4512,#4513,#4514,#4515,#4516,#4517,
    #4518,#4519,#4520,#4521,#4522,#4523,#4524,#4525,#4526,#4527,#4528),
  .UNSPECIFIED.,.F.,.F.,(8,6,6,6,6,6,8),(0.741795890122,0.823668423302,
    0.878544277659,1.,1.121448595208,1.176320530943,1.258204133755),
  .UNSPECIFIED.);
#4491 = CARTESIAN_POINT('',(59.155201528064,41.052183877554));
#4492 = CARTESIAN_POINT('',(59.232604273701,41.05780227942));
#4493 = CARTESIAN_POINT('',(59.310631802177,41.056773093084));
#4494 = CARTESIAN_POINT('',(59.388583416505,41.049001291541));
#4495 = CARTESIAN_POINT('',(59.465751837545,41.034489551116));
#4496 = CARTESIAN_POINT('',(59.54143177975,41.013332593182));
#4497 = CARTESIAN_POINT('',(59.614930050534,40.985719008351));
#4498 = CARTESIAN_POINT('',(59.73292908811,40.929300234754));
#4499 = CARTESIAN_POINT('',(59.77900403645,40.903888439918));
#4500 = CARTESIAN_POINT('',(59.823602293052,40.875791473277));
#4501 = CARTESIAN_POINT('',(59.866533059538,40.84511318474));
#4502 = CARTESIAN_POINT('',(59.907615573199,40.811974397301));
#4503 = CARTESIAN_POINT('',(59.946680215798,40.77651232482));
#4504 = CARTESIAN_POINT('',(60.065216269619,40.655589032728));
#4505 = CARTESIAN_POINT('',(60.136248378513,40.561625185373));
#4506 = CARTESIAN_POINT('',(60.194887229418,40.458687224723));
#4507 = CARTESIAN_POINT('',(60.239810513638,40.348789614827));
#4508 = CARTESIAN_POINT('',(60.270098475794,40.234120086816));
#4509 = CARTESIAN_POINT('',(60.285230271483,40.117033187084));
#4510 = CARTESIAN_POINT('',(60.285230271483,39.882973680531));
#4511 = CARTESIAN_POINT('',(60.270100251679,39.765893675916));
#4512 = CARTESIAN_POINT('',(60.239815855143,39.651230607424));
#4513 = CARTESIAN_POINT('',(60.194897791897,39.54133861385));
#4514 = CARTESIAN_POINT('',(60.13626561027,39.438405058714));
#4515 = CARTESIAN_POINT('',(60.065241305235,39.344444090523));
#4516 = CARTESIAN_POINT('',(59.946718141055,39.223522940205));
#4517 = CARTESIAN_POINT('',(59.90765804286,39.188061455177));
#4518 = CARTESIAN_POINT('',(59.866580242237,39.154922820751));
#4519 = CARTESIAN_POINT('',(59.823654313749,39.12424423059));
#4520 = CARTESIAN_POINT('',(59.779060974238,39.096146492842));
#4521 = CARTESIAN_POINT('',(59.732990974483,39.070733448065));
#4522 = CARTESIAN_POINT('',(59.614989629033,39.014303376991));
#4523 = CARTESIAN_POINT('',(59.541482904356,38.986681700909));
#4524 = CARTESIAN_POINT('',(59.465793544761,38.965518293338));
#4525 = CARTESIAN_POINT('',(59.388615015131,38.951001858945));
#4526 = CARTESIAN_POINT('',(59.31065288595,38.94322718446));
#4527 = CARTESIAN_POINT('',(59.232614727281,38.942196961793));
#4528 = CARTESIAN_POINT('',(59.155201528064,38.947816122447));
#4529 = ( GEOMETRIC_REPRESENTATION_CONTEXT(2) 
PARAMETRIC_REPRESENTATION_CONTEXT() REPRESENTATION_CONTEXT('2D SPACE',''
  ) );
#4530 = ORIENTED_EDGE('',*,*,#4531,.T.);
#4531 = EDGE_CURVE('',#4368,#3801,#4532,.T.);
#4532 = SURFACE_CURVE('',#4533,(#4563,#4596),.PCURVE_S1.);
#4533 = B_SPLINE_CURVE_WITH_KNOTS('',4,(#4534,#4535,#4536,#4537,#4538,
    #4539,#4540,#4541,#4542,#4543,#4544,#4545,#4546,#4547,#4548,#4549,
    #4550,#4551,#4552,#4553,#4554,#4555,#4556,#4557,#4558,#4559,#4560,
    #4561,#4562),.UNSPECIFIED.,.F.,.F.,(5,3,3,3,3,3,3,3,3,5),(0.,
    0.122414532581,0.244580566132,0.366792883873,0.489088027815,
    0.611497051893,0.734032485134,0.856681573233,0.979531280324,1.),
  .UNSPECIFIED.);
#4534 = CARTESIAN_POINT('',(17.294445295214,-8.302469417215,17.));
#4535 = CARTESIAN_POINT('',(17.308176834327,-8.309361141514,17.));
#4536 = CARTESIAN_POINT('',(17.321916508755,-8.3162358033,
    16.999101037665));
#4537 = CARTESIAN_POINT('',(17.335593973916,-8.323056695204,
    16.997303124491));
#4538 = CARTESIAN_POINT('',(17.362658880457,-8.336502820068,
    16.991942925263));
#4539 = CARTESIAN_POINT('',(17.376046937085,-8.343128481823,
    16.988384218838));
#4540 = CARTESIAN_POINT('',(17.389235708131,-8.349626553866,
    16.98395817443));
#4541 = CARTESIAN_POINT('',(17.415089036609,-8.362298043867,
    16.973424838643));
#4542 = CARTESIAN_POINT('',(17.427753476224,-8.368471401357,
    16.967316877174));
#4543 = CARTESIAN_POINT('',(17.440087913076,-8.374445197047,
    16.960396414374));
#4544 = CARTESIAN_POINT('',(17.46398531182,-8.385931297087,
    16.945006569335));
#4545 = CARTESIAN_POINT('',(17.475547818537,-8.391443343684,
    16.936536080693));
#4546 = CARTESIAN_POINT('',(17.48666022698,-8.396689274425,
    16.92733340106));
#4547 = CARTESIAN_POINT('',(17.507890022879,-8.406596113673,
    16.907558470853));
#4548 = CARTESIAN_POINT('',(17.518006527813,-8.411256516495,
    16.896984876568));
#4549 = CARTESIAN_POINT('',(17.527567261897,-8.415592858323,
    16.885781912343));
#4550 = CARTESIAN_POINT('',(17.545499483674,-8.423575474165,
    16.862227652626));
#4551 = CARTESIAN_POINT('',(17.553869765006,-8.427221058415,
    16.849875104092));
#4552 = CARTESIAN_POINT('',(17.561596027564,-8.430495792479,
    16.837014664303));
#4553 = CARTESIAN_POINT('',(17.575699617466,-8.436273111129,
    16.810402334355));
#4554 = CARTESIAN_POINT('',(17.582075702814,-8.438774991428,
    16.796649556307));
#4555 = CARTESIAN_POINT('',(17.587739029194,-8.440872168446,
    16.782524824727));
#4556 = CARTESIAN_POINT('',(17.597601276746,-8.444240588655,
    16.753654427607));
#4557 = CARTESIAN_POINT('',(17.601797795597,-8.445510482451,
    16.738907721225));
#4558 = CARTESIAN_POINT('',(17.60523210119,-8.446355008449,
    16.72393492189));
#4559 = CARTESIAN_POINT('',(17.608334274865,-8.44684111742,
    16.706292955263));
#4560 = CARTESIAN_POINT('',(17.608755807285,-8.446898666218,
    16.703769179185));
#4561 = CARTESIAN_POINT('',(17.609155760042,-8.446944326388,
    16.701241604557));
#4562 = CARTESIAN_POINT('',(17.609534081622,-8.446978092159,
    16.698710585336));
#4563 = PCURVE('',#1318,#4564);
#4564 = DEFINITIONAL_REPRESENTATION('',(#4565),#4595);
#4565 = B_SPLINE_CURVE_WITH_KNOTS('',4,(#4566,#4567,#4568,#4569,#4570,
    #4571,#4572,#4573,#4574,#4575,#4576,#4577,#4578,#4579,#4580,#4581,
    #4582,#4583,#4584,#4585,#4586,#4587,#4588,#4589,#4590,#4591,#4592,
    #4593,#4594),.UNSPECIFIED.,.F.,.F.,(5,3,3,3,3,3,3,3,3,5),(0.,
    0.122414532581,0.244580566132,0.366792883873,0.489088027815,
    0.611497051893,0.734032485134,0.856681573233,0.979531280324,1.),
  .UNSPECIFIED.);
#4566 = CARTESIAN_POINT('',(4.683994211959,1.031832750713));
#4567 = CARTESIAN_POINT('',(4.698434504475,1.029594014938));
#4568 = CARTESIAN_POINT('',(4.712731569184,1.026422761026));
#4569 = CARTESIAN_POINT('',(4.726796190175,1.022334653287));
#4570 = CARTESIAN_POINT('',(4.754273664488,1.012402528586));
#4571 = CARTESIAN_POINT('',(4.767687960648,1.00656196175));
#4572 = CARTESIAN_POINT('',(4.780713002683,0.999875530088));
#4573 = CARTESIAN_POINT('',(4.805861128662,0.984904615347));
#4574 = CARTESIAN_POINT('',(4.817983939979,0.976619378877));
#4575 = CARTESIAN_POINT('',(4.829589199738,0.967584122816));
#4576 = CARTESIAN_POINT('',(4.851677242538,0.948124173938));
#4577 = CARTESIAN_POINT('',(4.862159228657,0.937698392826));
#4578 = CARTESIAN_POINT('',(4.872028125331,0.926638763953));
#4579 = CARTESIAN_POINT('',(4.89048430655,0.903370145617));
#4580 = CARTESIAN_POINT('',(4.89907028976,0.891159974203));
#4581 = CARTESIAN_POINT('',(4.906977880856,0.878444002963));
#4582 = CARTESIAN_POINT('',(4.921404026597,0.852121099481));
#4583 = CARTESIAN_POINT('',(4.927921015498,0.838513186955));
#4584 = CARTESIAN_POINT('',(4.933718293464,0.824532793202));
#4585 = CARTESIAN_POINT('',(4.943855038823,0.79594894316));
#4586 = CARTESIAN_POINT('',(4.948193042269,0.781344895544));
#4587 = CARTESIAN_POINT('',(4.951786678904,0.766503001981));
#4588 = CARTESIAN_POINT('',(4.957476812249,0.736453666914));
#4589 = CARTESIAN_POINT('',(4.95957078611,0.721245677662));
#4590 = CARTESIAN_POINT('',(4.96090466431,0.705934258361));
#4591 = CARTESIAN_POINT('',(4.96156998728,0.688029966674));
#4592 = CARTESIAN_POINT('',(4.961643825416,0.685471884867));
#4593 = CARTESIAN_POINT('',(4.961696407573,0.682913122947));
#4594 = CARTESIAN_POINT('',(4.961727787476,0.680353994951));
#4595 = ( GEOMETRIC_REPRESENTATION_CONTEXT(2) 
PARAMETRIC_REPRESENTATION_CONTEXT() REPRESENTATION_CONTEXT('2D SPACE',''
  ) );
#4596 = PCURVE('',#3882,#4597);
#4597 = DEFINITIONAL_REPRESENTATION('',(#4598),#4628);
#4598 = B_SPLINE_CURVE_WITH_KNOTS('',4,(#4599,#4600,#4601,#4602,#4603,
    #4604,#4605,#4606,#4607,#4608,#4609,#4610,#4611,#4612,#4613,#4614,
    #4615,#4616,#4617,#4618,#4619,#4620,#4621,#4622,#4623,#4624,#4625,
    #4626,#4627),.UNSPECIFIED.,.F.,.F.,(5,3,3,3,3,3,3,3,3,5),(0.,
    0.122414532581,0.244580566132,0.366792883873,0.489088027815,
    0.611497051893,0.734032485134,0.856681573233,0.979531280324,1.),
  .UNSPECIFIED.);
#4599 = CARTESIAN_POINT('',(5.835611962886,1.570796326795));
#4600 = CARTESIAN_POINT('',(5.835597880116,1.526906107428));
#4601 = CARTESIAN_POINT('',(5.835584812745,1.483016137827));
#4602 = CARTESIAN_POINT('',(5.835572893945,1.439126816566));
#4603 = CARTESIAN_POINT('',(5.835551743095,1.351441224053));
#4604 = CARTESIAN_POINT('',(5.835542504716,1.307644899673));
#4605 = CARTESIAN_POINT('',(5.835534776217,1.263851848181));
#4606 = CARTESIAN_POINT('',(5.835522749379,1.176260099799));
#4607 = CARTESIAN_POINT('',(5.835518451268,1.132461348698));
#4608 = CARTESIAN_POINT('',(5.835516076239,1.088670214535));
#4609 = CARTESIAN_POINT('',(5.835515566266,1.00107823868));
#4610 = CARTESIAN_POINT('',(5.835517433205,0.957277348739));
#4611 = CARTESIAN_POINT('',(5.835521619204,0.913488698645));
#4612 = CARTESIAN_POINT('',(5.835534950522,0.825898250633));
#4613 = CARTESIAN_POINT('',(5.835544099691,0.782096432627));
#4614 = CARTESIAN_POINT('',(5.835555886619,0.738309871357));
#4615 = CARTESIAN_POINT('',(5.835584940222,0.650722226334));
#4616 = CARTESIAN_POINT('',(5.835602212039,0.60692115448));
#4617 = CARTESIAN_POINT('',(5.835622315751,0.563135412209));
#4618 = CARTESIAN_POINT('',(5.835668240641,0.475550874691));
#4619 = CARTESIAN_POINT('',(5.835694066812,0.431752110307));
#4620 = CARTESIAN_POINT('',(5.835722761924,0.387965508775));
#4621 = CARTESIAN_POINT('',(5.835785798746,0.300339357904));
#4622 = CARTESIAN_POINT('',(5.835820149469,0.25649986209));
#4623 = CARTESIAN_POINT('',(5.835857234736,0.212666856585));
#4624 = CARTESIAN_POINT('',(5.8359034976,0.161534175397));
#4625 = CARTESIAN_POINT('',(5.835910176211,0.154231497442));
#4626 = CARTESIAN_POINT('',(5.835916925414,0.146928891577));
#4627 = CARTESIAN_POINT('',(5.835923744379,0.13962634016));
#4628 = ( GEOMETRIC_REPRESENTATION_CONTEXT(2) 
PARAMETRIC_REPRESENTATION_CONTEXT() REPRESENTATION_CONTEXT('2D SPACE',''
  ) );
#4629 = ORIENTED_EDGE('',*,*,#3800,.F.);
#4630 = ORIENTED_EDGE('',*,*,#4337,.F.);
#4631 = ORIENTED_EDGE('',*,*,#1274,.T.);
#4632 = ORIENTED_EDGE('',*,*,#4633,.T.);
#4633 = EDGE_CURVE('',#1246,#4366,#4634,.T.);
#4634 = SURFACE_CURVE('',#4635,(#4665,#4698),.PCURVE_S1.);
#4635 = B_SPLINE_CURVE_WITH_KNOTS('',4,(#4636,#4637,#4638,#4639,#4640,
    #4641,#4642,#4643,#4644,#4645,#4646,#4647,#4648,#4649,#4650,#4651,
    #4652,#4653,#4654,#4655,#4656,#4657,#4658,#4659,#4660,#4661,#4662,
    #4663,#4664),.UNSPECIFIED.,.F.,.F.,(5,3,3,3,3,3,3,3,3,5),(0.,
    1.966648927434E-02,0.14291746128,0.265566872348,0.388102712142,
    0.510512141863,0.633207116506,0.755419434121,0.877585467546,1.),
  .UNSPECIFIED.);
#4636 = CARTESIAN_POINT('',(18.424736452151,-6.478905473151,
    16.698710585336));
#4637 = CARTESIAN_POINT('',(18.424456482828,-6.478671384295,
    16.701142406333));
#4638 = CARTESIAN_POINT('',(18.42415462916,-6.478430939605,
    16.703571047441));
#4639 = CARTESIAN_POINT('',(18.423830927069,-6.478184167765,
    16.705996194772));
#4640 = CARTESIAN_POINT('',(18.421320115592,-6.476345104652,
    16.723592201521));
#4641 = CARTESIAN_POINT('',(18.418298432689,-6.474511798491,
    16.738617350853));
#4642 = CARTESIAN_POINT('',(18.41443131794,-6.472438659092,
    16.753415665942));
#4643 = CARTESIAN_POINT('',(18.405076518423,-6.467843794625,
    16.782339158211));
#4644 = CARTESIAN_POINT('',(18.399596824565,-6.4653243077,
    16.796467331303));
#4645 = CARTESIAN_POINT('',(18.393326768225,-6.462586919683,
    16.810224014211));
#4646 = CARTESIAN_POINT('',(18.379283585555,-6.456703369233,
    16.836845046843));
#4647 = CARTESIAN_POINT('',(18.371511834913,-6.453557586889,
    16.849710283001));
#4648 = CARTESIAN_POINT('',(18.363022187928,-6.450218556906,
    16.862068050901));
#4649 = CARTESIAN_POINT('',(18.344710706745,-6.443186600362,
    16.885633536159));
#4650 = CARTESIAN_POINT('',(18.334890214037,-6.439494039302,
    16.896842505739));
#4651 = CARTESIAN_POINT('',(18.324447239503,-6.435637531465,
    16.907422474228));
#4652 = CARTESIAN_POINT('',(18.302405387796,-6.42762078369,
    16.927243116369));
#4653 = CARTESIAN_POINT('',(18.29080380158,-6.42345984904,
    16.936480685406));
#4654 = CARTESIAN_POINT('',(18.278692241076,-6.419167904935,
    16.944981403091));
#4655 = CARTESIAN_POINT('',(18.253631415333,-6.410377440319,
    16.960396414374));
#4656 = CARTESIAN_POINT('',(18.240685539951,-6.405879787821,
    16.967316877174));
#4657 = CARTESIAN_POINT('',(18.227365205875,-6.401289899633,
    16.973424838643));
#4658 = CARTESIAN_POINT('',(18.200124045484,-6.391968932257,
    16.98395817443));
#4659 = CARTESIAN_POINT('',(18.186203345236,-6.387237893621,
    16.988384218838));
#4660 = CARTESIAN_POINT('',(18.172051509251,-6.382456158349,
    16.991942925263));
#4661 = CARTESIAN_POINT('',(18.143405884232,-6.372826225474,
    16.997303124491));
#4662 = CARTESIAN_POINT('',(18.128911356948,-6.367977896028,
    16.999101037665));
#4663 = CARTESIAN_POINT('',(18.114334820021,-6.363123599036,17.));
#4664 = CARTESIAN_POINT('',(18.099751970612,-6.358287119599,17.));
#4665 = PCURVE('',#1318,#4666);
#4666 = DEFINITIONAL_REPRESENTATION('',(#4667),#4697);
#4667 = B_SPLINE_CURVE_WITH_KNOTS('',4,(#4668,#4669,#4670,#4671,#4672,
    #4673,#4674,#4675,#4676,#4677,#4678,#4679,#4680,#4681,#4682,#4683,
    #4684,#4685,#4686,#4687,#4688,#4689,#4690,#4691,#4692,#4693,#4694,
    #4695,#4696),.UNSPECIFIED.,.F.,.F.,(5,3,3,3,3,3,3,3,3,5),(0.,
    1.966648927434E-02,0.14291746128,0.265566872348,0.388102712142,
    0.510512141863,0.633207116506,0.755419434121,0.877585467546,1.),
  .UNSPECIFIED.);
#4668 = CARTESIAN_POINT('',(7.604642826883,0.680353994951));
#4669 = CARTESIAN_POINT('',(7.604672976913,0.682812823056));
#4670 = CARTESIAN_POINT('',(7.604722697761,0.685271313243));
#4671 = CARTESIAN_POINT('',(7.60479204477,0.687729186889));
#4672 = CARTESIAN_POINT('',(7.605438103004,0.705584192455));
#4673 = CARTESIAN_POINT('',(7.606763878592,0.720947090724));
#4674 = CARTESIAN_POINT('',(7.608854777003,0.736206547811));
#4675 = CARTESIAN_POINT('',(7.614539451843,0.766308385912));
#4676 = CARTESIAN_POINT('',(7.618125779117,0.781152428406));
#4677 = CARTESIAN_POINT('',(7.622456533827,0.795759064964));
#4678 = CARTESIAN_POINT('',(7.63257895521,0.82434898052));
#4679 = CARTESIAN_POINT('',(7.63836915889,0.838332849468));
#4680 = CARTESIAN_POINT('',(7.644879177339,0.851944676433));
#4681 = CARTESIAN_POINT('',(7.659291663235,0.878276274538));
#4682 = CARTESIAN_POINT('',(7.667192564644,0.890997024901));
#4683 = CARTESIAN_POINT('',(7.675772028283,0.903212405446));
#4684 = CARTESIAN_POINT('',(7.694245712335,0.926530269449));
#4685 = CARTESIAN_POINT('',(7.704142852724,0.937630212835));
#4686 = CARTESIAN_POINT('',(7.714657252349,0.948092352056));
#4687 = CARTESIAN_POINT('',(7.736781414622,0.967584122816));
#4688 = CARTESIAN_POINT('',(7.74838667438,0.976619378877));
#4689 = CARTESIAN_POINT('',(7.760509485698,0.984904615347));
#4690 = CARTESIAN_POINT('',(7.785657611677,0.999875530088));
#4691 = CARTESIAN_POINT('',(7.798682653711,1.00656196175));
#4692 = CARTESIAN_POINT('',(7.812096949871,1.012402528586));
#4693 = CARTESIAN_POINT('',(7.839574424184,1.022334653287));
#4694 = CARTESIAN_POINT('',(7.853639045175,1.026422761026));
#4695 = CARTESIAN_POINT('',(7.867936109885,1.029594014938));
#4696 = CARTESIAN_POINT('',(7.8823764024,1.031832750713));
#4697 = ( GEOMETRIC_REPRESENTATION_CONTEXT(2) 
PARAMETRIC_REPRESENTATION_CONTEXT() REPRESENTATION_CONTEXT('2D SPACE',''
  ) );
#4698 = PCURVE('',#1262,#4699);
#4699 = DEFINITIONAL_REPRESENTATION('',(#4700),#4730);
#4700 = B_SPLINE_CURVE_WITH_KNOTS('',4,(#4701,#4702,#4703,#4704,#4705,
    #4706,#4707,#4708,#4709,#4710,#4711,#4712,#4713,#4714,#4715,#4716,
    #4717,#4718,#4719,#4720,#4721,#4722,#4723,#4724,#4725,#4726,#4727,
    #4728,#4729),.UNSPECIFIED.,.F.,.F.,(5,3,3,3,3,3,3,3,3,5),(0.,
    1.966648927434E-02,0.14291746128,0.265566872348,0.388102712142,
    0.510512141863,0.633207116506,0.755419434121,0.877585467546,1.),
  .UNSPECIFIED.);
#4701 = CARTESIAN_POINT('',(5.945048706582,0.13962634016));
#4702 = CARTESIAN_POINT('',(5.945055258292,0.146642682714));
#4703 = CARTESIAN_POINT('',(5.9450617456,0.153659075498));
#4704 = CARTESIAN_POINT('',(5.945068167772,0.160675534328));
#4705 = CARTESIAN_POINT('',(5.94511435976,0.211665090087));
#4706 = CARTESIAN_POINT('',(5.945151610398,0.255641173321));
#4707 = CARTESIAN_POINT('',(5.94518610961,0.299623757937));
#4708 = CARTESIAN_POINT('',(5.945249304551,0.387393064558));
#4709 = CARTESIAN_POINT('',(5.945278027637,0.431179671629));
#4710 = CARTESIAN_POINT('',(5.945303881943,0.474978426449));
#4711 = CARTESIAN_POINT('',(5.945349862866,0.562562954445));
#4712 = CARTESIAN_POINT('',(5.945369994472,0.606348696724));
#4713 = CARTESIAN_POINT('',(5.945387293793,0.650149763372));
#4714 = CARTESIAN_POINT('',(5.945416401124,0.737737398159));
#4715 = CARTESIAN_POINT('',(5.945428214278,0.781523954311));
#4716 = CARTESIAN_POINT('',(5.945437388815,0.825325772697));
#4717 = CARTESIAN_POINT('',(5.945450790622,0.913059212175));
#4718 = CARTESIAN_POINT('',(5.945455005531,0.95699094413));
#4719 = CARTESIAN_POINT('',(5.94545688553,1.000935003901));
#4720 = CARTESIAN_POINT('',(5.945456374723,1.088670214535));
#4721 = CARTESIAN_POINT('',(5.945453999694,1.132461348698));
#4722 = CARTESIAN_POINT('',(5.945449701582,1.176260099799));
#4723 = CARTESIAN_POINT('',(5.945437674744,1.263851848181));
#4724 = CARTESIAN_POINT('',(5.945429946245,1.307644899673));
#4725 = CARTESIAN_POINT('',(5.945420707867,1.351441224053));
#4726 = CARTESIAN_POINT('',(5.945399557017,1.439126816566));
#4727 = CARTESIAN_POINT('',(5.945387638217,1.483016137827));
#4728 = CARTESIAN_POINT('',(5.945374570845,1.526906107428));
#4729 = CARTESIAN_POINT('',(5.945360488076,1.570796326795));
#4730 = ( GEOMETRIC_REPRESENTATION_CONTEXT(2) 
PARAMETRIC_REPRESENTATION_CONTEXT() REPRESENTATION_CONTEXT('2D SPACE',''
  ) );
#4731 = ADVANCED_FACE('',(#4732),#1262,.T.);
#4732 = FACE_BOUND('',#4733,.T.);
#4733 = EDGE_LOOP('',(#4734,#4835,#4861,#4862));
#4734 = ORIENTED_EDGE('',*,*,#4735,.F.);
#4735 = EDGE_CURVE('',#4736,#1172,#4738,.T.);
#4736 = VERTEX_POINT('',#4737);
#4737 = CARTESIAN_POINT('',(18.099751970648,6.358287119495,17.));
#4738 = SURFACE_CURVE('',#4739,(#4769,#4802),.PCURVE_S1.);
#4739 = B_SPLINE_CURVE_WITH_KNOTS('',4,(#4740,#4741,#4742,#4743,#4744,
    #4745,#4746,#4747,#4748,#4749,#4750,#4751,#4752,#4753,#4754,#4755,
    #4756,#4757,#4758,#4759,#4760,#4761,#4762,#4763,#4764,#4765,#4766,
    #4767,#4768),.UNSPECIFIED.,.F.,.F.,(5,3,3,3,3,3,3,3,3,5),(0.,
    0.122817224681,0.244983356564,0.367195886311,0.489491361735,
    0.611900794922,0.734436638187,0.857086051994,0.979935874979,1.),
  .UNSPECIFIED.);
#4740 = CARTESIAN_POINT('',(18.099751970612,6.358287119599,17.));
#4741 = CARTESIAN_POINT('',(18.114382791418,6.363139509005,17.));
#4742 = CARTESIAN_POINT('',(18.129007258643,6.368009833476,
    16.999095113531));
#4743 = CARTESIAN_POINT('',(18.143548923852,6.372874072111,
    16.99728535217));
#4744 = CARTESIAN_POINT('',(18.172238616434,6.382519300582,
    16.991898849431));
#4745 = CARTESIAN_POINT('',(18.186388423206,6.387300611477,
    16.988331516746));
#4746 = CARTESIAN_POINT('',(18.200306609001,6.392031083294,
    16.983896982792));
#4747 = CARTESIAN_POINT('',(18.227541811107,6.401350647826,
    16.97334702216));
#4748 = CARTESIAN_POINT('',(18.240858700423,6.405939699746,
    16.967230923876));
#4749 = CARTESIAN_POINT('',(18.253800674408,6.410436384861,
    16.960302548462));
#4750 = CARTESIAN_POINT('',(18.278811927083,6.419210318203,
    16.944897394716));
#4751 = CARTESIAN_POINT('',(18.290880700148,6.423487426437,
    16.936419508756));
#4752 = CARTESIAN_POINT('',(18.302442622707,6.427634321236,
    16.927209735717));
#4753 = CARTESIAN_POINT('',(18.324448451414,6.435637977254,
    16.907421282328));
#4754 = CARTESIAN_POINT('',(18.334891374441,6.439494471602,
    16.896841258007));
#4755 = CARTESIAN_POINT('',(18.344711812604,6.443187018271,
    16.885632235828));
#4756 = CARTESIAN_POINT('',(18.363023179193,6.45021894434,
    16.862066652252));
#4757 = CARTESIAN_POINT('',(18.371512766123,6.453557958239,
    16.849708838641));
#4758 = CARTESIAN_POINT('',(18.379284454296,6.456703723725,
    16.836843560479));
#4759 = CARTESIAN_POINT('',(18.393327507779,6.462587239014,
    16.810222451637));
#4760 = CARTESIAN_POINT('',(18.399597497405,6.465324608728,
    16.796465734536));
#4761 = CARTESIAN_POINT('',(18.405077122822,6.467844076712,
    16.782337531312));
#4762 = CARTESIAN_POINT('',(18.414416521559,6.472431406252,
    16.753461171678));
#4763 = CARTESIAN_POINT('',(18.418273644271,6.474498523846,
    16.738711977052));
#4764 = CARTESIAN_POINT('',(18.42129090527,6.476327398452,
    16.723737185352));
#4765 = CARTESIAN_POINT('',(18.423811265526,6.478169191604,
    16.706143292274));
#4766 = CARTESIAN_POINT('',(18.424142413884,6.478421213928,
    16.703669255296));
#4767 = CARTESIAN_POINT('',(18.424450822142,6.478666651264,
    16.701191575202));
#4768 = CARTESIAN_POINT('',(18.424736452151,6.478905473151,
    16.698710585336));
#4769 = PCURVE('',#1262,#4770);
#4770 = DEFINITIONAL_REPRESENTATION('',(#4771),#4801);
#4771 = B_SPLINE_CURVE_WITH_KNOTS('',4,(#4772,#4773,#4774,#4775,#4776,
    #4777,#4778,#4779,#4780,#4781,#4782,#4783,#4784,#4785,#4786,#4787,
    #4788,#4789,#4790,#4791,#4792,#4793,#4794,#4795,#4796,#4797,#4798,
    #4799,#4800),.UNSPECIFIED.,.F.,.F.,(5,3,3,3,3,3,3,3,3,5),(0.,
    0.122817224681,0.244983356564,0.367195886311,0.489491361735,
    0.611900794922,0.734436638187,0.857086051994,0.979935874979,1.),
  .UNSPECIFIED.);
#4772 = CARTESIAN_POINT('',(6.621010126283,1.570796326795));
#4773 = CARTESIAN_POINT('',(6.620995997187,1.526761727198));
#4774 = CARTESIAN_POINT('',(6.620982890177,1.482727378786));
#4775 = CARTESIAN_POINT('',(6.62097093976,1.438693684314));
#4776 = CARTESIAN_POINT('',(6.620949780401,1.350863724479));
#4777 = CARTESIAN_POINT('',(6.620940556333,1.307067392757));
#4778 = CARTESIAN_POINT('',(6.620932843463,1.263274345899));
#4779 = CARTESIAN_POINT('',(6.62092085057,1.175682594074));
#4780 = CARTESIAN_POINT('',(6.620916570778,1.131883834871));
#4781 = CARTESIAN_POINT('',(6.620914215438,1.088092708427));
#4782 = CARTESIAN_POINT('',(6.620913747428,1.00050073477));
#4783 = CARTESIAN_POINT('',(6.620915636647,0.956699839369));
#4784 = CARTESIAN_POINT('',(6.620919846134,0.912911197372));
#4785 = CARTESIAN_POINT('',(6.620933226524,0.825320756963));
#4786 = CARTESIAN_POINT('',(6.620942401283,0.781518938574));
#4787 = CARTESIAN_POINT('',(6.620954214666,0.737732382467));
#4788 = CARTESIAN_POINT('',(6.620983322468,0.650144747769));
#4789 = CARTESIAN_POINT('',(6.62100062203,0.606343681167));
#4790 = CARTESIAN_POINT('',(6.621020753881,0.562557938887));
#4791 = CARTESIAN_POINT('',(6.621066735295,0.474973410975));
#4792 = CARTESIAN_POINT('',(6.621092589847,0.431174656239));
#4793 = CARTESIAN_POINT('',(6.621121313178,0.387388049119));
#4794 = CARTESIAN_POINT('',(6.621184405508,0.299761925315));
#4795 = CARTESIAN_POINT('',(6.621218783508,0.255922462105));
#4796 = CARTESIAN_POINT('',(6.621255895282,0.212089467712));
#4797 = CARTESIAN_POINT('',(6.621302057118,0.161101130677));
#4798 = CARTESIAN_POINT('',(6.621308606452,0.153942803732));
#4799 = CARTESIAN_POINT('',(6.621315223599,0.146784545799));
#4800 = CARTESIAN_POINT('',(6.621321907777,0.13962634016));
#4801 = ( GEOMETRIC_REPRESENTATION_CONTEXT(2) 
PARAMETRIC_REPRESENTATION_CONTEXT() REPRESENTATION_CONTEXT('2D SPACE',''
  ) );
#4802 = PCURVE('',#1215,#4803);
#4803 = DEFINITIONAL_REPRESENTATION('',(#4804),#4834);
#4804 = B_SPLINE_CURVE_WITH_KNOTS('',4,(#4805,#4806,#4807,#4808,#4809,
    #4810,#4811,#4812,#4813,#4814,#4815,#4816,#4817,#4818,#4819,#4820,
    #4821,#4822,#4823,#4824,#4825,#4826,#4827,#4828,#4829,#4830,#4831,
    #4832,#4833),.UNSPECIFIED.,.F.,.F.,(5,3,3,3,3,3,3,3,3,5),(0.,
    0.122817224681,0.244983356564,0.367195886311,0.489491361735,
    0.611900794922,0.734436638187,0.857086051994,0.979935874979,1.),
  .UNSPECIFIED.);
#4805 = CARTESIAN_POINT('',(4.683994211987,1.031832750891));
#4806 = CARTESIAN_POINT('',(4.698482006947,1.029586650624));
#4807 = CARTESIAN_POINT('',(4.712825631283,1.026401885889));
#4808 = CARTESIAN_POINT('',(4.726934981664,1.022294279677));
#4809 = CARTESIAN_POINT('',(4.754451544156,1.012328359853));
#4810 = CARTESIAN_POINT('',(4.767862260557,1.006479311299));
#4811 = CARTESIAN_POINT('',(4.78088324795,0.999784670764));
#4812 = CARTESIAN_POINT('',(4.806022432603,0.984797957058));
#4813 = CARTESIAN_POINT('',(4.818140355711,0.976505129187));
#4814 = CARTESIAN_POINT('',(4.829740358429,0.967462636215));
#4815 = CARTESIAN_POINT('',(4.851817265198,0.947988961556));
#4816 = CARTESIAN_POINT('',(4.862293370503,0.937556690791));
#4817 = CARTESIAN_POINT('',(4.872156124122,0.926490979157));
#4818 = CARTESIAN_POINT('',(4.890599586956,0.903211023108));
#4819 = CARTESIAN_POINT('',(4.899178993467,0.890995596942));
#4820 = CARTESIAN_POINT('',(4.907079836257,0.878274804724));
#4821 = CARTESIAN_POINT('',(4.921492202461,0.85194313048));
#4822 = CARTESIAN_POINT('',(4.928002159834,0.838331269238));
#4823 = CARTESIAN_POINT('',(4.933792301529,0.824347369861));
#4824 = CARTESIAN_POINT('',(4.943914597406,0.795757401201));
#4825 = CARTESIAN_POINT('',(4.948245288603,0.781150741979));
#4826 = CARTESIAN_POINT('',(4.951831551834,0.766306680676));
#4827 = CARTESIAN_POINT('',(4.957506823892,0.736253919533));
#4828 = CARTESIAN_POINT('',(4.959593312462,0.721044674069));
#4829 = CARTESIAN_POINT('',(4.960919671633,0.705732443109));
#4830 = CARTESIAN_POINT('',(4.961574340097,0.687878273013));
#4831 = CARTESIAN_POINT('',(4.961645896994,0.685370729275));
#4832 = CARTESIAN_POINT('',(4.961697027772,0.682862537979));
#4833 = CARTESIAN_POINT('',(4.961727787404,0.680353994949));
#4834 = ( GEOMETRIC_REPRESENTATION_CONTEXT(2) 
PARAMETRIC_REPRESENTATION_CONTEXT() REPRESENTATION_CONTEXT('2D SPACE',''
  ) );
#4835 = ORIENTED_EDGE('',*,*,#4836,.T.);
#4836 = EDGE_CURVE('',#4736,#4366,#4837,.T.);
#4837 = SURFACE_CURVE('',#4838,(#4843,#4850),.PCURVE_S1.);
#4838 = CIRCLE('',#4839,19.184077681581);
#4839 = AXIS2_PLACEMENT_3D('',#4840,#4841,#4842);
#4840 = CARTESIAN_POINT('',(0.,0.,17.));
#4841 = DIRECTION('',(0.,0.,-1.));
#4842 = DIRECTION('',(0.943477829431,0.331435642882,0.));
#4843 = PCURVE('',#1262,#4844);
#4844 = DEFINITIONAL_REPRESENTATION('',(#4845),#4849);
#4845 = LINE('',#4846,#4847);
#4846 = CARTESIAN_POINT('',(6.621010126278,1.570796326795));
#4847 = VECTOR('',#4848,1.);
#4848 = DIRECTION('',(-1.,-0.));
#4849 = ( GEOMETRIC_REPRESENTATION_CONTEXT(2) 
PARAMETRIC_REPRESENTATION_CONTEXT() REPRESENTATION_CONTEXT('2D SPACE',''
  ) );
#4850 = PCURVE('',#4484,#4851);
#4851 = DEFINITIONAL_REPRESENTATION('',(#4852),#4860);
#4852 = ( BOUNDED_CURVE() B_SPLINE_CURVE(2,(#4853,#4854,#4855,#4856,
#4857,#4858,#4859),.UNSPECIFIED.,.T.,.F.) B_SPLINE_CURVE_WITH_KNOTS((1,2
    ,2,2,2,1),(-2.094395102393,0.,2.094395102393,4.188790204786,
6.28318530718,8.377580409573),.UNSPECIFIED.) CURVE() 
GEOMETRIC_REPRESENTATION_ITEM() RATIONAL_B_SPLINE_CURVE((1.,0.5,1.,0.5,
1.,0.5,1.)) REPRESENTATION_ITEM('') );
#4853 = CARTESIAN_POINT('',(54.288779250362,52.800766540616));
#4854 = CARTESIAN_POINT('',(76.460357274536,28.051874900854));
#4855 = CARTESIAN_POINT('',(43.941399386907,21.225170909811));
#4856 = CARTESIAN_POINT('',(11.422441499277,14.398466918768));
#4857 = CARTESIAN_POINT('',(21.769821362732,45.974062549573));
#4858 = CARTESIAN_POINT('',(32.117201226187,77.549658180378));
#4859 = CARTESIAN_POINT('',(54.288779250362,52.800766540616));
#4860 = ( GEOMETRIC_REPRESENTATION_CONTEXT(2) 
PARAMETRIC_REPRESENTATION_CONTEXT() REPRESENTATION_CONTEXT('2D SPACE',''
  ) );
#4861 = ORIENTED_EDGE('',*,*,#4633,.F.);
#4862 = ORIENTED_EDGE('',*,*,#1245,.F.);
#4863 = ADVANCED_FACE('',(#4864),#1215,.T.);
#4864 = FACE_BOUND('',#4865,.T.);
#4865 = EDGE_LOOP('',(#4866,#4888,#4889,#4990,#5147,#5148));
#4866 = ORIENTED_EDGE('',*,*,#4867,.T.);
#4867 = EDGE_CURVE('',#1132,#1557,#4868,.T.);
#4868 = SURFACE_CURVE('',#4869,(#4874,#4881),.PCURVE_S1.);
#4869 = CIRCLE('',#4870,0.85);
#4870 = AXIS2_PLACEMENT_3D('',#4871,#4872,#4873);
#4871 = CARTESIAN_POINT('',(17.848600578157,7.393132428853,
    16.047918819083));
#4872 = DIRECTION('',(-0.128579179453,-5.325923996829E-02,0.990268068742
    ));
#4873 = DIRECTION('',(0.666178701968,-0.744343247765,4.646575676742E-02)
  );
#4874 = PCURVE('',#1215,#4875);
#4875 = DEFINITIONAL_REPRESENTATION('',(#4876),#4880);
#4876 = LINE('',#4877,#4878);
#4877 = CARTESIAN_POINT('',(5.052795423858,0.));
#4878 = VECTOR('',#4879,1.);
#4879 = DIRECTION('',(1.,0.));
#4880 = ( GEOMETRIC_REPRESENTATION_CONTEXT(2) 
PARAMETRIC_REPRESENTATION_CONTEXT() REPRESENTATION_CONTEXT('2D SPACE',''
  ) );
#4881 = PCURVE('',#1155,#4882);
#4882 = DEFINITIONAL_REPRESENTATION('',(#4883),#4887);
#4883 = LINE('',#4884,#4885);
#4884 = CARTESIAN_POINT('',(-5.052795423858,3.864326901403));
#4885 = VECTOR('',#4886,1.);
#4886 = DIRECTION('',(-1.,0.));
#4887 = ( GEOMETRIC_REPRESENTATION_CONTEXT(2) 
PARAMETRIC_REPRESENTATION_CONTEXT() REPRESENTATION_CONTEXT('2D SPACE',''
  ) );
#4888 = ORIENTED_EDGE('',*,*,#1556,.T.);
#4889 = ORIENTED_EDGE('',*,*,#4890,.T.);
#4890 = EDGE_CURVE('',#1528,#4891,#4893,.T.);
#4891 = VERTEX_POINT('',#4892);
#4892 = CARTESIAN_POINT('',(17.294445295166,8.302469417315,17.));
#4893 = SURFACE_CURVE('',#4894,(#4924,#4957),.PCURVE_S1.);
#4894 = B_SPLINE_CURVE_WITH_KNOTS('',4,(#4895,#4896,#4897,#4898,#4899,
    #4900,#4901,#4902,#4903,#4904,#4905,#4906,#4907,#4908,#4909,#4910,
    #4911,#4912,#4913,#4914,#4915,#4916,#4917,#4918,#4919,#4920,#4921,
    #4922,#4923),.UNSPECIFIED.,.F.,.F.,(5,3,3,3,3,3,3,3,3,5),(0.,
    1.97181394917E-02,0.142986738954,0.265636094336,0.388171863983,
    0.510581223694,0.633276141455,0.75548842287,0.877654439556,1.),
  .UNSPECIFIED.);
#4895 = CARTESIAN_POINT('',(17.609534081622,8.446978092159,
    16.698710585336));
#4896 = CARTESIAN_POINT('',(17.609169632957,8.446945564567,
    16.701148792998));
#4897 = CARTESIAN_POINT('',(17.608785110435,8.446901998907,
    16.70358380412));
#4898 = CARTESIAN_POINT('',(17.608380560126,8.446847400341,
    16.706015302143));
#4899 = CARTESIAN_POINT('',(17.605302105095,8.446371544134,
    16.723619620191));
#4900 = CARTESIAN_POINT('',(17.601867536414,8.445530513625,
    16.738646644308));
#4901 = CARTESIAN_POINT('',(17.597665367235,8.444261143224,
    16.753446694383));
#4902 = CARTESIAN_POINT('',(17.587798258486,8.440893712401,
    16.782371240074));
#4903 = CARTESIAN_POINT('',(17.582140765067,8.438799839771,
    16.796498818885));
#4904 = CARTESIAN_POINT('',(17.575770354629,8.436301191013,
    16.810254827449));
#4905 = CARTESIAN_POINT('',(17.561677734872,8.430530148664,
    16.836874357087));
#4906 = CARTESIAN_POINT('',(17.553956767157,8.427258459116,
    16.849738764847));
#4907 = CARTESIAN_POINT('',(17.545591567796,8.423615809792,
    16.862095631254));
#4908 = CARTESIAN_POINT('',(17.527669028352,8.4156388085,16.885659177558
    ));
#4909 = CARTESIAN_POINT('',(17.518112895177,8.411305146599,
    16.896867109817));
#4910 = CARTESIAN_POINT('',(17.50800072796,8.406647281207,
    16.907445977244));
#4911 = CARTESIAN_POINT('',(17.486744391999,8.396729038456,
    16.927264299876));
#4912 = CARTESIAN_POINT('',(17.475597816593,8.391467236827,
    16.936500650043));
#4913 = CARTESIAN_POINT('',(17.463998061709,8.385937502245,
    16.945000096467));
#4914 = CARTESIAN_POINT('',(17.440060270622,8.374431834023,
    16.960412480934));
#4915 = CARTESIAN_POINT('',(17.427725244513,8.368457683216,
    16.967331588264));
#4916 = CARTESIAN_POINT('',(17.415060286835,8.36228401004,
    16.973438155891));
#4917 = CARTESIAN_POINT('',(17.389206067694,8.349611968795,
    16.983968643894));
#4918 = CARTESIAN_POINT('',(17.376016923908,8.34311366111,
    16.988393234102));
#4919 = CARTESIAN_POINT('',(17.362628570565,8.336487805232,
    16.991950462939));
#4920 = CARTESIAN_POINT('',(17.335570855335,8.323045166061,
    16.997306162584));
#4921 = CARTESIAN_POINT('',(17.32190102603,8.316228056481,
    16.999102050388));
#4922 = CARTESIAN_POINT('',(17.308169097713,8.309357258583,17.));
#4923 = CARTESIAN_POINT('',(17.294445295214,8.302469417215,17.));
#4924 = PCURVE('',#1215,#4925);
#4925 = DEFINITIONAL_REPRESENTATION('',(#4926),#4956);
#4926 = B_SPLINE_CURVE_WITH_KNOTS('',4,(#4927,#4928,#4929,#4930,#4931,
    #4932,#4933,#4934,#4935,#4936,#4937,#4938,#4939,#4940,#4941,#4942,
    #4943,#4944,#4945,#4946,#4947,#4948,#4949,#4950,#4951,#4952,#4953,
    #4954,#4955),.UNSPECIFIED.,.F.,.F.,(5,3,3,3,3,3,3,3,3,5),(0.,
    1.97181394917E-02,0.142986738954,0.265636094336,0.388171863983,
    0.510581223694,0.633276141455,0.75548842287,0.877654439556,1.),
  .UNSPECIFIED.);
#4927 = CARTESIAN_POINT('',(7.604642823913,0.680353995004));
#4928 = CARTESIAN_POINT('',(7.604673053126,0.682819280703));
#4929 = CARTESIAN_POINT('',(7.604722962912,0.685284226658));
#4930 = CARTESIAN_POINT('',(7.604792591435,0.687748552169));
#4931 = CARTESIAN_POINT('',(7.605440083893,0.705612161486));
#4932 = CARTESIAN_POINT('',(7.606767122468,0.720977150413));
#4933 = CARTESIAN_POINT('',(7.608859498118,0.736238601637));
#4934 = CARTESIAN_POINT('',(7.614547130713,0.766342012846));
#4935 = CARTESIAN_POINT('',(7.618134720913,0.781185684368));
#4936 = CARTESIAN_POINT('',(7.622466728081,0.795791873929));
#4937 = CARTESIAN_POINT('',(7.632591624427,0.824380742127));
#4938 = CARTESIAN_POINT('',(7.638383050446,0.838364010952));
#4939 = CARTESIAN_POINT('',(7.644894273306,0.851975161902));
#4940 = CARTESIAN_POINT('',(7.659309119494,0.878305258389));
#4941 = CARTESIAN_POINT('',(7.667211176834,0.891025183334));
#4942 = CARTESIAN_POINT('',(7.675791767031,0.903239664161));
#4943 = CARTESIAN_POINT('',(7.694267633291,0.926555583698));
#4944 = CARTESIAN_POINT('',(7.704165829323,0.937654481898));
#4945 = CARTESIAN_POINT('',(7.71468123938,0.948115505786));
#4946 = CARTESIAN_POINT('',(7.736807311474,0.967604921058));
#4947 = CARTESIAN_POINT('',(7.748413471291,0.976638937256));
#4948 = CARTESIAN_POINT('',(7.760537119458,0.98492287317));
#4949 = CARTESIAN_POINT('',(7.785686776038,0.999891081318));
#4950 = CARTESIAN_POINT('',(7.798712512084,1.006576106719));
#4951 = CARTESIAN_POINT('',(7.812127420887,1.012415220592));
#4952 = CARTESIAN_POINT('',(7.83959819721,1.0223415623));
#4953 = CARTESIAN_POINT('',(7.853655155848,1.026426336462));
#4954 = CARTESIAN_POINT('',(7.867944246076,1.029595274635));
#4955 = CARTESIAN_POINT('',(7.882376402652,1.031832749062));
#4956 = ( GEOMETRIC_REPRESENTATION_CONTEXT(2) 
PARAMETRIC_REPRESENTATION_CONTEXT() REPRESENTATION_CONTEXT('2D SPACE',''
  ) );
#4957 = PCURVE('',#1544,#4958);
#4958 = DEFINITIONAL_REPRESENTATION('',(#4959),#4989);
#4959 = B_SPLINE_CURVE_WITH_KNOTS('',4,(#4960,#4961,#4962,#4963,#4964,
    #4965,#4966,#4967,#4968,#4969,#4970,#4971,#4972,#4973,#4974,#4975,
    #4976,#4977,#4978,#4979,#4980,#4981,#4982,#4983,#4984,#4985,#4986,
    #4987,#4988),.UNSPECIFIED.,.F.,.F.,(5,3,3,3,3,3,3,3,3,5),(0.,
    1.97181394917E-02,0.142986738954,0.265636094336,0.388171863983,
    0.510581223694,0.633276141455,0.75548842287,0.877654439556,1.),
  .UNSPECIFIED.);
#4960 = CARTESIAN_POINT('',(0.4472615628,0.13962634016));
#4961 = CARTESIAN_POINT('',(0.447268131716,0.146661109658));
#4962 = CARTESIAN_POINT('',(0.447274635893,0.153695929863));
#4963 = CARTESIAN_POINT('',(0.447281074588,0.160730816164));
#4964 = CARTESIAN_POINT('',(0.447327285197,0.211745093016));
#4965 = CARTESIAN_POINT('',(0.447364537403,0.255727472844));
#4966 = CARTESIAN_POINT('',(0.447399037272,0.299716359188));
#4967 = CARTESIAN_POINT('',(0.447462227225,0.387491969318));
#4968 = CARTESIAN_POINT('',(0.447490945478,0.431278575431));
#4969 = CARTESIAN_POINT('',(0.447516794923,0.475077331904));
#4970 = CARTESIAN_POINT('',(0.447562766165,0.562661861544));
#4971 = CARTESIAN_POINT('',(0.447582892951,0.606447603821));
#4972 = CARTESIAN_POINT('',(0.44760018752,0.650248671369));
#4973 = CARTESIAN_POINT('',(0.447629285567,0.737836307925));
#4974 = CARTESIAN_POINT('',(0.447641094189,0.781622864961));
#4975 = CARTESIAN_POINT('',(0.447650264342,0.825424683282));
#4976 = CARTESIAN_POINT('',(0.44766365773,0.913158124085));
#4977 = CARTESIAN_POINT('',(0.447667868602,0.957089857437));
#4978 = CARTESIAN_POINT('',(0.447669744773,1.001033916267));
#4979 = CARTESIAN_POINT('',(0.44766922677,1.088769127253));
#4980 = CARTESIAN_POINT('',(0.44766684837,1.132560262738));
#4981 = CARTESIAN_POINT('',(0.447662547122,1.176359012451));
#4982 = CARTESIAN_POINT('',(0.447650514473,1.263950760241));
#4983 = CARTESIAN_POINT('',(0.447642783298,1.307743812526));
#4984 = CARTESIAN_POINT('',(0.44763354247,1.351540135649));
#4985 = CARTESIAN_POINT('',(0.447612393089,1.439201001276));
#4986 = CARTESIAN_POINT('',(0.447600479708,1.483065595616));
#4987 = CARTESIAN_POINT('',(0.447587419129,1.526930836023));
#4988 = CARTESIAN_POINT('',(0.447573344294,1.570796326795));
#4989 = ( GEOMETRIC_REPRESENTATION_CONTEXT(2) 
PARAMETRIC_REPRESENTATION_CONTEXT() REPRESENTATION_CONTEXT('2D SPACE',''
  ) );
#4990 = ORIENTED_EDGE('',*,*,#4991,.T.);
#4991 = EDGE_CURVE('',#4891,#4736,#4992,.T.);
#4992 = SURFACE_CURVE('',#4993,(#5032,#5105),.PCURVE_S1.);
#4993 = B_SPLINE_CURVE_WITH_KNOTS('',7,(#4994,#4995,#4996,#4997,#4998,
    #4999,#5000,#5001,#5002,#5003,#5004,#5005,#5006,#5007,#5008,#5009,
    #5010,#5011,#5012,#5013,#5014,#5015,#5016,#5017,#5018,#5019,#5020,
    #5021,#5022,#5023,#5024,#5025,#5026,#5027,#5028,#5029,#5030,#5031),
  .UNSPECIFIED.,.F.,.F.,(8,6,6,6,6,6,8),(0.741795890122,0.823668423302,
    0.878544277659,1.,1.121448595208,1.176320530943,1.258204133755),
  .UNSPECIFIED.);
#4994 = CARTESIAN_POINT('',(17.294445295166,8.302469417315,17.));
#4995 = CARTESIAN_POINT('',(17.363806038309,8.337280892179,17.));
#4996 = CARTESIAN_POINT('',(17.436287927401,8.366189890405,17.));
#4997 = CARTESIAN_POINT('',(17.511279968094,8.388840473357,17.));
#4998 = CARTESIAN_POINT('',(17.588127695485,8.404964449632,17.));
#4999 = CARTESIAN_POINT('',(17.66614326239,8.41437942927,17.));
#5000 = CARTESIAN_POINT('',(17.744614071865,8.416994373963,17.));
#5001 = CARTESIAN_POINT('',(17.875221497468,8.410026500502,17.));
#5002 = CARTESIAN_POINT('',(17.927513872071,8.404181182746,17.));
#5003 = CARTESIAN_POINT('',(17.979469532165,8.395289984254,17.));
#5004 = CARTESIAN_POINT('',(18.030872461393,8.383375834456,17.));
#5005 = CARTESIAN_POINT('',(18.08150941983,8.368481184346,17.));
#5006 = CARTESIAN_POINT('',(18.131171191188,8.350667892914,17.));
#5007 = CARTESIAN_POINT('',(18.286959565648,8.284311122281,17.));
#5008 = CARTESIAN_POINT('',(18.38854308483,8.224682658155,17.));
#5009 = CARTESIAN_POINT('',(18.482110971093,8.152020499926,17.));
#5010 = CARTESIAN_POINT('',(18.565670668482,8.06767974407,17.));
#5011 = CARTESIAN_POINT('',(18.637535225365,7.973329615455,17.));
#5012 = CARTESIAN_POINT('',(18.696322398368,7.870946112779,17.));
#5013 = CARTESIAN_POINT('',(18.785893093713,7.654703325285,17.));
#5014 = CARTESIAN_POINT('',(18.816719356117,7.540745497445,17.));
#5015 = CARTESIAN_POINT('',(18.832619878619,7.423221298517,17.));
#5016 = CARTESIAN_POINT('',(18.833174844636,7.304504936248,17.));
#5017 = CARTESIAN_POINT('',(18.81839673827,7.186969166937,17.));
#5018 = CARTESIAN_POINT('',(18.788736142352,7.072980726739,17.));
#5019 = CARTESIAN_POINT('',(18.725509537688,6.915907299629,17.));
#5020 = CARTESIAN_POINT('',(18.702993235235,6.868197506974,17.));
#5021 = CARTESIAN_POINT('',(18.677723902365,6.821861607156,17.));
#5022 = CARTESIAN_POINT('',(18.649805703803,6.777091243968,17.));
#5023 = CARTESIAN_POINT('',(18.619359368866,6.734067186927,17.));
#5024 = CARTESIAN_POINT('',(18.586521390231,6.692958369364,17.));
#5025 = CARTESIAN_POINT('',(18.499097215649,6.59566662178,17.));
#5026 = CARTESIAN_POINT('',(18.441756215028,6.542017714894,17.));
#5027 = CARTESIAN_POINT('',(18.379927250319,6.493500211877,17.));
#5028 = CARTESIAN_POINT('',(18.314178785384,6.450553830632,17.));
#5029 = CARTESIAN_POINT('',(18.24512640904,6.413536152814,17.));
#5030 = CARTESIAN_POINT('',(18.173422800638,6.382720440763,17.));
#5031 = CARTESIAN_POINT('',(18.099751970648,6.358287119495,17.));
#5032 = PCURVE('',#1215,#5033);
#5033 = DEFINITIONAL_REPRESENTATION('',(#5034),#5104);
#5034 = B_SPLINE_CURVE_WITH_KNOTS('',3,(#5035,#5036,#5037,#5038,#5039,
    #5040,#5041,#5042,#5043,#5044,#5045,#5046,#5047,#5048,#5049,#5050,
    #5051,#5052,#5053,#5054,#5055,#5056,#5057,#5058,#5059,#5060,#5061,
    #5062,#5063,#5064,#5065,#5066,#5067,#5068,#5069,#5070,#5071,#5072,
    #5073,#5074,#5075,#5076,#5077,#5078,#5079,#5080,#5081,#5082,#5083,
    #5084,#5085,#5086,#5087,#5088,#5089,#5090,#5091,#5092,#5093,#5094,
    #5095,#5096,#5097,#5098,#5099,#5100,#5101,#5102,#5103),
  .UNSPECIFIED.,.F.,.F.,(4,1,1,1,1,1,1,1,1,1,1,1,1,1,1,1,1,1,1,1,1,1,1,1
    ,1,1,1,1,1,1,1,1,1,1,1,1,1,1,1,1,1,1,1,1,1,1,1,1,1,1,1,1,1,1,1,1,1,1
    ,1,1,1,1,1,1,1,1,4),(0.741795890122,0.74962025745,0.757444624778,
    0.765268992106,0.773093359433,0.780917726761,0.788742094089,
    0.796566461417,0.804390828744,0.812215196072,0.8200395634,
    0.827863930728,0.835688298055,0.843512665383,0.851337032711,
    0.859161400039,0.866985767367,0.874810134694,0.882634502022,
    0.89045886935,0.898283236678,0.906107604005,0.913931971333,
    0.921756338661,0.929580705989,0.937405073316,0.945229440644,
    0.953053807972,0.9608781753,0.968702542627,0.976526909955,
    0.984351277283,0.992175644611,1.000000011938,1.007824379266,
    1.015648746594,1.023473113922,1.03129748125,1.039121848577,
    1.046946215905,1.054770583233,1.062594950561,1.070419317888,
    1.078243685216,1.086068052544,1.093892419872,1.101716787199,
    1.109541154527,1.117365521855,1.125189889183,1.13301425651,
    1.140838623838,1.148662991166,1.156487358494,1.164311725822,
    1.172136093149,1.179960460477,1.187784827805,1.195609195133,
    1.20343356246,1.211257929788,1.219082297116,1.226906664444,
    1.234731031771,1.242555399099,1.250379766427,1.258204133755),
  .QUASI_UNIFORM_KNOTS.);
#5035 = CARTESIAN_POINT('',(7.882376400371,1.0318327639));
#5036 = CARTESIAN_POINT('',(7.866111179149,1.029311100647));
#5037 = CARTESIAN_POINT('',(7.833599900695,1.024262236658));
#5038 = CARTESIAN_POINT('',(7.784886972822,1.016690572896));
#5039 = CARTESIAN_POINT('',(7.736224774471,1.009138842031));
#5040 = CARTESIAN_POINT('',(7.68760919878,1.001625148722));
#5041 = CARTESIAN_POINT('',(7.639035855156,0.994167452767));
#5042 = CARTESIAN_POINT('',(7.590500170013,0.986783538481));
#5043 = CARTESIAN_POINT('',(7.54199760645,0.979491005414));
#5044 = CARTESIAN_POINT('',(7.493523835336,0.972307249751));
#5045 = CARTESIAN_POINT('',(7.445074989818,0.965249456045));
#5046 = CARTESIAN_POINT('',(7.396647683907,0.958334554034));
#5047 = CARTESIAN_POINT('',(7.34823997835,0.95157930635));
#5048 = CARTESIAN_POINT('',(7.299845714699,0.944999475521));
#5049 = CARTESIAN_POINT('',(7.251462334976,0.938610883601));
#5050 = CARTESIAN_POINT('',(7.203086687271,0.932428801319));
#5051 = CARTESIAN_POINT('',(7.154715816594,0.926468004413));
#5052 = CARTESIAN_POINT('',(7.10634705288,0.920742743528));
#5053 = CARTESIAN_POINT('',(7.057978018868,0.9152667207));
#5054 = CARTESIAN_POINT('',(7.00960763409,0.910053161132));
#5055 = CARTESIAN_POINT('',(6.961226030003,0.90511375784));
#5056 = CARTESIAN_POINT('',(6.912836950529,0.900460999335));
#5057 = CARTESIAN_POINT('',(6.864441088319,0.896106267805));
#5058 = CARTESIAN_POINT('',(6.816039010584,0.892060170525));
#5059 = CARTESIAN_POINT('',(6.767630645494,0.888332473036));
#5060 = CARTESIAN_POINT('',(6.719215661895,0.884932133771));
#5061 = CARTESIAN_POINT('',(6.670793587479,0.881867305558));
#5062 = CARTESIAN_POINT('',(6.622363979924,0.879145339522));
#5063 = CARTESIAN_POINT('',(6.573926574989,0.876772781504));
#5064 = CARTESIAN_POINT('',(6.525481428129,0.874755363339));
#5065 = CARTESIAN_POINT('',(6.477029086507,0.873097988139));
#5066 = CARTESIAN_POINT('',(6.428570654872,0.871804709649));
#5067 = CARTESIAN_POINT('',(6.380108292812,0.870878705593));
#5068 = CARTESIAN_POINT('',(6.33164415905,0.870322244779));
#5069 = CARTESIAN_POINT('',(6.28318523297,0.870136648905));
#5070 = CARTESIAN_POINT('',(6.234726308535,0.87032224591));
#5071 = CARTESIAN_POINT('',(6.186262178567,0.870878707791));
#5072 = CARTESIAN_POINT('',(6.137799821495,0.871804712823));
#5073 = CARTESIAN_POINT('',(6.089341395374,0.873097992188));
#5074 = CARTESIAN_POINT('',(6.040889059306,0.874755368168));
#5075 = CARTESIAN_POINT('',(5.992443917709,0.876772787032));
#5076 = CARTESIAN_POINT('',(5.944006517539,0.879145345683));
#5077 = CARTESIAN_POINT('',(5.895576914151,0.881867312305));
#5078 = CARTESIAN_POINT('',(5.847154843306,0.884932141069));
#5079 = CARTESIAN_POINT('',(5.798739862791,0.888332480854));
#5080 = CARTESIAN_POINT('',(5.750331500538,0.892060178824));
#5081 = CARTESIAN_POINT('',(5.701929425746,0.896106276521));
#5082 = CARTESIAN_POINT('',(5.653533567257,0.900461008336));
#5083 = CARTESIAN_POINT('',(5.605144492695,0.905113766943));
#5084 = CARTESIAN_POINT('',(5.556762897313,0.910053169857));
#5085 = CARTESIAN_POINT('',(5.508392521037,0.915266728946));
#5086 = CARTESIAN_POINT('',(5.460023490231,0.920742751784));
#5087 = CARTESIAN_POINT('',(5.41165473151,0.926468012423));
#5088 = CARTESIAN_POINT('',(5.363283865282,0.932428809088));
#5089 = CARTESIAN_POINT('',(5.314908222006,0.938610891071));
#5090 = CARTESIAN_POINT('',(5.266524846414,0.944999482667));
#5091 = CARTESIAN_POINT('',(5.218130587903,0.951579312975));
#5092 = CARTESIAN_POINT('',(5.169722885502,0.95833456039));
#5093 = CARTESIAN_POINT('',(5.121295582234,0.965249462152));
#5094 = CARTESIAN_POINT('',(5.072846741587,0.972307255257));
#5095 = CARTESIAN_POINT('',(5.024372975624,0.979491010238));
#5096 = CARTESIAN_POINT('',(4.975870417175,0.986783542596));
#5097 = CARTESIAN_POINT('',(4.927334736697,0.994167456211));
#5098 = CARTESIAN_POINT('',(4.878761397216,1.001625151553));
#5099 = CARTESIAN_POINT('',(4.830145825283,1.009138844294));
#5100 = CARTESIAN_POINT('',(4.781483630697,1.01669057458));
#5101 = CARTESIAN_POINT('',(4.732770707211,1.024262237661));
#5102 = CARTESIAN_POINT('',(4.700259432777,1.029311101025));
#5103 = CARTESIAN_POINT('',(4.683994213989,1.0318327639));
#5104 = ( GEOMETRIC_REPRESENTATION_CONTEXT(2) 
PARAMETRIC_REPRESENTATION_CONTEXT() REPRESENTATION_CONTEXT('2D SPACE',''
  ) );
#5105 = PCURVE('',#4484,#5106);
#5106 = DEFINITIONAL_REPRESENTATION('',(#5107),#5146);
#5107 = B_SPLINE_CURVE_WITH_KNOTS('',7,(#5108,#5109,#5110,#5111,#5112,
    #5113,#5114,#5115,#5116,#5117,#5118,#5119,#5120,#5121,#5122,#5123,
    #5124,#5125,#5126,#5127,#5128,#5129,#5130,#5131,#5132,#5133,#5134,
    #5135,#5136,#5137,#5138,#5139,#5140,#5141,#5142,#5143,#5144,#5145),
  .UNSPECIFIED.,.F.,.F.,(8,6,6,6,6,6,8),(0.741795890122,0.823668423302,
    0.878544277659,1.,1.121448595208,1.176320530943,1.258204133755),
  .UNSPECIFIED.);
#5108 = CARTESIAN_POINT('',(52.800766540616,54.288779250362));
#5109 = CARTESIAN_POINT('',(52.851525736879,54.347484066744));
#5110 = CARTESIAN_POINT('',(52.907427276021,54.401930116612));
#5111 = CARTESIAN_POINT('',(52.96804288469,54.451554738133));
#5112 = CARTESIAN_POINT('',(53.032870548562,54.495859701883));
#5113 = CARTESIAN_POINT('',(53.101344577319,54.534413273792));
#5114 = CARTESIAN_POINT('',(53.172841456083,54.566858646382));
#5115 = CARTESIAN_POINT('',(53.296173473123,54.610402468629));
#5116 = CARTESIAN_POINT('',(53.346722233987,54.625013524592));
#5117 = CARTESIAN_POINT('',(53.398125519303,54.636681698622));
#5118 = CARTESIAN_POINT('',(53.450174981266,54.645345508866));
#5119 = CARTESIAN_POINT('',(53.502657366583,54.650962571545));
#5120 = CARTESIAN_POINT('',(53.555355712195,54.653509973305));
#5121 = CARTESIAN_POINT('',(53.724679039509,54.651821940935));
#5122 = CARTESIAN_POINT('',(53.84134879904,54.635606753166));
#5123 = CARTESIAN_POINT('',(53.955600858173,54.604282552264));
#5124 = CARTESIAN_POINT('',(54.065075762272,54.558338765976));
#5125 = CARTESIAN_POINT('',(54.167576186553,54.498671988553));
#5126 = CARTESIAN_POINT('',(54.261068922685,54.426578843107));
#5127 = CARTESIAN_POINT('',(54.42657398697,54.261073778822));
#5128 = CARTESIAN_POINT('',(54.498663512572,54.167587174015));
#5129 = CARTESIAN_POINT('',(54.558328243699,54.065093838578));
#5130 = CARTESIAN_POINT('',(54.604271750435,53.955626597605));
#5131 = CARTESIAN_POINT('',(54.635597552059,53.841382369532));
#5132 = CARTESIAN_POINT('',(54.651816222114,53.724720164038));
#5133 = CARTESIAN_POINT('',(54.653511854374,53.55540746554));
#5134 = CARTESIAN_POINT('',(54.6509672506,53.502712748699));
#5135 = CARTESIAN_POINT('',(54.645353412345,53.4502338042));
#5136 = CARTESIAN_POINT('',(54.636693236363,53.398187549937));
#5137 = CARTESIAN_POINT('',(54.625029084497,53.346787196275));
#5138 = CARTESIAN_POINT('',(54.610422411552,53.296241050747));
#5139 = CARTESIAN_POINT('',(54.566884945915,53.172899413271));
#5140 = CARTESIAN_POINT('',(54.534439316899,53.101390835324));
#5141 = CARTESIAN_POINT('',(54.495883646472,53.032905586883));
#5142 = CARTESIAN_POINT('',(54.451574854006,52.968067456022));
#5143 = CARTESIAN_POINT('',(54.401944828837,52.907442380753));
#5144 = CARTESIAN_POINT('',(54.347491995085,52.851532592133));
#5145 = CARTESIAN_POINT('',(54.288779250362,52.800766540616));
#5146 = ( GEOMETRIC_REPRESENTATION_CONTEXT(2) 
PARAMETRIC_REPRESENTATION_CONTEXT() REPRESENTATION_CONTEXT('2D SPACE',''
  ) );
#5147 = ORIENTED_EDGE('',*,*,#4735,.T.);
#5148 = ORIENTED_EDGE('',*,*,#1171,.F.);
#5149 = ADVANCED_FACE('',(#5150),#1155,.F.);
#5150 = FACE_BOUND('',#5151,.T.);
#5151 = EDGE_LOOP('',(#5152,#5174,#5175,#5176));
#5152 = ORIENTED_EDGE('',*,*,#5153,.T.);
#5153 = EDGE_CURVE('',#1098,#1622,#5154,.T.);
#5154 = SURFACE_CURVE('',#5155,(#5160,#5167),.PCURVE_S1.);
#5155 = CIRCLE('',#5156,0.8);
#5156 = AXIS2_PLACEMENT_3D('',#5157,#5158,#5159);
#5157 = CARTESIAN_POINT('',(17.865610004788,7.400177964051,
    15.916918667024));
#5158 = DIRECTION('',(-0.128579179453,-5.325923996829E-02,0.990268068742
    ));
#5159 = DIRECTION('',(0.68438644141,-0.727420874155,4.974003073069E-02)
  );
#5160 = PCURVE('',#1155,#5161);
#5161 = DEFINITIONAL_REPRESENTATION('',(#5162),#5166);
#5162 = LINE('',#5163,#5164);
#5163 = CARTESIAN_POINT('',(-5.077868164157,3.14159265359));
#5164 = VECTOR('',#5165,1.);
#5165 = DIRECTION('',(-1.,0.));
#5166 = ( GEOMETRIC_REPRESENTATION_CONTEXT(2) 
PARAMETRIC_REPRESENTATION_CONTEXT() REPRESENTATION_CONTEXT('2D SPACE',''
  ) );
#5167 = PCURVE('',#1117,#5168);
#5168 = DEFINITIONAL_REPRESENTATION('',(#5169),#5173);
#5169 = LINE('',#5170,#5171);
#5170 = CARTESIAN_POINT('',(5.077868164157,3.058017564517));
#5171 = VECTOR('',#5172,1.);
#5172 = DIRECTION('',(1.,0.));
#5173 = ( GEOMETRIC_REPRESENTATION_CONTEXT(2) 
PARAMETRIC_REPRESENTATION_CONTEXT() REPRESENTATION_CONTEXT('2D SPACE',''
  ) );
#5174 = ORIENTED_EDGE('',*,*,#1621,.T.);
#5175 = ORIENTED_EDGE('',*,*,#4867,.F.);
#5176 = ORIENTED_EDGE('',*,*,#1131,.F.);
#5177 = ADVANCED_FACE('',(#5178),#1117,.T.);
#5178 = FACE_BOUND('',#5179,.T.);
#5179 = EDGE_LOOP('',(#5180,#5181,#5182,#5183,#5184));
#5180 = ORIENTED_EDGE('',*,*,#1389,.T.);
#5181 = ORIENTED_EDGE('',*,*,#1419,.T.);
#5182 = ORIENTED_EDGE('',*,*,#1656,.F.);
#5183 = ORIENTED_EDGE('',*,*,#5153,.F.);
#5184 = ORIENTED_EDGE('',*,*,#1097,.F.);
#5185 = ADVANCED_FACE('',(#5186),#1497,.T.);
#5186 = FACE_BOUND('',#5187,.T.);
#5187 = EDGE_LOOP('',(#5188,#5349,#5448,#5449,#5471,#5472));
#5188 = ORIENTED_EDGE('',*,*,#5189,.T.);
#5189 = EDGE_CURVE('',#5190,#5192,#5194,.T.);
#5190 = VERTEX_POINT('',#5191);
#5191 = CARTESIAN_POINT('',(6.358287119494,18.099751970648,17.));
#5192 = VERTEX_POINT('',#5193);
#5193 = CARTESIAN_POINT('',(8.302469417314,17.294445295166,17.));
#5194 = SURFACE_CURVE('',#5195,(#5234,#5307),.PCURVE_S1.);
#5195 = B_SPLINE_CURVE_WITH_KNOTS('',7,(#5196,#5197,#5198,#5199,#5200,
    #5201,#5202,#5203,#5204,#5205,#5206,#5207,#5208,#5209,#5210,#5211,
    #5212,#5213,#5214,#5215,#5216,#5217,#5218,#5219,#5220,#5221,#5222,
    #5223,#5224,#5225,#5226,#5227,#5228,#5229,#5230,#5231,#5232,#5233),
  .UNSPECIFIED.,.F.,.F.,(8,6,6,6,6,6,8),(0.741795890122,0.823668423302,
    0.878544277659,1.,1.121448595208,1.176320530943,1.258204133755),
  .UNSPECIFIED.);
#5196 = CARTESIAN_POINT('',(6.358287119494,18.099751970648,17.));
#5197 = CARTESIAN_POINT('',(6.382717141379,18.173412852413,17.));
#5198 = CARTESIAN_POINT('',(6.413527827986,18.245107036386,17.));
#5199 = CARTESIAN_POINT('',(6.450538827693,18.314150797699,17.));
#5200 = CARTESIAN_POINT('',(6.493477003886,18.379891719818,17.));
#5201 = CARTESIAN_POINT('',(6.541984944335,18.441714452163,17.));
#5202 = CARTESIAN_POINT('',(6.595623140716,18.499050738792,17.));
#5203 = CARTESIAN_POINT('',(6.692903567608,18.586477104535,17.));
#5204 = CARTESIAN_POINT('',(6.734013124117,18.619320133397,17.));
#5205 = CARTESIAN_POINT('',(6.777038350437,18.649771306224,17.));
#5206 = CARTESIAN_POINT('',(6.821810286382,18.67769408994,17.));
#5207 = CARTESIAN_POINT('',(6.868148131167,18.702967718533,17.));
#5208 = CARTESIAN_POINT('',(6.915860205627,18.72548799466,17.));
#5209 = CARTESIAN_POINT('',(7.07294054413,18.788725688178,17.));
#5210 = CARTESIAN_POINT('',(7.186934630736,18.818392392113,17.));
#5211 = CARTESIAN_POINT('',(7.304477022433,18.833174974172,17.));
#5212 = CARTESIAN_POINT('',(7.423200571487,18.832622682432,17.));
#5213 = CARTESIAN_POINT('',(7.540732102736,18.816722982182,17.));
#5214 = CARTESIAN_POINT('',(7.654696980436,18.785895721835,17.));
#5215 = CARTESIAN_POINT('',(7.87093976793,18.69632502649,17.));
#5216 = CARTESIAN_POINT('',(7.973317579949,18.637542132839,17.));
#5217 = CARTESIAN_POINT('',(8.067663105251,18.56568334211,17.));
#5218 = CARTESIAN_POINT('',(8.152000670283,18.482130617546,17.));
#5219 = CARTESIAN_POINT('',(8.22466131057,18.388570578809,17.));
#5220 = CARTESIAN_POINT('',(8.284290101103,18.286995371261,17.));
#5221 = CARTESIAN_POINT('',(8.350649825647,18.131219724897,17.));
#5222 = CARTESIAN_POINT('',(8.368464313411,18.08156237683,17.));
#5223 = CARTESIAN_POINT('',(8.383360625756,18.030929831228,17.));
#5224 = CARTESIAN_POINT('',(8.395276905641,17.9795312563,17.));
#5225 = CARTESIAN_POINT('',(8.404170698232,17.927579843916,17.));
#5226 = CARTESIAN_POINT('',(8.410019064524,17.875291562878,17.));
#5227 = CARTESIAN_POINT('',(8.416996492308,17.744677681721,17.));
#5228 = CARTESIAN_POINT('',(8.414385787792,17.66619596548,17.));
#5229 = CARTESIAN_POINT('',(8.404973162962,17.58816922987,17.));
#5230 = CARTESIAN_POINT('',(8.388849654959,17.511310367056,17.));
#5231 = CARTESIAN_POINT('',(8.366197702398,17.436307512478,17.));
#5232 = CARTESIAN_POINT('',(8.337285593619,17.363815405783,17.));
#5233 = CARTESIAN_POINT('',(8.302469417314,17.294445295166,17.));
#5234 = PCURVE('',#1497,#5235);
#5235 = DEFINITIONAL_REPRESENTATION('',(#5236),#5306);
#5236 = B_SPLINE_CURVE_WITH_KNOTS('',3,(#5237,#5238,#5239,#5240,#5241,
    #5242,#5243,#5244,#5245,#5246,#5247,#5248,#5249,#5250,#5251,#5252,
    #5253,#5254,#5255,#5256,#5257,#5258,#5259,#5260,#5261,#5262,#5263,
    #5264,#5265,#5266,#5267,#5268,#5269,#5270,#5271,#5272,#5273,#5274,
    #5275,#5276,#5277,#5278,#5279,#5280,#5281,#5282,#5283,#5284,#5285,
    #5286,#5287,#5288,#5289,#5290,#5291,#5292,#5293,#5294,#5295,#5296,
    #5297,#5298,#5299,#5300,#5301,#5302,#5303,#5304,#5305),
  .UNSPECIFIED.,.F.,.F.,(4,1,1,1,1,1,1,1,1,1,1,1,1,1,1,1,1,1,1,1,1,1,1,1
    ,1,1,1,1,1,1,1,1,1,1,1,1,1,1,1,1,1,1,1,1,1,1,1,1,1,1,1,1,1,1,1,1,1,1
    ,1,1,1,1,1,1,1,1,4),(0.741795890122,0.74962025745,0.757444624778,
    0.765268992106,0.773093359433,0.780917726761,0.788742094089,
    0.796566461417,0.804390828744,0.812215196072,0.8200395634,
    0.827863930728,0.835688298055,0.843512665383,0.851337032711,
    0.859161400039,0.866985767366,0.874810134694,0.882634502022,
    0.89045886935,0.898283236678,0.906107604005,0.913931971333,
    0.921756338661,0.929580705989,0.937405073316,0.945229440644,
    0.953053807972,0.9608781753,0.968702542627,0.976526909955,
    0.984351277283,0.992175644611,1.000000011938,1.007824379266,
    1.015648746594,1.023473113922,1.03129748125,1.039121848577,
    1.046946215905,1.054770583233,1.062594950561,1.070419317888,
    1.078243685216,1.086068052544,1.093892419872,1.101716787199,
    1.109541154527,1.117365521855,1.125189889183,1.13301425651,
    1.140838623838,1.148662991166,1.156487358494,1.164311725821,
    1.172136093149,1.179960460477,1.187784827805,1.195609195133,
    1.20343356246,1.211257929788,1.219082297116,1.226906664444,
    1.234731031771,1.242555399099,1.250379766427,1.258204133755),
  .QUASI_UNIFORM_KNOTS.);
#5237 = CARTESIAN_POINT('',(7.882376400371,1.0318327639));
#5238 = CARTESIAN_POINT('',(7.866111179149,1.029311100647));
#5239 = CARTESIAN_POINT('',(7.833599900695,1.024262236658));
#5240 = CARTESIAN_POINT('',(7.784886972822,1.016690572896));
#5241 = CARTESIAN_POINT('',(7.736224774471,1.009138842031));
#5242 = CARTESIAN_POINT('',(7.68760919878,1.001625148722));
#5243 = CARTESIAN_POINT('',(7.639035855156,0.994167452767));
#5244 = CARTESIAN_POINT('',(7.590500170013,0.986783538481));
#5245 = CARTESIAN_POINT('',(7.54199760645,0.979491005414));
#5246 = CARTESIAN_POINT('',(7.493523835337,0.972307249751));
#5247 = CARTESIAN_POINT('',(7.445074989818,0.965249456045));
#5248 = CARTESIAN_POINT('',(7.396647683907,0.958334554034));
#5249 = CARTESIAN_POINT('',(7.34823997835,0.95157930635));
#5250 = CARTESIAN_POINT('',(7.299845714699,0.944999475521));
#5251 = CARTESIAN_POINT('',(7.251462334976,0.938610883601));
#5252 = CARTESIAN_POINT('',(7.203086687271,0.932428801319));
#5253 = CARTESIAN_POINT('',(7.154715816594,0.926468004413));
#5254 = CARTESIAN_POINT('',(7.10634705288,0.920742743528));
#5255 = CARTESIAN_POINT('',(7.057978018869,0.9152667207));
#5256 = CARTESIAN_POINT('',(7.00960763409,0.910053161132));
#5257 = CARTESIAN_POINT('',(6.961226030003,0.90511375784));
#5258 = CARTESIAN_POINT('',(6.912836950529,0.900460999335));
#5259 = CARTESIAN_POINT('',(6.864441088319,0.896106267805));
#5260 = CARTESIAN_POINT('',(6.816039010585,0.892060170525));
#5261 = CARTESIAN_POINT('',(6.767630645494,0.888332473036));
#5262 = CARTESIAN_POINT('',(6.719215661895,0.884932133771));
#5263 = CARTESIAN_POINT('',(6.670793587479,0.881867305558));
#5264 = CARTESIAN_POINT('',(6.622363979924,0.879145339522));
#5265 = CARTESIAN_POINT('',(6.573926574989,0.876772781504));
#5266 = CARTESIAN_POINT('',(6.525481428129,0.874755363339));
#5267 = CARTESIAN_POINT('',(6.477029086507,0.873097988139));
#5268 = CARTESIAN_POINT('',(6.428570654872,0.871804709649));
#5269 = CARTESIAN_POINT('',(6.380108292812,0.870878705593));
#5270 = CARTESIAN_POINT('',(6.33164415905,0.870322244779));
#5271 = CARTESIAN_POINT('',(6.28318523297,0.870136648905));
#5272 = CARTESIAN_POINT('',(6.234726308535,0.87032224591));
#5273 = CARTESIAN_POINT('',(6.186262178567,0.870878707791));
#5274 = CARTESIAN_POINT('',(6.137799821495,0.871804712823));
#5275 = CARTESIAN_POINT('',(6.089341395374,0.873097992188));
#5276 = CARTESIAN_POINT('',(6.040889059306,0.874755368168));
#5277 = CARTESIAN_POINT('',(5.992443917709,0.876772787032));
#5278 = CARTESIAN_POINT('',(5.944006517539,0.879145345683));
#5279 = CARTESIAN_POINT('',(5.895576914151,0.881867312305));
#5280 = CARTESIAN_POINT('',(5.847154843306,0.884932141069));
#5281 = CARTESIAN_POINT('',(5.798739862791,0.888332480854));
#5282 = CARTESIAN_POINT('',(5.750331500538,0.892060178824));
#5283 = CARTESIAN_POINT('',(5.701929425746,0.896106276521));
#5284 = CARTESIAN_POINT('',(5.653533567257,0.900461008336));
#5285 = CARTESIAN_POINT('',(5.605144492695,0.905113766943));
#5286 = CARTESIAN_POINT('',(5.556762897313,0.910053169857));
#5287 = CARTESIAN_POINT('',(5.508392521037,0.915266728946));
#5288 = CARTESIAN_POINT('',(5.460023490231,0.920742751784));
#5289 = CARTESIAN_POINT('',(5.41165473151,0.926468012423));
#5290 = CARTESIAN_POINT('',(5.363283865282,0.932428809088));
#5291 = CARTESIAN_POINT('',(5.314908222006,0.938610891071));
#5292 = CARTESIAN_POINT('',(5.266524846414,0.944999482667));
#5293 = CARTESIAN_POINT('',(5.218130587903,0.951579312975));
#5294 = CARTESIAN_POINT('',(5.169722885503,0.95833456039));
#5295 = CARTESIAN_POINT('',(5.121295582234,0.965249462152));
#5296 = CARTESIAN_POINT('',(5.072846741587,0.972307255257));
#5297 = CARTESIAN_POINT('',(5.024372975624,0.979491010238));
#5298 = CARTESIAN_POINT('',(4.975870417175,0.986783542596));
#5299 = CARTESIAN_POINT('',(4.927334736697,0.994167456211));
#5300 = CARTESIAN_POINT('',(4.878761397216,1.001625151553));
#5301 = CARTESIAN_POINT('',(4.830145825283,1.009138844294));
#5302 = CARTESIAN_POINT('',(4.781483630697,1.01669057458));
#5303 = CARTESIAN_POINT('',(4.732770707211,1.024262237661));
#5304 = CARTESIAN_POINT('',(4.700259432777,1.029311101025));
#5305 = CARTESIAN_POINT('',(4.683994213989,1.0318327639));
#5306 = ( GEOMETRIC_REPRESENTATION_CONTEXT(2) 
PARAMETRIC_REPRESENTATION_CONTEXT() REPRESENTATION_CONTEXT('2D SPACE',''
  ) );
#5307 = PCURVE('',#4484,#5308);
#5308 = DEFINITIONAL_REPRESENTATION('',(#5309),#5348);
#5309 = B_SPLINE_CURVE_WITH_KNOTS('',7,(#5310,#5311,#5312,#5313,#5314,
    #5315,#5316,#5317,#5318,#5319,#5320,#5321,#5322,#5323,#5324,#5325,
    #5326,#5327,#5328,#5329,#5330,#5331,#5332,#5333,#5334,#5335,#5336,
    #5337,#5338,#5339,#5340,#5341,#5342,#5343,#5344,#5345,#5346,#5347),
  .UNSPECIFIED.,.F.,.F.,(8,6,6,6,6,6,8),(0.741795890122,0.823668423302,
    0.878544277659,1.,1.121448595208,1.176320530943,1.258204133755),
  .UNSPECIFIED.);
#5310 = CARTESIAN_POINT('',(38.947816122446,59.155201528064));
#5311 = CARTESIAN_POINT('',(38.94219772058,59.232604273701));
#5312 = CARTESIAN_POINT('',(38.943226906916,59.310631802177));
#5313 = CARTESIAN_POINT('',(38.950998708459,59.388583416505));
#5314 = CARTESIAN_POINT('',(38.965510448884,59.465751837545));
#5315 = CARTESIAN_POINT('',(38.986667406818,59.54143177975));
#5316 = CARTESIAN_POINT('',(39.014280991649,59.614930050534));
#5317 = CARTESIAN_POINT('',(39.070699765246,59.73292908811));
#5318 = CARTESIAN_POINT('',(39.096111560082,59.77900403645));
#5319 = CARTESIAN_POINT('',(39.124208526723,59.823602293052));
#5320 = CARTESIAN_POINT('',(39.15488681526,59.866533059538));
#5321 = CARTESIAN_POINT('',(39.188025602699,59.907615573199));
#5322 = CARTESIAN_POINT('',(39.22348767518,59.946680215798));
#5323 = CARTESIAN_POINT('',(39.344410967272,60.065216269619));
#5324 = CARTESIAN_POINT('',(39.438374814627,60.136248378513));
#5325 = CARTESIAN_POINT('',(39.541312775277,60.194887229418));
#5326 = CARTESIAN_POINT('',(39.651210385173,60.239810513638));
#5327 = CARTESIAN_POINT('',(39.765879913184,60.270098475794));
#5328 = CARTESIAN_POINT('',(39.882966812916,60.285230271483));
#5329 = CARTESIAN_POINT('',(40.117026319469,60.285230271483));
#5330 = CARTESIAN_POINT('',(40.234106324084,60.270100251679));
#5331 = CARTESIAN_POINT('',(40.348769392576,60.239815855143));
#5332 = CARTESIAN_POINT('',(40.45866138615,60.194897791897));
#5333 = CARTESIAN_POINT('',(40.561594941286,60.13626561027));
#5334 = CARTESIAN_POINT('',(40.655555909477,60.065241305235));
#5335 = CARTESIAN_POINT('',(40.776477059795,59.946718141055));
#5336 = CARTESIAN_POINT('',(40.811938544823,59.90765804286));
#5337 = CARTESIAN_POINT('',(40.845077179249,59.866580242237));
#5338 = CARTESIAN_POINT('',(40.87575576941,59.823654313749));
#5339 = CARTESIAN_POINT('',(40.903853507158,59.779060974238));
#5340 = CARTESIAN_POINT('',(40.929266551935,59.732990974483));
#5341 = CARTESIAN_POINT('',(40.985696623009,59.614989629033));
#5342 = CARTESIAN_POINT('',(41.013318299091,59.541482904356));
#5343 = CARTESIAN_POINT('',(41.034481706662,59.465793544761));
#5344 = CARTESIAN_POINT('',(41.048998141055,59.388615015131));
#5345 = CARTESIAN_POINT('',(41.05677281554,59.31065288595));
#5346 = CARTESIAN_POINT('',(41.057803038207,59.232614727281));
#5347 = CARTESIAN_POINT('',(41.052183877553,59.155201528064));
#5348 = ( GEOMETRIC_REPRESENTATION_CONTEXT(2) 
PARAMETRIC_REPRESENTATION_CONTEXT() REPRESENTATION_CONTEXT('2D SPACE',''
  ) );
#5349 = ORIENTED_EDGE('',*,*,#5350,.T.);
#5350 = EDGE_CURVE('',#5192,#1454,#5351,.T.);
#5351 = SURFACE_CURVE('',#5352,(#5382,#5415),.PCURVE_S1.);
#5352 = B_SPLINE_CURVE_WITH_KNOTS('',4,(#5353,#5354,#5355,#5356,#5357,
    #5358,#5359,#5360,#5361,#5362,#5363,#5364,#5365,#5366,#5367,#5368,
    #5369,#5370,#5371,#5372,#5373,#5374,#5375,#5376,#5377,#5378,#5379,
    #5380,#5381),.UNSPECIFIED.,.F.,.F.,(5,3,3,3,3,3,3,3,3,5),(0.,
    0.122945512492,0.245111674917,0.367324271439,0.489619851684,
    0.612429652661,0.734966032162,0.85761587136,0.980465927166,1.),
  .UNSPECIFIED.);
#5353 = CARTESIAN_POINT('',(8.302469417215,17.294445295214,17.));
#5354 = CARTESIAN_POINT('',(8.309391034188,17.308236394519,17.));
#5355 = CARTESIAN_POINT('',(8.316295441735,17.32203570251,
    16.999093222123));
#5356 = CARTESIAN_POINT('',(8.323145448703,17.335771947981,
    16.997279678448));
#5357 = CARTESIAN_POINT('',(8.336618397608,17.362892199629,
    16.991884784574));
#5358 = CARTESIAN_POINT('',(8.343242562571,17.376277967696,
    16.988314704134));
#5359 = CARTESIAN_POINT('',(8.349738818212,17.389463864969,
    16.98387746604));
#5360 = CARTESIAN_POINT('',(8.362406059907,17.415310328422,
    16.973322210094));
#5361 = CARTESIAN_POINT('',(8.368576984854,17.427970775694,
    16.967203520154));
#5362 = CARTESIAN_POINT('',(8.374548044508,17.440300672226,
    16.960272624563));
#5363 = CARTESIAN_POINT('',(8.386028102741,17.464187963079,
    16.944862595116));
#5364 = CARTESIAN_POINT('',(8.39153684253,17.475744900448,
    16.936382353241));
#5365 = CARTESIAN_POINT('',(8.396779193842,17.486851246487,
    16.927170321155));
#5366 = CARTESIAN_POINT('',(8.406694565146,17.508102707973,
    16.907345188254));
#5367 = CARTESIAN_POINT('',(8.411365142561,17.518243639422,
    16.896726281928));
#5368 = CARTESIAN_POINT('',(8.415709210822,17.527824560847,
    16.885474550035));
#5369 = CARTESIAN_POINT('',(8.423689010797,17.545758726286,
    16.861855654577));
#5370 = CARTESIAN_POINT('',(8.427326325565,17.554114688131,
    16.84949095061));
#5371 = CARTESIAN_POINT('',(8.430592481694,17.561826031953,
    16.836619341255));
#5372 = CARTESIAN_POINT('',(8.436352117481,17.575898713448,
    16.809986746571));
#5373 = CARTESIAN_POINT('',(8.43884489354,17.582258810235,
    16.796224876744));
#5374 = CARTESIAN_POINT('',(8.440932761384,17.587905703249,
    16.782092133209));
#5375 = CARTESIAN_POINT('',(8.444282240075,17.597734309286,
    16.753207968274));
#5376 = CARTESIAN_POINT('',(8.445542503726,17.601913623618,
    16.73845551169));
#5377 = CARTESIAN_POINT('',(8.44637730481,17.605330442467,
    16.723478107423));
#5378 = CARTESIAN_POINT('',(8.44684892647,17.608391884177,
    16.705947207994));
#5379 = CARTESIAN_POINT('',(8.446902811306,17.608792287631,
    16.703538342751));
#5380 = CARTESIAN_POINT('',(8.446945868208,17.609173035042,
    16.701126032621));
#5381 = CARTESIAN_POINT('',(8.446978092159,17.609534081622,
    16.698710585336));
#5382 = PCURVE('',#1497,#5383);
#5383 = DEFINITIONAL_REPRESENTATION('',(#5384),#5414);
#5384 = B_SPLINE_CURVE_WITH_KNOTS('',4,(#5385,#5386,#5387,#5388,#5389,
    #5390,#5391,#5392,#5393,#5394,#5395,#5396,#5397,#5398,#5399,#5400,
    #5401,#5402,#5403,#5404,#5405,#5406,#5407,#5408,#5409,#5410,#5411,
    #5412,#5413),.UNSPECIFIED.,.F.,.F.,(5,3,3,3,3,3,3,3,3,5),(0.,
    0.122945512492,0.245111674917,0.367324271439,0.489619851684,
    0.612429652661,0.734966032162,0.85761587136,0.980465927166,1.),
  .UNSPECIFIED.);
#5385 = CARTESIAN_POINT('',(4.683994213962,1.031832763742));
#5386 = CARTESIAN_POINT('',(4.698497140869,1.02958431751));
#5387 = CARTESIAN_POINT('',(4.712855593907,1.026395215332));
#5388 = CARTESIAN_POINT('',(4.72697919159,1.022281405901));
#5389 = CARTESIAN_POINT('',(4.754508200389,1.012304708839));
#5390 = CARTESIAN_POINT('',(4.767917775402,1.006452958851));
#5391 = CARTESIAN_POINT('',(4.780937470197,0.999755703868));
#5392 = CARTESIAN_POINT('',(4.806073804741,0.984763958494));
#5393 = CARTESIAN_POINT('',(4.818190169851,0.976468712986));
#5394 = CARTESIAN_POINT('',(4.829788497151,0.967423915351));
#5395 = CARTESIAN_POINT('',(4.851861855097,0.947945869735));
#5396 = CARTESIAN_POINT('',(4.862336086416,0.937511532428));
#5397 = CARTESIAN_POINT('',(4.872196882578,0.926443883897));
#5398 = CARTESIAN_POINT('',(4.890666452301,0.903122235343));
#5399 = CARTESIAN_POINT('',(4.899269686259,0.890863320396));
#5400 = CARTESIAN_POINT('',(4.907189753743,0.878096082451));
#5401 = CARTESIAN_POINT('',(4.921607562457,0.851709932048));
#5402 = CARTESIAN_POINT('',(4.928108307614,0.838092905087));
#5403 = CARTESIAN_POINT('',(4.933889100163,0.824104420407));
#5404 = CARTESIAN_POINT('',(4.943992466413,0.795506450449));
#5405 = CARTESIAN_POINT('',(4.948313578395,0.780896377051));
#5406 = CARTESIAN_POINT('',(4.95189018247,0.766049482977));
#5407 = CARTESIAN_POINT('',(4.95754598847,0.735992237452));
#5408 = CARTESIAN_POINT('',(4.959622672522,0.720781342928));
#5409 = CARTESIAN_POINT('',(4.960939182065,0.705468045129));
#5410 = CARTESIAN_POINT('',(4.961579967389,0.687679539448));
#5411 = CARTESIAN_POINT('',(4.961648582571,0.685238206678));
#5412 = CARTESIAN_POINT('',(4.961697842887,0.682796267547));
#5413 = CARTESIAN_POINT('',(4.961727789914,0.680353994996));
#5414 = ( GEOMETRIC_REPRESENTATION_CONTEXT(2) 
PARAMETRIC_REPRESENTATION_CONTEXT() REPRESENTATION_CONTEXT('2D SPACE',''
  ) );
#5415 = PCURVE('',#1544,#5416);
#5416 = DEFINITIONAL_REPRESENTATION('',(#5417),#5447);
#5417 = B_SPLINE_CURVE_WITH_KNOTS('',4,(#5418,#5419,#5420,#5421,#5422,
    #5423,#5424,#5425,#5426,#5427,#5428,#5429,#5430,#5431,#5432,#5433,
    #5434,#5435,#5436,#5437,#5438,#5439,#5440,#5441,#5442,#5443,#5444,
    #5445,#5446),.UNSPECIFIED.,.F.,.F.,(5,3,3,3,3,3,3,3,3,5),(0.,
    0.122945512492,0.245111674917,0.367324271439,0.489619851684,
    0.612429652661,0.734966032162,0.85761587136,0.980465927166,1.),
  .UNSPECIFIED.);
#5418 = CARTESIAN_POINT('',(1.123222982501,1.570796326795));
#5419 = CARTESIAN_POINT('',(1.123208838648,1.526715734747));
#5420 = CARTESIAN_POINT('',(1.123195719014,1.482635387638));
#5421 = CARTESIAN_POINT('',(1.123183758537,1.438555706733));
#5422 = CARTESIAN_POINT('',(1.123162596489,1.350679754748));
#5423 = CARTESIAN_POINT('',(1.123153376983,1.306883420685));
#5424 = CARTESIAN_POINT('',(1.123145669095,1.263090375306));
#5425 = CARTESIAN_POINT('',(1.123133687021,1.175498622388));
#5426 = CARTESIAN_POINT('',(1.123129413068,1.131699860604));
#5427 = CARTESIAN_POINT('',(1.123127064002,1.087908736621));
#5428 = CARTESIAN_POINT('',(1.123126609365,1.000316763668));
#5429 = CARTESIAN_POINT('',(1.123128505686,0.956515866531));
#5430 = CARTESIAN_POINT('',(1.123132722657,0.912727227113));
#5431 = CARTESIAN_POINT('',(1.123146140594,0.824993526727));
#5432 = CARTESIAN_POINT('',(1.12315536167,0.781048536231));
#5433 = CARTESIAN_POINT('',(1.123167239457,0.737118914585));
#5434 = CARTESIAN_POINT('',(1.123196465901,0.649388321855));
#5435 = CARTESIAN_POINT('',(1.123213801813,0.605587262158));
#5436 = CARTESIAN_POINT('',(1.123233970527,0.561801519838));
#5437 = CARTESIAN_POINT('',(1.123280025984,0.474217004496));
#5438 = CARTESIAN_POINT('',(1.123305917712,0.430418262414));
#5439 = CARTESIAN_POINT('',(1.123334678002,0.386631647951));
#5440 = CARTESIAN_POINT('',(1.123397843047,0.299005530126));
#5441 = CARTESIAN_POINT('',(1.123432256792,0.255166080187));
#5442 = CARTESIAN_POINT('',(1.123469403302,0.211333070903));
#5443 = CARTESIAN_POINT('',(1.123515432537,0.160533806709));
#5444 = CARTESIAN_POINT('',(1.123521812339,0.153564591414));
#5445 = CARTESIAN_POINT('',(1.123528256399,0.146595440925));
#5446 = CARTESIAN_POINT('',(1.123534763995,0.13962634016));
#5447 = ( GEOMETRIC_REPRESENTATION_CONTEXT(2) 
PARAMETRIC_REPRESENTATION_CONTEXT() REPRESENTATION_CONTEXT('2D SPACE',''
  ) );
#5448 = ORIENTED_EDGE('',*,*,#1451,.F.);
#5449 = ORIENTED_EDGE('',*,*,#5450,.F.);
#5450 = EDGE_CURVE('',#1927,#1452,#5451,.T.);
#5451 = SURFACE_CURVE('',#5452,(#5457,#5464),.PCURVE_S1.);
#5452 = CIRCLE('',#5453,0.85);
#5453 = AXIS2_PLACEMENT_3D('',#5454,#5455,#5456);
#5454 = CARTESIAN_POINT('',(7.393132428853,17.848600578157,
    16.047918819083));
#5455 = DIRECTION('',(5.325923996829E-02,0.128579179453,-0.990268068742)
  );
#5456 = DIRECTION('',(-0.744343247765,0.666178701968,4.646575676742E-02)
  );
#5457 = PCURVE('',#1497,#5458);
#5458 = DEFINITIONAL_REPRESENTATION('',(#5459),#5463);
#5459 = LINE('',#5460,#5461);
#5460 = CARTESIAN_POINT('',(7.513575190501,0.));
#5461 = VECTOR('',#5462,1.);
#5462 = DIRECTION('',(-1.,-0.));
#5463 = ( GEOMETRIC_REPRESENTATION_CONTEXT(2) 
PARAMETRIC_REPRESENTATION_CONTEXT() REPRESENTATION_CONTEXT('2D SPACE',''
  ) );
#5464 = PCURVE('',#1740,#5465);
#5465 = DEFINITIONAL_REPRESENTATION('',(#5466),#5470);
#5466 = LINE('',#5467,#5468);
#5467 = CARTESIAN_POINT('',(-7.513575190501,3.864326901403));
#5468 = VECTOR('',#5469,1.);
#5469 = DIRECTION('',(1.,-0.));
#5470 = ( GEOMETRIC_REPRESENTATION_CONTEXT(2) 
PARAMETRIC_REPRESENTATION_CONTEXT() REPRESENTATION_CONTEXT('2D SPACE',''
  ) );
#5471 = ORIENTED_EDGE('',*,*,#1926,.T.);
#5472 = ORIENTED_EDGE('',*,*,#5473,.T.);
#5473 = EDGE_CURVE('',#1898,#5190,#5474,.T.);
#5474 = SURFACE_CURVE('',#5475,(#5505,#5538),.PCURVE_S1.);
#5475 = B_SPLINE_CURVE_WITH_KNOTS('',4,(#5476,#5477,#5478,#5479,#5480,
    #5481,#5482,#5483,#5484,#5485,#5486,#5487,#5488,#5489,#5490,#5491,
    #5492,#5493,#5494,#5495,#5496,#5497,#5498,#5499,#5500,#5501,#5502,
    #5503,#5504),.UNSPECIFIED.,.F.,.F.,(5,3,3,3,3,3,3,3,3,5),(0.,
    1.956122245572E-02,0.142812234838,0.265461730034,0.387997675934,
    0.51040721157,0.633102272199,0.75531464439,0.877480702827,1.),
  .UNSPECIFIED.);
#5476 = CARTESIAN_POINT('',(6.478905473151,18.424736452151,
    16.698710585336));
#5477 = CARTESIAN_POINT('',(6.478672637279,18.424457981392,
    16.701129389768));
#5478 = CARTESIAN_POINT('',(6.478433513429,18.424157859934,
    16.703545048286));
#5479 = CARTESIAN_POINT('',(6.478188129833,18.423836123133,
    16.705957251956));
#5480 = CARTESIAN_POINT('',(6.476351155029,18.421329702816,
    16.723540747094));
#5481 = CARTESIAN_POINT('',(6.474518469104,18.418310194252,
    16.738566416133));
#5482 = CARTESIAN_POINT('',(6.472445934913,18.414445223637,
    16.753365380765));
#5483 = CARTESIAN_POINT('',(6.467852243006,18.40509461851,
    16.782290426421));
#5484 = CARTESIAN_POINT('',(6.465333323434,18.39961697473,
    16.796419501906));
#5485 = CARTESIAN_POINT('',(6.462596483667,18.393348916721,
    16.810177208822));
#5486 = CARTESIAN_POINT('',(6.456713986463,18.37930960374,
    16.836800523861));
#5487 = CARTESIAN_POINT('',(6.453568709083,18.371539724311,
    16.849667018037));
#5488 = CARTESIAN_POINT('',(6.450230160904,18.36305187625,
    16.862026154986));
#5489 = CARTESIAN_POINT('',(6.44319911722,18.34474382769,16.885594584892
    ));
#5490 = CARTESIAN_POINT('',(6.439506987268,18.334924968872,
    16.896805129853));
#5491 = CARTESIAN_POINT('',(6.435650883475,18.324483537262,
    16.907386770555));
#5492 = CARTESIAN_POINT('',(6.427634887406,18.302444578431,
    16.927210935439));
#5493 = CARTESIAN_POINT('',(6.423474300336,18.290844341914,
    16.93645035565));
#5494 = CARTESIAN_POINT('',(6.419182672855,18.278734023584,
    16.944953004102));
#5495 = CARTESIAN_POINT('',(6.410392776093,18.253675453413,
    16.960372004981));
#5496 = CARTESIAN_POINT('',(6.40589537514,18.240730592561,
    16.967294526482));
#5497 = CARTESIAN_POINT('',(6.401305704383,18.227411154209,
    16.973404604951));
#5498 = CARTESIAN_POINT('',(6.391985101701,18.200171542986,
    16.983942266054));
#5499 = CARTESIAN_POINT('',(6.387254210392,18.186251496422,
    16.988370519172));
#5500 = CARTESIAN_POINT('',(6.382472585386,18.17210018788,
    16.991931469845));
#5501 = CARTESIAN_POINT('',(6.372838672711,18.143443096198,
    16.997298506708));
#5502 = CARTESIAN_POINT('',(6.367986204826,18.128936306708,
    16.999099498284));
#5503 = CARTESIAN_POINT('',(6.363127737902,18.114347299442,17.));
#5504 = CARTESIAN_POINT('',(6.358287119599,18.099751970612,17.));
#5505 = PCURVE('',#1497,#5506);
#5506 = DEFINITIONAL_REPRESENTATION('',(#5507),#5537);
#5507 = B_SPLINE_CURVE_WITH_KNOTS('',4,(#5508,#5509,#5510,#5511,#5512,
    #5513,#5514,#5515,#5516,#5517,#5518,#5519,#5520,#5521,#5522,#5523,
    #5524,#5525,#5526,#5527,#5528,#5529,#5530,#5531,#5532,#5533,#5534,
    #5535,#5536),.UNSPECIFIED.,.F.,.F.,(5,3,3,3,3,3,3,3,3,5),(0.,
    1.956122245572E-02,0.142812234838,0.265461730034,0.387997675934,
    0.51040721157,0.633102272199,0.75531464439,0.877480702827,1.),
  .UNSPECIFIED.);
#5508 = CARTESIAN_POINT('',(7.604642825814,0.680353994971));
#5509 = CARTESIAN_POINT('',(7.604672814463,0.682799661953));
#5510 = CARTESIAN_POINT('',(7.604722167103,0.685244994609));
#5511 = CARTESIAN_POINT('',(7.60479093313,0.687689718804));
#5512 = CARTESIAN_POINT('',(7.605434233668,0.705531682348));
#5513 = CARTESIAN_POINT('',(7.606758046655,0.720894792338));
#5514 = CARTESIAN_POINT('',(7.60884699141,0.736154577541));
#5515 = CARTESIAN_POINT('',(7.614527793834,0.766257308263));
#5516 = CARTESIAN_POINT('',(7.61811220281,0.781101913983));
#5517 = CARTESIAN_POINT('',(7.622441055113,0.795709229237));
#5518 = CARTESIAN_POINT('',(7.632559717167,0.824300735134));
#5519 = CARTESIAN_POINT('',(7.638348064174,0.838285515367));
#5520 = CARTESIAN_POINT('',(7.644856253171,0.85189836889));
#5521 = CARTESIAN_POINT('',(7.659265153851,0.878232247324));
#5522 = CARTESIAN_POINT('',(7.66716429942,0.890954251181));
#5523 = CARTESIAN_POINT('',(7.67574205182,0.903170998076));
#5524 = CARTESIAN_POINT('',(7.694212421064,0.926491815077));
#5525 = CARTESIAN_POINT('',(7.704107957893,0.937593345773));
#5526 = CARTESIAN_POINT('',(7.714620822614,0.948057178862));
#5527 = CARTESIAN_POINT('',(7.7367420837,0.967552526967));
#5528 = CARTESIAN_POINT('',(7.748345976162,0.976589666063));
#5529 = CARTESIAN_POINT('',(7.76046751617,0.984876877766));
#5530 = CARTESIAN_POINT('',(7.785613316847,0.999851903223));
#5531 = CARTESIAN_POINT('',(7.798637304492,1.006540470706));
#5532 = CARTESIAN_POINT('',(7.812050669835,1.012383244313));
#5533 = CARTESIAN_POINT('',(7.839538316412,1.022324155938));
#5534 = CARTESIAN_POINT('',(7.853614575503,1.026417320499));
#5535 = CARTESIAN_POINT('',(7.867923751028,1.029592108419));
#5536 = CARTESIAN_POINT('',(7.882376400971,1.031832760014));
#5537 = ( GEOMETRIC_REPRESENTATION_CONTEXT(2) 
PARAMETRIC_REPRESENTATION_CONTEXT() REPRESENTATION_CONTEXT('2D SPACE',''
  ) );
#5538 = PCURVE('',#1914,#5539);
#5539 = DEFINITIONAL_REPRESENTATION('',(#5540),#5570);
#5540 = B_SPLINE_CURVE_WITH_KNOTS('',4,(#5541,#5542,#5543,#5544,#5545,
    #5546,#5547,#5548,#5549,#5550,#5551,#5552,#5553,#5554,#5555,#5556,
    #5557,#5558,#5559,#5560,#5561,#5562,#5563,#5564,#5565,#5566,#5567,
    #5568,#5569),.UNSPECIFIED.,.F.,.F.,(5,3,3,3,3,3,3,3,3,5),(0.,
    1.956122245572E-02,0.142812234838,0.265461730034,0.387997675934,
    0.51040721157,0.633102272199,0.75531464439,0.877480702827,1.),
  .UNSPECIFIED.);
#5541 = CARTESIAN_POINT('',(1.232659726198,0.13962634016));
#5542 = CARTESIAN_POINT('',(1.232666242838,0.146605127039));
#5543 = CARTESIAN_POINT('',(1.232672695766,0.153583963684));
#5544 = CARTESIAN_POINT('',(1.232679084256,0.160562865484));
#5545 = CARTESIAN_POINT('',(1.232725249908,0.211514870038));
#5546 = CARTESIAN_POINT('',(1.232762507466,0.255490954249));
#5547 = CARTESIAN_POINT('',(1.232797013799,0.299473534211));
#5548 = CARTESIAN_POINT('',(1.232860223205,0.387242837591));
#5549 = CARTESIAN_POINT('',(1.232888953632,0.431029446119));
#5550 = CARTESIAN_POINT('',(1.232914815321,0.474828198427));
#5551 = CARTESIAN_POINT('',(1.232960810949,0.562412723925));
#5552 = CARTESIAN_POINT('',(1.232980949876,0.60619846621));
#5553 = CARTESIAN_POINT('',(1.232998256416,0.649999531489));
#5554 = CARTESIAN_POINT('',(1.233027377849,0.737587163589));
#5555 = CARTESIAN_POINT('',(1.233039197887,0.7813737184));
#5556 = CARTESIAN_POINT('',(1.233048379082,0.825175536883));
#5557 = CARTESIAN_POINT('',(1.233061793679,0.912908974349));
#5558 = CARTESIAN_POINT('',(1.23306601472,0.956840704182));
#5559 = CARTESIAN_POINT('',(1.233067900534,1.000784765381));
#5560 = CARTESIAN_POINT('',(1.233067400659,1.088519975477));
#5561 = CARTESIAN_POINT('',(1.233065030751,1.132311107633));
#5562 = CARTESIAN_POINT('',(1.233060737404,1.176109860842));
#5563 = CARTESIAN_POINT('',(1.233048719394,1.263701610121));
#5564 = CARTESIAN_POINT('',(1.23304099496,1.307494660409));
#5565 = CARTESIAN_POINT('',(1.233031760303,1.351290986698));
#5566 = CARTESIAN_POINT('',(1.233010607228,1.439014138148));
#5567 = CARTESIAN_POINT('',(1.232998680199,1.482941014365));
#5568 = CARTESIAN_POINT('',(1.232985602512,1.526868547926));
#5569 = CARTESIAN_POINT('',(1.232971507691,1.570796326795));
#5570 = ( GEOMETRIC_REPRESENTATION_CONTEXT(2) 
PARAMETRIC_REPRESENTATION_CONTEXT() REPRESENTATION_CONTEXT('2D SPACE',''
  ) );
#5571 = ADVANCED_FACE('',(#5572),#1740,.F.);
#5572 = FACE_BOUND('',#5573,.T.);
#5573 = EDGE_LOOP('',(#5574,#5575,#5576,#5598));
#5574 = ORIENTED_EDGE('',*,*,#5450,.T.);
#5575 = ORIENTED_EDGE('',*,*,#1718,.F.);
#5576 = ORIENTED_EDGE('',*,*,#5577,.F.);
#5577 = EDGE_CURVE('',#1992,#1685,#5578,.T.);
#5578 = SURFACE_CURVE('',#5579,(#5584,#5591),.PCURVE_S1.);
#5579 = CIRCLE('',#5580,0.8);
#5580 = AXIS2_PLACEMENT_3D('',#5581,#5582,#5583);
#5581 = CARTESIAN_POINT('',(7.400177964051,17.865610004788,
    15.916918667024));
#5582 = DIRECTION('',(5.325923996829E-02,0.128579179453,-0.990268068742)
  );
#5583 = DIRECTION('',(-0.727420874155,0.68438644141,4.974003073069E-02)
  );
#5584 = PCURVE('',#1740,#5585);
#5585 = DEFINITIONAL_REPRESENTATION('',(#5586),#5590);
#5586 = LINE('',#5587,#5588);
#5587 = CARTESIAN_POINT('',(-7.488502450202,3.14159265359));
#5588 = VECTOR('',#5589,1.);
#5589 = DIRECTION('',(1.,-0.));
#5590 = ( GEOMETRIC_REPRESENTATION_CONTEXT(2) 
PARAMETRIC_REPRESENTATION_CONTEXT() REPRESENTATION_CONTEXT('2D SPACE',''
  ) );
#5591 = PCURVE('',#1704,#5592);
#5592 = DEFINITIONAL_REPRESENTATION('',(#5593),#5597);
#5593 = LINE('',#5594,#5595);
#5594 = CARTESIAN_POINT('',(7.488502450202,3.058017564517));
#5595 = VECTOR('',#5596,1.);
#5596 = DIRECTION('',(-1.,-0.));
#5597 = ( GEOMETRIC_REPRESENTATION_CONTEXT(2) 
PARAMETRIC_REPRESENTATION_CONTEXT() REPRESENTATION_CONTEXT('2D SPACE',''
  ) );
#5598 = ORIENTED_EDGE('',*,*,#1991,.T.);
#5599 = ADVANCED_FACE('',(#5600),#1704,.T.);
#5600 = FACE_BOUND('',#5601,.T.);
#5601 = EDGE_LOOP('',(#5602,#5603,#5604,#5605,#5606));
#5602 = ORIENTED_EDGE('',*,*,#5577,.T.);
#5603 = ORIENTED_EDGE('',*,*,#1684,.F.);
#5604 = ORIENTED_EDGE('',*,*,#1759,.T.);
#5605 = ORIENTED_EDGE('',*,*,#1789,.T.);
#5606 = ORIENTED_EDGE('',*,*,#2026,.F.);
#5607 = ADVANCED_FACE('',(#5608),#1544,.T.);
#5608 = FACE_BOUND('',#5609,.T.);
#5609 = EDGE_LOOP('',(#5610,#5611,#5637,#5638));
#5610 = ORIENTED_EDGE('',*,*,#5350,.F.);
#5611 = ORIENTED_EDGE('',*,*,#5612,.T.);
#5612 = EDGE_CURVE('',#5192,#4891,#5613,.T.);
#5613 = SURFACE_CURVE('',#5614,(#5619,#5626),.PCURVE_S1.);
#5614 = CIRCLE('',#5615,19.184077681581);
#5615 = AXIS2_PLACEMENT_3D('',#5616,#5617,#5618);
#5616 = CARTESIAN_POINT('',(0.,0.,17.));
#5617 = DIRECTION('',(0.,0.,-1.));
#5618 = DIRECTION('',(0.943477829431,0.331435642882,0.));
#5619 = PCURVE('',#1544,#5620);
#5620 = DEFINITIONAL_REPRESENTATION('',(#5621),#5625);
#5621 = LINE('',#5622,#5623);
#5622 = CARTESIAN_POINT('',(6.621010126278,1.570796326795));
#5623 = VECTOR('',#5624,1.);
#5624 = DIRECTION('',(-1.,-0.));
#5625 = ( GEOMETRIC_REPRESENTATION_CONTEXT(2) 
PARAMETRIC_REPRESENTATION_CONTEXT() REPRESENTATION_CONTEXT('2D SPACE',''
  ) );
#5626 = PCURVE('',#4484,#5627);
#5627 = DEFINITIONAL_REPRESENTATION('',(#5628),#5636);
#5628 = ( BOUNDED_CURVE() B_SPLINE_CURVE(2,(#5629,#5630,#5631,#5632,
#5633,#5634,#5635),.UNSPECIFIED.,.T.,.F.) B_SPLINE_CURVE_WITH_KNOTS((1,2
    ,2,2,2,1),(-2.094395102393,0.,2.094395102393,4.188790204786,
6.28318530718,8.377580409573),.UNSPECIFIED.) CURVE() 
GEOMETRIC_REPRESENTATION_ITEM() RATIONAL_B_SPLINE_CURVE((1.,0.5,1.,0.5,
1.,0.5,1.)) REPRESENTATION_ITEM('') );
#5629 = CARTESIAN_POINT('',(54.288779250362,52.800766540616));
#5630 = CARTESIAN_POINT('',(76.460357274536,28.051874900854));
#5631 = CARTESIAN_POINT('',(43.941399386907,21.225170909811));
#5632 = CARTESIAN_POINT('',(11.422441499277,14.398466918768));
#5633 = CARTESIAN_POINT('',(21.769821362732,45.974062549573));
#5634 = CARTESIAN_POINT('',(32.117201226187,77.549658180378));
#5635 = CARTESIAN_POINT('',(54.288779250362,52.800766540616));
#5636 = ( GEOMETRIC_REPRESENTATION_CONTEXT(2) 
PARAMETRIC_REPRESENTATION_CONTEXT() REPRESENTATION_CONTEXT('2D SPACE',''
  ) );
#5637 = ORIENTED_EDGE('',*,*,#4890,.F.);
#5638 = ORIENTED_EDGE('',*,*,#1527,.F.);
#5639 = ADVANCED_FACE('',(#5640),#1867,.T.);
#5640 = FACE_BOUND('',#5641,.T.);
#5641 = EDGE_LOOP('',(#5642,#5803,#5902,#5903,#5925,#5926));
#5642 = ORIENTED_EDGE('',*,*,#5643,.T.);
#5643 = EDGE_CURVE('',#5644,#5646,#5648,.T.);
#5644 = VERTEX_POINT('',#5645);
#5645 = CARTESIAN_POINT('',(-8.302469417315,17.294445295166,17.));
#5646 = VERTEX_POINT('',#5647);
#5647 = CARTESIAN_POINT('',(-6.358287119495,18.099751970648,17.));
#5648 = SURFACE_CURVE('',#5649,(#5688,#5761),.PCURVE_S1.);
#5649 = B_SPLINE_CURVE_WITH_KNOTS('',7,(#5650,#5651,#5652,#5653,#5654,
    #5655,#5656,#5657,#5658,#5659,#5660,#5661,#5662,#5663,#5664,#5665,
    #5666,#5667,#5668,#5669,#5670,#5671,#5672,#5673,#5674,#5675,#5676,
    #5677,#5678,#5679,#5680,#5681,#5682,#5683,#5684,#5685,#5686,#5687),
  .UNSPECIFIED.,.F.,.F.,(8,6,6,6,6,6,8),(0.741795890122,0.823668423302,
    0.878544277659,1.,1.121448595208,1.176320530943,1.258204133755),
  .UNSPECIFIED.);
#5650 = CARTESIAN_POINT('',(-8.302469417315,17.294445295166,17.));
#5651 = CARTESIAN_POINT('',(-8.337280892179,17.363806038309,17.));
#5652 = CARTESIAN_POINT('',(-8.366189890405,17.436287927401,17.));
#5653 = CARTESIAN_POINT('',(-8.388840473357,17.511279968094,17.));
#5654 = CARTESIAN_POINT('',(-8.404964449632,17.588127695485,17.));
#5655 = CARTESIAN_POINT('',(-8.41437942927,17.66614326239,17.));
#5656 = CARTESIAN_POINT('',(-8.416994373963,17.744614071865,17.));
#5657 = CARTESIAN_POINT('',(-8.410026500502,17.875221497468,17.));
#5658 = CARTESIAN_POINT('',(-8.404181182746,17.927513872071,17.));
#5659 = CARTESIAN_POINT('',(-8.395289984254,17.979469532165,17.));
#5660 = CARTESIAN_POINT('',(-8.383375834456,18.030872461393,17.));
#5661 = CARTESIAN_POINT('',(-8.368481184346,18.08150941983,17.));
#5662 = CARTESIAN_POINT('',(-8.350667892914,18.131171191188,17.));
#5663 = CARTESIAN_POINT('',(-8.284311122281,18.286959565648,17.));
#5664 = CARTESIAN_POINT('',(-8.224682658155,18.38854308483,17.));
#5665 = CARTESIAN_POINT('',(-8.152020499926,18.482110971093,17.));
#5666 = CARTESIAN_POINT('',(-8.06767974407,18.565670668482,17.));
#5667 = CARTESIAN_POINT('',(-7.973329615455,18.637535225365,17.));
#5668 = CARTESIAN_POINT('',(-7.870946112779,18.696322398368,17.));
#5669 = CARTESIAN_POINT('',(-7.654703325285,18.785893093713,17.));
#5670 = CARTESIAN_POINT('',(-7.540745497445,18.816719356117,17.));
#5671 = CARTESIAN_POINT('',(-7.423221298517,18.832619878619,17.));
#5672 = CARTESIAN_POINT('',(-7.304504936248,18.833174844636,17.));
#5673 = CARTESIAN_POINT('',(-7.186969166937,18.81839673827,17.));
#5674 = CARTESIAN_POINT('',(-7.072980726739,18.788736142352,17.));
#5675 = CARTESIAN_POINT('',(-6.915907299629,18.725509537688,17.));
#5676 = CARTESIAN_POINT('',(-6.868197506974,18.702993235235,17.));
#5677 = CARTESIAN_POINT('',(-6.821861607156,18.677723902365,17.));
#5678 = CARTESIAN_POINT('',(-6.777091243968,18.649805703803,17.));
#5679 = CARTESIAN_POINT('',(-6.734067186927,18.619359368866,17.));
#5680 = CARTESIAN_POINT('',(-6.692958369364,18.586521390231,17.));
#5681 = CARTESIAN_POINT('',(-6.59566662178,18.499097215649,17.));
#5682 = CARTESIAN_POINT('',(-6.542017714894,18.441756215028,17.));
#5683 = CARTESIAN_POINT('',(-6.493500211877,18.379927250319,17.));
#5684 = CARTESIAN_POINT('',(-6.450553830632,18.314178785384,17.));
#5685 = CARTESIAN_POINT('',(-6.413536152814,18.24512640904,17.));
#5686 = CARTESIAN_POINT('',(-6.382720440763,18.173422800638,17.));
#5687 = CARTESIAN_POINT('',(-6.358287119495,18.099751970648,17.));
#5688 = PCURVE('',#1867,#5689);
#5689 = DEFINITIONAL_REPRESENTATION('',(#5690),#5760);
#5690 = B_SPLINE_CURVE_WITH_KNOTS('',3,(#5691,#5692,#5693,#5694,#5695,
    #5696,#5697,#5698,#5699,#5700,#5701,#5702,#5703,#5704,#5705,#5706,
    #5707,#5708,#5709,#5710,#5711,#5712,#5713,#5714,#5715,#5716,#5717,
    #5718,#5719,#5720,#5721,#5722,#5723,#5724,#5725,#5726,#5727,#5728,
    #5729,#5730,#5731,#5732,#5733,#5734,#5735,#5736,#5737,#5738,#5739,
    #5740,#5741,#5742,#5743,#5744,#5745,#5746,#5747,#5748,#5749,#5750,
    #5751,#5752,#5753,#5754,#5755,#5756,#5757,#5758,#5759),
  .UNSPECIFIED.,.F.,.F.,(4,1,1,1,1,1,1,1,1,1,1,1,1,1,1,1,1,1,1,1,1,1,1,1
    ,1,1,1,1,1,1,1,1,1,1,1,1,1,1,1,1,1,1,1,1,1,1,1,1,1,1,1,1,1,1,1,1,1,1
    ,1,1,1,1,1,1,1,1,4),(0.741795890122,0.74962025745,0.757444624778,
    0.765268992106,0.773093359433,0.780917726761,0.788742094089,
    0.796566461417,0.804390828744,0.812215196072,0.8200395634,
    0.827863930728,0.835688298055,0.843512665383,0.851337032711,
    0.859161400039,0.866985767367,0.874810134694,0.882634502022,
    0.89045886935,0.898283236678,0.906107604005,0.913931971333,
    0.921756338661,0.929580705989,0.937405073316,0.945229440644,
    0.953053807972,0.9608781753,0.968702542627,0.976526909955,
    0.984351277283,0.992175644611,1.000000011938,1.007824379266,
    1.015648746594,1.023473113922,1.03129748125,1.039121848577,
    1.046946215905,1.054770583233,1.062594950561,1.070419317888,
    1.078243685216,1.086068052544,1.093892419872,1.101716787199,
    1.109541154527,1.117365521855,1.125189889183,1.13301425651,
    1.140838623838,1.148662991166,1.156487358494,1.164311725822,
    1.172136093149,1.179960460477,1.187784827805,1.195609195133,
    1.20343356246,1.211257929788,1.219082297116,1.226906664444,
    1.234731031771,1.242555399099,1.250379766427,1.258204133755),
  .QUASI_UNIFORM_KNOTS.);
#5691 = CARTESIAN_POINT('',(7.882376400371,1.0318327639));
#5692 = CARTESIAN_POINT('',(7.866111179149,1.029311100647));
#5693 = CARTESIAN_POINT('',(7.833599900695,1.024262236658));
#5694 = CARTESIAN_POINT('',(7.784886972822,1.016690572896));
#5695 = CARTESIAN_POINT('',(7.736224774471,1.009138842031));
#5696 = CARTESIAN_POINT('',(7.68760919878,1.001625148722));
#5697 = CARTESIAN_POINT('',(7.639035855156,0.994167452767));
#5698 = CARTESIAN_POINT('',(7.590500170013,0.986783538481));
#5699 = CARTESIAN_POINT('',(7.54199760645,0.979491005414));
#5700 = CARTESIAN_POINT('',(7.493523835336,0.972307249751));
#5701 = CARTESIAN_POINT('',(7.445074989818,0.965249456045));
#5702 = CARTESIAN_POINT('',(7.396647683907,0.958334554034));
#5703 = CARTESIAN_POINT('',(7.34823997835,0.95157930635));
#5704 = CARTESIAN_POINT('',(7.299845714699,0.944999475521));
#5705 = CARTESIAN_POINT('',(7.251462334976,0.938610883601));
#5706 = CARTESIAN_POINT('',(7.203086687271,0.932428801319));
#5707 = CARTESIAN_POINT('',(7.154715816594,0.926468004413));
#5708 = CARTESIAN_POINT('',(7.10634705288,0.920742743528));
#5709 = CARTESIAN_POINT('',(7.057978018868,0.9152667207));
#5710 = CARTESIAN_POINT('',(7.00960763409,0.910053161132));
#5711 = CARTESIAN_POINT('',(6.961226030003,0.90511375784));
#5712 = CARTESIAN_POINT('',(6.912836950529,0.900460999335));
#5713 = CARTESIAN_POINT('',(6.864441088319,0.896106267805));
#5714 = CARTESIAN_POINT('',(6.816039010584,0.892060170525));
#5715 = CARTESIAN_POINT('',(6.767630645494,0.888332473036));
#5716 = CARTESIAN_POINT('',(6.719215661895,0.884932133771));
#5717 = CARTESIAN_POINT('',(6.670793587479,0.881867305558));
#5718 = CARTESIAN_POINT('',(6.622363979924,0.879145339522));
#5719 = CARTESIAN_POINT('',(6.573926574989,0.876772781504));
#5720 = CARTESIAN_POINT('',(6.525481428129,0.874755363339));
#5721 = CARTESIAN_POINT('',(6.477029086507,0.873097988139));
#5722 = CARTESIAN_POINT('',(6.428570654872,0.871804709649));
#5723 = CARTESIAN_POINT('',(6.380108292812,0.870878705593));
#5724 = CARTESIAN_POINT('',(6.33164415905,0.870322244779));
#5725 = CARTESIAN_POINT('',(6.28318523297,0.870136648905));
#5726 = CARTESIAN_POINT('',(6.234726308535,0.87032224591));
#5727 = CARTESIAN_POINT('',(6.186262178567,0.870878707791));
#5728 = CARTESIAN_POINT('',(6.137799821495,0.871804712823));
#5729 = CARTESIAN_POINT('',(6.089341395374,0.873097992188));
#5730 = CARTESIAN_POINT('',(6.040889059306,0.874755368168));
#5731 = CARTESIAN_POINT('',(5.992443917709,0.876772787032));
#5732 = CARTESIAN_POINT('',(5.944006517539,0.879145345683));
#5733 = CARTESIAN_POINT('',(5.895576914151,0.881867312305));
#5734 = CARTESIAN_POINT('',(5.847154843306,0.884932141069));
#5735 = CARTESIAN_POINT('',(5.798739862791,0.888332480854));
#5736 = CARTESIAN_POINT('',(5.750331500538,0.892060178824));
#5737 = CARTESIAN_POINT('',(5.701929425746,0.896106276521));
#5738 = CARTESIAN_POINT('',(5.653533567257,0.900461008336));
#5739 = CARTESIAN_POINT('',(5.605144492695,0.905113766943));
#5740 = CARTESIAN_POINT('',(5.556762897313,0.910053169857));
#5741 = CARTESIAN_POINT('',(5.508392521037,0.915266728946));
#5742 = CARTESIAN_POINT('',(5.460023490231,0.920742751784));
#5743 = CARTESIAN_POINT('',(5.41165473151,0.926468012423));
#5744 = CARTESIAN_POINT('',(5.363283865282,0.932428809088));
#5745 = CARTESIAN_POINT('',(5.314908222006,0.938610891071));
#5746 = CARTESIAN_POINT('',(5.266524846414,0.944999482667));
#5747 = CARTESIAN_POINT('',(5.218130587903,0.951579312975));
#5748 = CARTESIAN_POINT('',(5.169722885502,0.95833456039));
#5749 = CARTESIAN_POINT('',(5.121295582234,0.965249462152));
#5750 = CARTESIAN_POINT('',(5.072846741587,0.972307255257));
#5751 = CARTESIAN_POINT('',(5.024372975624,0.979491010238));
#5752 = CARTESIAN_POINT('',(4.975870417175,0.986783542596));
#5753 = CARTESIAN_POINT('',(4.927334736697,0.994167456211));
#5754 = CARTESIAN_POINT('',(4.878761397216,1.001625151553));
#5755 = CARTESIAN_POINT('',(4.830145825283,1.009138844294));
#5756 = CARTESIAN_POINT('',(4.781483630697,1.01669057458));
#5757 = CARTESIAN_POINT('',(4.732770707211,1.024262237661));
#5758 = CARTESIAN_POINT('',(4.700259432777,1.029311101025));
#5759 = CARTESIAN_POINT('',(4.683994213989,1.0318327639));
#5760 = ( GEOMETRIC_REPRESENTATION_CONTEXT(2) 
PARAMETRIC_REPRESENTATION_CONTEXT() REPRESENTATION_CONTEXT('2D SPACE',''
  ) );
#5761 = PCURVE('',#4484,#5762);
#5762 = DEFINITIONAL_REPRESENTATION('',(#5763),#5802);
#5763 = B_SPLINE_CURVE_WITH_KNOTS('',7,(#5764,#5765,#5766,#5767,#5768,
    #5769,#5770,#5771,#5772,#5773,#5774,#5775,#5776,#5777,#5778,#5779,
    #5780,#5781,#5782,#5783,#5784,#5785,#5786,#5787,#5788,#5789,#5790,
    #5791,#5792,#5793,#5794,#5795,#5796,#5797,#5798,#5799,#5800,#5801),
  .UNSPECIFIED.,.F.,.F.,(8,6,6,6,6,6,8),(0.741795890122,0.823668423302,
    0.878544277659,1.,1.121448595208,1.176320530943,1.258204133755),
  .UNSPECIFIED.);
#5764 = CARTESIAN_POINT('',(25.711220749638,52.800766540616));
#5765 = CARTESIAN_POINT('',(25.652515933256,52.851525736879));
#5766 = CARTESIAN_POINT('',(25.598069883388,52.907427276021));
#5767 = CARTESIAN_POINT('',(25.548445261867,52.96804288469));
#5768 = CARTESIAN_POINT('',(25.504140298117,53.032870548562));
#5769 = CARTESIAN_POINT('',(25.465586726208,53.101344577319));
#5770 = CARTESIAN_POINT('',(25.433141353618,53.172841456083));
#5771 = CARTESIAN_POINT('',(25.389597531371,53.296173473123));
#5772 = CARTESIAN_POINT('',(25.374986475408,53.346722233987));
#5773 = CARTESIAN_POINT('',(25.363318301378,53.398125519303));
#5774 = CARTESIAN_POINT('',(25.354654491134,53.450174981266));
#5775 = CARTESIAN_POINT('',(25.349037428455,53.502657366583));
#5776 = CARTESIAN_POINT('',(25.346490026695,53.555355712195));
#5777 = CARTESIAN_POINT('',(25.348178059065,53.724679039509));
#5778 = CARTESIAN_POINT('',(25.364393246834,53.84134879904));
#5779 = CARTESIAN_POINT('',(25.395717447736,53.955600858173));
#5780 = CARTESIAN_POINT('',(25.441661234024,54.065075762272));
#5781 = CARTESIAN_POINT('',(25.501328011447,54.167576186553));
#5782 = CARTESIAN_POINT('',(25.573421156893,54.261068922685));
#5783 = CARTESIAN_POINT('',(25.738926221178,54.42657398697));
#5784 = CARTESIAN_POINT('',(25.832412825985,54.498663512572));
#5785 = CARTESIAN_POINT('',(25.934906161422,54.558328243699));
#5786 = CARTESIAN_POINT('',(26.044373402395,54.604271750435));
#5787 = CARTESIAN_POINT('',(26.158617630468,54.635597552059));
#5788 = CARTESIAN_POINT('',(26.275279835962,54.651816222114));
#5789 = CARTESIAN_POINT('',(26.44459253446,54.653511854374));
#5790 = CARTESIAN_POINT('',(26.497287251301,54.6509672506));
#5791 = CARTESIAN_POINT('',(26.5497661958,54.645353412345));
#5792 = CARTESIAN_POINT('',(26.601812450063,54.636693236363));
#5793 = CARTESIAN_POINT('',(26.653212803725,54.625029084497));
#5794 = CARTESIAN_POINT('',(26.703758949253,54.610422411552));
#5795 = CARTESIAN_POINT('',(26.827100586729,54.566884945915));
#5796 = CARTESIAN_POINT('',(26.898609164676,54.534439316899));
#5797 = CARTESIAN_POINT('',(26.967094413117,54.495883646472));
#5798 = CARTESIAN_POINT('',(27.031932543978,54.451574854006));
#5799 = CARTESIAN_POINT('',(27.092557619247,54.401944828837));
#5800 = CARTESIAN_POINT('',(27.148467407867,54.347491995085));
#5801 = CARTESIAN_POINT('',(27.199233459384,54.288779250362));
#5802 = ( GEOMETRIC_REPRESENTATION_CONTEXT(2) 
PARAMETRIC_REPRESENTATION_CONTEXT() REPRESENTATION_CONTEXT('2D SPACE',''
  ) );
#5803 = ORIENTED_EDGE('',*,*,#5804,.T.);
#5804 = EDGE_CURVE('',#5646,#1824,#5805,.T.);
#5805 = SURFACE_CURVE('',#5806,(#5836,#5869),.PCURVE_S1.);
#5806 = B_SPLINE_CURVE_WITH_KNOTS('',4,(#5807,#5808,#5809,#5810,#5811,
    #5812,#5813,#5814,#5815,#5816,#5817,#5818,#5819,#5820,#5821,#5822,
    #5823,#5824,#5825,#5826,#5827,#5828,#5829,#5830,#5831,#5832,#5833,
    #5834,#5835),.UNSPECIFIED.,.F.,.F.,(5,3,3,3,3,3,3,3,3,5),(0.,
    0.122813727085,0.244979858122,0.367192386036,0.489487858589,
    0.611897288232,0.734433127946,0.857082538935,0.979932400054,1.),
  .UNSPECIFIED.);
#5807 = CARTESIAN_POINT('',(-6.358287119599,18.099751970612,17.));
#5808 = CARTESIAN_POINT('',(-6.363139370823,18.114382374777,17.));
#5809 = CARTESIAN_POINT('',(-6.368009556081,18.129006425689,
    16.999095165069));
#5810 = CARTESIAN_POINT('',(-6.372873656551,18.143547681536,
    16.997285506779));
#5811 = CARTESIAN_POINT('',(-6.382518752192,18.172236991451,
    16.991899232736));
#5812 = CARTESIAN_POINT('',(-6.387300066779,18.186386815868,
    16.988331974968));
#5813 = CARTESIAN_POINT('',(-6.392030543525,18.200305023523,
    16.983897514742));
#5814 = CARTESIAN_POINT('',(-6.401350120253,18.227540277418,
    16.973347698488));
#5815 = CARTESIAN_POINT('',(-6.405939179442,18.240857196673,
    16.967231670866));
#5816 = CARTESIAN_POINT('',(-6.410435872963,18.253799204562,
    16.960303364166));
#5817 = CARTESIAN_POINT('',(-6.419209825252,18.278810532482,
    16.944898343359));
#5818 = CARTESIAN_POINT('',(-6.423486944027,18.290879346902,
    16.936420521635));
#5819 = CARTESIAN_POINT('',(-6.427633850395,18.30244131438,
    16.927210810192));
#5820 = CARTESIAN_POINT('',(-6.435637531465,18.324447239503,
    16.907422474228));
#5821 = CARTESIAN_POINT('',(-6.439494039302,18.334890214037,
    16.896842505739));
#5822 = CARTESIAN_POINT('',(-6.443186600362,18.344710706745,
    16.885633536159));
#5823 = CARTESIAN_POINT('',(-6.450218556906,18.363022187928,
    16.862068050901));
#5824 = CARTESIAN_POINT('',(-6.453557586889,18.371511834913,
    16.849710283001));
#5825 = CARTESIAN_POINT('',(-6.456703369233,18.379283585555,
    16.836845046843));
#5826 = CARTESIAN_POINT('',(-6.462586919683,18.393326768225,
    16.810224014211));
#5827 = CARTESIAN_POINT('',(-6.4653243077,18.399596824565,
    16.796467331303));
#5828 = CARTESIAN_POINT('',(-6.467843794625,18.405076518423,
    16.782339158211));
#5829 = CARTESIAN_POINT('',(-6.472431163984,18.414416058463,
    16.75346284572));
#5830 = CARTESIAN_POINT('',(-6.474498302306,18.418273253497,
    16.73871366789));
#5831 = CARTESIAN_POINT('',(-6.476327197983,18.421290587274,
    16.72373888856));
#5832 = CARTESIAN_POINT('',(-6.47816906066,18.423811093469,
    16.706144577713));
#5833 = CARTESIAN_POINT('',(-6.478421128913,18.424142307057,
    16.703670113519));
#5834 = CARTESIAN_POINT('',(-6.478666609902,18.424450772674,
    16.701192004886));
#5835 = CARTESIAN_POINT('',(-6.478905473151,18.424736452151,
    16.698710585336));
#5836 = PCURVE('',#1867,#5837);
#5837 = DEFINITIONAL_REPRESENTATION('',(#5838),#5868);
#5838 = B_SPLINE_CURVE_WITH_KNOTS('',4,(#5839,#5840,#5841,#5842,#5843,
    #5844,#5845,#5846,#5847,#5848,#5849,#5850,#5851,#5852,#5853,#5854,
    #5855,#5856,#5857,#5858,#5859,#5860,#5861,#5862,#5863,#5864,#5865,
    #5866,#5867),.UNSPECIFIED.,.F.,.F.,(5,3,3,3,3,3,3,3,3,5),(0.,
    0.122813727085,0.244979858122,0.367192386036,0.489487858589,
    0.611897288232,0.734433127946,0.857082538935,0.979932400054,1.),
  .UNSPECIFIED.);
#5839 = CARTESIAN_POINT('',(4.683994211959,1.031832750713));
#5840 = CARTESIAN_POINT('',(4.698481594352,1.029586714408));
#5841 = CARTESIAN_POINT('',(4.712824814353,1.026402067509));
#5842 = CARTESIAN_POINT('',(4.726933776286,1.022294630589));
#5843 = CARTESIAN_POINT('',(4.754449999406,1.012329004519));
#5844 = CARTESIAN_POINT('',(4.767860746918,1.00648002962));
#5845 = CARTESIAN_POINT('',(4.780881769546,0.99978546037));
#5846 = CARTESIAN_POINT('',(4.806021031894,0.984798883858));
#5847 = CARTESIAN_POINT('',(4.818138997474,0.976506121906));
#5848 = CARTESIAN_POINT('',(4.829739045866,0.967463691774));
#5849 = CARTESIAN_POINT('',(4.851816049382,0.947990136296));
#5850 = CARTESIAN_POINT('',(4.862292205775,0.93755792188));
#5851 = CARTESIAN_POINT('',(4.87215501276,0.926492263059));
#5852 = CARTESIAN_POINT('',(4.890598586076,0.903212405446));
#5853 = CARTESIAN_POINT('',(4.899178049715,0.890997024901));
#5854 = CARTESIAN_POINT('',(4.907078951124,0.878276274538));
#5855 = CARTESIAN_POINT('',(4.92149143702,0.851944676433));
#5856 = CARTESIAN_POINT('',(4.928001455469,0.838332849468));
#5857 = CARTESIAN_POINT('',(4.933791659149,0.82434898052));
#5858 = CARTESIAN_POINT('',(4.943914080533,0.795759064964));
#5859 = CARTESIAN_POINT('',(4.948244835242,0.781152428406));
#5860 = CARTESIAN_POINT('',(4.951831162516,0.766308385912));
#5861 = CARTESIAN_POINT('',(4.957506564559,0.736255649697));
#5862 = CARTESIAN_POINT('',(4.959593118567,0.721046410226));
#5863 = CARTESIAN_POINT('',(4.960919542983,0.705734181354));
#5864 = CARTESIAN_POINT('',(4.961574302924,0.687879575862));
#5865 = CARTESIAN_POINT('',(4.961645879183,0.685371598065));
#5866 = CARTESIAN_POINT('',(4.961697022516,0.682862972436));
#5867 = CARTESIAN_POINT('',(4.961727787476,0.680353994951));
#5868 = ( GEOMETRIC_REPRESENTATION_CONTEXT(2) 
PARAMETRIC_REPRESENTATION_CONTEXT() REPRESENTATION_CONTEXT('2D SPACE',''
  ) );
#5869 = PCURVE('',#1914,#5870);
#5870 = DEFINITIONAL_REPRESENTATION('',(#5871),#5901);
#5871 = B_SPLINE_CURVE_WITH_KNOTS('',4,(#5872,#5873,#5874,#5875,#5876,
    #5877,#5878,#5879,#5880,#5881,#5882,#5883,#5884,#5885,#5886,#5887,
    #5888,#5889,#5890,#5891,#5892,#5893,#5894,#5895,#5896,#5897,#5898,
    #5899,#5900),.UNSPECIFIED.,.F.,.F.,(5,3,3,3,3,3,3,3,3,5),(0.,
    0.122813727085,0.244979858122,0.367192386036,0.489487858589,
    0.611897288232,0.734433127946,0.857082538935,0.979932400054,1.),
  .UNSPECIFIED.);
#5872 = CARTESIAN_POINT('',(1.908621145899,1.570796326795));
#5873 = CARTESIAN_POINT('',(1.908607017205,1.526762981168));
#5874 = CARTESIAN_POINT('',(1.908593910539,1.482729886806));
#5875 = CARTESIAN_POINT('',(1.908581960396,1.43869744619));
#5876 = CARTESIAN_POINT('',(1.908560801111,1.350868740265));
#5877 = CARTESIAN_POINT('',(1.908551576918,1.307072408606));
#5878 = CARTESIAN_POINT('',(1.908543863912,1.263279361708));
#5879 = CARTESIAN_POINT('',(1.908531870724,1.175687609913));
#5880 = CARTESIAN_POINT('',(1.908527590773,1.13188885078));
#5881 = CARTESIAN_POINT('',(1.908525235262,1.08809772427));
#5882 = CARTESIAN_POINT('',(1.908524766887,1.000505750593));
#5883 = CARTESIAN_POINT('',(1.908526655914,0.95670485524));
#5884 = CARTESIAN_POINT('',(1.908530865196,0.912916213172));
#5885 = CARTESIAN_POINT('',(1.908544245159,0.825325772697));
#5886 = CARTESIAN_POINT('',(1.908553419696,0.781523954311));
#5887 = CARTESIAN_POINT('',(1.90856523285,0.737737398159));
#5888 = CARTESIAN_POINT('',(1.908594340181,0.650149763372));
#5889 = CARTESIAN_POINT('',(1.908611639502,0.606348696724));
#5890 = CARTESIAN_POINT('',(1.908631771109,0.562562954445));
#5891 = CARTESIAN_POINT('',(1.908677752032,0.474978426449));
#5892 = CARTESIAN_POINT('',(1.908703606337,0.431179671629));
#5893 = CARTESIAN_POINT('',(1.908732329423,0.387393064558));
#5894 = CARTESIAN_POINT('',(1.908795421281,0.299766926552));
#5895 = CARTESIAN_POINT('',(1.908829799056,0.255927449099));
#5896 = CARTESIAN_POINT('',(1.908866910613,0.212094440653));
#5897 = CARTESIAN_POINT('',(1.908913073331,0.161104849941));
#5898 = CARTESIAN_POINT('',(1.908919623775,0.153945283222));
#5899 = CARTESIAN_POINT('',(1.908926242056,0.146785785532));
#5900 = CARTESIAN_POINT('',(1.908932927392,0.13962634016));
#5901 = ( GEOMETRIC_REPRESENTATION_CONTEXT(2) 
PARAMETRIC_REPRESENTATION_CONTEXT() REPRESENTATION_CONTEXT('2D SPACE',''
  ) );
#5902 = ORIENTED_EDGE('',*,*,#1821,.F.);
#5903 = ORIENTED_EDGE('',*,*,#5904,.F.);
#5904 = EDGE_CURVE('',#2297,#1822,#5905,.T.);
#5905 = SURFACE_CURVE('',#5906,(#5911,#5918),.PCURVE_S1.);
#5906 = CIRCLE('',#5907,0.85);
#5907 = AXIS2_PLACEMENT_3D('',#5908,#5909,#5910);
#5908 = CARTESIAN_POINT('',(-7.393132428853,17.848600578157,
    16.047918819083));
#5909 = DIRECTION('',(-5.325923996829E-02,0.128579179453,-0.990268068742
    ));
#5910 = DIRECTION('',(-0.997389635668,-5.527068038133E-02,
    4.646575676742E-02));
#5911 = PCURVE('',#1867,#5912);
#5912 = DEFINITIONAL_REPRESENTATION('',(#5913),#5917);
#5913 = LINE('',#5914,#5915);
#5914 = CARTESIAN_POINT('',(7.513575190501,0.));
#5915 = VECTOR('',#5916,1.);
#5916 = DIRECTION('',(-1.,-0.));
#5917 = ( GEOMETRIC_REPRESENTATION_CONTEXT(2) 
PARAMETRIC_REPRESENTATION_CONTEXT() REPRESENTATION_CONTEXT('2D SPACE',''
  ) );
#5918 = PCURVE('',#2110,#5919);
#5919 = DEFINITIONAL_REPRESENTATION('',(#5920),#5924);
#5920 = LINE('',#5921,#5922);
#5921 = CARTESIAN_POINT('',(-7.513575190501,3.864326901403));
#5922 = VECTOR('',#5923,1.);
#5923 = DIRECTION('',(1.,-0.));
#5924 = ( GEOMETRIC_REPRESENTATION_CONTEXT(2) 
PARAMETRIC_REPRESENTATION_CONTEXT() REPRESENTATION_CONTEXT('2D SPACE',''
  ) );
#5925 = ORIENTED_EDGE('',*,*,#2296,.T.);
#5926 = ORIENTED_EDGE('',*,*,#5927,.T.);
#5927 = EDGE_CURVE('',#2268,#5644,#5928,.T.);
#5928 = SURFACE_CURVE('',#5929,(#5959,#5992),.PCURVE_S1.);
#5929 = B_SPLINE_CURVE_WITH_KNOTS('',4,(#5930,#5931,#5932,#5933,#5934,
    #5935,#5936,#5937,#5938,#5939,#5940,#5941,#5942,#5943,#5944,#5945,
    #5946,#5947,#5948,#5949,#5950,#5951,#5952,#5953,#5954,#5955,#5956,
    #5957,#5958),.UNSPECIFIED.,.F.,.F.,(5,3,3,3,3,3,3,3,3,5),(0.,
    2.006759994542E-02,0.143318426872,0.265967514957,0.388502948183,
    0.510911972245,0.633207116172,0.755419433898,0.877585467434,1.),
  .UNSPECIFIED.);
#5930 = CARTESIAN_POINT('',(-8.446978092159,17.609534081622,
    16.698710585336));
#5931 = CARTESIAN_POINT('',(-8.446944988087,17.609163173904,
    16.701192004886));
#5932 = CARTESIAN_POINT('',(-8.446900451229,17.608771474502,
    16.703670113519));
#5933 = CARTESIAN_POINT('',(-8.446844487026,17.608359031957,
    16.706144577713));
#5934 = CARTESIAN_POINT('',(-8.446363267272,17.605265717096,
    16.723788250738));
#5935 = CARTESIAN_POINT('',(-8.445518770768,17.60182519208,
    16.738811418029));
#5936 = CARTESIAN_POINT('',(-8.444246092309,17.597617390647,
    16.753607256339));
#5937 = CARTESIAN_POINT('',(-8.440872168446,17.587739029194,
    16.782524824727));
#5938 = CARTESIAN_POINT('',(-8.438774991428,17.582075702814,
    16.796649556307));
#5939 = CARTESIAN_POINT('',(-8.436273111129,17.575699617466,
    16.810402334355));
#5940 = CARTESIAN_POINT('',(-8.430495792479,17.561596027564,
    16.837014664303));
#5941 = CARTESIAN_POINT('',(-8.427221058415,17.553869765006,
    16.849875104092));
#5942 = CARTESIAN_POINT('',(-8.423575474165,17.545499483674,
    16.862227652626));
#5943 = CARTESIAN_POINT('',(-8.415592858323,17.527567261897,
    16.885781912343));
#5944 = CARTESIAN_POINT('',(-8.411256516495,17.518006527813,
    16.896984876568));
#5945 = CARTESIAN_POINT('',(-8.406596113673,17.507890022879,
    16.907558470853));
#5946 = CARTESIAN_POINT('',(-8.396689274425,17.48666022698,
    16.92733340106));
#5947 = CARTESIAN_POINT('',(-8.391443343684,17.475547818537,
    16.936536080693));
#5948 = CARTESIAN_POINT('',(-8.385931297087,17.46398531182,
    16.945006569335));
#5949 = CARTESIAN_POINT('',(-8.374445197047,17.440087913076,
    16.960396414374));
#5950 = CARTESIAN_POINT('',(-8.368471401357,17.427753476224,
    16.967316877174));
#5951 = CARTESIAN_POINT('',(-8.362298043867,17.415089036609,
    16.973424838643));
#5952 = CARTESIAN_POINT('',(-8.349626553866,17.389235708131,
    16.98395817443));
#5953 = CARTESIAN_POINT('',(-8.343128481823,17.376046937085,
    16.988384218838));
#5954 = CARTESIAN_POINT('',(-8.336502820068,17.362658880457,
    16.991942925263));
#5955 = CARTESIAN_POINT('',(-8.323056695204,17.335593973916,
    16.997303124491));
#5956 = CARTESIAN_POINT('',(-8.3162358033,17.321916508755,
    16.999101037665));
#5957 = CARTESIAN_POINT('',(-8.309361141514,17.308176834327,17.));
#5958 = CARTESIAN_POINT('',(-8.302469417215,17.294445295214,17.));
#5959 = PCURVE('',#1867,#5960);
#5960 = DEFINITIONAL_REPRESENTATION('',(#5961),#5991);
#5961 = B_SPLINE_CURVE_WITH_KNOTS('',4,(#5962,#5963,#5964,#5965,#5966,
    #5967,#5968,#5969,#5970,#5971,#5972,#5973,#5974,#5975,#5976,#5977,
    #5978,#5979,#5980,#5981,#5982,#5983,#5984,#5985,#5986,#5987,#5988,
    #5989,#5990),.UNSPECIFIED.,.F.,.F.,(5,3,3,3,3,3,3,3,3,5),(0.,
    2.006759994542E-02,0.143318426872,0.265967514957,0.388502948183,
    0.510911972245,0.633207116172,0.755419433898,0.877585467434,1.),
  .UNSPECIFIED.);
#5962 = CARTESIAN_POINT('',(7.604642826883,0.680353994951));
#5963 = CARTESIAN_POINT('',(7.604673591843,0.682862972436));
#5964 = CARTESIAN_POINT('',(7.604724735177,0.685371598065));
#5965 = CARTESIAN_POINT('',(7.604796311435,0.687879575862));
#5966 = CARTESIAN_POINT('',(7.605452908355,0.705784273808));
#5967 = CARTESIAN_POINT('',(7.606786162273,0.721146363955));
#5968 = CARTESIAN_POINT('',(7.608884505016,0.736404569382));
#5969 = CARTESIAN_POINT('',(7.614583935455,0.766503001981));
#5970 = CARTESIAN_POINT('',(7.618177572091,0.781344895544));
#5971 = CARTESIAN_POINT('',(7.622515575536,0.79594894316));
#5972 = CARTESIAN_POINT('',(7.632652320895,0.824532793202));
#5973 = CARTESIAN_POINT('',(7.638449598861,0.838513186955));
#5974 = CARTESIAN_POINT('',(7.644966587763,0.852121099481));
#5975 = CARTESIAN_POINT('',(7.659392733503,0.878444002963));
#5976 = CARTESIAN_POINT('',(7.667300324599,0.891159974203));
#5977 = CARTESIAN_POINT('',(7.67588630781,0.903370145617));
#5978 = CARTESIAN_POINT('',(7.694342489028,0.926638763953));
#5979 = CARTESIAN_POINT('',(7.704211385703,0.937698392826));
#5980 = CARTESIAN_POINT('',(7.714693371821,0.948124173938));
#5981 = CARTESIAN_POINT('',(7.736781414622,0.967584122816));
#5982 = CARTESIAN_POINT('',(7.74838667438,0.976619378877));
#5983 = CARTESIAN_POINT('',(7.760509485698,0.984904615347));
#5984 = CARTESIAN_POINT('',(7.785657611677,0.999875530088));
#5985 = CARTESIAN_POINT('',(7.798682653711,1.00656196175));
#5986 = CARTESIAN_POINT('',(7.812096949871,1.012402528586));
#5987 = CARTESIAN_POINT('',(7.839574424184,1.022334653287));
#5988 = CARTESIAN_POINT('',(7.853639045175,1.026422761026));
#5989 = CARTESIAN_POINT('',(7.867936109885,1.029594014938));
#5990 = CARTESIAN_POINT('',(7.8823764024,1.031832750713));
#5991 = ( GEOMETRIC_REPRESENTATION_CONTEXT(2) 
PARAMETRIC_REPRESENTATION_CONTEXT() REPRESENTATION_CONTEXT('2D SPACE',''
  ) );
#5992 = PCURVE('',#2284,#5993);
#5993 = DEFINITIONAL_REPRESENTATION('',(#5994),#6024);
#5994 = B_SPLINE_CURVE_WITH_KNOTS('',4,(#5995,#5996,#5997,#5998,#5999,
    #6000,#6001,#6002,#6003,#6004,#6005,#6006,#6007,#6008,#6009,#6010,
    #6011,#6012,#6013,#6014,#6015,#6016,#6017,#6018,#6019,#6020,#6021,
    #6022,#6023),.UNSPECIFIED.,.F.,.F.,(5,3,3,3,3,3,3,3,3,5),(0.,
    2.006759994542E-02,0.143318426872,0.265967514957,0.388502948183,
    0.510911972245,0.633207116172,0.755419433898,0.877585467434,1.),
  .UNSPECIFIED.);
#5995 = CARTESIAN_POINT('',(2.018057889595,0.13962634016));
#5996 = CARTESIAN_POINT('',(2.018064574931,0.146785785532));
#5997 = CARTESIAN_POINT('',(2.018071193212,0.153945283222));
#5998 = CARTESIAN_POINT('',(2.018077743657,0.161104849941));
#5999 = CARTESIAN_POINT('',(2.018124035887,0.212237495829));
#6000 = CARTESIAN_POINT('',(2.018161260158,0.256213579379));
#6001 = CARTESIAN_POINT('',(2.018195732233,0.30019618576));
#6002 = CARTESIAN_POINT('',(2.018258872051,0.387965508775));
#6003 = CARTESIAN_POINT('',(2.018287567163,0.431752110307));
#6004 = CARTESIAN_POINT('',(2.018313393333,0.475550874691));
#6005 = CARTESIAN_POINT('',(2.018359318224,0.563135412209));
#6006 = CARTESIAN_POINT('',(2.018379421935,0.60692115448));
#6007 = CARTESIAN_POINT('',(2.018396693752,0.650722226334));
#6008 = CARTESIAN_POINT('',(2.018425747355,0.738309871357));
#6009 = CARTESIAN_POINT('',(2.018437534283,0.782096432627));
#6010 = CARTESIAN_POINT('',(2.018446683453,0.825898250633));
#6011 = CARTESIAN_POINT('',(2.018460014771,0.913488698645));
#6012 = CARTESIAN_POINT('',(2.018464200769,0.957277348739));
#6013 = CARTESIAN_POINT('',(2.018466067709,1.00107823868));
#6014 = CARTESIAN_POINT('',(2.018465557736,1.088670214535));
#6015 = CARTESIAN_POINT('',(2.018463182707,1.132461348698));
#6016 = CARTESIAN_POINT('',(2.018458884595,1.176260099799));
#6017 = CARTESIAN_POINT('',(2.018446857757,1.263851848181));
#6018 = CARTESIAN_POINT('',(2.018439129258,1.307644899673));
#6019 = CARTESIAN_POINT('',(2.018429890879,1.351441224053));
#6020 = CARTESIAN_POINT('',(2.01840874003,1.439126816566));
#6021 = CARTESIAN_POINT('',(2.018396821229,1.483016137827));
#6022 = CARTESIAN_POINT('',(2.018383753858,1.526906107428));
#6023 = CARTESIAN_POINT('',(2.018369671089,1.570796326795));
#6024 = ( GEOMETRIC_REPRESENTATION_CONTEXT(2) 
PARAMETRIC_REPRESENTATION_CONTEXT() REPRESENTATION_CONTEXT('2D SPACE',''
  ) );
#6025 = ADVANCED_FACE('',(#6026),#2110,.F.);
#6026 = FACE_BOUND('',#6027,.T.);
#6027 = EDGE_LOOP('',(#6028,#6029,#6030,#6052));
#6028 = ORIENTED_EDGE('',*,*,#5904,.T.);
#6029 = ORIENTED_EDGE('',*,*,#2088,.F.);
#6030 = ORIENTED_EDGE('',*,*,#6031,.F.);
#6031 = EDGE_CURVE('',#2362,#2055,#6032,.T.);
#6032 = SURFACE_CURVE('',#6033,(#6038,#6045),.PCURVE_S1.);
#6033 = CIRCLE('',#6034,0.8);
#6034 = AXIS2_PLACEMENT_3D('',#6035,#6036,#6037);
#6035 = CARTESIAN_POINT('',(-7.400177964051,17.865610004788,
    15.916918667024));
#6036 = DIRECTION('',(-5.325923996829E-02,0.128579179453,-0.990268068742
    ));
#6037 = DIRECTION('',(-0.998298526565,-3.042993921825E-02,
    4.974003073069E-02));
#6038 = PCURVE('',#2110,#6039);
#6039 = DEFINITIONAL_REPRESENTATION('',(#6040),#6044);
#6040 = LINE('',#6041,#6042);
#6041 = CARTESIAN_POINT('',(-7.488502450202,3.14159265359));
#6042 = VECTOR('',#6043,1.);
#6043 = DIRECTION('',(1.,-0.));
#6044 = ( GEOMETRIC_REPRESENTATION_CONTEXT(2) 
PARAMETRIC_REPRESENTATION_CONTEXT() REPRESENTATION_CONTEXT('2D SPACE',''
  ) );
#6045 = PCURVE('',#2074,#6046);
#6046 = DEFINITIONAL_REPRESENTATION('',(#6047),#6051);
#6047 = LINE('',#6048,#6049);
#6048 = CARTESIAN_POINT('',(7.488502450202,3.058017564517));
#6049 = VECTOR('',#6050,1.);
#6050 = DIRECTION('',(-1.,-0.));
#6051 = ( GEOMETRIC_REPRESENTATION_CONTEXT(2) 
PARAMETRIC_REPRESENTATION_CONTEXT() REPRESENTATION_CONTEXT('2D SPACE',''
  ) );
#6052 = ORIENTED_EDGE('',*,*,#2361,.T.);
#6053 = ADVANCED_FACE('',(#6054),#2074,.T.);
#6054 = FACE_BOUND('',#6055,.T.);
#6055 = EDGE_LOOP('',(#6056,#6057,#6058,#6059,#6060));
#6056 = ORIENTED_EDGE('',*,*,#6031,.T.);
#6057 = ORIENTED_EDGE('',*,*,#2054,.F.);
#6058 = ORIENTED_EDGE('',*,*,#2129,.T.);
#6059 = ORIENTED_EDGE('',*,*,#2159,.T.);
#6060 = ORIENTED_EDGE('',*,*,#2396,.F.);
#6061 = ADVANCED_FACE('',(#6062),#1914,.T.);
#6062 = FACE_BOUND('',#6063,.T.);
#6063 = EDGE_LOOP('',(#6064,#6065,#6091,#6092));
#6064 = ORIENTED_EDGE('',*,*,#5804,.F.);
#6065 = ORIENTED_EDGE('',*,*,#6066,.T.);
#6066 = EDGE_CURVE('',#5646,#5190,#6067,.T.);
#6067 = SURFACE_CURVE('',#6068,(#6073,#6080),.PCURVE_S1.);
#6068 = CIRCLE('',#6069,19.184077681581);
#6069 = AXIS2_PLACEMENT_3D('',#6070,#6071,#6072);
#6070 = CARTESIAN_POINT('',(0.,0.,17.));
#6071 = DIRECTION('',(0.,0.,-1.));
#6072 = DIRECTION('',(0.943477829431,0.331435642882,0.));
#6073 = PCURVE('',#1914,#6074);
#6074 = DEFINITIONAL_REPRESENTATION('',(#6075),#6079);
#6075 = LINE('',#6076,#6077);
#6076 = CARTESIAN_POINT('',(6.621010126278,1.570796326795));
#6077 = VECTOR('',#6078,1.);
#6078 = DIRECTION('',(-1.,-0.));
#6079 = ( GEOMETRIC_REPRESENTATION_CONTEXT(2) 
PARAMETRIC_REPRESENTATION_CONTEXT() REPRESENTATION_CONTEXT('2D SPACE',''
  ) );
#6080 = PCURVE('',#4484,#6081);
#6081 = DEFINITIONAL_REPRESENTATION('',(#6082),#6090);
#6082 = ( BOUNDED_CURVE() B_SPLINE_CURVE(2,(#6083,#6084,#6085,#6086,
#6087,#6088,#6089),.UNSPECIFIED.,.T.,.F.) B_SPLINE_CURVE_WITH_KNOTS((1,2
    ,2,2,2,1),(-2.094395102393,0.,2.094395102393,4.188790204786,
6.28318530718,8.377580409573),.UNSPECIFIED.) CURVE() 
GEOMETRIC_REPRESENTATION_ITEM() RATIONAL_B_SPLINE_CURVE((1.,0.5,1.,0.5,
1.,0.5,1.)) REPRESENTATION_ITEM('') );
#6083 = CARTESIAN_POINT('',(54.288779250362,52.800766540616));
#6084 = CARTESIAN_POINT('',(76.460357274536,28.051874900854));
#6085 = CARTESIAN_POINT('',(43.941399386907,21.225170909811));
#6086 = CARTESIAN_POINT('',(11.422441499277,14.398466918768));
#6087 = CARTESIAN_POINT('',(21.769821362732,45.974062549573));
#6088 = CARTESIAN_POINT('',(32.117201226187,77.549658180378));
#6089 = CARTESIAN_POINT('',(54.288779250362,52.800766540616));
#6090 = ( GEOMETRIC_REPRESENTATION_CONTEXT(2) 
PARAMETRIC_REPRESENTATION_CONTEXT() REPRESENTATION_CONTEXT('2D SPACE',''
  ) );
#6091 = ORIENTED_EDGE('',*,*,#5473,.F.);
#6092 = ORIENTED_EDGE('',*,*,#1897,.F.);
#6093 = ADVANCED_FACE('',(#6094),#2237,.T.);
#6094 = FACE_BOUND('',#6095,.T.);
#6095 = EDGE_LOOP('',(#6096,#6257,#6356,#6357,#6379,#6380));
#6096 = ORIENTED_EDGE('',*,*,#6097,.T.);
#6097 = EDGE_CURVE('',#6098,#6100,#6102,.T.);
#6098 = VERTEX_POINT('',#6099);
#6099 = CARTESIAN_POINT('',(-18.09975197064,6.358287119494,17.));
#6100 = VERTEX_POINT('',#6101);
#6101 = CARTESIAN_POINT('',(-17.29444529516,8.302469417314,17.));
#6102 = SURFACE_CURVE('',#6103,(#6142,#6215),.PCURVE_S1.);
#6103 = B_SPLINE_CURVE_WITH_KNOTS('',7,(#6104,#6105,#6106,#6107,#6108,
    #6109,#6110,#6111,#6112,#6113,#6114,#6115,#6116,#6117,#6118,#6119,
    #6120,#6121,#6122,#6123,#6124,#6125,#6126,#6127,#6128,#6129,#6130,
    #6131,#6132,#6133,#6134,#6135,#6136,#6137,#6138,#6139,#6140,#6141),
  .UNSPECIFIED.,.F.,.F.,(8,6,6,6,6,6,8),(0.741795890122,0.823668423302,
    0.878544277659,1.,1.121448595208,1.176320530943,1.258204133755),
  .UNSPECIFIED.);
#6104 = CARTESIAN_POINT('',(-18.09975197064,6.358287119494,17.));
#6105 = CARTESIAN_POINT('',(-18.17341285241,6.382717141379,17.));
#6106 = CARTESIAN_POINT('',(-18.24510703638,6.413527827986,17.));
#6107 = CARTESIAN_POINT('',(-18.31415079769,6.450538827693,17.));
#6108 = CARTESIAN_POINT('',(-18.37989171981,6.493477003886,17.));
#6109 = CARTESIAN_POINT('',(-18.44171445216,6.541984944335,17.));
#6110 = CARTESIAN_POINT('',(-18.49905073879,6.595623140716,17.));
#6111 = CARTESIAN_POINT('',(-18.58647710453,6.692903567608,17.));
#6112 = CARTESIAN_POINT('',(-18.61932013339,6.734013124117,17.));
#6113 = CARTESIAN_POINT('',(-18.64977130622,6.777038350437,17.));
#6114 = CARTESIAN_POINT('',(-18.67769408994,6.821810286382,17.));
#6115 = CARTESIAN_POINT('',(-18.70296771853,6.868148131167,17.));
#6116 = CARTESIAN_POINT('',(-18.72548799466,6.915860205627,17.));
#6117 = CARTESIAN_POINT('',(-18.78872568817,7.07294054413,17.));
#6118 = CARTESIAN_POINT('',(-18.81839239211,7.186934630736,17.));
#6119 = CARTESIAN_POINT('',(-18.83317497417,7.304477022433,17.));
#6120 = CARTESIAN_POINT('',(-18.83262268243,7.423200571487,17.));
#6121 = CARTESIAN_POINT('',(-18.81672298218,7.540732102736,17.));
#6122 = CARTESIAN_POINT('',(-18.78589572183,7.654696980436,17.));
#6123 = CARTESIAN_POINT('',(-18.69632502649,7.87093976793,17.));
#6124 = CARTESIAN_POINT('',(-18.63754213283,7.973317579949,17.));
#6125 = CARTESIAN_POINT('',(-18.56568334211,8.067663105251,17.));
#6126 = CARTESIAN_POINT('',(-18.48213061754,8.152000670283,17.));
#6127 = CARTESIAN_POINT('',(-18.3885705788,8.22466131057,17.));
#6128 = CARTESIAN_POINT('',(-18.28699537126,8.284290101103,17.));
#6129 = CARTESIAN_POINT('',(-18.13121972489,8.350649825647,17.));
#6130 = CARTESIAN_POINT('',(-18.08156237683,8.368464313411,17.));
#6131 = CARTESIAN_POINT('',(-18.03092983122,8.383360625756,17.));
#6132 = CARTESIAN_POINT('',(-17.9795312563,8.395276905641,17.));
#6133 = CARTESIAN_POINT('',(-17.92757984391,8.404170698232,17.));
#6134 = CARTESIAN_POINT('',(-17.87529156287,8.410019064524,17.));
#6135 = CARTESIAN_POINT('',(-17.74467768172,8.416996492308,17.));
#6136 = CARTESIAN_POINT('',(-17.66619596548,8.414385787792,17.));
#6137 = CARTESIAN_POINT('',(-17.58816922987,8.404973162962,17.));
#6138 = CARTESIAN_POINT('',(-17.51131036705,8.388849654959,17.));
#6139 = CARTESIAN_POINT('',(-17.43630751247,8.366197702398,17.));
#6140 = CARTESIAN_POINT('',(-17.36381540578,8.337285593619,17.));
#6141 = CARTESIAN_POINT('',(-17.29444529516,8.302469417314,17.));
#6142 = PCURVE('',#2237,#6143);
#6143 = DEFINITIONAL_REPRESENTATION('',(#6144),#6214);
#6144 = B_SPLINE_CURVE_WITH_KNOTS('',3,(#6145,#6146,#6147,#6148,#6149,
    #6150,#6151,#6152,#6153,#6154,#6155,#6156,#6157,#6158,#6159,#6160,
    #6161,#6162,#6163,#6164,#6165,#6166,#6167,#6168,#6169,#6170,#6171,
    #6172,#6173,#6174,#6175,#6176,#6177,#6178,#6179,#6180,#6181,#6182,
    #6183,#6184,#6185,#6186,#6187,#6188,#6189,#6190,#6191,#6192,#6193,
    #6194,#6195,#6196,#6197,#6198,#6199,#6200,#6201,#6202,#6203,#6204,
    #6205,#6206,#6207,#6208,#6209,#6210,#6211,#6212,#6213),
  .UNSPECIFIED.,.F.,.F.,(4,1,1,1,1,1,1,1,1,1,1,1,1,1,1,1,1,1,1,1,1,1,1,1
    ,1,1,1,1,1,1,1,1,1,1,1,1,1,1,1,1,1,1,1,1,1,1,1,1,1,1,1,1,1,1,1,1,1,1
    ,1,1,1,1,1,1,1,1,4),(0.741795890122,0.74962025745,0.757444624778,
    0.765268992106,0.773093359433,0.780917726761,0.788742094089,
    0.796566461417,0.804390828744,0.812215196072,0.8200395634,
    0.827863930728,0.835688298055,0.843512665383,0.851337032711,
    0.859161400039,0.866985767366,0.874810134694,0.882634502022,
    0.89045886935,0.898283236678,0.906107604005,0.913931971333,
    0.921756338661,0.929580705989,0.937405073316,0.945229440644,
    0.953053807972,0.9608781753,0.968702542627,0.976526909955,
    0.984351277283,0.992175644611,1.000000011938,1.007824379266,
    1.015648746594,1.023473113922,1.03129748125,1.039121848577,
    1.046946215905,1.054770583233,1.062594950561,1.070419317888,
    1.078243685216,1.086068052544,1.093892419872,1.101716787199,
    1.109541154527,1.117365521855,1.125189889183,1.13301425651,
    1.140838623838,1.148662991166,1.156487358494,1.164311725821,
    1.172136093149,1.179960460477,1.187784827805,1.195609195133,
    1.20343356246,1.211257929788,1.219082297116,1.226906664444,
    1.234731031771,1.242555399099,1.250379766427,1.258204133755),
  .QUASI_UNIFORM_KNOTS.);
#6145 = CARTESIAN_POINT('',(7.882376400371,1.0318327639));
#6146 = CARTESIAN_POINT('',(7.866111179149,1.029311100647));
#6147 = CARTESIAN_POINT('',(7.833599900695,1.024262236658));
#6148 = CARTESIAN_POINT('',(7.784886972822,1.016690572896));
#6149 = CARTESIAN_POINT('',(7.736224774471,1.009138842031));
#6150 = CARTESIAN_POINT('',(7.68760919878,1.001625148722));
#6151 = CARTESIAN_POINT('',(7.639035855156,0.994167452767));
#6152 = CARTESIAN_POINT('',(7.590500170013,0.986783538481));
#6153 = CARTESIAN_POINT('',(7.54199760645,0.979491005414));
#6154 = CARTESIAN_POINT('',(7.493523835337,0.972307249751));
#6155 = CARTESIAN_POINT('',(7.445074989818,0.965249456045));
#6156 = CARTESIAN_POINT('',(7.396647683907,0.958334554034));
#6157 = CARTESIAN_POINT('',(7.34823997835,0.95157930635));
#6158 = CARTESIAN_POINT('',(7.299845714699,0.944999475521));
#6159 = CARTESIAN_POINT('',(7.251462334976,0.938610883601));
#6160 = CARTESIAN_POINT('',(7.203086687271,0.932428801319));
#6161 = CARTESIAN_POINT('',(7.154715816594,0.926468004413));
#6162 = CARTESIAN_POINT('',(7.10634705288,0.920742743528));
#6163 = CARTESIAN_POINT('',(7.057978018869,0.9152667207));
#6164 = CARTESIAN_POINT('',(7.00960763409,0.910053161132));
#6165 = CARTESIAN_POINT('',(6.961226030003,0.90511375784));
#6166 = CARTESIAN_POINT('',(6.912836950529,0.900460999335));
#6167 = CARTESIAN_POINT('',(6.864441088319,0.896106267805));
#6168 = CARTESIAN_POINT('',(6.816039010585,0.892060170525));
#6169 = CARTESIAN_POINT('',(6.767630645494,0.888332473036));
#6170 = CARTESIAN_POINT('',(6.719215661895,0.884932133771));
#6171 = CARTESIAN_POINT('',(6.670793587479,0.881867305558));
#6172 = CARTESIAN_POINT('',(6.622363979924,0.879145339522));
#6173 = CARTESIAN_POINT('',(6.573926574989,0.876772781504));
#6174 = CARTESIAN_POINT('',(6.525481428129,0.874755363339));
#6175 = CARTESIAN_POINT('',(6.477029086507,0.873097988139));
#6176 = CARTESIAN_POINT('',(6.428570654872,0.871804709649));
#6177 = CARTESIAN_POINT('',(6.380108292812,0.870878705593));
#6178 = CARTESIAN_POINT('',(6.33164415905,0.870322244779));
#6179 = CARTESIAN_POINT('',(6.28318523297,0.870136648905));
#6180 = CARTESIAN_POINT('',(6.234726308535,0.87032224591));
#6181 = CARTESIAN_POINT('',(6.186262178567,0.870878707791));
#6182 = CARTESIAN_POINT('',(6.137799821495,0.871804712823));
#6183 = CARTESIAN_POINT('',(6.089341395374,0.873097992188));
#6184 = CARTESIAN_POINT('',(6.040889059306,0.874755368168));
#6185 = CARTESIAN_POINT('',(5.992443917709,0.876772787032));
#6186 = CARTESIAN_POINT('',(5.944006517539,0.879145345683));
#6187 = CARTESIAN_POINT('',(5.895576914151,0.881867312305));
#6188 = CARTESIAN_POINT('',(5.847154843306,0.884932141069));
#6189 = CARTESIAN_POINT('',(5.798739862791,0.888332480854));
#6190 = CARTESIAN_POINT('',(5.750331500538,0.892060178824));
#6191 = CARTESIAN_POINT('',(5.701929425746,0.896106276521));
#6192 = CARTESIAN_POINT('',(5.653533567257,0.900461008336));
#6193 = CARTESIAN_POINT('',(5.605144492695,0.905113766943));
#6194 = CARTESIAN_POINT('',(5.556762897313,0.910053169857));
#6195 = CARTESIAN_POINT('',(5.508392521037,0.915266728946));
#6196 = CARTESIAN_POINT('',(5.460023490231,0.920742751784));
#6197 = CARTESIAN_POINT('',(5.41165473151,0.926468012423));
#6198 = CARTESIAN_POINT('',(5.363283865282,0.932428809088));
#6199 = CARTESIAN_POINT('',(5.314908222006,0.938610891071));
#6200 = CARTESIAN_POINT('',(5.266524846414,0.944999482667));
#6201 = CARTESIAN_POINT('',(5.218130587903,0.951579312975));
#6202 = CARTESIAN_POINT('',(5.169722885503,0.95833456039));
#6203 = CARTESIAN_POINT('',(5.121295582234,0.965249462152));
#6204 = CARTESIAN_POINT('',(5.072846741587,0.972307255257));
#6205 = CARTESIAN_POINT('',(5.024372975624,0.979491010238));
#6206 = CARTESIAN_POINT('',(4.975870417175,0.986783542596));
#6207 = CARTESIAN_POINT('',(4.927334736697,0.994167456211));
#6208 = CARTESIAN_POINT('',(4.878761397216,1.001625151553));
#6209 = CARTESIAN_POINT('',(4.830145825283,1.009138844294));
#6210 = CARTESIAN_POINT('',(4.781483630697,1.01669057458));
#6211 = CARTESIAN_POINT('',(4.732770707211,1.024262237661));
#6212 = CARTESIAN_POINT('',(4.700259432777,1.029311101025));
#6213 = CARTESIAN_POINT('',(4.683994213989,1.0318327639));
#6214 = ( GEOMETRIC_REPRESENTATION_CONTEXT(2) 
PARAMETRIC_REPRESENTATION_CONTEXT() REPRESENTATION_CONTEXT('2D SPACE',''
  ) );
#6215 = PCURVE('',#4484,#6216);
#6216 = DEFINITIONAL_REPRESENTATION('',(#6217),#6256);
#6217 = B_SPLINE_CURVE_WITH_KNOTS('',7,(#6218,#6219,#6220,#6221,#6222,
    #6223,#6224,#6225,#6226,#6227,#6228,#6229,#6230,#6231,#6232,#6233,
    #6234,#6235,#6236,#6237,#6238,#6239,#6240,#6241,#6242,#6243,#6244,
    #6245,#6246,#6247,#6248,#6249,#6250,#6251,#6252,#6253,#6254,#6255),
  .UNSPECIFIED.,.F.,.F.,(8,6,6,6,6,6,8),(0.741795890122,0.823668423302,
    0.878544277659,1.,1.121448595208,1.176320530943,1.258204133755),
  .UNSPECIFIED.);
#6218 = CARTESIAN_POINT('',(20.844798471936,38.947816122446));
#6219 = CARTESIAN_POINT('',(20.767395726299,38.94219772058));
#6220 = CARTESIAN_POINT('',(20.689368197823,38.943226906916));
#6221 = CARTESIAN_POINT('',(20.611416583495,38.950998708459));
#6222 = CARTESIAN_POINT('',(20.534248162455,38.965510448884));
#6223 = CARTESIAN_POINT('',(20.45856822025,38.986667406818));
#6224 = CARTESIAN_POINT('',(20.385069949466,39.014280991649));
#6225 = CARTESIAN_POINT('',(20.26707091189,39.070699765246));
#6226 = CARTESIAN_POINT('',(20.22099596355,39.096111560082));
#6227 = CARTESIAN_POINT('',(20.176397706948,39.124208526723));
#6228 = CARTESIAN_POINT('',(20.133466940462,39.15488681526));
#6229 = CARTESIAN_POINT('',(20.092384426801,39.188025602699));
#6230 = CARTESIAN_POINT('',(20.053319784202,39.22348767518));
#6231 = CARTESIAN_POINT('',(19.934783730381,39.344410967272));
#6232 = CARTESIAN_POINT('',(19.863751621487,39.438374814627));
#6233 = CARTESIAN_POINT('',(19.805112770582,39.541312775277));
#6234 = CARTESIAN_POINT('',(19.760189486362,39.651210385173));
#6235 = CARTESIAN_POINT('',(19.729901524206,39.765879913184));
#6236 = CARTESIAN_POINT('',(19.714769728517,39.882966812916));
#6237 = CARTESIAN_POINT('',(19.714769728517,40.117026319469));
#6238 = CARTESIAN_POINT('',(19.729899748321,40.234106324084));
#6239 = CARTESIAN_POINT('',(19.760184144857,40.348769392576));
#6240 = CARTESIAN_POINT('',(19.805102208103,40.45866138615));
#6241 = CARTESIAN_POINT('',(19.86373438973,40.561594941286));
#6242 = CARTESIAN_POINT('',(19.934758694765,40.655555909477));
#6243 = CARTESIAN_POINT('',(20.053281858945,40.776477059795));
#6244 = CARTESIAN_POINT('',(20.09234195714,40.811938544823));
#6245 = CARTESIAN_POINT('',(20.133419757763,40.845077179249));
#6246 = CARTESIAN_POINT('',(20.176345686251,40.87575576941));
#6247 = CARTESIAN_POINT('',(20.220939025762,40.903853507158));
#6248 = CARTESIAN_POINT('',(20.267009025517,40.929266551935));
#6249 = CARTESIAN_POINT('',(20.385010370967,40.985696623009));
#6250 = CARTESIAN_POINT('',(20.458517095644,41.013318299091));
#6251 = CARTESIAN_POINT('',(20.534206455239,41.034481706662));
#6252 = CARTESIAN_POINT('',(20.611384984869,41.048998141055));
#6253 = CARTESIAN_POINT('',(20.68934711405,41.05677281554));
#6254 = CARTESIAN_POINT('',(20.767385272719,41.057803038207));
#6255 = CARTESIAN_POINT('',(20.844798471936,41.052183877553));
#6256 = ( GEOMETRIC_REPRESENTATION_CONTEXT(2) 
PARAMETRIC_REPRESENTATION_CONTEXT() REPRESENTATION_CONTEXT('2D SPACE',''
  ) );
#6257 = ORIENTED_EDGE('',*,*,#6258,.T.);
#6258 = EDGE_CURVE('',#6100,#2194,#6259,.T.);
#6259 = SURFACE_CURVE('',#6260,(#6290,#6323),.PCURVE_S1.);
#6260 = B_SPLINE_CURVE_WITH_KNOTS('',4,(#6261,#6262,#6263,#6264,#6265,
    #6266,#6267,#6268,#6269,#6270,#6271,#6272,#6273,#6274,#6275,#6276,
    #6277,#6278,#6279,#6280,#6281,#6282,#6283,#6284,#6285,#6286,#6287,
    #6288,#6289),.UNSPECIFIED.,.F.,.F.,(5,3,3,3,3,3,3,3,3,5),(0.,
    0.122813726989,0.24497985793,0.367192385748,0.489487858205,
    0.612297525584,0.734833771747,0.857483505342,0.980333510722,1.),
  .UNSPECIFIED.);
#6261 = CARTESIAN_POINT('',(-17.29444529521,8.302469417215,17.));
#6262 = CARTESIAN_POINT('',(-17.30822161295,8.309383615467,17.));
#6263 = CARTESIAN_POINT('',(-17.32200611954,8.316280640013,
    16.999095165069));
#6264 = CARTESIAN_POINT('',(-17.33572777858,8.323123422203,
    16.997285506779));
#6265 = CARTESIAN_POINT('',(-17.3628342967,8.336589715259,
    16.991899232736));
#6266 = CARTESIAN_POINT('',(-17.37622063347,8.34321425209,
    16.988331974968));
#6267 = CARTESIAN_POINT('',(-17.38940724467,8.349710958919,
    16.983897514742));
#6268 = CARTESIAN_POINT('',(-17.41525541329,8.362379255733,
    16.973347698488));
#6269 = CARTESIAN_POINT('',(-17.42791685207,8.368550784771,
    16.967231670866));
#6270 = CARTESIAN_POINT('',(-17.44024787609,8.374522523829,
    16.960303364166));
#6271 = CARTESIAN_POINT('',(-17.46413767683,8.386004082247,
    16.944898343359));
#6272 = CARTESIAN_POINT('',(-17.47569599704,8.391513643074,
    16.936420521635));
#6273 = CARTESIAN_POINT('',(-17.48680384826,8.396756883069,
    16.927210810192));
#6274 = CARTESIAN_POINT('',(-17.5080585516,8.406674158938,
    16.907390108548));
#6275 = CARTESIAN_POINT('',(-17.5182012209,8.4113457529,16.896773312196)
  );
#6276 = CARTESIAN_POINT('',(-17.52778398583,8.415690894897,
    16.885523567637));
#6277 = CARTESIAN_POINT('',(-17.54572202473,8.423672940838,
    16.861908379691));
#6278 = CARTESIAN_POINT('',(-17.55408001614,8.427311427625,
    16.849545396484));
#6279 = CARTESIAN_POINT('',(-17.56179347436,8.430578799428,
    16.836675368168));
#6280 = CARTESIAN_POINT('',(-17.57587053622,8.436340941129,
    16.810045641575));
#6281 = CARTESIAN_POINT('',(-17.58223289883,8.43883500733,16.79628505832
    ));
#6282 = CARTESIAN_POINT('',(-17.5878821206,8.440924194301,
    16.782153448339));
#6283 = CARTESIAN_POINT('',(-17.5977154937,8.444276356899,
    16.753271231034));
#6284 = CARTESIAN_POINT('',(-17.60189724584,8.445537985032,
    16.738519587734));
#6285 = CARTESIAN_POINT('',(-17.60531654242,8.446374163985,
    16.723542834482));
#6286 = CARTESIAN_POINT('',(-17.60838373876,8.446847829163,
    16.705996194772));
#6287 = CARTESIAN_POINT('',(-17.60878712475,8.446902227065,
    16.703571047441));
#6288 = CARTESIAN_POINT('',(-17.60917058759,8.44694564977,
    16.701142406333));
#6289 = CARTESIAN_POINT('',(-17.60953408162,8.446978092159,
    16.698710585336));
#6290 = PCURVE('',#2237,#6291);
#6291 = DEFINITIONAL_REPRESENTATION('',(#6292),#6322);
#6292 = B_SPLINE_CURVE_WITH_KNOTS('',4,(#6293,#6294,#6295,#6296,#6297,
    #6298,#6299,#6300,#6301,#6302,#6303,#6304,#6305,#6306,#6307,#6308,
    #6309,#6310,#6311,#6312,#6313,#6314,#6315,#6316,#6317,#6318,#6319,
    #6320,#6321),.UNSPECIFIED.,.F.,.F.,(5,3,3,3,3,3,3,3,3,5),(0.,
    0.122813726989,0.24497985793,0.367192385748,0.489487858205,
    0.612297525584,0.734833771747,0.857483505342,0.980333510722,1.),
  .UNSPECIFIED.);
#6293 = CARTESIAN_POINT('',(4.683994211959,1.031832750713));
#6294 = CARTESIAN_POINT('',(4.698481594352,1.029586714408));
#6295 = CARTESIAN_POINT('',(4.712824814353,1.026402067509));
#6296 = CARTESIAN_POINT('',(4.726933776286,1.022294630589));
#6297 = CARTESIAN_POINT('',(4.754449999406,1.012329004519));
#6298 = CARTESIAN_POINT('',(4.767860746918,1.00648002962));
#6299 = CARTESIAN_POINT('',(4.780881769546,0.99978546037));
#6300 = CARTESIAN_POINT('',(4.806021031894,0.984798883858));
#6301 = CARTESIAN_POINT('',(4.818138997474,0.976506121906));
#6302 = CARTESIAN_POINT('',(4.829739045866,0.967463691774));
#6303 = CARTESIAN_POINT('',(4.851816049382,0.947990136296));
#6304 = CARTESIAN_POINT('',(4.862292205775,0.93755792188));
#6305 = CARTESIAN_POINT('',(4.87215501276,0.926492263059));
#6306 = CARTESIAN_POINT('',(4.890628752271,0.903174329054));
#6307 = CARTESIAN_POINT('',(4.899234146109,0.890917137979));
#6308 = CARTESIAN_POINT('',(4.907156429893,0.878151481));
#6309 = CARTESIAN_POINT('',(4.921578756792,0.851768200828));
#6310 = CARTESIAN_POINT('',(4.928081803634,0.838152463721));
#6311 = CARTESIAN_POINT('',(4.933864932049,0.824165123886));
#6312 = CARTESIAN_POINT('',(4.94397302778,0.795569151483));
#6313 = CARTESIAN_POINT('',(4.94829653306,0.780959930339));
#6314 = CARTESIAN_POINT('',(4.951875550387,0.766113743267));
#6315 = CARTESIAN_POINT('',(4.957536219934,0.736057615787));
#6316 = CARTESIAN_POINT('',(4.959615353598,0.72084713165));
#6317 = CARTESIAN_POINT('',(4.960934323925,0.705534098774));
#6318 = CARTESIAN_POINT('',(4.96157856959,0.687729186889));
#6319 = CARTESIAN_POINT('',(4.961647916599,0.685271313243));
#6320 = CARTESIAN_POINT('',(4.961697637446,0.682812823056));
#6321 = CARTESIAN_POINT('',(4.961727787476,0.680353994951));
#6322 = ( GEOMETRIC_REPRESENTATION_CONTEXT(2) 
PARAMETRIC_REPRESENTATION_CONTEXT() REPRESENTATION_CONTEXT('2D SPACE',''
  ) );
#6323 = PCURVE('',#2284,#6324);
#6324 = DEFINITIONAL_REPRESENTATION('',(#6325),#6355);
#6325 = B_SPLINE_CURVE_WITH_KNOTS('',4,(#6326,#6327,#6328,#6329,#6330,
    #6331,#6332,#6333,#6334,#6335,#6336,#6337,#6338,#6339,#6340,#6341,
    #6342,#6343,#6344,#6345,#6346,#6347,#6348,#6349,#6350,#6351,#6352,
    #6353,#6354),.UNSPECIFIED.,.F.,.F.,(5,3,3,3,3,3,3,3,3,5),(0.,
    0.122813726989,0.24497985793,0.367192385748,0.489487858205,
    0.612297525584,0.734833771747,0.857483505342,0.980333510722,1.),
  .UNSPECIFIED.);
#6326 = CARTESIAN_POINT('',(2.694019309296,1.570796326795));
#6327 = CARTESIAN_POINT('',(2.694005180602,1.526762981168));
#6328 = CARTESIAN_POINT('',(2.693992073937,1.482729886806));
#6329 = CARTESIAN_POINT('',(2.693980123794,1.43869744619));
#6330 = CARTESIAN_POINT('',(2.693958964508,1.350868740265));
#6331 = CARTESIAN_POINT('',(2.693949740315,1.307072408606));
#6332 = CARTESIAN_POINT('',(2.69394202731,1.263279361708));
#6333 = CARTESIAN_POINT('',(2.693930034122,1.175687609913));
#6334 = CARTESIAN_POINT('',(2.693925754171,1.13188885078));
#6335 = CARTESIAN_POINT('',(2.69392339866,1.08809772427));
#6336 = CARTESIAN_POINT('',(2.693922930285,1.000505750593));
#6337 = CARTESIAN_POINT('',(2.693924819311,0.95670485524));
#6338 = CARTESIAN_POINT('',(2.693929028594,0.912916213172));
#6339 = CARTESIAN_POINT('',(2.693942430441,0.825182510312));
#6340 = CARTESIAN_POINT('',(2.693951643113,0.781237519933));
#6341 = CARTESIAN_POINT('',(2.69396351221,0.737307896589));
#6342 = CARTESIAN_POINT('',(2.693992720882,0.649577300461));
#6343 = CARTESIAN_POINT('',(2.694010047712,0.605776239037));
#6344 = CARTESIAN_POINT('',(2.694030207216,0.56199049673));
#6345 = CARTESIAN_POINT('',(2.694076244174,0.474405978249));
#6346 = CARTESIAN_POINT('',(2.694102126615,0.430607233004));
#6347 = CARTESIAN_POINT('',(2.694130877672,0.386820620378));
#6348 = CARTESIAN_POINT('',(2.694194024554,0.299194498549));
#6349 = CARTESIAN_POINT('',(2.694228429372,0.255355042783));
#6350 = CARTESIAN_POINT('',(2.694265567207,0.21152203471));
#6351 = CARTESIAN_POINT('',(2.6943116296,0.160675534328));
#6352 = CARTESIAN_POINT('',(2.694318051772,0.153659075498));
#6353 = CARTESIAN_POINT('',(2.69432453908,0.146642682714));
#6354 = CARTESIAN_POINT('',(2.69433109079,0.13962634016));
#6355 = ( GEOMETRIC_REPRESENTATION_CONTEXT(2) 
PARAMETRIC_REPRESENTATION_CONTEXT() REPRESENTATION_CONTEXT('2D SPACE',''
  ) );
#6356 = ORIENTED_EDGE('',*,*,#2191,.F.);
#6357 = ORIENTED_EDGE('',*,*,#6358,.F.);
#6358 = EDGE_CURVE('',#2740,#2192,#6359,.T.);
#6359 = SURFACE_CURVE('',#6360,(#6365,#6372),.PCURVE_S1.);
#6360 = CIRCLE('',#6361,0.85);
#6361 = AXIS2_PLACEMENT_3D('',#6362,#6363,#6364);
#6362 = CARTESIAN_POINT('',(-17.84860057815,7.393132428853,
    16.047918819083));
#6363 = DIRECTION('',(-0.128579179453,5.325923996829E-02,-0.990268068742
    ));
#6364 = DIRECTION('',(-0.666178701968,-0.744343247765,4.646575676742E-02
    ));
#6365 = PCURVE('',#2237,#6366);
#6366 = DEFINITIONAL_REPRESENTATION('',(#6367),#6371);
#6367 = LINE('',#6368,#6369);
#6368 = CARTESIAN_POINT('',(7.513575190501,0.));
#6369 = VECTOR('',#6370,1.);
#6370 = DIRECTION('',(-1.,-0.));
#6371 = ( GEOMETRIC_REPRESENTATION_CONTEXT(2) 
PARAMETRIC_REPRESENTATION_CONTEXT() REPRESENTATION_CONTEXT('2D SPACE',''
  ) );
#6372 = PCURVE('',#2480,#6373);
#6373 = DEFINITIONAL_REPRESENTATION('',(#6374),#6378);
#6374 = LINE('',#6375,#6376);
#6375 = CARTESIAN_POINT('',(-7.513575190501,3.864326901403));
#6376 = VECTOR('',#6377,1.);
#6377 = DIRECTION('',(1.,-0.));
#6378 = ( GEOMETRIC_REPRESENTATION_CONTEXT(2) 
PARAMETRIC_REPRESENTATION_CONTEXT() REPRESENTATION_CONTEXT('2D SPACE',''
  ) );
#6379 = ORIENTED_EDGE('',*,*,#2739,.T.);
#6380 = ORIENTED_EDGE('',*,*,#6381,.T.);
#6381 = EDGE_CURVE('',#2711,#6098,#6382,.T.);
#6382 = SURFACE_CURVE('',#6383,(#6413,#6446),.PCURVE_S1.);
#6383 = B_SPLINE_CURVE_WITH_KNOTS('',4,(#6384,#6385,#6386,#6387,#6388,
    #6389,#6390,#6391,#6392,#6393,#6394,#6395,#6396,#6397,#6398,#6399,
    #6400,#6401,#6402,#6403,#6404,#6405,#6406,#6407,#6408,#6409,#6410,
    #6411,#6412),.UNSPECIFIED.,.F.,.F.,(5,3,3,3,3,3,3,3,3,5),(0.,
    1.980295058753E-02,0.142930971679,0.26558037191,0.388116198044,
    0.510525614133,0.633220577703,0.755432888278,0.877598918459,1.),
  .UNSPECIFIED.);
#6384 = CARTESIAN_POINT('',(-18.42473645215,6.478905473151,
    16.698710585336));
#6385 = CARTESIAN_POINT('',(-18.42445454018,6.478669760006,
    16.701159280181));
#6386 = CARTESIAN_POINT('',(-18.42415043911,6.478427602517,
    16.703604750869));
#6387 = CARTESIAN_POINT('',(-18.42382418563,6.478179029972,
    16.706046676891));
#6388 = CARTESIAN_POINT('',(-18.42130983817,6.476338840419,
    16.723643770662));
#6389 = CARTESIAN_POINT('',(-18.41828920559,6.474506805479,
    16.738653413362));
#6390 = CARTESIAN_POINT('',(-18.4144248545,6.472435427348,
    16.753436583205));
#6391 = CARTESIAN_POINT('',(-18.40507419396,6.467842709762,
    16.782345414862));
#6392 = CARTESIAN_POINT('',(-18.3995942369,6.465323149996,16.79647347207
    ));
#6393 = CARTESIAN_POINT('',(-18.39332392399,6.462585691591,
    16.810230023479));
#6394 = CARTESIAN_POINT('',(-18.3792802445,6.456702005918,16.83685076302
    ));
#6395 = CARTESIAN_POINT('',(-18.37150825362,6.453556158744,
    16.849715837635));
#6396 = CARTESIAN_POINT('',(-18.36301837568,6.450217066904,
    16.862073429737));
#6397 = CARTESIAN_POINT('',(-18.3447064538,6.443184993165,
    16.885638536882));
#6398 = CARTESIAN_POINT('',(-18.33488575133,6.439492376757,
    16.896847304173));
#6399 = CARTESIAN_POINT('',(-18.32444257871,6.435635817049,
    16.907427057944));
#6400 = CARTESIAN_POINT('',(-18.30240035561,6.42761897277,
    16.927247247753));
#6401 = CARTESIAN_POINT('',(-18.29079859612,6.423457993498,
    16.936484579095));
#6402 = CARTESIAN_POINT('',(-18.27868687615,6.419166008746,
    16.944985048868));
#6403 = CARTESIAN_POINT('',(-18.25362576085,6.410375471233,
    16.960399547885));
#6404 = CARTESIAN_POINT('',(-18.24067975523,6.405877786445,
    16.967319746349));
#6405 = CARTESIAN_POINT('',(-18.22735930617,6.401287870346,
    16.973427435998));
#6406 = CARTESIAN_POINT('',(-18.20011794692,6.391966856159,
    16.983960216423));
#6407 = CARTESIAN_POINT('',(-18.18619716276,6.387235798614,
    16.988385977239));
#6408 = CARTESIAN_POINT('',(-18.17204525908,6.382454049192,
    16.99194439551));
#6409 = CARTESIAN_POINT('',(-18.14340110638,6.372824627311,
    16.997303717106));
#6410 = CARTESIAN_POINT('',(-18.12890815359,6.367976829247,
    16.999101235212));
#6411 = CARTESIAN_POINT('',(-18.11433321771,6.363123067622,17.));
#6412 = CARTESIAN_POINT('',(-18.09975197061,6.358287119599,17.));
#6413 = PCURVE('',#2237,#6414);
#6414 = DEFINITIONAL_REPRESENTATION('',(#6415),#6445);
#6415 = B_SPLINE_CURVE_WITH_KNOTS('',4,(#6416,#6417,#6418,#6419,#6420,
    #6421,#6422,#6423,#6424,#6425,#6426,#6427,#6428,#6429,#6430,#6431,
    #6432,#6433,#6434,#6435,#6436,#6437,#6438,#6439,#6440,#6441,#6442,
    #6443,#6444),.UNSPECIFIED.,.F.,.F.,(5,3,3,3,3,3,3,3,3,5),(0.,
    1.980295058753E-02,0.142930971679,0.26558037191,0.388116198044,
    0.510525614133,0.633220577703,0.755432888278,0.877598918459,1.),
  .UNSPECIFIED.);
#6416 = CARTESIAN_POINT('',(7.604642826414,0.68035399496));
#6417 = CARTESIAN_POINT('',(7.604673185649,0.68282988431));
#6418 = CARTESIAN_POINT('',(7.604723389664,0.685305431021));
#6419 = CARTESIAN_POINT('',(7.604793490839,0.687780350671));
#6420 = CARTESIAN_POINT('',(7.605442570851,0.705636908564));
#6421 = CARTESIAN_POINT('',(7.606768800505,0.720984248482));
#6422 = CARTESIAN_POINT('',(7.60885861959,0.736228270703));
#6423 = CARTESIAN_POINT('',(7.614540949139,0.766314943841));
#6424 = CARTESIAN_POINT('',(7.618127522708,0.781158913999));
#6425 = CARTESIAN_POINT('',(7.622458521671,0.795765463395));
#6426 = CARTESIAN_POINT('',(7.632581425722,0.824355174717));
#6427 = CARTESIAN_POINT('',(7.638371867782,0.83833892664));
#6428 = CARTESIAN_POINT('',(7.644882121116,0.85195062178));
#6429 = CARTESIAN_POINT('',(7.659295067319,0.878281927062));
#6430 = CARTESIAN_POINT('',(7.667196194159,0.891002516463));
#6431 = CARTESIAN_POINT('',(7.675775877502,0.903217721557));
#6432 = CARTESIAN_POINT('',(7.694249987134,0.926535206372));
#6433 = CARTESIAN_POINT('',(7.704147333398,0.937634945937));
#6434 = CARTESIAN_POINT('',(7.714661930082,0.948096867657));
#6435 = CARTESIAN_POINT('',(7.736786464819,0.967588179071));
#6436 = CARTESIAN_POINT('',(7.748391900114,0.976623193344));
#6437 = CARTESIAN_POINT('',(7.760514874641,0.984908176189));
#6438 = CARTESIAN_POINT('',(7.785663299134,0.999878563109));
#6439 = CARTESIAN_POINT('',(7.798688476524,1.006564720531));
#6440 = CARTESIAN_POINT('',(7.812102892171,1.012405004018));
#6441 = CARTESIAN_POINT('',(7.83957906031,1.022336000803));
#6442 = CARTESIAN_POINT('',(7.853642187013,1.026423458702));
#6443 = CARTESIAN_POINT('',(7.867937696622,1.029594260322));
#6444 = CARTESIAN_POINT('',(7.882376402492,1.031832750112));
#6445 = ( GEOMETRIC_REPRESENTATION_CONTEXT(2) 
PARAMETRIC_REPRESENTATION_CONTEXT() REPRESENTATION_CONTEXT('2D SPACE',''
  ) );
#6446 = PCURVE('',#2727,#6447);
#6447 = DEFINITIONAL_REPRESENTATION('',(#6448),#6478);
#6448 = B_SPLINE_CURVE_WITH_KNOTS('',4,(#6449,#6450,#6451,#6452,#6453,
    #6454,#6455,#6456,#6457,#6458,#6459,#6460,#6461,#6462,#6463,#6464,
    #6465,#6466,#6467,#6468,#6469,#6470,#6471,#6472,#6473,#6474,#6475,
    #6476,#6477),.UNSPECIFIED.,.F.,.F.,(5,3,3,3,3,3,3,3,3,5),(0.,
    1.980295058753E-02,0.142930971679,0.26558037191,0.388116198044,
    0.510525614133,0.633220577703,0.755432888278,0.877598918459,1.),
  .UNSPECIFIED.);
#6449 = CARTESIAN_POINT('',(2.803456052993,0.13962634016));
#6450 = CARTESIAN_POINT('',(2.803462650163,0.146691367505));
#6451 = CARTESIAN_POINT('',(2.803469182035,0.153756445821));
#6452 = CARTESIAN_POINT('',(2.803475647859,0.160821591134));
#6453 = CARTESIAN_POINT('',(2.803521834256,0.211815978943));
#6454 = CARTESIAN_POINT('',(2.803559041364,0.255748207789));
#6455 = CARTESIAN_POINT('',(2.803593502434,0.299686928807));
#6456 = CARTESIAN_POINT('',(2.803656663922,0.387412352794));
#6457 = CARTESIAN_POINT('',(2.803685386066,0.431198959679));
#6458 = CARTESIAN_POINT('',(2.803711239424,0.474997714821));
#6459 = CARTESIAN_POINT('',(2.803757218459,0.562582243137));
#6460 = CARTESIAN_POINT('',(2.803777349125,0.606367985416));
#6461 = CARTESIAN_POINT('',(2.803794647519,0.65016905224));
#6462 = CARTESIAN_POINT('',(2.80382375304,0.737756687372));
#6463 = CARTESIAN_POINT('',(2.80383556531,0.781543243696));
#6464 = CARTESIAN_POINT('',(2.803844738992,0.82534506207));
#6465 = CARTESIAN_POINT('',(2.803858139157,0.913078501806));
#6466 = CARTESIAN_POINT('',(2.803862353278,0.957010234034));
#6467 = CARTESIAN_POINT('',(2.803864232531,1.000954293621));
#6468 = CARTESIAN_POINT('',(2.80386372032,1.088689504323));
#6469 = CARTESIAN_POINT('',(2.803861344634,1.132480638744));
#6470 = CARTESIAN_POINT('',(2.803857045911,1.176279389575));
#6471 = CARTESIAN_POINT('',(2.803845017939,1.263871137841));
#6472 = CARTESIAN_POINT('',(2.803837288918,1.307664189488));
#6473 = CARTESIAN_POINT('',(2.803828050062,1.351460513623));
#6474 = CARTESIAN_POINT('',(2.803806899499,1.439141283895));
#6475 = CARTESIAN_POINT('',(2.803794981755,1.483025783072));
#6476 = CARTESIAN_POINT('',(2.803781915708,1.526910929919));
#6477 = CARTESIAN_POINT('',(2.803767834486,1.570796326795));
#6478 = ( GEOMETRIC_REPRESENTATION_CONTEXT(2) 
PARAMETRIC_REPRESENTATION_CONTEXT() REPRESENTATION_CONTEXT('2D SPACE',''
  ) );
#6479 = ADVANCED_FACE('',(#6480),#2480,.F.);
#6480 = FACE_BOUND('',#6481,.T.);
#6481 = EDGE_LOOP('',(#6482,#6483,#6484,#6506));
#6482 = ORIENTED_EDGE('',*,*,#6358,.T.);
#6483 = ORIENTED_EDGE('',*,*,#2458,.F.);
#6484 = ORIENTED_EDGE('',*,*,#6485,.F.);
#6485 = EDGE_CURVE('',#2805,#2425,#6486,.T.);
#6486 = SURFACE_CURVE('',#6487,(#6492,#6499),.PCURVE_S1.);
#6487 = CIRCLE('',#6488,0.8);
#6488 = AXIS2_PLACEMENT_3D('',#6489,#6490,#6491);
#6489 = CARTESIAN_POINT('',(-17.86561000478,7.400177964051,
    15.916918667024));
#6490 = DIRECTION('',(-0.128579179453,5.325923996829E-02,-0.990268068742
    ));
#6491 = DIRECTION('',(-0.68438644141,-0.727420874155,4.97400307307E-02)
  );
#6492 = PCURVE('',#2480,#6493);
#6493 = DEFINITIONAL_REPRESENTATION('',(#6494),#6498);
#6494 = LINE('',#6495,#6496);
#6495 = CARTESIAN_POINT('',(-7.488502450202,3.14159265359));
#6496 = VECTOR('',#6497,1.);
#6497 = DIRECTION('',(1.,-0.));
#6498 = ( GEOMETRIC_REPRESENTATION_CONTEXT(2) 
PARAMETRIC_REPRESENTATION_CONTEXT() REPRESENTATION_CONTEXT('2D SPACE',''
  ) );
#6499 = PCURVE('',#2444,#6500);
#6500 = DEFINITIONAL_REPRESENTATION('',(#6501),#6505);
#6501 = LINE('',#6502,#6503);
#6502 = CARTESIAN_POINT('',(7.488502450202,3.058017564517));
#6503 = VECTOR('',#6504,1.);
#6504 = DIRECTION('',(-1.,-0.));
#6505 = ( GEOMETRIC_REPRESENTATION_CONTEXT(2) 
PARAMETRIC_REPRESENTATION_CONTEXT() REPRESENTATION_CONTEXT('2D SPACE',''
  ) );
#6506 = ORIENTED_EDGE('',*,*,#2804,.T.);
#6507 = ADVANCED_FACE('',(#6508),#2444,.T.);
#6508 = FACE_BOUND('',#6509,.T.);
#6509 = EDGE_LOOP('',(#6510,#6511,#6512,#6513,#6514));
#6510 = ORIENTED_EDGE('',*,*,#6485,.T.);
#6511 = ORIENTED_EDGE('',*,*,#2424,.F.);
#6512 = ORIENTED_EDGE('',*,*,#2499,.T.);
#6513 = ORIENTED_EDGE('',*,*,#2529,.T.);
#6514 = ORIENTED_EDGE('',*,*,#2839,.F.);
#6515 = ADVANCED_FACE('',(#6516),#2284,.T.);
#6516 = FACE_BOUND('',#6517,.T.);
#6517 = EDGE_LOOP('',(#6518,#6519,#6545,#6546));
#6518 = ORIENTED_EDGE('',*,*,#6258,.F.);
#6519 = ORIENTED_EDGE('',*,*,#6520,.T.);
#6520 = EDGE_CURVE('',#6100,#5644,#6521,.T.);
#6521 = SURFACE_CURVE('',#6522,(#6527,#6534),.PCURVE_S1.);
#6522 = CIRCLE('',#6523,19.184077681581);
#6523 = AXIS2_PLACEMENT_3D('',#6524,#6525,#6526);
#6524 = CARTESIAN_POINT('',(0.,0.,17.));
#6525 = DIRECTION('',(0.,0.,-1.));
#6526 = DIRECTION('',(0.943477829431,0.331435642882,0.));
#6527 = PCURVE('',#2284,#6528);
#6528 = DEFINITIONAL_REPRESENTATION('',(#6529),#6533);
#6529 = LINE('',#6530,#6531);
#6530 = CARTESIAN_POINT('',(6.621010126278,1.570796326795));
#6531 = VECTOR('',#6532,1.);
#6532 = DIRECTION('',(-1.,-0.));
#6533 = ( GEOMETRIC_REPRESENTATION_CONTEXT(2) 
PARAMETRIC_REPRESENTATION_CONTEXT() REPRESENTATION_CONTEXT('2D SPACE',''
  ) );
#6534 = PCURVE('',#4484,#6535);
#6535 = DEFINITIONAL_REPRESENTATION('',(#6536),#6544);
#6536 = ( BOUNDED_CURVE() B_SPLINE_CURVE(2,(#6537,#6538,#6539,#6540,
#6541,#6542,#6543),.UNSPECIFIED.,.T.,.F.) B_SPLINE_CURVE_WITH_KNOTS((1,2
    ,2,2,2,1),(-2.094395102393,0.,2.094395102393,4.188790204786,
6.28318530718,8.377580409573),.UNSPECIFIED.) CURVE() 
GEOMETRIC_REPRESENTATION_ITEM() RATIONAL_B_SPLINE_CURVE((1.,0.5,1.,0.5,
1.,0.5,1.)) REPRESENTATION_ITEM('') );
#6537 = CARTESIAN_POINT('',(54.288779250362,52.800766540616));
#6538 = CARTESIAN_POINT('',(76.460357274536,28.051874900854));
#6539 = CARTESIAN_POINT('',(43.941399386907,21.225170909811));
#6540 = CARTESIAN_POINT('',(11.422441499277,14.398466918768));
#6541 = CARTESIAN_POINT('',(21.769821362732,45.974062549573));
#6542 = CARTESIAN_POINT('',(32.117201226187,77.549658180378));
#6543 = CARTESIAN_POINT('',(54.288779250362,52.800766540616));
#6544 = ( GEOMETRIC_REPRESENTATION_CONTEXT(2) 
PARAMETRIC_REPRESENTATION_CONTEXT() REPRESENTATION_CONTEXT('2D SPACE',''
  ) );
#6545 = ORIENTED_EDGE('',*,*,#5927,.F.);
#6546 = ORIENTED_EDGE('',*,*,#2267,.F.);
#6547 = ADVANCED_FACE('',(#6548),#2727,.T.);
#6548 = FACE_BOUND('',#6549,.T.);
#6549 = EDGE_LOOP('',(#6550,#6651,#6677,#6678));
#6550 = ORIENTED_EDGE('',*,*,#6551,.F.);
#6551 = EDGE_CURVE('',#6552,#2637,#6554,.T.);
#6552 = VERTEX_POINT('',#6553);
#6553 = CARTESIAN_POINT('',(-18.09975197064,-6.358287119495,17.));
#6554 = SURFACE_CURVE('',#6555,(#6585,#6618),.PCURVE_S1.);
#6555 = B_SPLINE_CURVE_WITH_KNOTS('',4,(#6556,#6557,#6558,#6559,#6560,
    #6561,#6562,#6563,#6564,#6565,#6566,#6567,#6568,#6569,#6570,#6571,
    #6572,#6573,#6574,#6575,#6576,#6577,#6578,#6579,#6580,#6581,#6582,
    #6583,#6584),.UNSPECIFIED.,.F.,.F.,(5,3,3,3,3,3,3,3,3,5),(0.,
    0.122562427578,0.244728496452,0.366940891252,0.489236156138,
    0.612045566657,0.734581556374,0.857231086335,0.980080965104,1.),
  .UNSPECIFIED.);
#6556 = CARTESIAN_POINT('',(-18.09975197061,-6.358287119599,17.));
#6557 = CARTESIAN_POINT('',(-18.11435243726,-6.363129441887,17.));
#6558 = CARTESIAN_POINT('',(-18.12894657825,-6.367989625475,
    16.999098864162));
#6559 = CARTESIAN_POINT('',(-18.14345841622,-6.37284379722,
    16.997296604417));
#6560 = CARTESIAN_POINT('',(-18.17212022818,-6.382479348232,
    16.991926751452));
#6561 = CARTESIAN_POINT('',(-18.18627131948,-6.387260927813,
    16.988364876854));
#6562 = CARTESIAN_POINT('',(-18.20019109683,-6.391991758442,
    16.983935714448));
#6563 = CARTESIAN_POINT('',(-18.22743007009,-6.401312210928,
    16.973396272698));
#6564 = CARTESIAN_POINT('',(-18.24074913959,-6.405901792144,
    16.967285322709));
#6565 = CARTESIAN_POINT('',(-18.25369358267,-6.410399089512,
    16.960361953695));
#6566 = CARTESIAN_POINT('',(-18.27871031544,-6.419174402608,
    16.944966485862));
#6567 = CARTESIAN_POINT('',(-18.29078210045,-6.423452278592,
    16.936493280191));
#6568 = CARTESIAN_POINT('',(-18.30234729477,-6.427600015939,
    16.927287995114));
#6569 = CARTESIAN_POINT('',(-18.32439615009,-6.435618590388,
    16.907475745816));
#6570 = CARTESIAN_POINT('',(-18.33487512921,-6.439488197202,
    16.896862974228));
#6571 = CARTESIAN_POINT('',(-18.34472757939,-6.443192793579,
    16.885617020615));
#6572 = CARTESIAN_POINT('',(-18.36306409704,-6.45023493775,
    16.862008905212));
#6573 = CARTESIAN_POINT('',(-18.37155120443,-6.453573287554,
    16.849649204712));
#6574 = CARTESIAN_POINT('',(-18.37932031344,-6.456718357026,
    16.8367821927));
#6575 = CARTESIAN_POINT('',(-18.39335803319,-6.46260042058,
    16.810157938177));
#6576 = CARTESIAN_POINT('',(-18.39962526845,-6.465337034621,
    16.796399809771));
#6577 = CARTESIAN_POINT('',(-18.40510206819,-6.467855720602,
    16.782270362867));
#6578 = CARTESIAN_POINT('',(-18.41443569512,-6.472441436603,
    16.753391865851));
#6579 = CARTESIAN_POINT('',(-18.41828987233,-6.474507722812,
    16.738641778388));
#6580 = CARTESIAN_POINT('',(-18.42130414642,-6.476335745448,
    16.723666271631));
#6581 = CARTESIAN_POINT('',(-18.42381844588,-6.478174657941,
    16.706089619968));
#6582 = CARTESIAN_POINT('',(-18.42414687309,-6.478424763253,
    16.703633421335));
#6583 = CARTESIAN_POINT('',(-18.42445288762,-6.478668378265,
    16.701173634331));
#6584 = CARTESIAN_POINT('',(-18.42473645215,-6.478905473151,
    16.698710585336));
#6585 = PCURVE('',#2727,#6586);
#6586 = DEFINITIONAL_REPRESENTATION('',(#6587),#6617);
#6587 = B_SPLINE_CURVE_WITH_KNOTS('',4,(#6588,#6589,#6590,#6591,#6592,
    #6593,#6594,#6595,#6596,#6597,#6598,#6599,#6600,#6601,#6602,#6603,
    #6604,#6605,#6606,#6607,#6608,#6609,#6610,#6611,#6612,#6613,#6614,
    #6615,#6616),.UNSPECIFIED.,.F.,.F.,(5,3,3,3,3,3,3,3,3,5),(0.,
    0.122562427578,0.244728496452,0.366940891252,0.489236156138,
    0.612045566657,0.734581556374,0.857231086335,0.980080965104,1.),
  .UNSPECIFIED.);
#6588 = CARTESIAN_POINT('',(3.479417472694,1.570796326795));
#6589 = CARTESIAN_POINT('',(3.479403372911,1.526853084559));
#6590 = CARTESIAN_POINT('',(3.479390290978,1.482910086853));
#6591 = CARTESIAN_POINT('',(3.479378360561,1.438967748542));
#6592 = CARTESIAN_POINT('',(3.479357206573,1.35122913457));
#6593 = CARTESIAN_POINT('',(3.479347973449,1.307432807494));
#6594 = CARTESIAN_POINT('',(3.479340250688,1.263639757703));
#6595 = CARTESIAN_POINT('',(3.479328236314,1.176048008055));
#6596 = CARTESIAN_POINT('',(3.479323944929,1.132249253978));
#6597 = CARTESIAN_POINT('',(3.479321577129,1.088458122649));
#6598 = CARTESIAN_POINT('',(3.479321082564,1.000866147599));
#6599 = CARTESIAN_POINT('',(3.479322957684,0.957065255651));
#6600 = CARTESIAN_POINT('',(3.479327152308,0.913276608531));
#6601 = CARTESIAN_POINT('',(3.479340523479,0.825542900955));
#6602 = CARTESIAN_POINT('',(3.479349720126,0.781597910806));
#6603 = CARTESIAN_POINT('',(3.479361572655,0.737668284219));
#6604 = CARTESIAN_POINT('',(3.47939074744,0.649937681614));
#6605 = CARTESIAN_POINT('',(3.479408056951,0.6061366169));
#6606 = CARTESIAN_POINT('',(3.479428198892,0.562350874612));
#6607 = CARTESIAN_POINT('',(3.479474200575,0.474766350142));
#6608 = CARTESIAN_POINT('',(3.479500065304,0.430967598868));
#6609 = CARTESIAN_POINT('',(3.479528798752,0.387180989741));
#6610 = CARTESIAN_POINT('',(3.479591910987,0.299554870318));
#6611 = CARTESIAN_POINT('',(3.479626298771,0.255715413482));
#6612 = CARTESIAN_POINT('',(3.479663420052,0.211882417755));
#6613 = CARTESIAN_POINT('',(3.47970954562,0.160945838011));
#6614 = CARTESIAN_POINT('',(3.479716048567,0.153839276448));
#6615 = CARTESIAN_POINT('',(3.479722618345,0.146732782409));
#6616 = CARTESIAN_POINT('',(3.479729254187,0.13962634016));
#6617 = ( GEOMETRIC_REPRESENTATION_CONTEXT(2) 
PARAMETRIC_REPRESENTATION_CONTEXT() REPRESENTATION_CONTEXT('2D SPACE',''
  ) );
#6618 = PCURVE('',#2680,#6619);
#6619 = DEFINITIONAL_REPRESENTATION('',(#6620),#6650);
#6620 = B_SPLINE_CURVE_WITH_KNOTS('',4,(#6621,#6622,#6623,#6624,#6625,
    #6626,#6627,#6628,#6629,#6630,#6631,#6632,#6633,#6634,#6635,#6636,
    #6637,#6638,#6639,#6640,#6641,#6642,#6643,#6644,#6645,#6646,#6647,
    #6648,#6649),.UNSPECIFIED.,.F.,.F.,(5,3,3,3,3,3,3,3,3,5),(0.,
    0.122562427578,0.244728496452,0.366940891252,0.489236156138,
    0.612045566657,0.734581556374,0.857231086335,0.980080965104,1.),
  .UNSPECIFIED.);
#6621 = CARTESIAN_POINT('',(4.683994213665,1.031832761805));
#6622 = CARTESIAN_POINT('',(4.6984519512,1.029591321461));
#6623 = CARTESIAN_POINT('',(4.712766113086,1.02641508285));
#6624 = CARTESIAN_POINT('',(4.726847163185,1.022319833012));
#6625 = CARTESIAN_POINT('',(4.754338996938,1.01237530284));
#6626 = CARTESIAN_POINT('',(4.767751978973,1.006531620763));
#6627 = CARTESIAN_POINT('',(4.780775532442,0.999842174026));
#6628 = CARTESIAN_POINT('',(4.805920375638,0.984865456325));
#6629 = CARTESIAN_POINT('',(4.818041392178,0.976577431491));
#6630 = CARTESIAN_POINT('',(4.829644721662,0.967539517227));
#6631 = CARTESIAN_POINT('',(4.851728675422,0.948074526626));
#6632 = CARTESIAN_POINT('',(4.862208502104,0.937646361705));
#6633 = CARTESIAN_POINT('',(4.872075142994,0.926584498443));
#6634 = CARTESIAN_POINT('',(4.890556832993,0.90327365051));
#6635 = CARTESIAN_POINT('',(4.899166345158,0.891019748105));
#6636 = CARTESIAN_POINT('',(4.907092854937,0.878257107291));
#6637 = CARTESIAN_POINT('',(4.921523797164,0.851879303205));
#6638 = CARTESIAN_POINT('',(4.928031232959,0.838266027139));
#6639 = CARTESIAN_POINT('',(4.933818815562,0.82428087182));
#6640 = CARTESIAN_POINT('',(4.943935929881,0.795688711358));
#6641 = CARTESIAN_POINT('',(4.948263998957,0.781081116775));
#6642 = CARTESIAN_POINT('',(4.951847618165,0.766236279265));
#6643 = CARTESIAN_POINT('',(4.957517561523,0.736182289978));
#6644 = CARTESIAN_POINT('',(4.959601366162,0.720972593297));
#6645 = CARTESIAN_POINT('',(4.960925029137,0.705660070506));
#6646 = CARTESIAN_POINT('',(4.961575888931,0.687823874276));
#6647 = CARTESIAN_POINT('',(4.96164663138,0.685334454122));
#6648 = CARTESIAN_POINT('',(4.961697253741,0.682844397927));
#6649 = CARTESIAN_POINT('',(4.96172779094,0.680353995015));
#6650 = ( GEOMETRIC_REPRESENTATION_CONTEXT(2) 
PARAMETRIC_REPRESENTATION_CONTEXT() REPRESENTATION_CONTEXT('2D SPACE',''
  ) );
#6651 = ORIENTED_EDGE('',*,*,#6652,.T.);
#6652 = EDGE_CURVE('',#6552,#6098,#6653,.T.);
#6653 = SURFACE_CURVE('',#6654,(#6659,#6666),.PCURVE_S1.);
#6654 = CIRCLE('',#6655,19.184077681581);
#6655 = AXIS2_PLACEMENT_3D('',#6656,#6657,#6658);
#6656 = CARTESIAN_POINT('',(0.,0.,17.));
#6657 = DIRECTION('',(0.,0.,-1.));
#6658 = DIRECTION('',(0.943477829431,0.331435642882,0.));
#6659 = PCURVE('',#2727,#6660);
#6660 = DEFINITIONAL_REPRESENTATION('',(#6661),#6665);
#6661 = LINE('',#6662,#6663);
#6662 = CARTESIAN_POINT('',(6.621010126278,1.570796326795));
#6663 = VECTOR('',#6664,1.);
#6664 = DIRECTION('',(-1.,-0.));
#6665 = ( GEOMETRIC_REPRESENTATION_CONTEXT(2) 
PARAMETRIC_REPRESENTATION_CONTEXT() REPRESENTATION_CONTEXT('2D SPACE',''
  ) );
#6666 = PCURVE('',#4484,#6667);
#6667 = DEFINITIONAL_REPRESENTATION('',(#6668),#6676);
#6668 = ( BOUNDED_CURVE() B_SPLINE_CURVE(2,(#6669,#6670,#6671,#6672,
#6673,#6674,#6675),.UNSPECIFIED.,.T.,.F.) B_SPLINE_CURVE_WITH_KNOTS((1,2
    ,2,2,2,1),(-2.094395102393,0.,2.094395102393,4.188790204786,
6.28318530718,8.377580409573),.UNSPECIFIED.) CURVE() 
GEOMETRIC_REPRESENTATION_ITEM() RATIONAL_B_SPLINE_CURVE((1.,0.5,1.,0.5,
1.,0.5,1.)) REPRESENTATION_ITEM('') );
#6669 = CARTESIAN_POINT('',(54.288779250362,52.800766540616));
#6670 = CARTESIAN_POINT('',(76.460357274536,28.051874900854));
#6671 = CARTESIAN_POINT('',(43.941399386907,21.225170909811));
#6672 = CARTESIAN_POINT('',(11.422441499277,14.398466918768));
#6673 = CARTESIAN_POINT('',(21.769821362732,45.974062549573));
#6674 = CARTESIAN_POINT('',(32.117201226187,77.549658180378));
#6675 = CARTESIAN_POINT('',(54.288779250362,52.800766540616));
#6676 = ( GEOMETRIC_REPRESENTATION_CONTEXT(2) 
PARAMETRIC_REPRESENTATION_CONTEXT() REPRESENTATION_CONTEXT('2D SPACE',''
  ) );
#6677 = ORIENTED_EDGE('',*,*,#6381,.F.);
#6678 = ORIENTED_EDGE('',*,*,#2710,.F.);
#6679 = ADVANCED_FACE('',(#6680),#2680,.T.);
#6680 = FACE_BOUND('',#6681,.T.);
#6681 = EDGE_LOOP('',(#6682,#6841,#6842,#6843,#6865,#6866));
#6682 = ORIENTED_EDGE('',*,*,#6683,.T.);
#6683 = EDGE_CURVE('',#6684,#6552,#6686,.T.);
#6684 = VERTEX_POINT('',#6685);
#6685 = CARTESIAN_POINT('',(-17.29444529516,-8.302469417315,17.));
#6686 = SURFACE_CURVE('',#6687,(#6726,#6799),.PCURVE_S1.);
#6687 = B_SPLINE_CURVE_WITH_KNOTS('',7,(#6688,#6689,#6690,#6691,#6692,
    #6693,#6694,#6695,#6696,#6697,#6698,#6699,#6700,#6701,#6702,#6703,
    #6704,#6705,#6706,#6707,#6708,#6709,#6710,#6711,#6712,#6713,#6714,
    #6715,#6716,#6717,#6718,#6719,#6720,#6721,#6722,#6723,#6724,#6725),
  .UNSPECIFIED.,.F.,.F.,(8,6,6,6,6,6,8),(0.741795890122,0.823668423302,
    0.878544277659,1.,1.121448595208,1.176320530943,1.258204133755),
  .UNSPECIFIED.);
#6688 = CARTESIAN_POINT('',(-17.29444529516,-8.302469417315,17.));
#6689 = CARTESIAN_POINT('',(-17.3638060383,-8.337280892179,17.));
#6690 = CARTESIAN_POINT('',(-17.4362879274,-8.366189890405,17.));
#6691 = CARTESIAN_POINT('',(-17.51127996809,-8.388840473357,17.));
#6692 = CARTESIAN_POINT('',(-17.58812769548,-8.404964449632,17.));
#6693 = CARTESIAN_POINT('',(-17.66614326239,-8.41437942927,17.));
#6694 = CARTESIAN_POINT('',(-17.74461407186,-8.416994373963,17.));
#6695 = CARTESIAN_POINT('',(-17.87522149746,-8.410026500502,17.));
#6696 = CARTESIAN_POINT('',(-17.92751387207,-8.404181182746,17.));
#6697 = CARTESIAN_POINT('',(-17.97946953216,-8.395289984254,17.));
#6698 = CARTESIAN_POINT('',(-18.03087246139,-8.383375834456,17.));
#6699 = CARTESIAN_POINT('',(-18.08150941983,-8.368481184346,17.));
#6700 = CARTESIAN_POINT('',(-18.13117119118,-8.350667892914,17.));
#6701 = CARTESIAN_POINT('',(-18.28695956564,-8.284311122281,17.));
#6702 = CARTESIAN_POINT('',(-18.38854308483,-8.224682658155,17.));
#6703 = CARTESIAN_POINT('',(-18.48211097109,-8.152020499926,17.));
#6704 = CARTESIAN_POINT('',(-18.56567066848,-8.06767974407,17.));
#6705 = CARTESIAN_POINT('',(-18.63753522536,-7.973329615455,17.));
#6706 = CARTESIAN_POINT('',(-18.69632239836,-7.870946112779,17.));
#6707 = CARTESIAN_POINT('',(-18.78589309371,-7.654703325285,17.));
#6708 = CARTESIAN_POINT('',(-18.81671935611,-7.540745497445,17.));
#6709 = CARTESIAN_POINT('',(-18.83261987861,-7.423221298517,17.));
#6710 = CARTESIAN_POINT('',(-18.83317484463,-7.304504936248,17.));
#6711 = CARTESIAN_POINT('',(-18.81839673827,-7.186969166937,17.));
#6712 = CARTESIAN_POINT('',(-18.78873614235,-7.072980726739,17.));
#6713 = CARTESIAN_POINT('',(-18.72550953768,-6.915907299629,17.));
#6714 = CARTESIAN_POINT('',(-18.70299323523,-6.868197506974,17.));
#6715 = CARTESIAN_POINT('',(-18.67772390236,-6.821861607156,17.));
#6716 = CARTESIAN_POINT('',(-18.6498057038,-6.777091243968,17.));
#6717 = CARTESIAN_POINT('',(-18.61935936886,-6.734067186927,17.));
#6718 = CARTESIAN_POINT('',(-18.58652139023,-6.692958369364,17.));
#6719 = CARTESIAN_POINT('',(-18.49909721564,-6.59566662178,17.));
#6720 = CARTESIAN_POINT('',(-18.44175621502,-6.542017714894,17.));
#6721 = CARTESIAN_POINT('',(-18.37992725031,-6.493500211877,17.));
#6722 = CARTESIAN_POINT('',(-18.31417878538,-6.450553830632,17.));
#6723 = CARTESIAN_POINT('',(-18.24512640904,-6.413536152814,17.));
#6724 = CARTESIAN_POINT('',(-18.17342280063,-6.382720440763,17.));
#6725 = CARTESIAN_POINT('',(-18.09975197064,-6.358287119495,17.));
#6726 = PCURVE('',#2680,#6727);
#6727 = DEFINITIONAL_REPRESENTATION('',(#6728),#6798);
#6728 = B_SPLINE_CURVE_WITH_KNOTS('',3,(#6729,#6730,#6731,#6732,#6733,
    #6734,#6735,#6736,#6737,#6738,#6739,#6740,#6741,#6742,#6743,#6744,
    #6745,#6746,#6747,#6748,#6749,#6750,#6751,#6752,#6753,#6754,#6755,
    #6756,#6757,#6758,#6759,#6760,#6761,#6762,#6763,#6764,#6765,#6766,
    #6767,#6768,#6769,#6770,#6771,#6772,#6773,#6774,#6775,#6776,#6777,
    #6778,#6779,#6780,#6781,#6782,#6783,#6784,#6785,#6786,#6787,#6788,
    #6789,#6790,#6791,#6792,#6793,#6794,#6795,#6796,#6797),
  .UNSPECIFIED.,.F.,.F.,(4,1,1,1,1,1,1,1,1,1,1,1,1,1,1,1,1,1,1,1,1,1,1,1
    ,1,1,1,1,1,1,1,1,1,1,1,1,1,1,1,1,1,1,1,1,1,1,1,1,1,1,1,1,1,1,1,1,1,1
    ,1,1,1,1,1,1,1,1,4),(0.741795890122,0.74962025745,0.757444624778,
    0.765268992106,0.773093359433,0.780917726761,0.788742094089,
    0.796566461417,0.804390828744,0.812215196072,0.8200395634,
    0.827863930728,0.835688298055,0.843512665383,0.851337032711,
    0.859161400039,0.866985767367,0.874810134694,0.882634502022,
    0.89045886935,0.898283236678,0.906107604005,0.913931971333,
    0.921756338661,0.929580705989,0.937405073316,0.945229440644,
    0.953053807972,0.9608781753,0.968702542627,0.976526909955,
    0.984351277283,0.992175644611,1.000000011938,1.007824379266,
    1.015648746594,1.023473113922,1.03129748125,1.039121848577,
    1.046946215905,1.054770583233,1.062594950561,1.070419317888,
    1.078243685216,1.086068052544,1.093892419872,1.101716787199,
    1.109541154527,1.117365521855,1.125189889183,1.13301425651,
    1.140838623838,1.148662991166,1.156487358494,1.164311725822,
    1.172136093149,1.179960460477,1.187784827805,1.195609195133,
    1.20343356246,1.211257929788,1.219082297116,1.226906664444,
    1.234731031771,1.242555399099,1.250379766427,1.258204133755),
  .QUASI_UNIFORM_KNOTS.);
#6729 = CARTESIAN_POINT('',(7.882376400371,1.0318327639));
#6730 = CARTESIAN_POINT('',(7.866111179149,1.029311100647));
#6731 = CARTESIAN_POINT('',(7.833599900695,1.024262236658));
#6732 = CARTESIAN_POINT('',(7.784886972822,1.016690572896));
#6733 = CARTESIAN_POINT('',(7.736224774471,1.009138842031));
#6734 = CARTESIAN_POINT('',(7.68760919878,1.001625148722));
#6735 = CARTESIAN_POINT('',(7.639035855156,0.994167452767));
#6736 = CARTESIAN_POINT('',(7.590500170013,0.986783538481));
#6737 = CARTESIAN_POINT('',(7.54199760645,0.979491005414));
#6738 = CARTESIAN_POINT('',(7.493523835336,0.972307249751));
#6739 = CARTESIAN_POINT('',(7.445074989818,0.965249456045));
#6740 = CARTESIAN_POINT('',(7.396647683907,0.958334554034));
#6741 = CARTESIAN_POINT('',(7.34823997835,0.95157930635));
#6742 = CARTESIAN_POINT('',(7.299845714699,0.944999475521));
#6743 = CARTESIAN_POINT('',(7.251462334976,0.938610883601));
#6744 = CARTESIAN_POINT('',(7.203086687271,0.932428801319));
#6745 = CARTESIAN_POINT('',(7.154715816594,0.926468004413));
#6746 = CARTESIAN_POINT('',(7.10634705288,0.920742743528));
#6747 = CARTESIAN_POINT('',(7.057978018868,0.9152667207));
#6748 = CARTESIAN_POINT('',(7.00960763409,0.910053161132));
#6749 = CARTESIAN_POINT('',(6.961226030003,0.90511375784));
#6750 = CARTESIAN_POINT('',(6.912836950529,0.900460999335));
#6751 = CARTESIAN_POINT('',(6.864441088319,0.896106267805));
#6752 = CARTESIAN_POINT('',(6.816039010584,0.892060170525));
#6753 = CARTESIAN_POINT('',(6.767630645494,0.888332473036));
#6754 = CARTESIAN_POINT('',(6.719215661895,0.884932133771));
#6755 = CARTESIAN_POINT('',(6.670793587479,0.881867305558));
#6756 = CARTESIAN_POINT('',(6.622363979924,0.879145339522));
#6757 = CARTESIAN_POINT('',(6.573926574989,0.876772781504));
#6758 = CARTESIAN_POINT('',(6.525481428129,0.874755363339));
#6759 = CARTESIAN_POINT('',(6.477029086507,0.873097988139));
#6760 = CARTESIAN_POINT('',(6.428570654872,0.871804709649));
#6761 = CARTESIAN_POINT('',(6.380108292812,0.870878705593));
#6762 = CARTESIAN_POINT('',(6.33164415905,0.870322244779));
#6763 = CARTESIAN_POINT('',(6.28318523297,0.870136648905));
#6764 = CARTESIAN_POINT('',(6.234726308535,0.87032224591));
#6765 = CARTESIAN_POINT('',(6.186262178567,0.870878707791));
#6766 = CARTESIAN_POINT('',(6.137799821495,0.871804712823));
#6767 = CARTESIAN_POINT('',(6.089341395374,0.873097992188));
#6768 = CARTESIAN_POINT('',(6.040889059306,0.874755368168));
#6769 = CARTESIAN_POINT('',(5.992443917709,0.876772787032));
#6770 = CARTESIAN_POINT('',(5.944006517539,0.879145345683));
#6771 = CARTESIAN_POINT('',(5.895576914151,0.881867312305));
#6772 = CARTESIAN_POINT('',(5.847154843306,0.884932141069));
#6773 = CARTESIAN_POINT('',(5.798739862791,0.888332480854));
#6774 = CARTESIAN_POINT('',(5.750331500538,0.892060178824));
#6775 = CARTESIAN_POINT('',(5.701929425746,0.896106276521));
#6776 = CARTESIAN_POINT('',(5.653533567257,0.900461008336));
#6777 = CARTESIAN_POINT('',(5.605144492695,0.905113766943));
#6778 = CARTESIAN_POINT('',(5.556762897313,0.910053169857));
#6779 = CARTESIAN_POINT('',(5.508392521037,0.915266728946));
#6780 = CARTESIAN_POINT('',(5.460023490231,0.920742751784));
#6781 = CARTESIAN_POINT('',(5.41165473151,0.926468012423));
#6782 = CARTESIAN_POINT('',(5.363283865282,0.932428809088));
#6783 = CARTESIAN_POINT('',(5.314908222006,0.938610891071));
#6784 = CARTESIAN_POINT('',(5.266524846414,0.944999482667));
#6785 = CARTESIAN_POINT('',(5.218130587903,0.951579312975));
#6786 = CARTESIAN_POINT('',(5.169722885502,0.95833456039));
#6787 = CARTESIAN_POINT('',(5.121295582234,0.965249462152));
#6788 = CARTESIAN_POINT('',(5.072846741587,0.972307255257));
#6789 = CARTESIAN_POINT('',(5.024372975624,0.979491010238));
#6790 = CARTESIAN_POINT('',(4.975870417175,0.986783542596));
#6791 = CARTESIAN_POINT('',(4.927334736697,0.994167456211));
#6792 = CARTESIAN_POINT('',(4.878761397216,1.001625151553));
#6793 = CARTESIAN_POINT('',(4.830145825283,1.009138844294));
#6794 = CARTESIAN_POINT('',(4.781483630697,1.01669057458));
#6795 = CARTESIAN_POINT('',(4.732770707211,1.024262237661));
#6796 = CARTESIAN_POINT('',(4.700259432777,1.029311101025));
#6797 = CARTESIAN_POINT('',(4.683994213989,1.0318327639));
#6798 = ( GEOMETRIC_REPRESENTATION_CONTEXT(2) 
PARAMETRIC_REPRESENTATION_CONTEXT() REPRESENTATION_CONTEXT('2D SPACE',''
  ) );
#6799 = PCURVE('',#4484,#6800);
#6800 = DEFINITIONAL_REPRESENTATION('',(#6801),#6840);
#6801 = B_SPLINE_CURVE_WITH_KNOTS('',7,(#6802,#6803,#6804,#6805,#6806,
    #6807,#6808,#6809,#6810,#6811,#6812,#6813,#6814,#6815,#6816,#6817,
    #6818,#6819,#6820,#6821,#6822,#6823,#6824,#6825,#6826,#6827,#6828,
    #6829,#6830,#6831,#6832,#6833,#6834,#6835,#6836,#6837,#6838,#6839),
  .UNSPECIFIED.,.F.,.F.,(8,6,6,6,6,6,8),(0.741795890122,0.823668423302,
    0.878544277659,1.,1.121448595208,1.176320530943,1.258204133755),
  .UNSPECIFIED.);
#6802 = CARTESIAN_POINT('',(27.199233459384,25.711220749638));
#6803 = CARTESIAN_POINT('',(27.148474263121,25.652515933256));
#6804 = CARTESIAN_POINT('',(27.092572723979,25.598069883388));
#6805 = CARTESIAN_POINT('',(27.03195711531,25.548445261867));
#6806 = CARTESIAN_POINT('',(26.967129451438,25.504140298117));
#6807 = CARTESIAN_POINT('',(26.898655422681,25.465586726208));
#6808 = CARTESIAN_POINT('',(26.827158543917,25.433141353618));
#6809 = CARTESIAN_POINT('',(26.703826526877,25.389597531371));
#6810 = CARTESIAN_POINT('',(26.653277766013,25.374986475408));
#6811 = CARTESIAN_POINT('',(26.601874480697,25.363318301378));
#6812 = CARTESIAN_POINT('',(26.549825018734,25.354654491134));
#6813 = CARTESIAN_POINT('',(26.497342633417,25.349037428455));
#6814 = CARTESIAN_POINT('',(26.444644287805,25.346490026695));
#6815 = CARTESIAN_POINT('',(26.275320960491,25.348178059065));
#6816 = CARTESIAN_POINT('',(26.15865120096,25.364393246834));
#6817 = CARTESIAN_POINT('',(26.044399141827,25.395717447736));
#6818 = CARTESIAN_POINT('',(25.934924237728,25.441661234024));
#6819 = CARTESIAN_POINT('',(25.832423813447,25.501328011447));
#6820 = CARTESIAN_POINT('',(25.738931077315,25.573421156893));
#6821 = CARTESIAN_POINT('',(25.57342601303,25.738926221178));
#6822 = CARTESIAN_POINT('',(25.501336487428,25.832412825985));
#6823 = CARTESIAN_POINT('',(25.441671756301,25.934906161422));
#6824 = CARTESIAN_POINT('',(25.395728249565,26.044373402395));
#6825 = CARTESIAN_POINT('',(25.364402447941,26.158617630468));
#6826 = CARTESIAN_POINT('',(25.348183777886,26.275279835962));
#6827 = CARTESIAN_POINT('',(25.346488145626,26.44459253446));
#6828 = CARTESIAN_POINT('',(25.3490327494,26.497287251301));
#6829 = CARTESIAN_POINT('',(25.354646587655,26.5497661958));
#6830 = CARTESIAN_POINT('',(25.363306763637,26.601812450063));
#6831 = CARTESIAN_POINT('',(25.374970915503,26.653212803725));
#6832 = CARTESIAN_POINT('',(25.389577588447,26.703758949253));
#6833 = CARTESIAN_POINT('',(25.433115054085,26.827100586729));
#6834 = CARTESIAN_POINT('',(25.465560683101,26.898609164676));
#6835 = CARTESIAN_POINT('',(25.504116353528,26.967094413117));
#6836 = CARTESIAN_POINT('',(25.548425145994,27.031932543978));
#6837 = CARTESIAN_POINT('',(25.598055171163,27.092557619247));
#6838 = CARTESIAN_POINT('',(25.652508004915,27.148467407867));
#6839 = CARTESIAN_POINT('',(25.711220749638,27.199233459384));
#6840 = ( GEOMETRIC_REPRESENTATION_CONTEXT(2) 
PARAMETRIC_REPRESENTATION_CONTEXT() REPRESENTATION_CONTEXT('2D SPACE',''
  ) );
#6841 = ORIENTED_EDGE('',*,*,#6551,.T.);
#6842 = ORIENTED_EDGE('',*,*,#2636,.F.);
#6843 = ORIENTED_EDGE('',*,*,#6844,.F.);
#6844 = EDGE_CURVE('',#3110,#2597,#6845,.T.);
#6845 = SURFACE_CURVE('',#6846,(#6851,#6858),.PCURVE_S1.);
#6846 = CIRCLE('',#6847,0.85);
#6847 = AXIS2_PLACEMENT_3D('',#6848,#6849,#6850);
#6848 = CARTESIAN_POINT('',(-17.84860057815,-7.393132428853,
    16.047918819083));
#6849 = DIRECTION('',(-0.128579179453,-5.325923996829E-02,
    -0.990268068742));
#6850 = DIRECTION('',(5.527068038133E-02,-0.997389635668,
    4.646575676742E-02));
#6851 = PCURVE('',#2680,#6852);
#6852 = DEFINITIONAL_REPRESENTATION('',(#6853),#6857);
#6853 = LINE('',#6854,#6855);
#6854 = CARTESIAN_POINT('',(7.513575190501,0.));
#6855 = VECTOR('',#6856,1.);
#6856 = DIRECTION('',(-1.,-0.));
#6857 = ( GEOMETRIC_REPRESENTATION_CONTEXT(2) 
PARAMETRIC_REPRESENTATION_CONTEXT() REPRESENTATION_CONTEXT('2D SPACE',''
  ) );
#6858 = PCURVE('',#2620,#6859);
#6859 = DEFINITIONAL_REPRESENTATION('',(#6860),#6864);
#6860 = LINE('',#6861,#6862);
#6861 = CARTESIAN_POINT('',(-7.513575190501,3.864326901403));
#6862 = VECTOR('',#6863,1.);
#6863 = DIRECTION('',(1.,-0.));
#6864 = ( GEOMETRIC_REPRESENTATION_CONTEXT(2) 
PARAMETRIC_REPRESENTATION_CONTEXT() REPRESENTATION_CONTEXT('2D SPACE',''
  ) );
#6865 = ORIENTED_EDGE('',*,*,#3109,.T.);
#6866 = ORIENTED_EDGE('',*,*,#6867,.T.);
#6867 = EDGE_CURVE('',#3081,#6684,#6868,.T.);
#6868 = SURFACE_CURVE('',#6869,(#6899,#6932),.PCURVE_S1.);
#6869 = B_SPLINE_CURVE_WITH_KNOTS('',4,(#6870,#6871,#6872,#6873,#6874,
    #6875,#6876,#6877,#6878,#6879,#6880,#6881,#6882,#6883,#6884,#6885,
    #6886,#6887,#6888,#6889,#6890,#6891,#6892,#6893,#6894,#6895,#6896,
    #6897,#6898),.UNSPECIFIED.,.F.,.F.,(5,3,3,3,3,3,3,3,3,5),(0.,
    2.003733551612E-02,0.143288191091,0.265937303434,0.388472767213,
    0.510881821751,0.633176990343,0.755389323802,0.877555364576,1.),
  .UNSPECIFIED.);
#6870 = CARTESIAN_POINT('',(-17.60953408162,-8.446978092159,
    16.698710585336));
#6871 = CARTESIAN_POINT('',(-17.60916373327,-8.446945038012,
    16.701188262605));
#6872 = CARTESIAN_POINT('',(-17.60877265591,-8.446900585537,
    16.703662638925));
#6873 = CARTESIAN_POINT('',(-17.60836089785,-8.446844740151,
    16.70613338231));
#6874 = CARTESIAN_POINT('',(-17.60526890388,-8.446363990738,
    16.723773461565));
#6875 = CARTESIAN_POINT('',(-17.60182894631,-8.445519809973,
    16.738796780723));
#6876 = CARTESIAN_POINT('',(-17.59762170291,-8.444247444036,
    16.753592808148));
#6877 = CARTESIAN_POINT('',(-17.58774443097,-8.440874133812,
    16.782510825662));
#6878 = CARTESIAN_POINT('',(-17.58208163626,-8.438777257988,
    16.796635816918));
#6879 = CARTESIAN_POINT('',(-17.57570606816,-8.43627567224,
    16.810388889578));
#6880 = CARTESIAN_POINT('',(-17.56160347813,-8.430498925655,
    16.837001876074));
#6881 = CARTESIAN_POINT('',(-17.55387769817,-8.427224469085,
    16.84986267769));
#6882 = CARTESIAN_POINT('',(-17.54550788002,-8.423579152334,
    16.862215619943));
#6883 = CARTESIAN_POINT('',(-17.52757654069,-8.415597048212,
    16.885770726415));
#6884 = CARTESIAN_POINT('',(-17.51801622593,-8.411260950631,
    16.896974143615));
#6885 = CARTESIAN_POINT('',(-17.50790011631,-8.406600779064,
    16.907548218681));
#6886 = CARTESIAN_POINT('',(-17.48667105916,-8.396694373845,
    16.927324160004));
#6887 = CARTESIAN_POINT('',(-17.47555899424,-8.391448645938,
    16.93652736999));
#6888 = CARTESIAN_POINT('',(-17.46399680309,-8.385936786715,
    16.944998411696));
#6889 = CARTESIAN_POINT('',(-17.44009997702,-8.374451028998,
    16.960389401272));
#6890 = CARTESIAN_POINT('',(-17.42776579738,-8.368477388316,
    16.967310455637));
#6891 = CARTESIAN_POINT('',(-17.41510158391,-8.362304168627,
    16.973419025421));
#6892 = CARTESIAN_POINT('',(-17.38924864423,-8.349632919256,
    16.983953604073));
#6893 = CARTESIAN_POINT('',(-17.37606003591,-8.343134950078,
    16.988380283144));
#6894 = CARTESIAN_POINT('',(-17.36267210882,-8.33650937307,
    16.991939634442));
#6895 = CARTESIAN_POINT('',(-17.33560406378,-8.323061726967,
    16.997301798008));
#6896 = CARTESIAN_POINT('',(-17.32192326618,-8.316239184393,
    16.99910059548));
#6897 = CARTESIAN_POINT('',(-17.30818021087,-8.309362836171,17.));
#6898 = CARTESIAN_POINT('',(-17.29444529521,-8.302469417215,17.));
#6899 = PCURVE('',#2680,#6900);
#6900 = DEFINITIONAL_REPRESENTATION('',(#6901),#6931);
#6901 = B_SPLINE_CURVE_WITH_KNOTS('',4,(#6902,#6903,#6904,#6905,#6906,
    #6907,#6908,#6909,#6910,#6911,#6912,#6913,#6914,#6915,#6916,#6917,
    #6918,#6919,#6920,#6921,#6922,#6923,#6924,#6925,#6926,#6927,#6928,
    #6929,#6930),.UNSPECIFIED.,.F.,.F.,(5,3,3,3,3,3,3,3,3,5),(0.,
    2.003733551612E-02,0.143288191091,0.265937303434,0.388472767213,
    0.510881821751,0.633176990343,0.755389323802,0.877555364576,1.),
  .UNSPECIFIED.);
#6902 = CARTESIAN_POINT('',(7.604642827266,0.680353994944));
#6903 = CARTESIAN_POINT('',(7.604673545828,0.682859188588));
#6904 = CARTESIAN_POINT('',(7.604724580404,0.685364031441));
#6905 = CARTESIAN_POINT('',(7.604795987804,0.68786822885));
#6906 = CARTESIAN_POINT('',(7.605451787952,0.70576917991));
#6907 = CARTESIAN_POINT('',(7.606784477934,0.721131333397));
#6908 = CARTESIAN_POINT('',(7.608882259528,0.73638963559));
#6909 = CARTESIAN_POINT('',(7.614580577737,0.766488327472));
#6910 = CARTESIAN_POINT('',(7.618173663215,0.781330383231));
#6911 = CARTESIAN_POINT('',(7.622511120078,0.795934626223));
#6912 = CARTESIAN_POINT('',(7.632646785365,0.824518933951));
#6913 = CARTESIAN_POINT('',(7.638443529914,0.838499589908));
#6914 = CARTESIAN_POINT('',(7.644959993235,0.852107797761));
#6915 = CARTESIAN_POINT('',(7.659385109021,0.878431357175));
#6916 = CARTESIAN_POINT('',(7.667292195721,0.891147688941));
#6917 = CARTESIAN_POINT('',(7.675877687374,0.903358253305));
#6918 = CARTESIAN_POINT('',(7.694332918013,0.926627719445));
#6919 = CARTESIAN_POINT('',(7.704201355565,0.937687803156));
#6920 = CARTESIAN_POINT('',(7.714682902176,0.948114069519));
#6921 = CARTESIAN_POINT('',(7.736770112748,0.967575044686));
#6922 = CARTESIAN_POINT('',(7.74837497965,0.976610841845));
#6923 = CARTESIAN_POINT('',(7.760497425694,0.984896645903));
#6924 = CARTESIAN_POINT('',(7.785644883576,0.999868741864));
#6925 = CARTESIAN_POINT('',(7.798669622672,1.006555787255));
#6926 = CARTESIAN_POINT('',(7.812083651403,1.012396988203));
#6927 = CARTESIAN_POINT('',(7.839564048792,1.022331637365));
#6928 = CARTESIAN_POINT('',(7.853632013922,1.026421198947));
#6929 = CARTESIAN_POINT('',(7.867932558771,1.029593466273));
#6930 = CARTESIAN_POINT('',(7.882376402118,1.031832752546));
#6931 = ( GEOMETRIC_REPRESENTATION_CONTEXT(2) 
PARAMETRIC_REPRESENTATION_CONTEXT() REPRESENTATION_CONTEXT('2D SPACE',''
  ) );
#6932 = PCURVE('',#3097,#6933);
#6933 = DEFINITIONAL_REPRESENTATION('',(#6934),#6964);
#6934 = B_SPLINE_CURVE_WITH_KNOTS('',4,(#6935,#6936,#6937,#6938,#6939,
    #6940,#6941,#6942,#6943,#6944,#6945,#6946,#6947,#6948,#6949,#6950,
    #6951,#6952,#6953,#6954,#6955,#6956,#6957,#6958,#6959,#6960,#6961,
    #6962,#6963),.UNSPECIFIED.,.F.,.F.,(5,3,3,3,3,3,3,3,3,5),(0.,
    2.003733551612E-02,0.143288191091,0.265937303434,0.388472767213,
    0.510881821751,0.633176990343,0.755389323802,0.877555364576,1.),
  .UNSPECIFIED.);
#6935 = CARTESIAN_POINT('',(3.58885421639,0.13962634016));
#6936 = CARTESIAN_POINT('',(3.588860891643,0.146774988221));
#6937 = CARTESIAN_POINT('',(3.588867500044,0.153923688414));
#6938 = CARTESIAN_POINT('',(3.588874040814,0.16107245745));
#6939 = CARTESIAN_POINT('',(3.588920325493,0.212194313309));
#6940 = CARTESIAN_POINT('',(3.588957551759,0.256170403183));
#6941 = CARTESIAN_POINT('',(3.588992025886,0.300153014273));
#6942 = CARTESIAN_POINT('',(3.589055169865,0.387922342404));
#6943 = CARTESIAN_POINT('',(3.589083867087,0.431708944353));
#6944 = CARTESIAN_POINT('',(3.589109695379,0.475507708017));
#6945 = CARTESIAN_POINT('',(3.589155624495,0.563092244816));
#6946 = CARTESIAN_POINT('',(3.589175730309,0.606877987087));
#6947 = CARTESIAN_POINT('',(3.5891930042,0.650679058549));
#6948 = CARTESIAN_POINT('',(3.589222061855,0.7382667028));
#6949 = CARTESIAN_POINT('',(3.589233850759,0.782053263684));
#6950 = CARTESIAN_POINT('',(3.589243001842,0.825855081719));
#6951 = CARTESIAN_POINT('',(3.589256336827,0.913445529163));
#6952 = CARTESIAN_POINT('',(3.589260524581,0.957234178652));
#6953 = CARTESIAN_POINT('',(3.589262393186,1.001035069002));
#6954 = CARTESIAN_POINT('',(3.589261886349,1.088627044693));
#6955 = CARTESIAN_POINT('',(3.589259512791,1.132418178279));
#6956 = CARTESIAN_POINT('',(3.589255216048,1.176216929986));
#6957 = CARTESIAN_POINT('',(3.589243191747,1.263808678626));
#6958 = CARTESIAN_POINT('',(3.589235464416,1.307601729771));
#6959 = CARTESIAN_POINT('',(3.589226227106,1.3513980547));
#6960 = CARTESIAN_POINT('',(3.589205075617,1.439094439296));
#6961 = CARTESIAN_POINT('',(3.589193154451,1.482994551993));
#6962 = CARTESIAN_POINT('',(3.589180084116,1.526895314932));
#6963 = CARTESIAN_POINT('',(3.589165997883,1.570796326795));
#6964 = ( GEOMETRIC_REPRESENTATION_CONTEXT(2) 
PARAMETRIC_REPRESENTATION_CONTEXT() REPRESENTATION_CONTEXT('2D SPACE',''
  ) );
#6965 = ADVANCED_FACE('',(#6966),#2620,.F.);
#6966 = FACE_BOUND('',#6967,.T.);
#6967 = EDGE_LOOP('',(#6968,#6969,#6970,#6992));
#6968 = ORIENTED_EDGE('',*,*,#6844,.T.);
#6969 = ORIENTED_EDGE('',*,*,#2596,.F.);
#6970 = ORIENTED_EDGE('',*,*,#6971,.F.);
#6971 = EDGE_CURVE('',#3175,#2563,#6972,.T.);
#6972 = SURFACE_CURVE('',#6973,(#6978,#6985),.PCURVE_S1.);
#6973 = CIRCLE('',#6974,0.8);
#6974 = AXIS2_PLACEMENT_3D('',#6975,#6976,#6977);
#6975 = CARTESIAN_POINT('',(-17.86561000478,-7.400177964051,
    15.916918667024));
#6976 = DIRECTION('',(-0.128579179453,-5.325923996829E-02,
    -0.990268068742));
#6977 = DIRECTION('',(3.042993921824E-02,-0.998298526565,
    4.97400307307E-02));
#6978 = PCURVE('',#2620,#6979);
#6979 = DEFINITIONAL_REPRESENTATION('',(#6980),#6984);
#6980 = LINE('',#6981,#6982);
#6981 = CARTESIAN_POINT('',(-7.488502450202,3.14159265359));
#6982 = VECTOR('',#6983,1.);
#6983 = DIRECTION('',(1.,-0.));
#6984 = ( GEOMETRIC_REPRESENTATION_CONTEXT(2) 
PARAMETRIC_REPRESENTATION_CONTEXT() REPRESENTATION_CONTEXT('2D SPACE',''
  ) );
#6985 = PCURVE('',#2582,#6986);
#6986 = DEFINITIONAL_REPRESENTATION('',(#6987),#6991);
#6987 = LINE('',#6988,#6989);
#6988 = CARTESIAN_POINT('',(7.488502450202,3.058017564517));
#6989 = VECTOR('',#6990,1.);
#6990 = DIRECTION('',(-1.,-0.));
#6991 = ( GEOMETRIC_REPRESENTATION_CONTEXT(2) 
PARAMETRIC_REPRESENTATION_CONTEXT() REPRESENTATION_CONTEXT('2D SPACE',''
  ) );
#6992 = ORIENTED_EDGE('',*,*,#3174,.T.);
#6993 = ADVANCED_FACE('',(#6994),#2582,.T.);
#6994 = FACE_BOUND('',#6995,.T.);
#6995 = EDGE_LOOP('',(#6996,#6997,#6998,#6999,#7000));
#6996 = ORIENTED_EDGE('',*,*,#6971,.T.);
#6997 = ORIENTED_EDGE('',*,*,#2562,.F.);
#6998 = ORIENTED_EDGE('',*,*,#2869,.T.);
#6999 = ORIENTED_EDGE('',*,*,#2899,.T.);
#7000 = ORIENTED_EDGE('',*,*,#3209,.F.);
#7001 = ADVANCED_FACE('',(#7002),#3097,.T.);
#7002 = FACE_BOUND('',#7003,.T.);
#7003 = EDGE_LOOP('',(#7004,#7105,#7131,#7132));
#7004 = ORIENTED_EDGE('',*,*,#7005,.F.);
#7005 = EDGE_CURVE('',#7006,#3007,#7008,.T.);
#7006 = VERTEX_POINT('',#7007);
#7007 = CARTESIAN_POINT('',(-8.302469417314,-17.29444529516,17.));
#7008 = SURFACE_CURVE('',#7009,(#7039,#7072),.PCURVE_S1.);
#7009 = B_SPLINE_CURVE_WITH_KNOTS('',4,(#7010,#7011,#7012,#7013,#7014,
    #7015,#7016,#7017,#7018,#7019,#7020,#7021,#7022,#7023,#7024,#7025,
    #7026,#7027,#7028,#7029,#7030,#7031,#7032,#7033,#7034,#7035,#7036,
    #7037,#7038),.UNSPECIFIED.,.F.,.F.,(5,3,3,3,3,3,3,3,3,5),(0.,
    0.122563490401,0.244729559451,0.367341457217,0.489637051784,
    0.612446870444,0.734983267592,0.857633120822,0.98050085434,1.),
  .UNSPECIFIED.);
#7010 = CARTESIAN_POINT('',(-8.302469417215,-17.29444529521,17.));
#7011 = CARTESIAN_POINT('',(-8.30936952711,-17.30819354235,17.));
#7012 = CARTESIAN_POINT('',(-8.316252533937,-17.32194994655,
    16.999098848532));
#7013 = CARTESIAN_POINT('',(-8.323081593518,-17.33564390105,
    16.997296557522));
#7014 = CARTESIAN_POINT('',(-8.336535245358,-17.36272433691,
    16.991926635146));
#7015 = CARTESIAN_POINT('',(-8.343160487638,-17.3761117523,
    16.988364737777));
#7016 = CARTESIAN_POINT('',(-8.349658050543,-17.38929971792,
    16.983935552961));
#7017 = CARTESIAN_POINT('',(-8.362349062606,-17.41519338313,
    16.973378837695));
#7018 = CARTESIAN_POINT('',(-8.368541379583,-17.4278972307,
    16.967245134107));
#7019 = CARTESIAN_POINT('',(-8.374532623022,-17.44026854379,
    16.960293784078));
#7020 = CARTESIAN_POINT('',(-8.38603123281,-17.46419451589,
    16.944857935668));
#7021 = CARTESIAN_POINT('',(-8.391539865586,-17.47575127302,
    16.936377378425));
#7022 = CARTESIAN_POINT('',(-8.39678210107,-17.48685742288,
    16.927165043939));
#7023 = CARTESIAN_POINT('',(-8.406697224143,-17.50810846184,
    16.907339333613));
#7024 = CARTESIAN_POINT('',(-8.411367669069,-17.51824916678,
    16.896720152346));
#7025 = CARTESIAN_POINT('',(-8.415711597389,-17.52782984794,
    16.885468161496));
#7026 = CARTESIAN_POINT('',(-8.423691104649,-17.54576350855,
    16.861848782941));
#7027 = CARTESIAN_POINT('',(-8.427328266669,-17.55411920588,
    16.849483854758));
#7028 = CARTESIAN_POINT('',(-8.430594264362,-17.56183027414,
    16.836612039398));
#7029 = CARTESIAN_POINT('',(-8.436353573564,-17.57590238475,
    16.809979071018));
#7030 = CARTESIAN_POINT('',(-8.438846181485,-17.58226218625,
    16.796217033562));
#7031 = CARTESIAN_POINT('',(-8.440933877416,-17.58790877576,
    16.782084142341));
#7032 = CARTESIAN_POINT('',(-8.4442832474,-17.59773746795,
    16.753197644594));
#7033 = CARTESIAN_POINT('',(-8.445543454658,-17.60191695938,
    16.738442917073));
#7034 = CARTESIAN_POINT('',(-8.446378073812,-17.60533372736,
    16.723463208941));
#7035 = CARTESIAN_POINT('',(-8.446849215408,-17.60839403177,
    16.705934286686));
#7036 = CARTESIAN_POINT('',(-8.446902965244,-17.60879364913,
    16.703529716249));
#7037 = CARTESIAN_POINT('',(-8.446945925825,-17.6091736806,
    16.701121713758));
#7038 = CARTESIAN_POINT('',(-8.446978092159,-17.60953408162,
    16.698710585336));
#7039 = PCURVE('',#3097,#7040);
#7040 = DEFINITIONAL_REPRESENTATION('',(#7041),#7071);
#7041 = B_SPLINE_CURVE_WITH_KNOTS('',4,(#7042,#7043,#7044,#7045,#7046,
    #7047,#7048,#7049,#7050,#7051,#7052,#7053,#7054,#7055,#7056,#7057,
    #7058,#7059,#7060,#7061,#7062,#7063,#7064,#7065,#7066,#7067,#7068,
    #7069,#7070),.UNSPECIFIED.,.F.,.F.,(5,3,3,3,3,3,3,3,3,5),(0.,
    0.122563490401,0.244729559451,0.367341457217,0.489637051784,
    0.612446870444,0.734983267592,0.857633120822,0.98050085434,1.),
  .UNSPECIFIED.);
#7042 = CARTESIAN_POINT('',(4.264815636091,1.570796326795));
#7043 = CARTESIAN_POINT('',(4.264801536186,1.526852703423));
#7044 = CARTESIAN_POINT('',(4.264788454149,1.482909324662));
#7045 = CARTESIAN_POINT('',(4.264776523648,1.43896660519));
#7046 = CARTESIAN_POINT('',(4.264755369638,1.351227610161));
#7047 = CARTESIAN_POINT('',(4.264746136551,1.307431283066));
#7048 = CARTESIAN_POINT('',(4.264738413832,1.263638233287));
#7049 = CARTESIAN_POINT('',(4.264726379906,1.175903291298));
#7050 = CARTESIAN_POINT('',(4.264722080167,1.131961380178));
#7051 = CARTESIAN_POINT('',(4.264719717309,1.088027149277));
#7052 = CARTESIAN_POINT('',(4.264719263723,1.000292135099));
#7053 = CARTESIAN_POINT('',(4.264721160994,0.95649123773));
#7054 = CARTESIAN_POINT('',(4.264725378968,0.912702598656));
#7055 = CARTESIAN_POINT('',(4.264738799001,0.824968898593));
#7056 = CARTESIAN_POINT('',(4.264748021172,0.781023908082));
#7057 = CARTESIAN_POINT('',(4.264759900092,0.737094286658));
#7058 = CARTESIAN_POINT('',(4.264789128853,0.64936369437));
#7059 = CARTESIAN_POINT('',(4.264806465948,0.605562634898));
#7060 = CARTESIAN_POINT('',(4.264826635862,0.561776892577));
#7061 = CARTESIAN_POINT('',(4.26487269373,0.474192377644));
#7062 = CARTESIAN_POINT('',(4.264898586668,0.430393635974));
#7063 = CARTESIAN_POINT('',(4.264927348161,0.386607021271));
#7064 = CARTESIAN_POINT('',(4.26499052012,0.298974596716));
#7065 = CARTESIAN_POINT('',(4.265024940383,0.255128842979));
#7066 = CARTESIAN_POINT('',(4.265062094152,0.211289530398));
#7067 = CARTESIAN_POINT('',(4.265108120349,0.160496423488));
#7068 = CARTESIAN_POINT('',(4.265114488973,0.153539669527));
#7069 = CARTESIAN_POINT('',(4.265120921624,0.146582980048));
#7070 = CARTESIAN_POINT('',(4.265127417584,0.13962634016));
#7071 = ( GEOMETRIC_REPRESENTATION_CONTEXT(2) 
PARAMETRIC_REPRESENTATION_CONTEXT() REPRESENTATION_CONTEXT('2D SPACE',''
  ) );
#7072 = PCURVE('',#3050,#7073);
#7073 = DEFINITIONAL_REPRESENTATION('',(#7074),#7104);
#7074 = B_SPLINE_CURVE_WITH_KNOTS('',4,(#7075,#7076,#7077,#7078,#7079,
    #7080,#7081,#7082,#7083,#7084,#7085,#7086,#7087,#7088,#7089,#7090,
    #7091,#7092,#7093,#7094,#7095,#7096,#7097,#7098,#7099,#7100,#7101,
    #7102,#7103),.UNSPECIFIED.,.F.,.F.,(5,3,3,3,3,3,3,3,3,5),(0.,
    0.122563490401,0.244729559451,0.367341457217,0.489637051784,
    0.612446870444,0.734983267592,0.857633120822,0.98050085434,1.),
  .UNSPECIFIED.);
#7075 = CARTESIAN_POINT('',(4.683994213642,1.031832761659));
#7076 = CARTESIAN_POINT('',(4.698452076574,1.029591301874));
#7077 = CARTESIAN_POINT('',(4.712766361396,1.02641502794));
#7078 = CARTESIAN_POINT('',(4.726847529562,1.022319726457));
#7079 = CARTESIAN_POINT('',(4.754339466498,1.012375107098));
#7080 = CARTESIAN_POINT('',(4.767752439085,1.006531402631));
#7081 = CARTESIAN_POINT('',(4.780775981852,0.999841934224));
#7082 = CARTESIAN_POINT('',(4.805961907436,0.984840691266));
#7083 = CARTESIAN_POINT('',(4.818121045422,0.976522934758));
#7084 = CARTESIAN_POINT('',(4.829758895102,0.967450540398));
#7085 = CARTESIAN_POINT('',(4.851867823844,0.947940100281));
#7086 = CARTESIAN_POINT('',(4.862341804267,0.937505486351));
#7087 = CARTESIAN_POINT('',(4.872202338362,0.926437578556));
#7088 = CARTESIAN_POINT('',(4.89067136465,0.903115445991));
#7089 = CARTESIAN_POINT('',(4.899274317119,0.890856306424));
#7090 = CARTESIAN_POINT('',(4.907194095765,0.878088862483));
#7091 = CARTESIAN_POINT('',(4.921611315652,0.851702338103));
#7092 = CARTESIAN_POINT('',(4.928111760847,0.838085143085));
#7093 = CARTESIAN_POINT('',(4.93389224898,0.824096509243));
#7094 = CARTESIAN_POINT('',(4.943994998876,0.795498279036));
#7095 = CARTESIAN_POINT('',(4.94831579896,0.780888094608));
#7096 = CARTESIAN_POINT('',(4.951892088539,0.766041108433));
#7097 = CARTESIAN_POINT('',(4.957547667773,0.735981553772));
#7098 = CARTESIAN_POINT('',(4.959624222847,0.720768393393));
#7099 = CARTESIAN_POINT('',(4.960940382316,0.705452828955));
#7100 = CARTESIAN_POINT('',(4.961580335196,0.687666444009));
#7101 = CARTESIAN_POINT('',(4.961648757933,0.685229474218));
#7102 = CARTESIAN_POINT('',(4.96169789708,0.682791900732));
#7103 = CARTESIAN_POINT('',(4.961727790561,0.680353995008));
#7104 = ( GEOMETRIC_REPRESENTATION_CONTEXT(2) 
PARAMETRIC_REPRESENTATION_CONTEXT() REPRESENTATION_CONTEXT('2D SPACE',''
  ) );
#7105 = ORIENTED_EDGE('',*,*,#7106,.T.);
#7106 = EDGE_CURVE('',#7006,#6684,#7107,.T.);
#7107 = SURFACE_CURVE('',#7108,(#7113,#7120),.PCURVE_S1.);
#7108 = CIRCLE('',#7109,19.184077681581);
#7109 = AXIS2_PLACEMENT_3D('',#7110,#7111,#7112);
#7110 = CARTESIAN_POINT('',(0.,0.,17.));
#7111 = DIRECTION('',(0.,0.,-1.));
#7112 = DIRECTION('',(0.943477829431,0.331435642882,0.));
#7113 = PCURVE('',#3097,#7114);
#7114 = DEFINITIONAL_REPRESENTATION('',(#7115),#7119);
#7115 = LINE('',#7116,#7117);
#7116 = CARTESIAN_POINT('',(6.621010126278,1.570796326795));
#7117 = VECTOR('',#7118,1.);
#7118 = DIRECTION('',(-1.,-0.));
#7119 = ( GEOMETRIC_REPRESENTATION_CONTEXT(2) 
PARAMETRIC_REPRESENTATION_CONTEXT() REPRESENTATION_CONTEXT('2D SPACE',''
  ) );
#7120 = PCURVE('',#4484,#7121);
#7121 = DEFINITIONAL_REPRESENTATION('',(#7122),#7130);
#7122 = ( BOUNDED_CURVE() B_SPLINE_CURVE(2,(#7123,#7124,#7125,#7126,
#7127,#7128,#7129),.UNSPECIFIED.,.T.,.F.) B_SPLINE_CURVE_WITH_KNOTS((1,2
    ,2,2,2,1),(-2.094395102393,0.,2.094395102393,4.188790204786,
6.28318530718,8.377580409573),.UNSPECIFIED.) CURVE() 
GEOMETRIC_REPRESENTATION_ITEM() RATIONAL_B_SPLINE_CURVE((1.,0.5,1.,0.5,
1.,0.5,1.)) REPRESENTATION_ITEM('') );
#7123 = CARTESIAN_POINT('',(54.288779250362,52.800766540616));
#7124 = CARTESIAN_POINT('',(76.460357274536,28.051874900854));
#7125 = CARTESIAN_POINT('',(43.941399386907,21.225170909811));
#7126 = CARTESIAN_POINT('',(11.422441499277,14.398466918768));
#7127 = CARTESIAN_POINT('',(21.769821362732,45.974062549573));
#7128 = CARTESIAN_POINT('',(32.117201226187,77.549658180378));
#7129 = CARTESIAN_POINT('',(54.288779250362,52.800766540616));
#7130 = ( GEOMETRIC_REPRESENTATION_CONTEXT(2) 
PARAMETRIC_REPRESENTATION_CONTEXT() REPRESENTATION_CONTEXT('2D SPACE',''
  ) );
#7131 = ORIENTED_EDGE('',*,*,#6867,.F.);
#7132 = ORIENTED_EDGE('',*,*,#3080,.F.);
#7133 = ADVANCED_FACE('',(#7134),#3050,.T.);
#7134 = FACE_BOUND('',#7135,.T.);
#7135 = EDGE_LOOP('',(#7136,#7295,#7296,#7297,#7319,#7320));
#7136 = ORIENTED_EDGE('',*,*,#7137,.T.);
#7137 = EDGE_CURVE('',#7138,#7006,#7140,.T.);
#7138 = VERTEX_POINT('',#7139);
#7139 = CARTESIAN_POINT('',(-6.358287119494,-18.09975197064,17.));
#7140 = SURFACE_CURVE('',#7141,(#7180,#7253),.PCURVE_S1.);
#7141 = B_SPLINE_CURVE_WITH_KNOTS('',7,(#7142,#7143,#7144,#7145,#7146,
    #7147,#7148,#7149,#7150,#7151,#7152,#7153,#7154,#7155,#7156,#7157,
    #7158,#7159,#7160,#7161,#7162,#7163,#7164,#7165,#7166,#7167,#7168,
    #7169,#7170,#7171,#7172,#7173,#7174,#7175,#7176,#7177,#7178,#7179),
  .UNSPECIFIED.,.F.,.F.,(8,6,6,6,6,6,8),(0.741795890122,0.823668423302,
    0.878544277659,1.,1.121448595208,1.176320530943,1.258204133755),
  .UNSPECIFIED.);
#7142 = CARTESIAN_POINT('',(-6.358287119494,-18.09975197064,17.));
#7143 = CARTESIAN_POINT('',(-6.382717141379,-18.17341285241,17.));
#7144 = CARTESIAN_POINT('',(-6.413527827986,-18.24510703638,17.));
#7145 = CARTESIAN_POINT('',(-6.450538827693,-18.31415079769,17.));
#7146 = CARTESIAN_POINT('',(-6.493477003886,-18.37989171981,17.));
#7147 = CARTESIAN_POINT('',(-6.541984944335,-18.44171445216,17.));
#7148 = CARTESIAN_POINT('',(-6.595623140716,-18.49905073879,17.));
#7149 = CARTESIAN_POINT('',(-6.692903567608,-18.58647710453,17.));
#7150 = CARTESIAN_POINT('',(-6.734013124117,-18.61932013339,17.));
#7151 = CARTESIAN_POINT('',(-6.777038350437,-18.64977130622,17.));
#7152 = CARTESIAN_POINT('',(-6.821810286382,-18.67769408994,17.));
#7153 = CARTESIAN_POINT('',(-6.868148131167,-18.70296771853,17.));
#7154 = CARTESIAN_POINT('',(-6.915860205627,-18.72548799466,17.));
#7155 = CARTESIAN_POINT('',(-7.07294054413,-18.78872568817,17.));
#7156 = CARTESIAN_POINT('',(-7.186934630736,-18.81839239211,17.));
#7157 = CARTESIAN_POINT('',(-7.304477022433,-18.83317497417,17.));
#7158 = CARTESIAN_POINT('',(-7.423200571487,-18.83262268243,17.));
#7159 = CARTESIAN_POINT('',(-7.540732102736,-18.81672298218,17.));
#7160 = CARTESIAN_POINT('',(-7.654696980436,-18.78589572183,17.));
#7161 = CARTESIAN_POINT('',(-7.87093976793,-18.69632502649,17.));
#7162 = CARTESIAN_POINT('',(-7.973317579949,-18.63754213283,17.));
#7163 = CARTESIAN_POINT('',(-8.067663105251,-18.56568334211,17.));
#7164 = CARTESIAN_POINT('',(-8.152000670283,-18.48213061754,17.));
#7165 = CARTESIAN_POINT('',(-8.22466131057,-18.3885705788,17.));
#7166 = CARTESIAN_POINT('',(-8.284290101103,-18.28699537126,17.));
#7167 = CARTESIAN_POINT('',(-8.350649825647,-18.13121972489,17.));
#7168 = CARTESIAN_POINT('',(-8.368464313411,-18.08156237683,17.));
#7169 = CARTESIAN_POINT('',(-8.383360625756,-18.03092983122,17.));
#7170 = CARTESIAN_POINT('',(-8.395276905641,-17.9795312563,17.));
#7171 = CARTESIAN_POINT('',(-8.404170698232,-17.92757984391,17.));
#7172 = CARTESIAN_POINT('',(-8.410019064524,-17.87529156287,17.));
#7173 = CARTESIAN_POINT('',(-8.416996492308,-17.74467768172,17.));
#7174 = CARTESIAN_POINT('',(-8.414385787792,-17.66619596548,17.));
#7175 = CARTESIAN_POINT('',(-8.404973162962,-17.58816922987,17.));
#7176 = CARTESIAN_POINT('',(-8.388849654959,-17.51131036705,17.));
#7177 = CARTESIAN_POINT('',(-8.366197702398,-17.43630751247,17.));
#7178 = CARTESIAN_POINT('',(-8.337285593619,-17.36381540578,17.));
#7179 = CARTESIAN_POINT('',(-8.302469417314,-17.29444529516,17.));
#7180 = PCURVE('',#3050,#7181);
#7181 = DEFINITIONAL_REPRESENTATION('',(#7182),#7252);
#7182 = B_SPLINE_CURVE_WITH_KNOTS('',3,(#7183,#7184,#7185,#7186,#7187,
    #7188,#7189,#7190,#7191,#7192,#7193,#7194,#7195,#7196,#7197,#7198,
    #7199,#7200,#7201,#7202,#7203,#7204,#7205,#7206,#7207,#7208,#7209,
    #7210,#7211,#7212,#7213,#7214,#7215,#7216,#7217,#7218,#7219,#7220,
    #7221,#7222,#7223,#7224,#7225,#7226,#7227,#7228,#7229,#7230,#7231,
    #7232,#7233,#7234,#7235,#7236,#7237,#7238,#7239,#7240,#7241,#7242,
    #7243,#7244,#7245,#7246,#7247,#7248,#7249,#7250,#7251),
  .UNSPECIFIED.,.F.,.F.,(4,1,1,1,1,1,1,1,1,1,1,1,1,1,1,1,1,1,1,1,1,1,1,1
    ,1,1,1,1,1,1,1,1,1,1,1,1,1,1,1,1,1,1,1,1,1,1,1,1,1,1,1,1,1,1,1,1,1,1
    ,1,1,1,1,1,1,1,1,4),(0.741795890122,0.74962025745,0.757444624778,
    0.765268992106,0.773093359433,0.780917726761,0.788742094089,
    0.796566461417,0.804390828744,0.812215196072,0.8200395634,
    0.827863930728,0.835688298055,0.843512665383,0.851337032711,
    0.859161400039,0.866985767366,0.874810134694,0.882634502022,
    0.89045886935,0.898283236678,0.906107604005,0.913931971333,
    0.921756338661,0.929580705989,0.937405073316,0.945229440644,
    0.953053807972,0.9608781753,0.968702542627,0.976526909955,
    0.984351277283,0.992175644611,1.000000011938,1.007824379266,
    1.015648746594,1.023473113922,1.03129748125,1.039121848577,
    1.046946215905,1.054770583233,1.062594950561,1.070419317888,
    1.078243685216,1.086068052544,1.093892419872,1.101716787199,
    1.109541154527,1.117365521855,1.125189889183,1.13301425651,
    1.140838623838,1.148662991166,1.156487358494,1.164311725821,
    1.172136093149,1.179960460477,1.187784827805,1.195609195133,
    1.20343356246,1.211257929788,1.219082297116,1.226906664444,
    1.234731031771,1.242555399099,1.250379766427,1.258204133755),
  .QUASI_UNIFORM_KNOTS.);
#7183 = CARTESIAN_POINT('',(7.882376400371,1.0318327639));
#7184 = CARTESIAN_POINT('',(7.866111179149,1.029311100647));
#7185 = CARTESIAN_POINT('',(7.833599900695,1.024262236658));
#7186 = CARTESIAN_POINT('',(7.784886972822,1.016690572896));
#7187 = CARTESIAN_POINT('',(7.736224774471,1.009138842031));
#7188 = CARTESIAN_POINT('',(7.68760919878,1.001625148722));
#7189 = CARTESIAN_POINT('',(7.639035855156,0.994167452767));
#7190 = CARTESIAN_POINT('',(7.590500170013,0.986783538481));
#7191 = CARTESIAN_POINT('',(7.54199760645,0.979491005414));
#7192 = CARTESIAN_POINT('',(7.493523835337,0.972307249751));
#7193 = CARTESIAN_POINT('',(7.445074989818,0.965249456045));
#7194 = CARTESIAN_POINT('',(7.396647683907,0.958334554034));
#7195 = CARTESIAN_POINT('',(7.34823997835,0.95157930635));
#7196 = CARTESIAN_POINT('',(7.299845714699,0.944999475521));
#7197 = CARTESIAN_POINT('',(7.251462334976,0.938610883601));
#7198 = CARTESIAN_POINT('',(7.203086687271,0.932428801319));
#7199 = CARTESIAN_POINT('',(7.154715816594,0.926468004413));
#7200 = CARTESIAN_POINT('',(7.10634705288,0.920742743528));
#7201 = CARTESIAN_POINT('',(7.057978018869,0.9152667207));
#7202 = CARTESIAN_POINT('',(7.00960763409,0.910053161132));
#7203 = CARTESIAN_POINT('',(6.961226030003,0.90511375784));
#7204 = CARTESIAN_POINT('',(6.912836950529,0.900460999335));
#7205 = CARTESIAN_POINT('',(6.864441088319,0.896106267805));
#7206 = CARTESIAN_POINT('',(6.816039010585,0.892060170525));
#7207 = CARTESIAN_POINT('',(6.767630645494,0.888332473036));
#7208 = CARTESIAN_POINT('',(6.719215661895,0.884932133771));
#7209 = CARTESIAN_POINT('',(6.670793587479,0.881867305558));
#7210 = CARTESIAN_POINT('',(6.622363979924,0.879145339522));
#7211 = CARTESIAN_POINT('',(6.573926574989,0.876772781504));
#7212 = CARTESIAN_POINT('',(6.525481428129,0.874755363339));
#7213 = CARTESIAN_POINT('',(6.477029086507,0.873097988139));
#7214 = CARTESIAN_POINT('',(6.428570654872,0.871804709649));
#7215 = CARTESIAN_POINT('',(6.380108292812,0.870878705593));
#7216 = CARTESIAN_POINT('',(6.33164415905,0.870322244779));
#7217 = CARTESIAN_POINT('',(6.28318523297,0.870136648905));
#7218 = CARTESIAN_POINT('',(6.234726308535,0.87032224591));
#7219 = CARTESIAN_POINT('',(6.186262178567,0.870878707791));
#7220 = CARTESIAN_POINT('',(6.137799821495,0.871804712823));
#7221 = CARTESIAN_POINT('',(6.089341395374,0.873097992188));
#7222 = CARTESIAN_POINT('',(6.040889059306,0.874755368168));
#7223 = CARTESIAN_POINT('',(5.992443917709,0.876772787032));
#7224 = CARTESIAN_POINT('',(5.944006517539,0.879145345683));
#7225 = CARTESIAN_POINT('',(5.895576914151,0.881867312305));
#7226 = CARTESIAN_POINT('',(5.847154843306,0.884932141069));
#7227 = CARTESIAN_POINT('',(5.798739862791,0.888332480854));
#7228 = CARTESIAN_POINT('',(5.750331500538,0.892060178824));
#7229 = CARTESIAN_POINT('',(5.701929425746,0.896106276521));
#7230 = CARTESIAN_POINT('',(5.653533567257,0.900461008336));
#7231 = CARTESIAN_POINT('',(5.605144492695,0.905113766943));
#7232 = CARTESIAN_POINT('',(5.556762897313,0.910053169857));
#7233 = CARTESIAN_POINT('',(5.508392521037,0.915266728946));
#7234 = CARTESIAN_POINT('',(5.460023490231,0.920742751784));
#7235 = CARTESIAN_POINT('',(5.41165473151,0.926468012423));
#7236 = CARTESIAN_POINT('',(5.363283865282,0.932428809088));
#7237 = CARTESIAN_POINT('',(5.314908222006,0.938610891071));
#7238 = CARTESIAN_POINT('',(5.266524846414,0.944999482667));
#7239 = CARTESIAN_POINT('',(5.218130587903,0.951579312975));
#7240 = CARTESIAN_POINT('',(5.169722885503,0.95833456039));
#7241 = CARTESIAN_POINT('',(5.121295582234,0.965249462152));
#7242 = CARTESIAN_POINT('',(5.072846741587,0.972307255257));
#7243 = CARTESIAN_POINT('',(5.024372975624,0.979491010238));
#7244 = CARTESIAN_POINT('',(4.975870417175,0.986783542596));
#7245 = CARTESIAN_POINT('',(4.927334736697,0.994167456211));
#7246 = CARTESIAN_POINT('',(4.878761397216,1.001625151553));
#7247 = CARTESIAN_POINT('',(4.830145825283,1.009138844294));
#7248 = CARTESIAN_POINT('',(4.781483630697,1.01669057458));
#7249 = CARTESIAN_POINT('',(4.732770707211,1.024262237661));
#7250 = CARTESIAN_POINT('',(4.700259432777,1.029311101025));
#7251 = CARTESIAN_POINT('',(4.683994213989,1.0318327639));
#7252 = ( GEOMETRIC_REPRESENTATION_CONTEXT(2) 
PARAMETRIC_REPRESENTATION_CONTEXT() REPRESENTATION_CONTEXT('2D SPACE',''
  ) );
#7253 = PCURVE('',#4484,#7254);
#7254 = DEFINITIONAL_REPRESENTATION('',(#7255),#7294);
#7255 = B_SPLINE_CURVE_WITH_KNOTS('',7,(#7256,#7257,#7258,#7259,#7260,
    #7261,#7262,#7263,#7264,#7265,#7266,#7267,#7268,#7269,#7270,#7271,
    #7272,#7273,#7274,#7275,#7276,#7277,#7278,#7279,#7280,#7281,#7282,
    #7283,#7284,#7285,#7286,#7287,#7288,#7289,#7290,#7291,#7292,#7293),
  .UNSPECIFIED.,.F.,.F.,(8,6,6,6,6,6,8),(0.741795890122,0.823668423302,
    0.878544277659,1.,1.121448595208,1.176320530943,1.258204133755),
  .UNSPECIFIED.);
#7256 = CARTESIAN_POINT('',(41.052183877554,20.844798471936));
#7257 = CARTESIAN_POINT('',(41.05780227942,20.767395726299));
#7258 = CARTESIAN_POINT('',(41.056773093084,20.689368197823));
#7259 = CARTESIAN_POINT('',(41.049001291541,20.611416583495));
#7260 = CARTESIAN_POINT('',(41.034489551116,20.534248162455));
#7261 = CARTESIAN_POINT('',(41.013332593182,20.45856822025));
#7262 = CARTESIAN_POINT('',(40.985719008351,20.385069949466));
#7263 = CARTESIAN_POINT('',(40.929300234754,20.26707091189));
#7264 = CARTESIAN_POINT('',(40.903888439918,20.22099596355));
#7265 = CARTESIAN_POINT('',(40.875791473277,20.176397706948));
#7266 = CARTESIAN_POINT('',(40.84511318474,20.133466940462));
#7267 = CARTESIAN_POINT('',(40.811974397301,20.092384426801));
#7268 = CARTESIAN_POINT('',(40.77651232482,20.053319784202));
#7269 = CARTESIAN_POINT('',(40.655589032728,19.934783730381));
#7270 = CARTESIAN_POINT('',(40.561625185373,19.863751621487));
#7271 = CARTESIAN_POINT('',(40.458687224723,19.805112770582));
#7272 = CARTESIAN_POINT('',(40.348789614827,19.760189486362));
#7273 = CARTESIAN_POINT('',(40.234120086816,19.729901524206));
#7274 = CARTESIAN_POINT('',(40.117033187084,19.714769728517));
#7275 = CARTESIAN_POINT('',(39.882973680531,19.714769728517));
#7276 = CARTESIAN_POINT('',(39.765893675916,19.729899748321));
#7277 = CARTESIAN_POINT('',(39.651230607424,19.760184144857));
#7278 = CARTESIAN_POINT('',(39.54133861385,19.805102208103));
#7279 = CARTESIAN_POINT('',(39.438405058714,19.86373438973));
#7280 = CARTESIAN_POINT('',(39.344444090523,19.934758694765));
#7281 = CARTESIAN_POINT('',(39.223522940205,20.053281858945));
#7282 = CARTESIAN_POINT('',(39.188061455177,20.09234195714));
#7283 = CARTESIAN_POINT('',(39.154922820751,20.133419757763));
#7284 = CARTESIAN_POINT('',(39.12424423059,20.176345686251));
#7285 = CARTESIAN_POINT('',(39.096146492842,20.220939025762));
#7286 = CARTESIAN_POINT('',(39.070733448065,20.267009025517));
#7287 = CARTESIAN_POINT('',(39.014303376991,20.385010370967));
#7288 = CARTESIAN_POINT('',(38.986681700909,20.458517095644));
#7289 = CARTESIAN_POINT('',(38.965518293338,20.534206455239));
#7290 = CARTESIAN_POINT('',(38.951001858945,20.611384984869));
#7291 = CARTESIAN_POINT('',(38.94322718446,20.68934711405));
#7292 = CARTESIAN_POINT('',(38.942196961793,20.767385272719));
#7293 = CARTESIAN_POINT('',(38.947816122447,20.844798471936));
#7294 = ( GEOMETRIC_REPRESENTATION_CONTEXT(2) 
PARAMETRIC_REPRESENTATION_CONTEXT() REPRESENTATION_CONTEXT('2D SPACE',''
  ) );
#7295 = ORIENTED_EDGE('',*,*,#7005,.T.);
#7296 = ORIENTED_EDGE('',*,*,#3006,.F.);
#7297 = ORIENTED_EDGE('',*,*,#7298,.F.);
#7298 = EDGE_CURVE('',#3509,#2967,#7299,.T.);
#7299 = SURFACE_CURVE('',#7300,(#7305,#7312),.PCURVE_S1.);
#7300 = CIRCLE('',#7301,0.85);
#7301 = AXIS2_PLACEMENT_3D('',#7302,#7303,#7304);
#7302 = CARTESIAN_POINT('',(-7.393132428853,-17.84860057815,
    16.047918819083));
#7303 = DIRECTION('',(-5.325923996829E-02,-0.128579179453,
    -0.990268068742));
#7304 = DIRECTION('',(0.744343247765,-0.666178701968,4.646575676742E-02)
  );
#7305 = PCURVE('',#3050,#7306);
#7306 = DEFINITIONAL_REPRESENTATION('',(#7307),#7311);
#7307 = LINE('',#7308,#7309);
#7308 = CARTESIAN_POINT('',(7.513575190501,0.));
#7309 = VECTOR('',#7310,1.);
#7310 = DIRECTION('',(-1.,-0.));
#7311 = ( GEOMETRIC_REPRESENTATION_CONTEXT(2) 
PARAMETRIC_REPRESENTATION_CONTEXT() REPRESENTATION_CONTEXT('2D SPACE',''
  ) );
#7312 = PCURVE('',#2990,#7313);
#7313 = DEFINITIONAL_REPRESENTATION('',(#7314),#7318);
#7314 = LINE('',#7315,#7316);
#7315 = CARTESIAN_POINT('',(-7.513575190501,3.864326901403));
#7316 = VECTOR('',#7317,1.);
#7317 = DIRECTION('',(1.,-0.));
#7318 = ( GEOMETRIC_REPRESENTATION_CONTEXT(2) 
PARAMETRIC_REPRESENTATION_CONTEXT() REPRESENTATION_CONTEXT('2D SPACE',''
  ) );
#7319 = ORIENTED_EDGE('',*,*,#3508,.T.);
#7320 = ORIENTED_EDGE('',*,*,#7321,.T.);
#7321 = EDGE_CURVE('',#3480,#7138,#7322,.T.);
#7322 = SURFACE_CURVE('',#7323,(#7353,#7386),.PCURVE_S1.);
#7323 = B_SPLINE_CURVE_WITH_KNOTS('',4,(#7324,#7325,#7326,#7327,#7328,
    #7329,#7330,#7331,#7332,#7333,#7334,#7335,#7336,#7337,#7338,#7339,
    #7340,#7341,#7342,#7343,#7344,#7345,#7346,#7347,#7348,#7349,#7350,
    #7351,#7352),.UNSPECIFIED.,.F.,.F.,(5,3,3,3,3,3,3,3,3,5),(0.,
    1.950830302778E-02,0.142776981814,0.265426505188,0.387962486633,
    0.510372057754,0.633067147195,0.755279537676,0.877445604497,1.),
  .UNSPECIFIED.);
#7324 = CARTESIAN_POINT('',(-6.478905473151,-18.42473645215,
    16.698710585336));
#7325 = CARTESIAN_POINT('',(-6.478673267177,-18.42445873474,
    16.701122846099));
#7326 = CARTESIAN_POINT('',(-6.478434807198,-18.42415948362,
    16.703531977992));
#7327 = CARTESIAN_POINT('',(-6.478190121226,-18.42383873387,
    16.705937674466));
#7328 = CARTESIAN_POINT('',(-6.476353968925,-18.42133421013,
    16.723517052069));
#7329 = CARTESIAN_POINT('',(-6.474521297057,-18.41831523989,
    16.738545112162));
#7330 = CARTESIAN_POINT('',(-6.472448701757,-18.41445055188,
    16.753346457106));
#7331 = CARTESIAN_POINT('',(-6.467855072956,-18.40510068084,
    16.782274099563));
#7332 = CARTESIAN_POINT('',(-6.46533634347,-18.39962372391,
    16.796403477298));
#7333 = CARTESIAN_POINT('',(-6.462599687389,-18.39335633541,
    16.810161527209));
#7334 = CARTESIAN_POINT('',(-6.45671754307,-18.37931831893,
    16.836785606769));
#7335 = CARTESIAN_POINT('',(-6.453572434877,-18.37154906644,
    16.849652522342));
#7336 = CARTESIAN_POINT('',(-6.450234048126,-18.3630618211,
    16.86201211789));
#7337 = CARTESIAN_POINT('',(-6.443203310298,-18.34475492264,
    16.885581534198));
#7338 = CARTESIAN_POINT('',(-6.439511324793,-18.33493661126,
    16.896792606888));
#7339 = CARTESIAN_POINT('',(-6.435655356379,-18.32449569662,
    16.907374807763));
#7340 = CARTESIAN_POINT('',(-6.427639612181,-18.30245770708,
    16.927200152741));
#7341 = CARTESIAN_POINT('',(-6.423479141574,-18.2908579228,
    16.936440193089));
#7342 = CARTESIAN_POINT('',(-6.419187620188,-18.27874802068,
    16.944943488345));
#7343 = CARTESIAN_POINT('',(-6.410397913706,-18.25369020631,
    16.960363825747));
#7344 = CARTESIAN_POINT('',(-6.405900597045,-18.24074568541,
    16.967287036921));
#7345 = CARTESIAN_POINT('',(-6.401310999151,-18.22742654721,
    16.9733978246));
#7346 = CARTESIAN_POINT('',(-6.39199051869,-18.20018745513,
    16.983936934723));
#7347 = CARTESIAN_POINT('',(-6.387259676759,-18.18626762764,
    16.988365927784));
#7348 = CARTESIAN_POINT('',(-6.382478088717,-18.17211649587,
    16.99192763031));
#7349 = CARTESIAN_POINT('',(-6.372842842799,-18.14345556293,
    16.997296958767));
#7350 = CARTESIAN_POINT('',(-6.367988988451,-18.12894466539,
    16.999098982266));
#7351 = CARTESIAN_POINT('',(-6.363129124514,-18.11435148032,17.));
#7352 = CARTESIAN_POINT('',(-6.358287119599,-18.09975197061,17.));
#7353 = PCURVE('',#3050,#7354);
#7354 = DEFINITIONAL_REPRESENTATION('',(#7355),#7385);
#7355 = B_SPLINE_CURVE_WITH_KNOTS('',4,(#7356,#7357,#7358,#7359,#7360,
    #7361,#7362,#7363,#7364,#7365,#7366,#7367,#7368,#7369,#7370,#7371,
    #7372,#7373,#7374,#7375,#7376,#7377,#7378,#7379,#7380,#7381,#7382,
    #7383,#7384),.UNSPECIFIED.,.F.,.F.,(5,3,3,3,3,3,3,3,3,5),(0.,
    1.950830302778E-02,0.142776981814,0.265426505188,0.387962486633,
    0.510372057754,0.633067147195,0.755279537676,0.877445604497,1.),
  .UNSPECIFIED.);
#7356 = CARTESIAN_POINT('',(7.604642823944,0.680353995005));
#7357 = CARTESIAN_POINT('',(7.604672731464,0.682793045646));
#7358 = CARTESIAN_POINT('',(7.604721902422,0.685231763739));
#7359 = CARTESIAN_POINT('',(7.604790375561,0.687669877439));
#7360 = CARTESIAN_POINT('',(7.605432370363,0.705507488922));
#7361 = CARTESIAN_POINT('',(7.606755496151,0.720872899798));
#7362 = CARTESIAN_POINT('',(7.608843976836,0.736135005059));
#7363 = CARTESIAN_POINT('',(7.614523889627,0.766240195752));
#7364 = CARTESIAN_POINT('',(7.618107655922,0.781084990096));
#7365 = CARTESIAN_POINT('',(7.622435870868,0.795692532662));
#7366 = CARTESIAN_POINT('',(7.632553273441,0.824284571224));
#7367 = CARTESIAN_POINT('',(7.638340998408,0.83826965669));
#7368 = CARTESIAN_POINT('',(7.644848574481,0.851882854065));
#7369 = CARTESIAN_POINT('',(7.659256273996,0.878217496327));
#7370 = CARTESIAN_POINT('',(7.667154831297,0.890939920068));
#7371 = CARTESIAN_POINT('',(7.675732010367,0.903157124655));
#7372 = CARTESIAN_POINT('',(7.694201269014,0.926478930848));
#7373 = CARTESIAN_POINT('',(7.70409626858,0.937580993266));
#7374 = CARTESIAN_POINT('',(7.714608619033,0.948045393777));
#7375 = CARTESIAN_POINT('',(7.736728908065,0.967541940257));
#7376 = CARTESIAN_POINT('',(7.748332342402,0.976579710155));
#7377 = CARTESIAN_POINT('',(7.760453456437,0.984867583555));
#7378 = CARTESIAN_POINT('',(7.785598477963,0.999843986095));
#7379 = CARTESIAN_POINT('',(7.798622112297,1.006533269081));
#7380 = CARTESIAN_POINT('',(7.812035165724,1.012376781966));
#7381 = CARTESIAN_POINT('',(7.839526219756,1.022320638198));
#7382 = CARTESIAN_POINT('',(7.853606377666,1.026415497745));
#7383 = CARTESIAN_POINT('',(7.867919610568,1.0295914695));
#7384 = CARTESIAN_POINT('',(7.882376400521,1.031832762938));
#7385 = ( GEOMETRIC_REPRESENTATION_CONTEXT(2) 
PARAMETRIC_REPRESENTATION_CONTEXT() REPRESENTATION_CONTEXT('2D SPACE',''
  ) );
#7386 = PCURVE('',#3496,#7387);
#7387 = DEFINITIONAL_REPRESENTATION('',(#7388),#7418);
#7388 = B_SPLINE_CURVE_WITH_KNOTS('',4,(#7389,#7390,#7391,#7392,#7393,
    #7394,#7395,#7396,#7397,#7398,#7399,#7400,#7401,#7402,#7403,#7404,
    #7405,#7406,#7407,#7408,#7409,#7410,#7411,#7412,#7413,#7414,#7415,
    #7416,#7417),.UNSPECIFIED.,.F.,.F.,(5,3,3,3,3,3,3,3,3,5),(0.,
    1.950830302778E-02,0.142776981814,0.265426505188,0.387962486633,
    0.510372057754,0.633067147195,0.755279537676,0.877445604497,1.),
  .UNSPECIFIED.);
#7389 = CARTESIAN_POINT('',(4.374252379787,0.13962634016));
#7390 = CARTESIAN_POINT('',(4.374258878798,0.146586247104));
#7391 = CARTESIAN_POINT('',(4.374265314441,0.153546203675));
#7392 = CARTESIAN_POINT('',(4.374271685995,0.16050622481));
#7393 = CARTESIAN_POINT('',(4.374317844109,0.211445647415));
#7394 = CARTESIAN_POINT('',(4.374355110109,0.255428028669));
#7395 = CARTESIAN_POINT('',(4.374389624175,0.29941690521));
#7396 = CARTESIAN_POINT('',(4.374452842965,0.387192508352));
#7397 = CARTESIAN_POINT('',(4.374481575851,0.430979117367));
#7398 = CARTESIAN_POINT('',(4.374507440014,0.474777868834));
#7399 = CARTESIAN_POINT('',(4.374553440568,0.562362393495));
#7400 = CARTESIAN_POINT('',(4.374573581948,0.606148135782));
#7401 = CARTESIAN_POINT('',(4.374590890906,0.649949200602));
#7402 = CARTESIAN_POINT('',(4.374620017064,0.737536831802));
#7403 = CARTESIAN_POINT('',(4.374631839408,0.781323386164));
#7404 = CARTESIAN_POINT('',(4.374641022835,0.825125204679));
#7405 = CARTESIAN_POINT('',(4.374654441717,0.91285864147));
#7406 = CARTESIAN_POINT('',(4.374658664812,0.956790370593));
#7407 = CARTESIAN_POINT('',(4.374660552574,1.000734432271));
#7408 = CARTESIAN_POINT('',(4.374660056362,1.088469642186));
#7409 = CARTESIAN_POINT('',(4.37465768817,1.132260773669));
#7410 = CARTESIAN_POINT('',(4.374653396419,1.176059527585));
#7411 = CARTESIAN_POINT('',(4.374641381368,1.263651277164));
#7412 = CARTESIAN_POINT('',(4.374633658295,1.307444327048));
#7413 = CARTESIAN_POINT('',(4.374624424885,1.351240653977));
#7414 = CARTESIAN_POINT('',(4.374603271067,1.438976388438));
#7415 = CARTESIAN_POINT('',(4.374591341281,1.482915846448));
#7416 = CARTESIAN_POINT('',(4.37457826014,1.526855964666));
#7417 = CARTESIAN_POINT('',(4.374564161281,1.570796326795));
#7418 = ( GEOMETRIC_REPRESENTATION_CONTEXT(2) 
PARAMETRIC_REPRESENTATION_CONTEXT() REPRESENTATION_CONTEXT('2D SPACE',''
  ) );
#7419 = ADVANCED_FACE('',(#7420),#2990,.F.);
#7420 = FACE_BOUND('',#7421,.T.);
#7421 = EDGE_LOOP('',(#7422,#7423,#7424,#7446));
#7422 = ORIENTED_EDGE('',*,*,#7298,.T.);
#7423 = ORIENTED_EDGE('',*,*,#2966,.F.);
#7424 = ORIENTED_EDGE('',*,*,#7425,.F.);
#7425 = EDGE_CURVE('',#3302,#2933,#7426,.T.);
#7426 = SURFACE_CURVE('',#7427,(#7432,#7439),.PCURVE_S1.);
#7427 = CIRCLE('',#7428,0.8);
#7428 = AXIS2_PLACEMENT_3D('',#7429,#7430,#7431);
#7429 = CARTESIAN_POINT('',(-7.400177964051,-17.86561000478,
    15.916918667024));
#7430 = DIRECTION('',(-5.325923996829E-02,-0.128579179453,
    -0.990268068742));
#7431 = DIRECTION('',(0.727420874155,-0.68438644141,4.974003073069E-02)
  );
#7432 = PCURVE('',#2990,#7433);
#7433 = DEFINITIONAL_REPRESENTATION('',(#7434),#7438);
#7434 = LINE('',#7435,#7436);
#7435 = CARTESIAN_POINT('',(-7.488502450202,3.14159265359));
#7436 = VECTOR('',#7437,1.);
#7437 = DIRECTION('',(1.,-0.));
#7438 = ( GEOMETRIC_REPRESENTATION_CONTEXT(2) 
PARAMETRIC_REPRESENTATION_CONTEXT() REPRESENTATION_CONTEXT('2D SPACE',''
  ) );
#7439 = PCURVE('',#2952,#7440);
#7440 = DEFINITIONAL_REPRESENTATION('',(#7441),#7445);
#7441 = LINE('',#7442,#7443);
#7442 = CARTESIAN_POINT('',(7.488502450202,3.058017564517));
#7443 = VECTOR('',#7444,1.);
#7444 = DIRECTION('',(-1.,-0.));
#7445 = ( GEOMETRIC_REPRESENTATION_CONTEXT(2) 
PARAMETRIC_REPRESENTATION_CONTEXT() REPRESENTATION_CONTEXT('2D SPACE',''
  ) );
#7446 = ORIENTED_EDGE('',*,*,#3573,.T.);
#7447 = ADVANCED_FACE('',(#7448),#2952,.T.);
#7448 = FACE_BOUND('',#7449,.T.);
#7449 = EDGE_LOOP('',(#7450,#7451,#7452,#7453,#7454));
#7450 = ORIENTED_EDGE('',*,*,#7425,.T.);
#7451 = ORIENTED_EDGE('',*,*,#2932,.F.);
#7452 = ORIENTED_EDGE('',*,*,#3239,.T.);
#7453 = ORIENTED_EDGE('',*,*,#3269,.T.);
#7454 = ORIENTED_EDGE('',*,*,#3301,.F.);
#7455 = ADVANCED_FACE('',(#7456),#3496,.T.);
#7456 = FACE_BOUND('',#7457,.T.);
#7457 = EDGE_LOOP('',(#7458,#7559,#7585,#7586));
#7458 = ORIENTED_EDGE('',*,*,#7459,.F.);
#7459 = EDGE_CURVE('',#7460,#3406,#7462,.T.);
#7460 = VERTEX_POINT('',#7461);
#7461 = CARTESIAN_POINT('',(6.358287119495,-18.09975197064,17.));
#7462 = SURFACE_CURVE('',#7463,(#7493,#7526),.PCURVE_S1.);
#7463 = B_SPLINE_CURVE_WITH_KNOTS('',4,(#7464,#7465,#7466,#7467,#7468,
    #7469,#7470,#7471,#7472,#7473,#7474,#7475,#7476,#7477,#7478,#7479,
    #7480,#7481,#7482,#7483,#7484,#7485,#7486,#7487,#7488,#7489,#7490,
    #7491,#7492),.UNSPECIFIED.,.F.,.F.,(5,3,3,3,3,3,3,3,3,5),(0.,
    0.122606254938,0.244772334792,0.366984752945,0.489280054187,
    0.612089509666,0.734625544279,0.857275109932,0.980142689562,1.),
  .UNSPECIFIED.);
#7464 = CARTESIAN_POINT('',(6.358287119599,-18.09975197061,17.));
#7465 = CARTESIAN_POINT('',(6.363131173628,-18.11435765877,17.));
#7466 = CARTESIAN_POINT('',(6.367993101438,-18.12895701587,
    16.999098219584));
#7467 = CARTESIAN_POINT('',(6.372849005018,-18.1434739852,
    16.997294670495));
#7468 = CARTESIAN_POINT('',(6.382486220767,-18.17214059341,
    16.991921955147));
#7469 = CARTESIAN_POINT('',(6.38726775417,-18.18629146389,
    16.988359141645));
#7470 = CARTESIAN_POINT('',(6.391998523118,-18.2002109676,
    16.983929055211));
#7471 = CARTESIAN_POINT('',(6.401318822939,-18.22744929243,
    16.97338780396));
#7472 = CARTESIAN_POINT('',(6.405908313146,-18.24076798703,
    16.96727596833));
#7473 = CARTESIAN_POINT('',(6.410405505233,-18.25371200552,
    16.960351738076));
#7474 = CARTESIAN_POINT('',(6.419180581061,-18.27872779588,
    16.944954603978));
#7475 = CARTESIAN_POINT('',(6.423458325014,-18.29079906291,
    16.936480593148));
#7476 = CARTESIAN_POINT('',(6.427605917463,-18.30236369455,
    16.927274535989));
#7477 = CARTESIAN_POINT('',(6.435624177583,-18.32441134013,
    16.907460812343));
#7478 = CARTESIAN_POINT('',(6.439493614843,-18.33488967176,
    16.896847338702));
#7479 = CARTESIAN_POINT('',(6.443198030267,-18.34474143612,
    16.88560072381));
#7480 = CARTESIAN_POINT('',(6.450239791834,-18.36307651509,
    16.861991374674));
#7481 = CARTESIAN_POINT('',(6.453577940033,-18.37156286977,
    16.849631101525));
#7482 = CARTESIAN_POINT('',(6.456722798211,-18.37933119582,
    16.836763563324));
#7483 = CARTESIAN_POINT('',(6.462604421059,-18.39336729643,
    16.810138354176));
#7484 = CARTESIAN_POINT('',(6.4653408057,-18.39963369556,16.796379797494
    ));
#7485 = CARTESIAN_POINT('',(6.467859254291,-18.40510963753,
    16.782249973199));
#7486 = CARTESIAN_POINT('',(6.472444810758,-18.41444218458,
    16.753368747453));
#7487 = CARTESIAN_POINT('',(6.474511109094,-18.41829590478,
    16.738616222819));
#7488 = CARTESIAN_POINT('',(6.476339067596,-18.4213094641,
    16.723638278612));
#7489 = CARTESIAN_POINT('',(6.478176982821,-18.42382149841,
    16.706066786183));
#7490 = CARTESIAN_POINT('',(6.478426273005,-18.42414876941,
    16.703618176668));
#7491 = CARTESIAN_POINT('',(6.478669112972,-18.42445376633,
    16.701166001863));
#7492 = CARTESIAN_POINT('',(6.478905473151,-18.42473645215,
    16.698710585336));
#7493 = PCURVE('',#3496,#7494);
#7494 = DEFINITIONAL_REPRESENTATION('',(#7495),#7525);
#7495 = B_SPLINE_CURVE_WITH_KNOTS('',4,(#7496,#7497,#7498,#7499,#7500,
    #7501,#7502,#7503,#7504,#7505,#7506,#7507,#7508,#7509,#7510,#7511,
    #7512,#7513,#7514,#7515,#7516,#7517,#7518,#7519,#7520,#7521,#7522,
    #7523,#7524),.UNSPECIFIED.,.F.,.F.,(5,3,3,3,3,3,3,3,3,5),(0.,
    0.122606254938,0.244772334792,0.366984752945,0.489280054187,
    0.612089509666,0.734625544279,0.857275109932,0.980142689562,1.),
  .UNSPECIFIED.);
#7496 = CARTESIAN_POINT('',(5.050213799488,1.570796326795));
#7497 = CARTESIAN_POINT('',(5.050199694663,1.526837369303));
#7498 = CARTESIAN_POINT('',(5.050186608417,1.482878659285));
#7499 = CARTESIAN_POINT('',(5.050174674558,1.438920604909));
#7500 = CARTESIAN_POINT('',(5.050153519643,1.351166278688));
#7501 = CARTESIAN_POINT('',(5.050144288076,1.307369950813));
#7502 = CARTESIAN_POINT('',(5.050136567016,1.263576901526));
#7503 = CARTESIAN_POINT('',(5.050124556336,1.175985151503));
#7504 = CARTESIAN_POINT('',(5.050120266945,1.132186396545));
#7505 = CARTESIAN_POINT('',(5.050117901288,1.088395266056));
#7506 = CARTESIAN_POINT('',(5.05011741129,1.000803291245));
#7507 = CARTESIAN_POINT('',(5.050119288835,0.957002398703));
#7508 = CARTESIAN_POINT('',(5.050123486015,0.913213752464));
#7509 = CARTESIAN_POINT('',(5.050136862536,0.82548004571));
#7510 = CARTESIAN_POINT('',(5.050146061977,0.78153505552));
#7511 = CARTESIAN_POINT('',(5.050157917396,0.737605429499));
#7512 = CARTESIAN_POINT('',(5.05018709809,0.649874828024));
#7513 = CARTESIAN_POINT('',(5.050204410622,0.606073763883));
#7514 = CARTESIAN_POINT('',(5.050224555627,0.562288021593));
#7515 = CARTESIAN_POINT('',(5.050270563461,0.474703498167));
#7516 = CARTESIAN_POINT('',(5.050296431279,0.430904747945));
#7517 = CARTESIAN_POINT('',(5.050325167799,0.387118138208));
#7518 = CARTESIAN_POINT('',(5.050388290622,0.299485708344));
#7519 = CARTESIAN_POINT('',(5.05042268673,0.255639944374));
#7520 = CARTESIAN_POINT('',(5.050459817028,0.211800640598));
#7521 = CARTESIAN_POINT('',(5.050505932871,0.160879772931));
#7522 = CARTESIAN_POINT('',(5.050512416079,0.153795233647));
#7523 = CARTESIAN_POINT('',(5.050518965703,0.146710761048));
#7524 = CARTESIAN_POINT('',(5.050525580982,0.13962634016));
#7525 = ( GEOMETRIC_REPRESENTATION_CONTEXT(2) 
PARAMETRIC_REPRESENTATION_CONTEXT() REPRESENTATION_CONTEXT('2D SPACE',''
  ) );
#7526 = PCURVE('',#3449,#7527);
#7527 = DEFINITIONAL_REPRESENTATION('',(#7528),#7558);
#7528 = B_SPLINE_CURVE_WITH_KNOTS('',4,(#7529,#7530,#7531,#7532,#7533,
    #7534,#7535,#7536,#7537,#7538,#7539,#7540,#7541,#7542,#7543,#7544,
    #7545,#7546,#7547,#7548,#7549,#7550,#7551,#7552,#7553,#7554,#7555,
    #7556,#7557),.UNSPECIFIED.,.F.,.F.,(5,3,3,3,3,3,3,3,3,5),(0.,
    0.122606254938,0.244772334792,0.366984752945,0.489280054187,
    0.612089509666,0.734625544279,0.857275109932,0.980142689562,1.),
  .UNSPECIFIED.);
#7529 = CARTESIAN_POINT('',(4.683994212847,1.031832756476));
#7530 = CARTESIAN_POINT('',(4.698457120848,1.029590514533));
#7531 = CARTESIAN_POINT('',(4.71277635155,1.026412817748));
#7532 = CARTESIAN_POINT('',(4.72686226986,1.022315439096));
#7533 = CARTESIAN_POINT('',(4.754358358005,1.012367231168));
#7534 = CARTESIAN_POINT('',(4.767770950455,1.006522625907));
#7535 = CARTESIAN_POINT('',(4.780794062648,0.999832285681));
#7536 = CARTESIAN_POINT('',(4.805937932729,0.984853848346));
#7537 = CARTESIAN_POINT('',(4.818058417261,0.976564997224));
#7538 = CARTESIAN_POINT('',(4.829661174591,0.967526295254));
#7539 = CARTESIAN_POINT('',(4.851743916341,0.948059810656));
#7540 = CARTESIAN_POINT('',(4.862223102971,0.937630939359));
#7541 = CARTESIAN_POINT('',(4.872089075263,0.926568414006));
#7542 = CARTESIAN_POINT('',(4.890569378749,0.903256329969));
#7543 = CARTESIAN_POINT('',(4.899178172694,0.891001853874));
#7544 = CARTESIAN_POINT('',(4.907103945468,0.878238686894));
#7545 = CARTESIAN_POINT('',(4.921533385185,0.851859927488));
#7546 = CARTESIAN_POINT('',(4.928040055542,0.838246222073));
#7547 = CARTESIAN_POINT('',(4.933826861324,0.824260685632));
#7548 = CARTESIAN_POINT('',(4.943942402771,0.795667860088));
#7549 = CARTESIAN_POINT('',(4.948269675901,0.781059981694));
#7550 = CARTESIAN_POINT('',(4.951852492518,0.766214908685));
#7551 = CARTESIAN_POINT('',(4.957521226652,0.736158381992));
#7552 = CARTESIAN_POINT('',(4.959604407942,0.720946334573));
#7553 = CARTESIAN_POINT('',(4.960927224057,0.705631489554));
#7554 = CARTESIAN_POINT('',(4.961576545902,0.687800731735));
#7555 = CARTESIAN_POINT('',(4.961646940806,0.685319021813));
#7556 = CARTESIAN_POINT('',(4.961697351754,0.682836680757));
#7557 = CARTESIAN_POINT('',(4.961727794325,0.680353995076));
#7558 = ( GEOMETRIC_REPRESENTATION_CONTEXT(2) 
PARAMETRIC_REPRESENTATION_CONTEXT() REPRESENTATION_CONTEXT('2D SPACE',''
  ) );
#7559 = ORIENTED_EDGE('',*,*,#7560,.T.);
#7560 = EDGE_CURVE('',#7460,#7138,#7561,.T.);
#7561 = SURFACE_CURVE('',#7562,(#7567,#7574),.PCURVE_S1.);
#7562 = CIRCLE('',#7563,19.184077681581);
#7563 = AXIS2_PLACEMENT_3D('',#7564,#7565,#7566);
#7564 = CARTESIAN_POINT('',(0.,0.,17.));
#7565 = DIRECTION('',(0.,0.,-1.));
#7566 = DIRECTION('',(0.943477829431,0.331435642882,0.));
#7567 = PCURVE('',#3496,#7568);
#7568 = DEFINITIONAL_REPRESENTATION('',(#7569),#7573);
#7569 = LINE('',#7570,#7571);
#7570 = CARTESIAN_POINT('',(6.621010126278,1.570796326795));
#7571 = VECTOR('',#7572,1.);
#7572 = DIRECTION('',(-1.,-0.));
#7573 = ( GEOMETRIC_REPRESENTATION_CONTEXT(2) 
PARAMETRIC_REPRESENTATION_CONTEXT() REPRESENTATION_CONTEXT('2D SPACE',''
  ) );
#7574 = PCURVE('',#4484,#7575);
#7575 = DEFINITIONAL_REPRESENTATION('',(#7576),#7584);
#7576 = ( BOUNDED_CURVE() B_SPLINE_CURVE(2,(#7577,#7578,#7579,#7580,
#7581,#7582,#7583),.UNSPECIFIED.,.T.,.F.) B_SPLINE_CURVE_WITH_KNOTS((1,2
    ,2,2,2,1),(-2.094395102393,0.,2.094395102393,4.188790204786,
6.28318530718,8.377580409573),.UNSPECIFIED.) CURVE() 
GEOMETRIC_REPRESENTATION_ITEM() RATIONAL_B_SPLINE_CURVE((1.,0.5,1.,0.5,
1.,0.5,1.)) REPRESENTATION_ITEM('') );
#7577 = CARTESIAN_POINT('',(54.288779250362,52.800766540616));
#7578 = CARTESIAN_POINT('',(76.460357274536,28.051874900854));
#7579 = CARTESIAN_POINT('',(43.941399386907,21.225170909811));
#7580 = CARTESIAN_POINT('',(11.422441499277,14.398466918768));
#7581 = CARTESIAN_POINT('',(21.769821362732,45.974062549573));
#7582 = CARTESIAN_POINT('',(32.117201226187,77.549658180378));
#7583 = CARTESIAN_POINT('',(54.288779250362,52.800766540616));
#7584 = ( GEOMETRIC_REPRESENTATION_CONTEXT(2) 
PARAMETRIC_REPRESENTATION_CONTEXT() REPRESENTATION_CONTEXT('2D SPACE',''
  ) );
#7585 = ORIENTED_EDGE('',*,*,#7321,.F.);
#7586 = ORIENTED_EDGE('',*,*,#3479,.F.);
#7587 = ADVANCED_FACE('',(#7588),#3449,.T.);
#7588 = FACE_BOUND('',#7589,.T.);
#7589 = EDGE_LOOP('',(#7590,#7749,#7750,#7751,#7773,#7774));
#7590 = ORIENTED_EDGE('',*,*,#7591,.T.);
#7591 = EDGE_CURVE('',#7592,#7460,#7594,.T.);
#7592 = VERTEX_POINT('',#7593);
#7593 = CARTESIAN_POINT('',(8.302469417315,-17.29444529516,17.));
#7594 = SURFACE_CURVE('',#7595,(#7634,#7707),.PCURVE_S1.);
#7595 = B_SPLINE_CURVE_WITH_KNOTS('',7,(#7596,#7597,#7598,#7599,#7600,
    #7601,#7602,#7603,#7604,#7605,#7606,#7607,#7608,#7609,#7610,#7611,
    #7612,#7613,#7614,#7615,#7616,#7617,#7618,#7619,#7620,#7621,#7622,
    #7623,#7624,#7625,#7626,#7627,#7628,#7629,#7630,#7631,#7632,#7633),
  .UNSPECIFIED.,.F.,.F.,(8,6,6,6,6,6,8),(0.741795890122,0.823668423302,
    0.878544277659,1.,1.121448595208,1.176320530943,1.258204133755),
  .UNSPECIFIED.);
#7596 = CARTESIAN_POINT('',(8.302469417315,-17.29444529516,17.));
#7597 = CARTESIAN_POINT('',(8.337280892179,-17.3638060383,17.));
#7598 = CARTESIAN_POINT('',(8.366189890405,-17.4362879274,17.));
#7599 = CARTESIAN_POINT('',(8.388840473357,-17.51127996809,17.));
#7600 = CARTESIAN_POINT('',(8.404964449632,-17.58812769548,17.));
#7601 = CARTESIAN_POINT('',(8.41437942927,-17.66614326239,17.));
#7602 = CARTESIAN_POINT('',(8.416994373963,-17.74461407186,17.));
#7603 = CARTESIAN_POINT('',(8.410026500502,-17.87522149746,17.));
#7604 = CARTESIAN_POINT('',(8.404181182746,-17.92751387207,17.));
#7605 = CARTESIAN_POINT('',(8.395289984254,-17.97946953216,17.));
#7606 = CARTESIAN_POINT('',(8.383375834456,-18.03087246139,17.));
#7607 = CARTESIAN_POINT('',(8.368481184346,-18.08150941983,17.));
#7608 = CARTESIAN_POINT('',(8.350667892914,-18.13117119118,17.));
#7609 = CARTESIAN_POINT('',(8.284311122281,-18.28695956564,17.));
#7610 = CARTESIAN_POINT('',(8.224682658155,-18.38854308483,17.));
#7611 = CARTESIAN_POINT('',(8.152020499926,-18.48211097109,17.));
#7612 = CARTESIAN_POINT('',(8.06767974407,-18.56567066848,17.));
#7613 = CARTESIAN_POINT('',(7.973329615455,-18.63753522536,17.));
#7614 = CARTESIAN_POINT('',(7.870946112779,-18.69632239836,17.));
#7615 = CARTESIAN_POINT('',(7.654703325285,-18.78589309371,17.));
#7616 = CARTESIAN_POINT('',(7.540745497445,-18.81671935611,17.));
#7617 = CARTESIAN_POINT('',(7.423221298517,-18.83261987861,17.));
#7618 = CARTESIAN_POINT('',(7.304504936248,-18.83317484463,17.));
#7619 = CARTESIAN_POINT('',(7.186969166937,-18.81839673827,17.));
#7620 = CARTESIAN_POINT('',(7.072980726739,-18.78873614235,17.));
#7621 = CARTESIAN_POINT('',(6.915907299629,-18.72550953768,17.));
#7622 = CARTESIAN_POINT('',(6.868197506974,-18.70299323523,17.));
#7623 = CARTESIAN_POINT('',(6.821861607156,-18.67772390236,17.));
#7624 = CARTESIAN_POINT('',(6.777091243968,-18.6498057038,17.));
#7625 = CARTESIAN_POINT('',(6.734067186927,-18.61935936886,17.));
#7626 = CARTESIAN_POINT('',(6.692958369364,-18.58652139023,17.));
#7627 = CARTESIAN_POINT('',(6.59566662178,-18.49909721564,17.));
#7628 = CARTESIAN_POINT('',(6.542017714894,-18.44175621502,17.));
#7629 = CARTESIAN_POINT('',(6.493500211877,-18.37992725031,17.));
#7630 = CARTESIAN_POINT('',(6.450553830632,-18.31417878538,17.));
#7631 = CARTESIAN_POINT('',(6.413536152814,-18.24512640904,17.));
#7632 = CARTESIAN_POINT('',(6.382720440763,-18.17342280063,17.));
#7633 = CARTESIAN_POINT('',(6.358287119495,-18.09975197064,17.));
#7634 = PCURVE('',#3449,#7635);
#7635 = DEFINITIONAL_REPRESENTATION('',(#7636),#7706);
#7636 = B_SPLINE_CURVE_WITH_KNOTS('',3,(#7637,#7638,#7639,#7640,#7641,
    #7642,#7643,#7644,#7645,#7646,#7647,#7648,#7649,#7650,#7651,#7652,
    #7653,#7654,#7655,#7656,#7657,#7658,#7659,#7660,#7661,#7662,#7663,
    #7664,#7665,#7666,#7667,#7668,#7669,#7670,#7671,#7672,#7673,#7674,
    #7675,#7676,#7677,#7678,#7679,#7680,#7681,#7682,#7683,#7684,#7685,
    #7686,#7687,#7688,#7689,#7690,#7691,#7692,#7693,#7694,#7695,#7696,
    #7697,#7698,#7699,#7700,#7701,#7702,#7703,#7704,#7705),
  .UNSPECIFIED.,.F.,.F.,(4,1,1,1,1,1,1,1,1,1,1,1,1,1,1,1,1,1,1,1,1,1,1,1
    ,1,1,1,1,1,1,1,1,1,1,1,1,1,1,1,1,1,1,1,1,1,1,1,1,1,1,1,1,1,1,1,1,1,1
    ,1,1,1,1,1,1,1,1,4),(0.741795890122,0.74962025745,0.757444624778,
    0.765268992106,0.773093359433,0.780917726761,0.788742094089,
    0.796566461417,0.804390828744,0.812215196072,0.8200395634,
    0.827863930728,0.835688298055,0.843512665383,0.851337032711,
    0.859161400039,0.866985767367,0.874810134694,0.882634502022,
    0.89045886935,0.898283236678,0.906107604005,0.913931971333,
    0.921756338661,0.929580705989,0.937405073316,0.945229440644,
    0.953053807972,0.9608781753,0.968702542627,0.976526909955,
    0.984351277283,0.992175644611,1.000000011938,1.007824379266,
    1.015648746594,1.023473113922,1.03129748125,1.039121848577,
    1.046946215905,1.054770583233,1.062594950561,1.070419317888,
    1.078243685216,1.086068052544,1.093892419872,1.101716787199,
    1.109541154527,1.117365521855,1.125189889183,1.13301425651,
    1.140838623838,1.148662991166,1.156487358494,1.164311725822,
    1.172136093149,1.179960460477,1.187784827805,1.195609195133,
    1.20343356246,1.211257929788,1.219082297116,1.226906664444,
    1.234731031771,1.242555399099,1.250379766427,1.258204133755),
  .QUASI_UNIFORM_KNOTS.);
#7637 = CARTESIAN_POINT('',(7.882376400371,1.0318327639));
#7638 = CARTESIAN_POINT('',(7.866111179149,1.029311100647));
#7639 = CARTESIAN_POINT('',(7.833599900695,1.024262236658));
#7640 = CARTESIAN_POINT('',(7.784886972822,1.016690572896));
#7641 = CARTESIAN_POINT('',(7.736224774471,1.009138842031));
#7642 = CARTESIAN_POINT('',(7.68760919878,1.001625148722));
#7643 = CARTESIAN_POINT('',(7.639035855156,0.994167452767));
#7644 = CARTESIAN_POINT('',(7.590500170013,0.986783538481));
#7645 = CARTESIAN_POINT('',(7.54199760645,0.979491005414));
#7646 = CARTESIAN_POINT('',(7.493523835336,0.972307249751));
#7647 = CARTESIAN_POINT('',(7.445074989818,0.965249456045));
#7648 = CARTESIAN_POINT('',(7.396647683907,0.958334554034));
#7649 = CARTESIAN_POINT('',(7.34823997835,0.95157930635));
#7650 = CARTESIAN_POINT('',(7.299845714699,0.944999475521));
#7651 = CARTESIAN_POINT('',(7.251462334976,0.938610883601));
#7652 = CARTESIAN_POINT('',(7.203086687271,0.932428801319));
#7653 = CARTESIAN_POINT('',(7.154715816594,0.926468004413));
#7654 = CARTESIAN_POINT('',(7.10634705288,0.920742743528));
#7655 = CARTESIAN_POINT('',(7.057978018868,0.9152667207));
#7656 = CARTESIAN_POINT('',(7.00960763409,0.910053161132));
#7657 = CARTESIAN_POINT('',(6.961226030003,0.90511375784));
#7658 = CARTESIAN_POINT('',(6.912836950529,0.900460999335));
#7659 = CARTESIAN_POINT('',(6.864441088319,0.896106267805));
#7660 = CARTESIAN_POINT('',(6.816039010584,0.892060170525));
#7661 = CARTESIAN_POINT('',(6.767630645494,0.888332473036));
#7662 = CARTESIAN_POINT('',(6.719215661895,0.884932133771));
#7663 = CARTESIAN_POINT('',(6.670793587479,0.881867305558));
#7664 = CARTESIAN_POINT('',(6.622363979924,0.879145339522));
#7665 = CARTESIAN_POINT('',(6.573926574989,0.876772781504));
#7666 = CARTESIAN_POINT('',(6.525481428129,0.874755363339));
#7667 = CARTESIAN_POINT('',(6.477029086507,0.873097988139));
#7668 = CARTESIAN_POINT('',(6.428570654872,0.871804709649));
#7669 = CARTESIAN_POINT('',(6.380108292812,0.870878705593));
#7670 = CARTESIAN_POINT('',(6.33164415905,0.870322244779));
#7671 = CARTESIAN_POINT('',(6.28318523297,0.870136648905));
#7672 = CARTESIAN_POINT('',(6.234726308535,0.87032224591));
#7673 = CARTESIAN_POINT('',(6.186262178567,0.870878707791));
#7674 = CARTESIAN_POINT('',(6.137799821495,0.871804712823));
#7675 = CARTESIAN_POINT('',(6.089341395374,0.873097992188));
#7676 = CARTESIAN_POINT('',(6.040889059306,0.874755368168));
#7677 = CARTESIAN_POINT('',(5.992443917709,0.876772787032));
#7678 = CARTESIAN_POINT('',(5.944006517539,0.879145345683));
#7679 = CARTESIAN_POINT('',(5.895576914151,0.881867312305));
#7680 = CARTESIAN_POINT('',(5.847154843306,0.884932141069));
#7681 = CARTESIAN_POINT('',(5.798739862791,0.888332480854));
#7682 = CARTESIAN_POINT('',(5.750331500538,0.892060178824));
#7683 = CARTESIAN_POINT('',(5.701929425746,0.896106276521));
#7684 = CARTESIAN_POINT('',(5.653533567257,0.900461008336));
#7685 = CARTESIAN_POINT('',(5.605144492695,0.905113766943));
#7686 = CARTESIAN_POINT('',(5.556762897313,0.910053169857));
#7687 = CARTESIAN_POINT('',(5.508392521037,0.915266728946));
#7688 = CARTESIAN_POINT('',(5.460023490231,0.920742751784));
#7689 = CARTESIAN_POINT('',(5.41165473151,0.926468012423));
#7690 = CARTESIAN_POINT('',(5.363283865282,0.932428809088));
#7691 = CARTESIAN_POINT('',(5.314908222006,0.938610891071));
#7692 = CARTESIAN_POINT('',(5.266524846414,0.944999482667));
#7693 = CARTESIAN_POINT('',(5.218130587903,0.951579312975));
#7694 = CARTESIAN_POINT('',(5.169722885502,0.95833456039));
#7695 = CARTESIAN_POINT('',(5.121295582234,0.965249462152));
#7696 = CARTESIAN_POINT('',(5.072846741587,0.972307255257));
#7697 = CARTESIAN_POINT('',(5.024372975624,0.979491010238));
#7698 = CARTESIAN_POINT('',(4.975870417175,0.986783542596));
#7699 = CARTESIAN_POINT('',(4.927334736697,0.994167456211));
#7700 = CARTESIAN_POINT('',(4.878761397216,1.001625151553));
#7701 = CARTESIAN_POINT('',(4.830145825283,1.009138844294));
#7702 = CARTESIAN_POINT('',(4.781483630697,1.01669057458));
#7703 = CARTESIAN_POINT('',(4.732770707211,1.024262237661));
#7704 = CARTESIAN_POINT('',(4.700259432777,1.029311101025));
#7705 = CARTESIAN_POINT('',(4.683994213989,1.0318327639));
#7706 = ( GEOMETRIC_REPRESENTATION_CONTEXT(2) 
PARAMETRIC_REPRESENTATION_CONTEXT() REPRESENTATION_CONTEXT('2D SPACE',''
  ) );
#7707 = PCURVE('',#4484,#7708);
#7708 = DEFINITIONAL_REPRESENTATION('',(#7709),#7748);
#7709 = B_SPLINE_CURVE_WITH_KNOTS('',7,(#7710,#7711,#7712,#7713,#7714,
    #7715,#7716,#7717,#7718,#7719,#7720,#7721,#7722,#7723,#7724,#7725,
    #7726,#7727,#7728,#7729,#7730,#7731,#7732,#7733,#7734,#7735,#7736,
    #7737,#7738,#7739,#7740,#7741,#7742,#7743,#7744,#7745,#7746,#7747),
  .UNSPECIFIED.,.F.,.F.,(8,6,6,6,6,6,8),(0.741795890122,0.823668423302,
    0.878544277659,1.,1.121448595208,1.176320530943,1.258204133755),
  .UNSPECIFIED.);
#7710 = CARTESIAN_POINT('',(54.288779250362,27.199233459384));
#7711 = CARTESIAN_POINT('',(54.347484066744,27.148474263121));
#7712 = CARTESIAN_POINT('',(54.401930116612,27.092572723979));
#7713 = CARTESIAN_POINT('',(54.451554738133,27.03195711531));
#7714 = CARTESIAN_POINT('',(54.495859701883,26.967129451438));
#7715 = CARTESIAN_POINT('',(54.534413273792,26.898655422681));
#7716 = CARTESIAN_POINT('',(54.566858646382,26.827158543917));
#7717 = CARTESIAN_POINT('',(54.610402468629,26.703826526877));
#7718 = CARTESIAN_POINT('',(54.625013524592,26.653277766013));
#7719 = CARTESIAN_POINT('',(54.636681698622,26.601874480697));
#7720 = CARTESIAN_POINT('',(54.645345508866,26.549825018734));
#7721 = CARTESIAN_POINT('',(54.650962571545,26.497342633417));
#7722 = CARTESIAN_POINT('',(54.653509973305,26.444644287805));
#7723 = CARTESIAN_POINT('',(54.651821940935,26.275320960491));
#7724 = CARTESIAN_POINT('',(54.635606753166,26.15865120096));
#7725 = CARTESIAN_POINT('',(54.604282552264,26.044399141827));
#7726 = CARTESIAN_POINT('',(54.558338765976,25.934924237728));
#7727 = CARTESIAN_POINT('',(54.498671988553,25.832423813447));
#7728 = CARTESIAN_POINT('',(54.426578843107,25.738931077315));
#7729 = CARTESIAN_POINT('',(54.261073778822,25.57342601303));
#7730 = CARTESIAN_POINT('',(54.167587174015,25.501336487428));
#7731 = CARTESIAN_POINT('',(54.065093838578,25.441671756301));
#7732 = CARTESIAN_POINT('',(53.955626597605,25.395728249565));
#7733 = CARTESIAN_POINT('',(53.841382369532,25.364402447941));
#7734 = CARTESIAN_POINT('',(53.724720164038,25.348183777886));
#7735 = CARTESIAN_POINT('',(53.55540746554,25.346488145626));
#7736 = CARTESIAN_POINT('',(53.502712748699,25.3490327494));
#7737 = CARTESIAN_POINT('',(53.4502338042,25.354646587655));
#7738 = CARTESIAN_POINT('',(53.398187549937,25.363306763637));
#7739 = CARTESIAN_POINT('',(53.346787196275,25.374970915503));
#7740 = CARTESIAN_POINT('',(53.296241050747,25.389577588448));
#7741 = CARTESIAN_POINT('',(53.172899413271,25.433115054085));
#7742 = CARTESIAN_POINT('',(53.101390835324,25.465560683101));
#7743 = CARTESIAN_POINT('',(53.032905586883,25.504116353528));
#7744 = CARTESIAN_POINT('',(52.968067456022,25.548425145994));
#7745 = CARTESIAN_POINT('',(52.907442380753,25.598055171163));
#7746 = CARTESIAN_POINT('',(52.851532592133,25.652508004915));
#7747 = CARTESIAN_POINT('',(52.800766540616,25.711220749638));
#7748 = ( GEOMETRIC_REPRESENTATION_CONTEXT(2) 
PARAMETRIC_REPRESENTATION_CONTEXT() REPRESENTATION_CONTEXT('2D SPACE',''
  ) );
#7749 = ORIENTED_EDGE('',*,*,#7459,.T.);
#7750 = ORIENTED_EDGE('',*,*,#3405,.F.);
#7751 = ORIENTED_EDGE('',*,*,#7752,.F.);
#7752 = EDGE_CURVE('',#3674,#3366,#7753,.T.);
#7753 = SURFACE_CURVE('',#7754,(#7759,#7766),.PCURVE_S1.);
#7754 = CIRCLE('',#7755,0.85);
#7755 = AXIS2_PLACEMENT_3D('',#7756,#7757,#7758);
#7756 = CARTESIAN_POINT('',(7.393132428853,-17.84860057815,
    16.047918819083));
#7757 = DIRECTION('',(5.325923996829E-02,-0.128579179453,-0.990268068742
    ));
#7758 = DIRECTION('',(0.997389635668,5.527068038134E-02,
    4.646575676742E-02));
#7759 = PCURVE('',#3449,#7760);
#7760 = DEFINITIONAL_REPRESENTATION('',(#7761),#7765);
#7761 = LINE('',#7762,#7763);
#7762 = CARTESIAN_POINT('',(7.513575190501,0.));
#7763 = VECTOR('',#7764,1.);
#7764 = DIRECTION('',(-1.,-0.));
#7765 = ( GEOMETRIC_REPRESENTATION_CONTEXT(2) 
PARAMETRIC_REPRESENTATION_CONTEXT() REPRESENTATION_CONTEXT('2D SPACE',''
  ) );
#7766 = PCURVE('',#3389,#7767);
#7767 = DEFINITIONAL_REPRESENTATION('',(#7768),#7772);
#7768 = LINE('',#7769,#7770);
#7769 = CARTESIAN_POINT('',(-7.513575190501,3.864326901403));
#7770 = VECTOR('',#7771,1.);
#7771 = DIRECTION('',(1.,-0.));
#7772 = ( GEOMETRIC_REPRESENTATION_CONTEXT(2) 
PARAMETRIC_REPRESENTATION_CONTEXT() REPRESENTATION_CONTEXT('2D SPACE',''
  ) );
#7773 = ORIENTED_EDGE('',*,*,#3894,.T.);
#7774 = ORIENTED_EDGE('',*,*,#7775,.T.);
#7775 = EDGE_CURVE('',#3866,#7592,#7776,.T.);
#7776 = SURFACE_CURVE('',#7777,(#7807,#7840),.PCURVE_S1.);
#7777 = B_SPLINE_CURVE_WITH_KNOTS('',4,(#7778,#7779,#7780,#7781,#7782,
    #7783,#7784,#7785,#7786,#7787,#7788,#7789,#7790,#7791,#7792,#7793,
    #7794,#7795,#7796,#7797,#7798,#7799,#7800,#7801,#7802,#7803,#7804,
    #7805,#7806),.UNSPECIFIED.,.F.,.F.,(5,3,3,3,3,3,3,3,3,5),(0.,
    1.959313746448E-02,0.142861784371,0.265511240021,0.388047136022,
    0.510456621847,0.633151642048,0.755363988601,0.877530035321,1.),
  .UNSPECIFIED.);
#7778 = CARTESIAN_POINT('',(8.446978092159,-17.60953408162,
    16.698710585336));
#7779 = CARTESIAN_POINT('',(8.446945770773,-17.60917194335,
    16.701133336167));
#7780 = CARTESIAN_POINT('',(8.446902550827,-17.60878998494,
    16.703552930778));
#7781 = CARTESIAN_POINT('',(8.446848437382,-17.60838825156,
    16.705969058802));
#7782 = CARTESIAN_POINT('',(8.446374515887,-17.6053152391,
    16.723558520034));
#7783 = CARTESIAN_POINT('',(8.445534790502,-17.60188301727,
    16.738586161453));
#7784 = CARTESIAN_POINT('',(8.444266712474,-17.59768315696,
    16.753386983055));
#7785 = CARTESIAN_POINT('',(8.44090181915,-17.58782055494,
    16.782313373835));
#7786 = CARTESIAN_POINT('',(8.438809191496,-17.58216525923,
    16.796442024437));
#7787 = CARTESIAN_POINT('',(8.436311760296,-17.57579698701,
    16.810199249203));
#7788 = CARTESIAN_POINT('',(8.43054308275,-17.56170850073,
    16.836821489567));
#7789 = CARTESIAN_POINT('',(8.427272540356,-17.55398952813,
    16.849687391397));
#7790 = CARTESIAN_POINT('',(8.423630996923,-17.54562624372,
    16.862045883717));
#7791 = CARTESIAN_POINT('',(8.415656111284,-17.52770735282,
    16.885612927101));
#7792 = CARTESIAN_POINT('',(8.411323459258,-17.51815295344,
    16.896822730271));
#7793 = CARTESIAN_POINT('',(8.406666550079,-17.5080424209,
    16.907403583584));
#7794 = CARTESIAN_POINT('',(8.396750105049,-17.48678914491,
    16.927226089718));
#7795 = CARTESIAN_POINT('',(8.391489144788,-17.4756439945,
    16.936464638266));
#7796 = CARTESIAN_POINT('',(8.385960187275,-17.46404554834,
    16.944966377574));
#7797 = CARTESIAN_POINT('',(8.374455935998,-17.44011012767,
    16.960383499858));
#7798 = CARTESIAN_POINT('',(8.368482425753,-17.42777616447,
    16.967305051968));
#7799 = CARTESIAN_POINT('',(8.362309322021,-17.4151121413,
    16.973414133591));
#7800 = CARTESIAN_POINT('',(8.349638275142,-17.38925952881,16.983949758)
  );
#7801 = CARTESIAN_POINT('',(8.343140392528,-17.37607105742,
    16.988376971083));
#7802 = CARTESIAN_POINT('',(8.336514886836,-17.36268323934,
    16.991936864985));
#7803 = CARTESIAN_POINT('',(8.323065960765,-17.33561255355,
    16.997300681632));
#7804 = CARTESIAN_POINT('',(8.316242029332,-17.32192895206,
    16.999100223328));
#7805 = CARTESIAN_POINT('',(8.30936426208,-17.30818305195,17.));
#7806 = CARTESIAN_POINT('',(8.302469417215,-17.29444529521,17.));
#7807 = PCURVE('',#3449,#7808);
#7808 = DEFINITIONAL_REPRESENTATION('',(#7809),#7839);
#7809 = B_SPLINE_CURVE_WITH_KNOTS('',4,(#7810,#7811,#7812,#7813,#7814,
    #7815,#7816,#7817,#7818,#7819,#7820,#7821,#7822,#7823,#7824,#7825,
    #7826,#7827,#7828,#7829,#7830,#7831,#7832,#7833,#7834,#7835,#7836,
    #7837,#7838),.UNSPECIFIED.,.F.,.F.,(5,3,3,3,3,3,3,3,3,5),(0.,
    1.959313746448E-02,0.142861784371,0.265511240021,0.388047136022,
    0.510456621847,0.633151642048,0.755363988601,0.877530035321,1.),
  .UNSPECIFIED.);
#7810 = CARTESIAN_POINT('',(7.604642827156,0.680353994946));
#7811 = CARTESIAN_POINT('',(7.604672864732,0.682803652155));
#7812 = CARTESIAN_POINT('',(7.604722326599,0.685252973968));
#7813 = CARTESIAN_POINT('',(7.604791269804,0.687701684851));
#7814 = CARTESIAN_POINT('',(7.605435485648,0.705549807192));
#7815 = CARTESIAN_POINT('',(7.606760193343,0.720915047623));
#7816 = CARTESIAN_POINT('',(7.608850248733,0.736176888608));
#7817 = CARTESIAN_POINT('',(7.614533282588,0.766281360162));
#7818 = CARTESIAN_POINT('',(7.618118594865,0.781125700705));
#7819 = CARTESIAN_POINT('',(7.622448342988,0.795732696409));
#7820 = CARTESIAN_POINT('',(7.632568775266,0.824323453514));
#7821 = CARTESIAN_POINT('',(7.63835799656,0.838307804674));
#7822 = CARTESIAN_POINT('',(7.644867047028,0.851920174843));
#7823 = CARTESIAN_POINT('',(7.659277635954,0.878252979578));
#7824 = CARTESIAN_POINT('',(7.667177608334,0.890974393221));
#7825 = CARTESIAN_POINT('',(7.675756166546,0.903190496758));
#7826 = CARTESIAN_POINT('',(7.694228096717,0.926509923308));
#7827 = CARTESIAN_POINT('',(7.704124388658,0.937610706598));
#7828 = CARTESIAN_POINT('',(7.714637976165,0.948073742104));
#7829 = CARTESIAN_POINT('',(7.736760603427,0.967567405756));
#7830 = CARTESIAN_POINT('',(7.748365139757,0.97660365819));
#7831 = CARTESIAN_POINT('',(7.760487278436,0.984889939814));
#7832 = CARTESIAN_POINT('',(7.785634174132,0.999863029651));
#7833 = CARTESIAN_POINT('',(7.79865865831,1.006550591433));
#7834 = CARTESIAN_POINT('',(7.812072462001,1.012392325926));
#7835 = CARTESIAN_POINT('',(7.83955531882,1.022329099459));
#7836 = CARTESIAN_POINT('',(7.853626097754,1.026419883827));
#7837 = CARTESIAN_POINT('',(7.867929570735,1.029593005142));
#7838 = CARTESIAN_POINT('',(7.882376401801,1.031832754613));
#7839 = ( GEOMETRIC_REPRESENTATION_CONTEXT(2) 
PARAMETRIC_REPRESENTATION_CONTEXT() REPRESENTATION_CONTEXT('2D SPACE',''
  ) );
#7840 = PCURVE('',#3882,#7841);
#7841 = DEFINITIONAL_REPRESENTATION('',(#7842),#7872);
#7842 = B_SPLINE_CURVE_WITH_KNOTS('',4,(#7843,#7844,#7845,#7846,#7847,
    #7848,#7849,#7850,#7851,#7852,#7853,#7854,#7855,#7856,#7857,#7858,
    #7859,#7860,#7861,#7862,#7863,#7864,#7865,#7866,#7867,#7868,#7869,
    #7870,#7871),.UNSPECIFIED.,.F.,.F.,(5,3,3,3,3,3,3,3,3,5),(0.,
    1.959313746448E-02,0.142861784371,0.265511240021,0.388047136022,
    0.510456621847,0.633151642048,0.755363988601,0.877530035321,1.),
  .UNSPECIFIED.);
#7843 = CARTESIAN_POINT('',(5.159650543185,0.13962634016));
#7844 = CARTESIAN_POINT('',(5.159657070458,0.146616513276));
#7845 = CARTESIAN_POINT('',(5.159663533809,0.153606736226));
#7846 = CARTESIAN_POINT('',(5.159669932512,0.160597024713));
#7847 = CARTESIAN_POINT('',(5.159716111854,0.211566709997));
#7848 = CARTESIAN_POINT('',(5.159753372278,0.255549090671));
#7849 = CARTESIAN_POINT('',(5.159787880604,0.299537971172));
#7850 = CARTESIAN_POINT('',(5.159851087737,0.387313577135));
#7851 = CARTESIAN_POINT('',(5.159879814707,0.431100184976));
#7852 = CARTESIAN_POINT('',(5.159905672919,0.474898938468));
#7853 = CARTESIAN_POINT('',(5.159951661623,0.562483465141));
#7854 = CARTESIAN_POINT('',(5.159971797103,0.606269207424));
#7855 = CARTESIAN_POINT('',(5.159989100243,0.650070273347));
#7856 = CARTESIAN_POINT('',(5.160018215036,0.737657906713));
#7857 = CARTESIAN_POINT('',(5.160030031832,0.781444462155));
#7858 = CARTESIAN_POINT('',(5.160039209892,0.825246280593));
#7859 = CARTESIAN_POINT('',(5.160052618466,0.912979719006));
#7860 = CARTESIAN_POINT('',(5.160056836619,0.956911449838));
#7861 = CARTESIAN_POINT('',(5.160058719695,1.000855510365));
#7862 = CARTESIAN_POINT('',(5.160058214672,1.088590720715));
#7863 = CARTESIAN_POINT('',(5.160055842352,1.132381853816));
#7864 = CARTESIAN_POINT('',(5.160051546762,1.176180606032));
#7865 = CARTESIAN_POINT('',(5.160039524595,1.263772354889));
#7866 = CARTESIAN_POINT('',(5.160031798246,1.307565405744));
#7867 = CARTESIAN_POINT('',(5.160022561837,1.351361731134));
#7868 = CARTESIAN_POINT('',(5.160001409809,1.439067196493));
#7869 = CARTESIAN_POINT('',(5.159989486654,1.482976389101));
#7870 = CARTESIAN_POINT('',(5.159976413825,1.526886233977));
#7871 = CARTESIAN_POINT('',(5.159962324678,1.570796326795));
#7872 = ( GEOMETRIC_REPRESENTATION_CONTEXT(2) 
PARAMETRIC_REPRESENTATION_CONTEXT() REPRESENTATION_CONTEXT('2D SPACE',''
  ) );
#7873 = ADVANCED_FACE('',(#7874),#3389,.F.);
#7874 = FACE_BOUND('',#7875,.T.);
#7875 = EDGE_LOOP('',(#7876,#7877,#7878,#7900));
#7876 = ORIENTED_EDGE('',*,*,#7752,.T.);
#7877 = ORIENTED_EDGE('',*,*,#3365,.F.);
#7878 = ORIENTED_EDGE('',*,*,#7879,.F.);
#7879 = EDGE_CURVE('',#3672,#3332,#7880,.T.);
#7880 = SURFACE_CURVE('',#7881,(#7886,#7893),.PCURVE_S1.);
#7881 = CIRCLE('',#7882,0.8);
#7882 = AXIS2_PLACEMENT_3D('',#7883,#7884,#7885);
#7883 = CARTESIAN_POINT('',(7.400177964051,-17.86561000478,
    15.916918667024));
#7884 = DIRECTION('',(5.325923996829E-02,-0.128579179453,-0.990268068742
    ));
#7885 = DIRECTION('',(0.998298526565,3.042993921825E-02,
    4.97400307307E-02));
#7886 = PCURVE('',#3389,#7887);
#7887 = DEFINITIONAL_REPRESENTATION('',(#7888),#7892);
#7888 = LINE('',#7889,#7890);
#7889 = CARTESIAN_POINT('',(-7.488502450202,3.14159265359));
#7890 = VECTOR('',#7891,1.);
#7891 = DIRECTION('',(1.,-0.));
#7892 = ( GEOMETRIC_REPRESENTATION_CONTEXT(2) 
PARAMETRIC_REPRESENTATION_CONTEXT() REPRESENTATION_CONTEXT('2D SPACE',''
  ) );
#7893 = PCURVE('',#3351,#7894);
#7894 = DEFINITIONAL_REPRESENTATION('',(#7895),#7899);
#7895 = LINE('',#7896,#7897);
#7896 = CARTESIAN_POINT('',(7.488502450202,3.058017564517));
#7897 = VECTOR('',#7898,1.);
#7898 = DIRECTION('',(-1.,-0.));
#7899 = ( GEOMETRIC_REPRESENTATION_CONTEXT(2) 
PARAMETRIC_REPRESENTATION_CONTEXT() REPRESENTATION_CONTEXT('2D SPACE',''
  ) );
#7900 = ORIENTED_EDGE('',*,*,#3671,.T.);
#7901 = ADVANCED_FACE('',(#7902),#3351,.T.);
#7902 = FACE_BOUND('',#7903,.T.);
#7903 = EDGE_LOOP('',(#7904,#7905,#7906,#7907,#7908));
#7904 = ORIENTED_EDGE('',*,*,#7879,.T.);
#7905 = ORIENTED_EDGE('',*,*,#3331,.F.);
#7906 = ORIENTED_EDGE('',*,*,#3609,.T.);
#7907 = ORIENTED_EDGE('',*,*,#3639,.T.);
#7908 = ORIENTED_EDGE('',*,*,#3708,.F.);
#7909 = ADVANCED_FACE('',(#7910),#3882,.T.);
#7910 = FACE_BOUND('',#7911,.T.);
#7911 = EDGE_LOOP('',(#7912,#7913,#7939,#7940));
#7912 = ORIENTED_EDGE('',*,*,#4531,.F.);
#7913 = ORIENTED_EDGE('',*,*,#7914,.T.);
#7914 = EDGE_CURVE('',#4368,#7592,#7915,.T.);
#7915 = SURFACE_CURVE('',#7916,(#7921,#7928),.PCURVE_S1.);
#7916 = CIRCLE('',#7917,19.184077681581);
#7917 = AXIS2_PLACEMENT_3D('',#7918,#7919,#7920);
#7918 = CARTESIAN_POINT('',(0.,0.,17.));
#7919 = DIRECTION('',(0.,0.,-1.));
#7920 = DIRECTION('',(0.943477829431,0.331435642882,0.));
#7921 = PCURVE('',#3882,#7922);
#7922 = DEFINITIONAL_REPRESENTATION('',(#7923),#7927);
#7923 = LINE('',#7924,#7925);
#7924 = CARTESIAN_POINT('',(6.621010126278,1.570796326795));
#7925 = VECTOR('',#7926,1.);
#7926 = DIRECTION('',(-1.,-0.));
#7927 = ( GEOMETRIC_REPRESENTATION_CONTEXT(2) 
PARAMETRIC_REPRESENTATION_CONTEXT() REPRESENTATION_CONTEXT('2D SPACE',''
  ) );
#7928 = PCURVE('',#4484,#7929);
#7929 = DEFINITIONAL_REPRESENTATION('',(#7930),#7938);
#7930 = ( BOUNDED_CURVE() B_SPLINE_CURVE(2,(#7931,#7932,#7933,#7934,
#7935,#7936,#7937),.UNSPECIFIED.,.T.,.F.) B_SPLINE_CURVE_WITH_KNOTS((1,2
    ,2,2,2,1),(-2.094395102393,0.,2.094395102393,4.188790204786,
6.28318530718,8.377580409573),.UNSPECIFIED.) CURVE() 
GEOMETRIC_REPRESENTATION_ITEM() RATIONAL_B_SPLINE_CURVE((1.,0.5,1.,0.5,
1.,0.5,1.)) REPRESENTATION_ITEM('') );
#7931 = CARTESIAN_POINT('',(54.288779250362,52.800766540616));
#7932 = CARTESIAN_POINT('',(76.460357274536,28.051874900854));
#7933 = CARTESIAN_POINT('',(43.941399386907,21.225170909811));
#7934 = CARTESIAN_POINT('',(11.422441499277,14.398466918768));
#7935 = CARTESIAN_POINT('',(21.769821362732,45.974062549573));
#7936 = CARTESIAN_POINT('',(32.117201226187,77.549658180378));
#7937 = CARTESIAN_POINT('',(54.288779250362,52.800766540616));
#7938 = ( GEOMETRIC_REPRESENTATION_CONTEXT(2) 
PARAMETRIC_REPRESENTATION_CONTEXT() REPRESENTATION_CONTEXT('2D SPACE',''
  ) );
#7939 = ORIENTED_EDGE('',*,*,#7775,.F.);
#7940 = ORIENTED_EDGE('',*,*,#3865,.F.);
#7941 = ADVANCED_FACE('',(#7942),#4039,.F.);
#7942 = FACE_BOUND('',#7943,.F.);
#7943 = EDGE_LOOP('',(#7944,#7968,#7989,#7990));
#7944 = ORIENTED_EDGE('',*,*,#7945,.F.);
#7945 = EDGE_CURVE('',#7946,#7946,#7948,.T.);
#7946 = VERTEX_POINT('',#7947);
#7947 = CARTESIAN_POINT('',(-4.7,-13.6,17.));
#7948 = SURFACE_CURVE('',#7949,(#7954,#7961),.PCURVE_S1.);
#7949 = CIRCLE('',#7950,2.5);
#7950 = AXIS2_PLACEMENT_3D('',#7951,#7952,#7953);
#7951 = CARTESIAN_POINT('',(-7.2,-13.6,17.));
#7952 = DIRECTION('',(0.,0.,1.));
#7953 = DIRECTION('',(1.,0.,-0.));
#7954 = PCURVE('',#4039,#7955);
#7955 = DEFINITIONAL_REPRESENTATION('',(#7956),#7960);
#7956 = LINE('',#7957,#7958);
#7957 = CARTESIAN_POINT('',(0.,2.));
#7958 = VECTOR('',#7959,1.);
#7959 = DIRECTION('',(1.,0.));
#7960 = ( GEOMETRIC_REPRESENTATION_CONTEXT(2) 
PARAMETRIC_REPRESENTATION_CONTEXT() REPRESENTATION_CONTEXT('2D SPACE',''
  ) );
#7961 = PCURVE('',#4484,#7962);
#7962 = DEFINITIONAL_REPRESENTATION('',(#7963),#7967);
#7963 = CIRCLE('',#7964,2.5);
#7964 = AXIS2_PLACEMENT_2D('',#7965,#7966);
#7965 = CARTESIAN_POINT('',(38.552562046084,24.679917644818));
#7966 = DIRECTION('',(0.923879532511,0.382683432365));
#7967 = ( GEOMETRIC_REPRESENTATION_CONTEXT(2) 
PARAMETRIC_REPRESENTATION_CONTEXT() REPRESENTATION_CONTEXT('2D SPACE',''
  ) );
#7968 = ORIENTED_EDGE('',*,*,#7969,.F.);
#7969 = EDGE_CURVE('',#4023,#7946,#7970,.T.);
#7970 = SEAM_CURVE('',#7971,(#7975,#7982),.PCURVE_S1.);
#7971 = LINE('',#7972,#7973);
#7972 = CARTESIAN_POINT('',(-4.7,-13.6,15.));
#7973 = VECTOR('',#7974,1.);
#7974 = DIRECTION('',(0.,0.,1.));
#7975 = PCURVE('',#4039,#7976);
#7976 = DEFINITIONAL_REPRESENTATION('',(#7977),#7981);
#7977 = LINE('',#7978,#7979);
#7978 = CARTESIAN_POINT('',(6.28318530718,-0.));
#7979 = VECTOR('',#7980,1.);
#7980 = DIRECTION('',(0.,1.));
#7981 = ( GEOMETRIC_REPRESENTATION_CONTEXT(2) 
PARAMETRIC_REPRESENTATION_CONTEXT() REPRESENTATION_CONTEXT('2D SPACE',''
  ) );
#7982 = PCURVE('',#4039,#7983);
#7983 = DEFINITIONAL_REPRESENTATION('',(#7984),#7988);
#7984 = LINE('',#7985,#7986);
#7985 = CARTESIAN_POINT('',(0.,-0.));
#7986 = VECTOR('',#7987,1.);
#7987 = DIRECTION('',(0.,1.));
#7988 = ( GEOMETRIC_REPRESENTATION_CONTEXT(2) 
PARAMETRIC_REPRESENTATION_CONTEXT() REPRESENTATION_CONTEXT('2D SPACE',''
  ) );
#7989 = ORIENTED_EDGE('',*,*,#4022,.T.);
#7990 = ORIENTED_EDGE('',*,*,#7969,.T.);
#7991 = ADVANCED_FACE('',(#7992),#4096,.T.);
#7992 = FACE_BOUND('',#7993,.T.);
#7993 = EDGE_LOOP('',(#7994,#7995,#8015,#8038));
#7994 = ORIENTED_EDGE('',*,*,#4080,.T.);
#7995 = ORIENTED_EDGE('',*,*,#7996,.T.);
#7996 = EDGE_CURVE('',#4081,#7997,#7999,.T.);
#7997 = VERTEX_POINT('',#7998);
#7998 = CARTESIAN_POINT('',(0.6,2.,17.));
#7999 = SURFACE_CURVE('',#8000,(#8003,#8009),.PCURVE_S1.);
#8000 = B_SPLINE_CURVE_WITH_KNOTS('',1,(#8001,#8002),.UNSPECIFIED.,.F.,
  .F.,(2,2),(0.,1.),.PIECEWISE_BEZIER_KNOTS.);
#8001 = CARTESIAN_POINT('',(1.,2.,16.6));
#8002 = CARTESIAN_POINT('',(0.6,2.,17.));
#8003 = PCURVE('',#4096,#8004);
#8004 = DEFINITIONAL_REPRESENTATION('',(#8005),#8008);
#8005 = B_SPLINE_CURVE_WITH_KNOTS('',1,(#8006,#8007),.UNSPECIFIED.,.F.,
  .F.,(2,2),(0.,1.),.PIECEWISE_BEZIER_KNOTS.);
#8006 = CARTESIAN_POINT('',(4.,-0.565685424949));
#8007 = CARTESIAN_POINT('',(4.,0.));
#8008 = ( GEOMETRIC_REPRESENTATION_CONTEXT(2) 
PARAMETRIC_REPRESENTATION_CONTEXT() REPRESENTATION_CONTEXT('2D SPACE',''
  ) );
#8009 = PCURVE('',#4205,#8010);
#8010 = DEFINITIONAL_REPRESENTATION('',(#8011),#8014);
#8011 = B_SPLINE_CURVE_WITH_KNOTS('',1,(#8012,#8013),.UNSPECIFIED.,.F.,
  .F.,(2,2),(0.,1.),.PIECEWISE_BEZIER_KNOTS.);
#8012 = CARTESIAN_POINT('',(0.,0.));
#8013 = CARTESIAN_POINT('',(0.,0.4));
#8014 = ( GEOMETRIC_REPRESENTATION_CONTEXT(2) 
PARAMETRIC_REPRESENTATION_CONTEXT() REPRESENTATION_CONTEXT('2D SPACE',''
  ) );
#8015 = ORIENTED_EDGE('',*,*,#8016,.F.);
#8016 = EDGE_CURVE('',#8017,#7997,#8019,.T.);
#8017 = VERTEX_POINT('',#8018);
#8018 = CARTESIAN_POINT('',(0.6,-2.,17.));
#8019 = SURFACE_CURVE('',#8020,(#8024,#8031),.PCURVE_S1.);
#8020 = LINE('',#8021,#8022);
#8021 = CARTESIAN_POINT('',(0.6,-2.,17.));
#8022 = VECTOR('',#8023,1.);
#8023 = DIRECTION('',(0.,1.,0.));
#8024 = PCURVE('',#4096,#8025);
#8025 = DEFINITIONAL_REPRESENTATION('',(#8026),#8030);
#8026 = LINE('',#8027,#8028);
#8027 = CARTESIAN_POINT('',(0.,0.));
#8028 = VECTOR('',#8029,1.);
#8029 = DIRECTION('',(1.,0.));
#8030 = ( GEOMETRIC_REPRESENTATION_CONTEXT(2) 
PARAMETRIC_REPRESENTATION_CONTEXT() REPRESENTATION_CONTEXT('2D SPACE',''
  ) );
#8031 = PCURVE('',#4484,#8032);
#8032 = DEFINITIONAL_REPRESENTATION('',(#8033),#8037);
#8033 = LINE('',#8034,#8035);
#8034 = CARTESIAN_POINT('',(41.319694584237,38.381850994396));
#8035 = VECTOR('',#8036,1.);
#8036 = DIRECTION('',(-0.382683432365,0.923879532511));
#8037 = ( GEOMETRIC_REPRESENTATION_CONTEXT(2) 
PARAMETRIC_REPRESENTATION_CONTEXT() REPRESENTATION_CONTEXT('2D SPACE',''
  ) );
#8038 = ORIENTED_EDGE('',*,*,#8039,.F.);
#8039 = EDGE_CURVE('',#4058,#8017,#8040,.T.);
#8040 = SURFACE_CURVE('',#8041,(#8044,#8050),.PCURVE_S1.);
#8041 = B_SPLINE_CURVE_WITH_KNOTS('',1,(#8042,#8043),.UNSPECIFIED.,.F.,
  .F.,(2,2),(0.,1.),.PIECEWISE_BEZIER_KNOTS.);
#8042 = CARTESIAN_POINT('',(1.,-2.,16.6));
#8043 = CARTESIAN_POINT('',(0.6,-2.,17.));
#8044 = PCURVE('',#4096,#8045);
#8045 = DEFINITIONAL_REPRESENTATION('',(#8046),#8049);
#8046 = B_SPLINE_CURVE_WITH_KNOTS('',1,(#8047,#8048),.UNSPECIFIED.,.F.,
  .F.,(2,2),(0.,1.),.PIECEWISE_BEZIER_KNOTS.);
#8047 = CARTESIAN_POINT('',(0.,-0.565685424949));
#8048 = CARTESIAN_POINT('',(-8.881784197001E-16,0.));
#8049 = ( GEOMETRIC_REPRESENTATION_CONTEXT(2) 
PARAMETRIC_REPRESENTATION_CONTEXT() REPRESENTATION_CONTEXT('2D SPACE',''
  ) );
#8050 = PCURVE('',#4171,#8051);
#8051 = DEFINITIONAL_REPRESENTATION('',(#8052),#8055);
#8052 = B_SPLINE_CURVE_WITH_KNOTS('',1,(#8053,#8054),.UNSPECIFIED.,.F.,
  .F.,(2,2),(0.,1.),.PIECEWISE_BEZIER_KNOTS.);
#8053 = CARTESIAN_POINT('',(-3.14159265359,0.));
#8054 = CARTESIAN_POINT('',(-3.14159265359,0.4));
#8055 = ( GEOMETRIC_REPRESENTATION_CONTEXT(2) 
PARAMETRIC_REPRESENTATION_CONTEXT() REPRESENTATION_CONTEXT('2D SPACE',''
  ) );
#8056 = ADVANCED_FACE('',(#8057),#4171,.F.);
#8057 = FACE_BOUND('',#8058,.T.);
#8058 = EDGE_LOOP('',(#8059,#8060,#8061,#8088));
#8059 = ORIENTED_EDGE('',*,*,#4156,.T.);
#8060 = ORIENTED_EDGE('',*,*,#8039,.T.);
#8061 = ORIENTED_EDGE('',*,*,#8062,.F.);
#8062 = EDGE_CURVE('',#8063,#8017,#8065,.T.);
#8063 = VERTEX_POINT('',#8064);
#8064 = CARTESIAN_POINT('',(11.4,-2.,17.));
#8065 = SURFACE_CURVE('',#8066,(#8071,#8077),.PCURVE_S1.);
#8066 = CIRCLE('',#8067,5.4);
#8067 = AXIS2_PLACEMENT_3D('',#8068,#8069,#8070);
#8068 = CARTESIAN_POINT('',(6.,-2.,17.));
#8069 = DIRECTION('',(0.,0.,-1.));
#8070 = DIRECTION('',(1.,8.223874256483E-17,0.));
#8071 = PCURVE('',#4171,#8072);
#8072 = DEFINITIONAL_REPRESENTATION('',(#8073),#8076);
#8073 = B_SPLINE_CURVE_WITH_KNOTS('',1,(#8074,#8075),.UNSPECIFIED.,.F.,
  .F.,(2,2),(0.,3.14159265359),.PIECEWISE_BEZIER_KNOTS.);
#8074 = CARTESIAN_POINT('',(0.,0.4));
#8075 = CARTESIAN_POINT('',(-3.14159265359,0.4));
#8076 = ( GEOMETRIC_REPRESENTATION_CONTEXT(2) 
PARAMETRIC_REPRESENTATION_CONTEXT() REPRESENTATION_CONTEXT('2D SPACE',''
  ) );
#8077 = PCURVE('',#4484,#8078);
#8078 = DEFINITIONAL_REPRESENTATION('',(#8079),#8087);
#8079 = ( BOUNDED_CURVE() B_SPLINE_CURVE(2,(#8080,#8081,#8082,#8083,
#8084,#8085,#8086),.UNSPECIFIED.,.T.,.F.) B_SPLINE_CURVE_WITH_KNOTS((1,2
    ,2,2,2,1),(-2.094395102393,0.,2.094395102393,4.188790204786,
6.28318530718,8.377580409573),.UNSPECIFIED.) CURVE() 
GEOMETRIC_REPRESENTATION_ITEM() RATIONAL_B_SPLINE_CURVE((1.,0.5,1.,0.5,
1.,0.5,1.)) REPRESENTATION_ITEM('') );
#8080 = CARTESIAN_POINT('',(51.297593535359,42.514832063939));
#8081 = CARTESIAN_POINT('',(54.876860134943,33.873718095874));
#8082 = CARTESIAN_POINT('',(45.60380262181,35.094539277749));
#8083 = CARTESIAN_POINT('',(36.330745108676,36.315360459625));
#8084 = CARTESIAN_POINT('',(42.024536022225,43.735653245815));
#8085 = CARTESIAN_POINT('',(47.718326935774,51.155946032005));
#8086 = CARTESIAN_POINT('',(51.297593535359,42.514832063939));
#8087 = ( GEOMETRIC_REPRESENTATION_CONTEXT(2) 
PARAMETRIC_REPRESENTATION_CONTEXT() REPRESENTATION_CONTEXT('2D SPACE',''
  ) );
#8088 = ORIENTED_EDGE('',*,*,#8089,.F.);
#8089 = EDGE_CURVE('',#4134,#8063,#8090,.T.);
#8090 = SURFACE_CURVE('',#8091,(#8094,#8100),.PCURVE_S1.);
#8091 = B_SPLINE_CURVE_WITH_KNOTS('',1,(#8092,#8093),.UNSPECIFIED.,.F.,
  .F.,(2,2),(0.,1.),.PIECEWISE_BEZIER_KNOTS.);
#8092 = CARTESIAN_POINT('',(11.,-2.,16.6));
#8093 = CARTESIAN_POINT('',(11.4,-2.,17.));
#8094 = PCURVE('',#4171,#8095);
#8095 = DEFINITIONAL_REPRESENTATION('',(#8096),#8099);
#8096 = B_SPLINE_CURVE_WITH_KNOTS('',1,(#8097,#8098),.UNSPECIFIED.,.F.,
  .F.,(2,2),(0.,1.),.PIECEWISE_BEZIER_KNOTS.);
#8097 = CARTESIAN_POINT('',(0.,0.));
#8098 = CARTESIAN_POINT('',(0.,0.4));
#8099 = ( GEOMETRIC_REPRESENTATION_CONTEXT(2) 
PARAMETRIC_REPRESENTATION_CONTEXT() REPRESENTATION_CONTEXT('2D SPACE',''
  ) );
#8100 = PCURVE('',#4256,#8101);
#8101 = DEFINITIONAL_REPRESENTATION('',(#8102),#8105);
#8102 = B_SPLINE_CURVE_WITH_KNOTS('',1,(#8103,#8104),.UNSPECIFIED.,.F.,
  .F.,(2,2),(0.,1.),.PIECEWISE_BEZIER_KNOTS.);
#8103 = CARTESIAN_POINT('',(4.,-0.565685424949));
#8104 = CARTESIAN_POINT('',(4.,-3.552713678801E-15));
#8105 = ( GEOMETRIC_REPRESENTATION_CONTEXT(2) 
PARAMETRIC_REPRESENTATION_CONTEXT() REPRESENTATION_CONTEXT('2D SPACE',''
  ) );
#8106 = ADVANCED_FACE('',(#8107),#4205,.F.);
#8107 = FACE_BOUND('',#8108,.T.);
#8108 = EDGE_LOOP('',(#8109,#8110,#8130,#8155));
#8109 = ORIENTED_EDGE('',*,*,#4188,.T.);
#8110 = ORIENTED_EDGE('',*,*,#8111,.T.);
#8111 = EDGE_CURVE('',#4189,#8112,#8114,.T.);
#8112 = VERTEX_POINT('',#8113);
#8113 = CARTESIAN_POINT('',(11.4,2.,17.));
#8114 = SURFACE_CURVE('',#8115,(#8118,#8124),.PCURVE_S1.);
#8115 = B_SPLINE_CURVE_WITH_KNOTS('',1,(#8116,#8117),.UNSPECIFIED.,.F.,
  .F.,(2,2),(0.,1.),.PIECEWISE_BEZIER_KNOTS.);
#8116 = CARTESIAN_POINT('',(11.,2.,16.6));
#8117 = CARTESIAN_POINT('',(11.4,2.,17.));
#8118 = PCURVE('',#4205,#8119);
#8119 = DEFINITIONAL_REPRESENTATION('',(#8120),#8123);
#8120 = B_SPLINE_CURVE_WITH_KNOTS('',1,(#8121,#8122),.UNSPECIFIED.,.F.,
  .F.,(2,2),(0.,1.),.PIECEWISE_BEZIER_KNOTS.);
#8121 = CARTESIAN_POINT('',(-3.14159265359,0.));
#8122 = CARTESIAN_POINT('',(-3.14159265359,0.4));
#8123 = ( GEOMETRIC_REPRESENTATION_CONTEXT(2) 
PARAMETRIC_REPRESENTATION_CONTEXT() REPRESENTATION_CONTEXT('2D SPACE',''
  ) );
#8124 = PCURVE('',#4256,#8125);
#8125 = DEFINITIONAL_REPRESENTATION('',(#8126),#8129);
#8126 = B_SPLINE_CURVE_WITH_KNOTS('',1,(#8127,#8128),.UNSPECIFIED.,.F.,
  .F.,(2,2),(0.,1.),.PIECEWISE_BEZIER_KNOTS.);
#8127 = CARTESIAN_POINT('',(8.881784197001E-16,-0.565685424949));
#8128 = CARTESIAN_POINT('',(0.,0.));
#8129 = ( GEOMETRIC_REPRESENTATION_CONTEXT(2) 
PARAMETRIC_REPRESENTATION_CONTEXT() REPRESENTATION_CONTEXT('2D SPACE',''
  ) );
#8130 = ORIENTED_EDGE('',*,*,#8131,.F.);
#8131 = EDGE_CURVE('',#7997,#8112,#8132,.T.);
#8132 = SURFACE_CURVE('',#8133,(#8138,#8144),.PCURVE_S1.);
#8133 = CIRCLE('',#8134,5.4);
#8134 = AXIS2_PLACEMENT_3D('',#8135,#8136,#8137);
#8135 = CARTESIAN_POINT('',(6.,2.,17.));
#8136 = DIRECTION('',(0.,0.,-1.));
#8137 = DIRECTION('',(-1.,-8.223874256483E-17,-0.));
#8138 = PCURVE('',#4205,#8139);
#8139 = DEFINITIONAL_REPRESENTATION('',(#8140),#8143);
#8140 = B_SPLINE_CURVE_WITH_KNOTS('',1,(#8141,#8142),.UNSPECIFIED.,.F.,
  .F.,(2,2),(0.,3.14159265359),.PIECEWISE_BEZIER_KNOTS.);
#8141 = CARTESIAN_POINT('',(0.,0.4));
#8142 = CARTESIAN_POINT('',(-3.14159265359,0.4));
#8143 = ( GEOMETRIC_REPRESENTATION_CONTEXT(2) 
PARAMETRIC_REPRESENTATION_CONTEXT() REPRESENTATION_CONTEXT('2D SPACE',''
  ) );
#8144 = PCURVE('',#4484,#8145);
#8145 = DEFINITIONAL_REPRESENTATION('',(#8146),#8154);
#8146 = ( BOUNDED_CURVE() B_SPLINE_CURVE(2,(#8147,#8148,#8149,#8150,
#8151,#8152,#8153),.UNSPECIFIED.,.T.,.F.) B_SPLINE_CURVE_WITH_KNOTS((1,2
    ,2,2,2,1),(-2.094395102393,0.,2.094395102393,4.188790204786,
6.28318530718,8.377580409573),.UNSPECIFIED.) CURVE() 
GEOMETRIC_REPRESENTATION_ITEM() RATIONAL_B_SPLINE_CURVE((1.,0.5,1.,0.5,
1.,0.5,1.)) REPRESENTATION_ITEM('') );
#8147 = CARTESIAN_POINT('',(39.788960854777,42.077369124442));
#8148 = CARTESIAN_POINT('',(36.209694255192,50.718483092507));
#8149 = CARTESIAN_POINT('',(45.482751768326,49.497661910632));
#8150 = CARTESIAN_POINT('',(54.755809281459,48.276840728756));
#8151 = CARTESIAN_POINT('',(49.06201836791,40.856547942566));
#8152 = CARTESIAN_POINT('',(43.368227454361,33.436255156376));
#8153 = CARTESIAN_POINT('',(39.788960854777,42.077369124442));
#8154 = ( GEOMETRIC_REPRESENTATION_CONTEXT(2) 
PARAMETRIC_REPRESENTATION_CONTEXT() REPRESENTATION_CONTEXT('2D SPACE',''
  ) );
#8155 = ORIENTED_EDGE('',*,*,#7996,.F.);
#8156 = ADVANCED_FACE('',(#8157),#4256,.T.);
#8157 = FACE_BOUND('',#8158,.T.);
#8158 = EDGE_LOOP('',(#8159,#8160,#8161,#8182));
#8159 = ORIENTED_EDGE('',*,*,#4242,.T.);
#8160 = ORIENTED_EDGE('',*,*,#8089,.T.);
#8161 = ORIENTED_EDGE('',*,*,#8162,.F.);
#8162 = EDGE_CURVE('',#8112,#8063,#8163,.T.);
#8163 = SURFACE_CURVE('',#8164,(#8168,#8175),.PCURVE_S1.);
#8164 = LINE('',#8165,#8166);
#8165 = CARTESIAN_POINT('',(11.4,2.,17.));
#8166 = VECTOR('',#8167,1.);
#8167 = DIRECTION('',(-4.440892098501E-16,-1.,0.));
#8168 = PCURVE('',#4256,#8169);
#8169 = DEFINITIONAL_REPRESENTATION('',(#8170),#8174);
#8170 = LINE('',#8171,#8172);
#8171 = CARTESIAN_POINT('',(0.,0.));
#8172 = VECTOR('',#8173,1.);
#8173 = DIRECTION('',(1.,4.930380657631E-32));
#8174 = ( GEOMETRIC_REPRESENTATION_CONTEXT(2) 
PARAMETRIC_REPRESENTATION_CONTEXT() REPRESENTATION_CONTEXT('2D SPACE',''
  ) );
#8175 = PCURVE('',#4484,#8176);
#8176 = DEFINITIONAL_REPRESENTATION('',(#8177),#8181);
#8177 = LINE('',#8178,#8179);
#8178 = CARTESIAN_POINT('',(49.766859805898,46.210350193985));
#8179 = VECTOR('',#8180,1.);
#8180 = DIRECTION('',(0.382683432365,-0.923879532511));
#8181 = ( GEOMETRIC_REPRESENTATION_CONTEXT(2) 
PARAMETRIC_REPRESENTATION_CONTEXT() REPRESENTATION_CONTEXT('2D SPACE',''
  ) );
#8182 = ORIENTED_EDGE('',*,*,#8111,.F.);
#8183 = ADVANCED_FACE('',(#8184),#4290,.F.);
#8184 = FACE_BOUND('',#8185,.F.);
#8185 = EDGE_LOOP('',(#8186,#8210,#8231,#8232));
#8186 = ORIENTED_EDGE('',*,*,#8187,.F.);
#8187 = EDGE_CURVE('',#8188,#8188,#8190,.T.);
#8188 = VERTEX_POINT('',#8189);
#8189 = CARTESIAN_POINT('',(-4.7,13.6,17.));
#8190 = SURFACE_CURVE('',#8191,(#8196,#8203),.PCURVE_S1.);
#8191 = CIRCLE('',#8192,2.5);
#8192 = AXIS2_PLACEMENT_3D('',#8193,#8194,#8195);
#8193 = CARTESIAN_POINT('',(-7.2,13.6,17.));
#8194 = DIRECTION('',(0.,0.,1.));
#8195 = DIRECTION('',(1.,0.,-0.));
#8196 = PCURVE('',#4290,#8197);
#8197 = DEFINITIONAL_REPRESENTATION('',(#8198),#8202);
#8198 = LINE('',#8199,#8200);
#8199 = CARTESIAN_POINT('',(0.,2.));
#8200 = VECTOR('',#8201,1.);
#8201 = DIRECTION('',(1.,0.));
#8202 = ( GEOMETRIC_REPRESENTATION_CONTEXT(2) 
PARAMETRIC_REPRESENTATION_CONTEXT() REPRESENTATION_CONTEXT('2D SPACE',''
  ) );
#8203 = PCURVE('',#4484,#8204);
#8204 = DEFINITIONAL_REPRESENTATION('',(#8205),#8209);
#8205 = CIRCLE('',#8206,2.5);
#8206 = AXIS2_PLACEMENT_2D('',#8207,#8208);
#8207 = CARTESIAN_POINT('',(28.143572685754,49.809440929125));
#8208 = DIRECTION('',(0.923879532511,0.382683432365));
#8209 = ( GEOMETRIC_REPRESENTATION_CONTEXT(2) 
PARAMETRIC_REPRESENTATION_CONTEXT() REPRESENTATION_CONTEXT('2D SPACE',''
  ) );
#8210 = ORIENTED_EDGE('',*,*,#8211,.F.);
#8211 = EDGE_CURVE('',#4274,#8188,#8212,.T.);
#8212 = SEAM_CURVE('',#8213,(#8217,#8224),.PCURVE_S1.);
#8213 = LINE('',#8214,#8215);
#8214 = CARTESIAN_POINT('',(-4.7,13.6,15.));
#8215 = VECTOR('',#8216,1.);
#8216 = DIRECTION('',(0.,0.,1.));
#8217 = PCURVE('',#4290,#8218);
#8218 = DEFINITIONAL_REPRESENTATION('',(#8219),#8223);
#8219 = LINE('',#8220,#8221);
#8220 = CARTESIAN_POINT('',(6.28318530718,-0.));
#8221 = VECTOR('',#8222,1.);
#8222 = DIRECTION('',(0.,1.));
#8223 = ( GEOMETRIC_REPRESENTATION_CONTEXT(2) 
PARAMETRIC_REPRESENTATION_CONTEXT() REPRESENTATION_CONTEXT('2D SPACE',''
  ) );
#8224 = PCURVE('',#4290,#8225);
#8225 = DEFINITIONAL_REPRESENTATION('',(#8226),#8230);
#8226 = LINE('',#8227,#8228);
#8227 = CARTESIAN_POINT('',(0.,-0.));
#8228 = VECTOR('',#8229,1.);
#8229 = DIRECTION('',(0.,1.));
#8230 = ( GEOMETRIC_REPRESENTATION_CONTEXT(2) 
PARAMETRIC_REPRESENTATION_CONTEXT() REPRESENTATION_CONTEXT('2D SPACE',''
  ) );
#8231 = ORIENTED_EDGE('',*,*,#4273,.T.);
#8232 = ORIENTED_EDGE('',*,*,#8211,.T.);
#8233 = ADVANCED_FACE('',(#8234,#8252,#8255,#8258),#4484,.T.);
#8234 = FACE_BOUND('',#8235,.T.);
#8235 = EDGE_LOOP('',(#8236,#8237,#8238,#8239,#8240,#8241,#8242,#8243,
    #8244,#8245,#8246,#8247,#8248,#8249,#8250,#8251));
#8236 = ORIENTED_EDGE('',*,*,#4365,.F.);
#8237 = ORIENTED_EDGE('',*,*,#4836,.F.);
#8238 = ORIENTED_EDGE('',*,*,#4991,.F.);
#8239 = ORIENTED_EDGE('',*,*,#5612,.F.);
#8240 = ORIENTED_EDGE('',*,*,#5189,.F.);
#8241 = ORIENTED_EDGE('',*,*,#6066,.F.);
#8242 = ORIENTED_EDGE('',*,*,#5643,.F.);
#8243 = ORIENTED_EDGE('',*,*,#6520,.F.);
#8244 = ORIENTED_EDGE('',*,*,#6097,.F.);
#8245 = ORIENTED_EDGE('',*,*,#6652,.F.);
#8246 = ORIENTED_EDGE('',*,*,#6683,.F.);
#8247 = ORIENTED_EDGE('',*,*,#7106,.F.);
#8248 = ORIENTED_EDGE('',*,*,#7137,.F.);
#8249 = ORIENTED_EDGE('',*,*,#7560,.F.);
#8250 = ORIENTED_EDGE('',*,*,#7591,.F.);
#8251 = ORIENTED_EDGE('',*,*,#7914,.F.);
#8252 = FACE_BOUND('',#8253,.T.);
#8253 = EDGE_LOOP('',(#8254));
#8254 = ORIENTED_EDGE('',*,*,#7945,.F.);
#8255 = FACE_BOUND('',#8256,.T.);
#8256 = EDGE_LOOP('',(#8257));
#8257 = ORIENTED_EDGE('',*,*,#8187,.F.);
#8258 = FACE_BOUND('',#8259,.T.);
#8259 = EDGE_LOOP('',(#8260,#8261,#8262,#8263));
#8260 = ORIENTED_EDGE('',*,*,#8062,.T.);
#8261 = ORIENTED_EDGE('',*,*,#8016,.T.);
#8262 = ORIENTED_EDGE('',*,*,#8131,.T.);
#8263 = ORIENTED_EDGE('',*,*,#8162,.T.);
#8264 = ( GEOMETRIC_REPRESENTATION_CONTEXT(3) 
GLOBAL_UNCERTAINTY_ASSIGNED_CONTEXT((#8268)) 
GLOBAL_UNIT_ASSIGNED_CONTEXT((#8265,#8266,#8267)) REPRESENTATION_CONTEXT
('Context #1','3D Context with UNIT and UNCERTAINTY') );
#8265 = ( LENGTH_UNIT() NAMED_UNIT(*) SI_UNIT(.MILLI.,.METRE.) );
#8266 = ( NAMED_UNIT(*) PLANE_ANGLE_UNIT() SI_UNIT($,.RADIAN.) );
#8267 = ( NAMED_UNIT(*) SI_UNIT($,.STERADIAN.) SOLID_ANGLE_UNIT() );
#8268 = UNCERTAINTY_MEASURE_WITH_UNIT(LENGTH_MEASURE(2.E-06),#8265,
  'distance_accuracy_value','confusion accuracy');
#8269 = PRODUCT_RELATED_PRODUCT_CATEGORY('part',$,(#7));
ENDSEC;
END-ISO-10303-21;
