ISO-10303-21;
HEADER;
/* Generated by software containing ST-Developer
 * from STEP Tools, Inc. (www.steptools.com) 
 */

FILE_DESCRIPTION(
/* description */ ('Insert for lens'),
/* implementation_level */ '2;1');

FILE_NAME(
/* name */ 'PRT_-_2027_-_INSLEND43F-50_-_V04.step',
/* time_stamp */ '2026-08-13T10:30:35+02:00',
/* author */ ('Gerstenberger'),
/* organization */ (''),
/* preprocessor_version */ 'ST-DEVELOPER v20',
/* originating_system */ 'Autodesk Inventor 2025',
/* authorisation */ '');

FILE_SCHEMA (('AUTOMOTIVE_DESIGN { 1 0 10303 214 3 1 1 }'));
ENDSEC;

DATA;
#10=MECHANICAL_DESIGN_GEOMETRIC_PRESENTATION_REPRESENTATION('',(#7753,#7754,
#7755,#7756,#7757,#7758,#7759,#7760,#7761,#7762,#7763,#7764,#7765,#7766,
#7767,#7768,#7769,#7770,#7771,#7772,#7773,#7774,#7775,#7776,#7777,#7778,
#7779,#7780,#7781,#7782,#7783,#7784,#7785,#7786,#7787,#7788,#7789,#7790,
#7791,#7792,#7793,#7794,#7795,#7796,#7797,#7798,#7799,#7800,#7801,#7802,
#7803,#7804,#7805,#7806,#7807,#7808,#7809,#7810,#7811,#7812,#7813,#7814,
#7815,#7816,#7817,#7818,#7819,#7820,#7821,#7822,#7823,#7824,#7825,#7826,
#7827,#7828,#7829,#7830,#7831,#7832,#7833,#7834,#7835,#7836,#7837,#7838,
#7839,#7840,#7841,#7842,#7843,#7844,#7845,#7846,#7847,#7848,#7849,#7850,
#7851,#7852,#7853,#7854,#7855,#7856,#7857,#7858,#7859,#7860,#7861,#7862,
#7863,#7864,#7865,#7866,#7867,#7868,#7869,#7870,#7871,#7872,#7873,#7874,
#7875,#7876,#7877,#7878,#7879,#7880,#7881,#7882,#7883,#7884,#7885,#7886,
#7887,#7888,#7889,#7890,#7891,#7892,#7893,#7894,#7895,#7896,#7897,#7898,
#7899,#7900,#7901,#7902,#7903,#7904,#7905,#7906,#7907,#7908,#7909,#7910,
#7911,#7912,#7913,#7914,#7915,#7916,#7917,#7918,#7919,#7920,#7921,#7922,
#7923,#7924,#7925,#7926,#7927,#7928,#7929,#7930,#7931,#7932,#7933,#7934,
#7935,#7936,#7937,#7938,#7939,#7940,#7941,#7942,#7943,#7944,#7945,#7946,
#7947,#7948,#7949,#7950,#7951,#7952,#7953,#7954,#7955,#7956,#7957,#7958,
#7959,#7960,#7961,#7962,#7963,#7964,#7965,#7966,#7967,#7968,#7969,#7970,
#7971,#7972,#7973,#7974,#7975,#7976,#7977,#7978,#7979,#7980,#7981,#7982,
#7983,#7984,#7985,#7986,#7987,#7988,#7989,#7990,#7991,#7992,#7993,#7994,
#7995,#7996,#7997,#7998,#7999,#8000,#8001,#8002,#8003,#8004,#8005,#8006,
#8007,#8008,#8009,#8010,#8011,#8012,#8013,#8014,#8015,#8016,#8017,#8018,
#8019,#8020,#8021,#8022,#8023,#8024,#8025,#8026,#8027,#8028,#8029,#8030,
#8031,#8032,#8033,#8034,#8035,#8036,#8037,#8038,#8039,#8040,#8041,#8042,
#8043,#8044,#8045,#8046,#8047,#8048,#8049,#8050,#8051,#8052,#8053,#8054,
#8055,#8056,#8057,#8058,#8059,#8060,#8061,#8062,#8063,#8064,#8065,#8066,
#8067,#8068,#8069,#8070,#8071,#8072,#8073,#8074,#8075,#8076,#8077,#8078,
#8079,#8080,#8081,#8082,#8083,#8084,#8085,#8086,#8087,#8088,#8089,#8090,
#8091,#8092,#8093,#8094,#8095,#8096,#8097,#8098,#8099,#8100,#8101,#8102,
#8103,#8104,#8105,#8106,#8107,#8108,#8109,#8110,#8111,#8112,#8113,#8114,
#8115,#8116,#8117,#8118,#8119,#8120,#8121,#8122,#8123,#8124,#8125,#8126,
#8127,#8128,#8129,#8130,#8131,#8132,#8133,#8134,#8135,#8136,#8137,#8138,
#8139,#8140,#8141,#8142,#8143,#8144,#8145,#8146,#8147,#8148,#8149,#8150,
#8151,#8152,#8153,#8154,#8155,#8156,#8157,#8158,#8159,#8160,#8161,#8162,
#8163,#8164,#8165,#8166,#8167,#8168,#8169,#8170,#8171,#8172,#8173,#8174,
#8175,#8176,#8177,#8178,#8179,#8180,#8181,#8182,#8183,#8184,#8185,#8186,
#8187,#8188,#8189,#8190,#8191,#8192,#8193,#8194,#8195,#8196,#8197,#8198,
#8199,#8200,#8201,#8202,#8203,#8204,#8205,#8206,#8207,#8208,#8209,#8210,
#8211,#8212,#8213,#8214,#8215,#8216,#8217,#8218,#8219,#8220,#8221,#8222,
#8223,#8224,#8225,#8226,#8227),#15345);
#11=SHAPE_REPRESENTATION_RELATIONSHIP('SRR','None',#15352,#12);
#12=ADVANCED_BREP_SHAPE_REPRESENTATION('',(#13),#15344);
#13=MANIFOLD_SOLID_BREP('Insert for Lenses',#8702);
#14=B_SPLINE_SURFACE_WITH_KNOTS('',2,1,((#13058,#13059),(#13060,#13061),
(#13062,#13063),(#13064,#13065)),.UNSPECIFIED.,.F.,.F.,.F.,(3,1,3),(2,2),
(0.,1.,2.),(-0.07,0.),.UNSPECIFIED.);
#15=B_SPLINE_SURFACE_WITH_KNOTS('',2,1,((#13067,#13068),(#13069,#13070),
(#13071,#13072),(#13073,#13074)),.UNSPECIFIED.,.F.,.F.,.F.,(3,1,3),(2,2),
(0.,1.,2.),(-0.07,0.),.UNSPECIFIED.);
#16=B_SPLINE_SURFACE_WITH_KNOTS('',2,1,((#13076,#13077),(#13078,#13079),
(#13080,#13081),(#13082,#13083)),.UNSPECIFIED.,.F.,.F.,.F.,(3,1,3),(2,2),
(0.,1.,2.),(-0.07,0.),.UNSPECIFIED.);
#17=B_SPLINE_SURFACE_WITH_KNOTS('',2,1,((#13085,#13086),(#13087,#13088),
(#13089,#13090),(#13091,#13092)),.UNSPECIFIED.,.F.,.F.,.F.,(3,1,3),(2,2),
(0.,1.,2.),(-0.07,0.),.UNSPECIFIED.);
#18=B_SPLINE_SURFACE_WITH_KNOTS('',2,1,((#13094,#13095),(#13096,#13097),
(#13098,#13099),(#13100,#13101)),.UNSPECIFIED.,.F.,.F.,.F.,(3,1,3),(2,2),
(0.,1.,2.),(-0.07,0.),.UNSPECIFIED.);
#19=B_SPLINE_SURFACE_WITH_KNOTS('',2,1,((#13113,#13114),(#13115,#13116),
(#13117,#13118),(#13119,#13120)),.UNSPECIFIED.,.F.,.F.,.F.,(3,1,3),(2,2),
(0.,1.,2.),(-0.07,0.),.UNSPECIFIED.);
#20=B_SPLINE_SURFACE_WITH_KNOTS('',2,1,((#13122,#13123),(#13124,#13125),
(#13126,#13127),(#13128,#13129)),.UNSPECIFIED.,.F.,.F.,.F.,(3,1,3),(2,2),
(0.,1.,2.),(-0.07,0.),.UNSPECIFIED.);
#21=B_SPLINE_SURFACE_WITH_KNOTS('',2,1,((#13131,#13132),(#13133,#13134),
(#13135,#13136),(#13137,#13138)),.UNSPECIFIED.,.F.,.F.,.F.,(3,1,3),(2,2),
(0.,1.,2.),(-0.07,0.),.UNSPECIFIED.);
#22=B_SPLINE_SURFACE_WITH_KNOTS('',2,1,((#13146,#13147),(#13148,#13149),
(#13150,#13151),(#13152,#13153)),.UNSPECIFIED.,.F.,.F.,.F.,(3,1,3),(2,2),
(0.,1.,2.),(-0.07,0.),.UNSPECIFIED.);
#23=B_SPLINE_SURFACE_WITH_KNOTS('',2,1,((#13155,#13156),(#13157,#13158),
(#13159,#13160),(#13161,#13162)),.UNSPECIFIED.,.F.,.F.,.F.,(3,1,3),(2,2),
(0.,1.,2.),(-0.07,0.),.UNSPECIFIED.);
#24=B_SPLINE_SURFACE_WITH_KNOTS('',2,1,((#13164,#13165),(#13166,#13167),
(#13168,#13169),(#13170,#13171)),.UNSPECIFIED.,.F.,.F.,.F.,(3,1,3),(2,2),
(0.,1.,2.),(-0.07,0.),.UNSPECIFIED.);
#25=B_SPLINE_SURFACE_WITH_KNOTS('',2,1,((#13172,#13173),(#13174,#13175),
(#13176,#13177),(#13178,#13179)),.UNSPECIFIED.,.F.,.F.,.F.,(3,1,3),(2,2),
(0.,1.,2.),(-0.07,0.),.UNSPECIFIED.);
#26=B_SPLINE_SURFACE_WITH_KNOTS('',2,1,((#13194,#13195),(#13196,#13197),
(#13198,#13199),(#13200,#13201)),.UNSPECIFIED.,.F.,.F.,.F.,(3,1,3),(2,2),
(0.,1.,2.),(-0.07,0.),.UNSPECIFIED.);
#27=B_SPLINE_SURFACE_WITH_KNOTS('',2,1,((#13213,#13214),(#13215,#13216),
(#13217,#13218),(#13219,#13220)),.UNSPECIFIED.,.F.,.F.,.F.,(3,1,3),(2,2),
(0.,1.,2.),(-0.07,0.),.UNSPECIFIED.);
#28=B_SPLINE_SURFACE_WITH_KNOTS('',2,1,((#13232,#13233),(#13234,#13235),
(#13236,#13237),(#13238,#13239)),.UNSPECIFIED.,.F.,.F.,.F.,(3,1,3),(2,2),
(0.,1.,2.),(-0.07,0.),.UNSPECIFIED.);
#29=B_SPLINE_SURFACE_WITH_KNOTS('',2,1,((#13289,#13290),(#13291,#13292),
(#13293,#13294),(#13295,#13296)),.UNSPECIFIED.,.F.,.F.,.F.,(3,1,3),(2,2),
(0.,1.,2.),(-0.07,0.),.UNSPECIFIED.);
#30=B_SPLINE_SURFACE_WITH_KNOTS('',2,1,((#13299,#13300),(#13301,#13302),
(#13303,#13304),(#13305,#13306)),.UNSPECIFIED.,.F.,.F.,.F.,(3,1,3),(2,2),
(0.,1.,2.),(-0.07,0.),.UNSPECIFIED.);
#31=B_SPLINE_SURFACE_WITH_KNOTS('',2,1,((#13308,#13309),(#13310,#13311),
(#13312,#13313),(#13314,#13315)),.UNSPECIFIED.,.F.,.F.,.F.,(3,1,3),(2,2),
(0.,1.,2.),(-0.07,0.),.UNSPECIFIED.);
#32=B_SPLINE_SURFACE_WITH_KNOTS('',2,1,((#13317,#13318),(#13319,#13320),
(#13321,#13322),(#13323,#13324)),.UNSPECIFIED.,.F.,.F.,.F.,(3,1,3),(2,2),
(0.,1.,2.),(-0.07,0.),.UNSPECIFIED.);
#33=B_SPLINE_SURFACE_WITH_KNOTS('',2,1,((#13326,#13327),(#13328,#13329),
(#13330,#13331),(#13332,#13333)),.UNSPECIFIED.,.F.,.F.,.F.,(3,1,3),(2,2),
(0.,1.,2.),(-0.07,0.),.UNSPECIFIED.);
#34=B_SPLINE_SURFACE_WITH_KNOTS('',2,1,((#13335,#13336),(#13337,#13338),
(#13339,#13340),(#13341,#13342)),.UNSPECIFIED.,.F.,.F.,.F.,(3,1,3),(2,2),
(0.,1.,2.),(-0.07,0.),.UNSPECIFIED.);
#35=B_SPLINE_SURFACE_WITH_KNOTS('',2,1,((#13344,#13345),(#13346,#13347),
(#13348,#13349),(#13350,#13351)),.UNSPECIFIED.,.F.,.F.,.F.,(3,1,3),(2,2),
(0.,1.,2.),(-0.07,0.),.UNSPECIFIED.);
#36=B_SPLINE_SURFACE_WITH_KNOTS('',2,1,((#13353,#13354),(#13355,#13356),
(#13357,#13358),(#13359,#13360)),.UNSPECIFIED.,.F.,.F.,.F.,(3,1,3),(2,2),
(0.,1.,2.),(-0.07,0.),.UNSPECIFIED.);
#37=B_SPLINE_SURFACE_WITH_KNOTS('',2,1,((#13447,#13448),(#13449,#13450),
(#13451,#13452),(#13453,#13454)),.UNSPECIFIED.,.F.,.F.,.F.,(3,1,3),(2,2),
(0.,1.,2.),(-0.07,0.),.UNSPECIFIED.);
#38=B_SPLINE_SURFACE_WITH_KNOTS('',2,1,((#13456,#13457),(#13458,#13459),
(#13460,#13461),(#13462,#13463)),.UNSPECIFIED.,.F.,.F.,.F.,(3,1,3),(2,2),
(0.,1.,2.),(-0.07,0.),.UNSPECIFIED.);
#39=B_SPLINE_SURFACE_WITH_KNOTS('',2,1,((#13487,#13488),(#13489,#13490),
(#13491,#13492),(#13493,#13494)),.UNSPECIFIED.,.F.,.F.,.F.,(3,1,3),(2,2),
(0.,1.,2.),(-0.07,0.),.UNSPECIFIED.);
#40=B_SPLINE_SURFACE_WITH_KNOTS('',2,1,((#13496,#13497),(#13498,#13499),
(#13500,#13501),(#13502,#13503)),.UNSPECIFIED.,.F.,.F.,.F.,(3,1,3),(2,2),
(0.,1.,2.),(-0.07,0.),.UNSPECIFIED.);
#41=B_SPLINE_SURFACE_WITH_KNOTS('',2,1,((#13603,#13604),(#13605,#13606),
(#13607,#13608),(#13609,#13610)),.UNSPECIFIED.,.F.,.F.,.F.,(3,1,3),(2,2),
(0.,1.,2.),(-0.07,0.),.UNSPECIFIED.);
#42=B_SPLINE_SURFACE_WITH_KNOTS('',2,1,((#13613,#13614),(#13615,#13616),
(#13617,#13618),(#13619,#13620)),.UNSPECIFIED.,.F.,.F.,.F.,(3,1,3),(2,2),
(0.,1.,2.),(-0.07,0.),.UNSPECIFIED.);
#43=B_SPLINE_SURFACE_WITH_KNOTS('',2,1,((#13622,#13623),(#13624,#13625),
(#13626,#13627),(#13628,#13629)),.UNSPECIFIED.,.F.,.F.,.F.,(3,1,3),(2,2),
(0.,1.,2.),(-0.07,0.),.UNSPECIFIED.);
#44=B_SPLINE_SURFACE_WITH_KNOTS('',2,1,((#13631,#13632),(#13633,#13634),
(#13635,#13636),(#13637,#13638)),.UNSPECIFIED.,.F.,.F.,.F.,(3,1,3),(2,2),
(0.,1.,2.),(-0.07,0.),.UNSPECIFIED.);
#45=B_SPLINE_SURFACE_WITH_KNOTS('',2,1,((#13652,#13653),(#13654,#13655),
(#13656,#13657),(#13658,#13659)),.UNSPECIFIED.,.F.,.F.,.F.,(3,1,3),(2,2),
(0.,1.,2.),(-0.07,0.),.UNSPECIFIED.);
#46=B_SPLINE_SURFACE_WITH_KNOTS('',2,1,((#13661,#13662),(#13663,#13664),
(#13665,#13666),(#13667,#13668)),.UNSPECIFIED.,.F.,.F.,.F.,(3,1,3),(2,2),
(0.,1.,2.),(-0.07,0.),.UNSPECIFIED.);
#47=B_SPLINE_SURFACE_WITH_KNOTS('',2,1,((#13670,#13671),(#13672,#13673),
(#13674,#13675),(#13676,#13677)),.UNSPECIFIED.,.F.,.F.,.F.,(3,1,3),(2,2),
(0.,1.,2.),(-0.07,0.),.UNSPECIFIED.);
#48=B_SPLINE_SURFACE_WITH_KNOTS('',2,1,((#13679,#13680),(#13681,#13682),
(#13683,#13684),(#13685,#13686)),.UNSPECIFIED.,.F.,.F.,.F.,(3,1,3),(2,2),
(0.,1.,2.),(-0.07,0.),.UNSPECIFIED.);
#49=B_SPLINE_SURFACE_WITH_KNOTS('',2,1,((#13688,#13689),(#13690,#13691),
(#13692,#13693),(#13694,#13695)),.UNSPECIFIED.,.F.,.F.,.F.,(3,1,3),(2,2),
(0.,1.,2.),(-0.07,0.),.UNSPECIFIED.);
#50=B_SPLINE_SURFACE_WITH_KNOTS('',2,1,((#13697,#13698),(#13699,#13700),
(#13701,#13702),(#13703,#13704)),.UNSPECIFIED.,.F.,.F.,.F.,(3,1,3),(2,2),
(0.,1.,2.),(-0.07,0.),.UNSPECIFIED.);
#51=B_SPLINE_SURFACE_WITH_KNOTS('',2,1,((#13706,#13707),(#13708,#13709),
(#13710,#13711),(#13712,#13713)),.UNSPECIFIED.,.F.,.F.,.F.,(3,1,3),(2,2),
(0.,1.,2.),(-0.07,0.),.UNSPECIFIED.);
#52=B_SPLINE_SURFACE_WITH_KNOTS('',2,1,((#13719,#13720),(#13721,#13722),
(#13723,#13724),(#13725,#13726)),.UNSPECIFIED.,.F.,.F.,.F.,(3,1,3),(2,2),
(0.,1.,2.),(-0.07,0.),.UNSPECIFIED.);
#53=B_SPLINE_SURFACE_WITH_KNOTS('',2,1,((#13728,#13729),(#13730,#13731),
(#13732,#13733),(#13734,#13735)),.UNSPECIFIED.,.F.,.F.,.F.,(3,1,3),(2,2),
(0.,1.,2.),(-0.07,0.),.UNSPECIFIED.);
#54=B_SPLINE_SURFACE_WITH_KNOTS('',2,1,((#13821,#13822),(#13823,#13824),
(#13825,#13826),(#13827,#13828)),.UNSPECIFIED.,.F.,.F.,.F.,(3,1,3),(2,2),
(0.,1.,2.),(-0.07,0.),.UNSPECIFIED.);
#55=B_SPLINE_SURFACE_WITH_KNOTS('',2,1,((#13830,#13831),(#13832,#13833),
(#13834,#13835),(#13836,#13837)),.UNSPECIFIED.,.F.,.F.,.F.,(3,1,3),(2,2),
(0.,1.,2.),(-0.07,0.),.UNSPECIFIED.);
#56=B_SPLINE_SURFACE_WITH_KNOTS('',2,1,((#13839,#13840),(#13841,#13842),
(#13843,#13844),(#13845,#13846)),.UNSPECIFIED.,.F.,.F.,.F.,(3,1,3),(2,2),
(0.,1.,2.),(-0.07,0.),.UNSPECIFIED.);
#57=B_SPLINE_SURFACE_WITH_KNOTS('',2,1,((#13848,#13849),(#13850,#13851),
(#13852,#13853),(#13854,#13855)),.UNSPECIFIED.,.F.,.F.,.F.,(3,1,3),(2,2),
(0.,1.,2.),(-0.07,0.),.UNSPECIFIED.);
#58=B_SPLINE_SURFACE_WITH_KNOTS('',2,1,((#13857,#13858),(#13859,#13860),
(#13861,#13862),(#13863,#13864)),.UNSPECIFIED.,.F.,.F.,.F.,(3,1,3),(2,2),
(0.,1.,2.),(-0.07,0.),.UNSPECIFIED.);
#59=B_SPLINE_SURFACE_WITH_KNOTS('',2,1,((#13876,#13877),(#13878,#13879),
(#13880,#13881),(#13882,#13883)),.UNSPECIFIED.,.F.,.F.,.F.,(3,1,3),(2,2),
(0.,1.,2.),(-0.07,0.),.UNSPECIFIED.);
#60=B_SPLINE_SURFACE_WITH_KNOTS('',2,1,((#13885,#13886),(#13887,#13888),
(#13889,#13890),(#13891,#13892)),.UNSPECIFIED.,.F.,.F.,.F.,(3,1,3),(2,2),
(0.,1.,2.),(-0.07,0.),.UNSPECIFIED.);
#61=B_SPLINE_SURFACE_WITH_KNOTS('',2,1,((#13894,#13895),(#13896,#13897),
(#13898,#13899),(#13900,#13901)),.UNSPECIFIED.,.F.,.F.,.F.,(3,1,3),(2,2),
(0.,1.,2.),(-0.07,0.),.UNSPECIFIED.);
#62=B_SPLINE_SURFACE_WITH_KNOTS('',2,1,((#13909,#13910),(#13911,#13912),
(#13913,#13914),(#13915,#13916)),.UNSPECIFIED.,.F.,.F.,.F.,(3,1,3),(2,2),
(0.,1.,2.),(-0.07,0.),.UNSPECIFIED.);
#63=B_SPLINE_SURFACE_WITH_KNOTS('',2,1,((#13918,#13919),(#13920,#13921),
(#13922,#13923),(#13924,#13925)),.UNSPECIFIED.,.F.,.F.,.F.,(3,1,3),(2,2),
(0.,1.,2.),(-0.07,0.),.UNSPECIFIED.);
#64=B_SPLINE_SURFACE_WITH_KNOTS('',2,1,((#13927,#13928),(#13929,#13930),
(#13931,#13932),(#13933,#13934)),.UNSPECIFIED.,.F.,.F.,.F.,(3,1,3),(2,2),
(0.,1.,2.),(-0.07,0.),.UNSPECIFIED.);
#65=B_SPLINE_SURFACE_WITH_KNOTS('',2,1,((#14014,#14015),(#14016,#14017),
(#14018,#14019),(#14020,#14021)),.UNSPECIFIED.,.F.,.F.,.F.,(3,1,3),(2,2),
(0.,1.,2.),(-0.07,0.),.UNSPECIFIED.);
#66=B_SPLINE_SURFACE_WITH_KNOTS('',2,1,((#14024,#14025),(#14026,#14027),
(#14028,#14029),(#14030,#14031)),.UNSPECIFIED.,.F.,.F.,.F.,(3,1,3),(2,2),
(0.,1.,2.),(-0.07,0.),.UNSPECIFIED.);
#67=B_SPLINE_SURFACE_WITH_KNOTS('',2,1,((#14033,#14034),(#14035,#14036),
(#14037,#14038),(#14039,#14040)),.UNSPECIFIED.,.F.,.F.,.F.,(3,1,3),(2,2),
(0.,1.,2.),(-0.07,0.),.UNSPECIFIED.);
#68=B_SPLINE_SURFACE_WITH_KNOTS('',2,1,((#14046,#14047),(#14048,#14049),
(#14050,#14051),(#14052,#14053)),.UNSPECIFIED.,.F.,.F.,.F.,(3,1,3),(2,2),
(0.,1.,2.),(-0.07,0.),.UNSPECIFIED.);
#69=B_SPLINE_SURFACE_WITH_KNOTS('',2,1,((#14055,#14056),(#14057,#14058),
(#14059,#14060),(#14061,#14062)),.UNSPECIFIED.,.F.,.F.,.F.,(3,1,3),(2,2),
(0.,1.,2.),(-0.07,0.),.UNSPECIFIED.);
#70=B_SPLINE_SURFACE_WITH_KNOTS('',2,1,((#14064,#14065),(#14066,#14067),
(#14068,#14069),(#14070,#14071)),.UNSPECIFIED.,.F.,.F.,.F.,(3,1,3),(2,2),
(0.,1.,2.),(-0.07,0.),.UNSPECIFIED.);
#71=B_SPLINE_SURFACE_WITH_KNOTS('',2,1,((#14073,#14074),(#14075,#14076),
(#14077,#14078),(#14079,#14080)),.UNSPECIFIED.,.F.,.F.,.F.,(3,1,3),(2,2),
(0.,1.,2.),(-0.07,0.),.UNSPECIFIED.);
#72=B_SPLINE_SURFACE_WITH_KNOTS('',2,1,((#14082,#14083),(#14084,#14085),
(#14086,#14087),(#14088,#14089)),.UNSPECIFIED.,.F.,.F.,.F.,(3,1,3),(2,2),
(0.,1.,2.),(-0.07,0.),.UNSPECIFIED.);
#73=B_SPLINE_SURFACE_WITH_KNOTS('',2,1,((#14091,#14092),(#14093,#14094),
(#14095,#14096),(#14097,#14098)),.UNSPECIFIED.,.F.,.F.,.F.,(3,1,3),(2,2),
(0.,1.,2.),(-0.07,0.),.UNSPECIFIED.);
#74=B_SPLINE_SURFACE_WITH_KNOTS('',2,1,((#14100,#14101),(#14102,#14103),
(#14104,#14105),(#14106,#14107)),.UNSPECIFIED.,.F.,.F.,.F.,(3,1,3),(2,2),
(0.,1.,2.),(-0.07,0.),.UNSPECIFIED.);
#75=B_SPLINE_SURFACE_WITH_KNOTS('',2,1,((#14109,#14110),(#14111,#14112),
(#14113,#14114),(#14115,#14116)),.UNSPECIFIED.,.F.,.F.,.F.,(3,1,3),(2,2),
(0.,1.,2.),(-0.07,0.),.UNSPECIFIED.);
#76=B_SPLINE_SURFACE_WITH_KNOTS('',2,1,((#14122,#14123),(#14124,#14125),
(#14126,#14127),(#14128,#14129)),.UNSPECIFIED.,.F.,.F.,.F.,(3,1,3),(2,2),
(0.,1.,2.),(-0.07,0.),.UNSPECIFIED.);
#77=B_SPLINE_SURFACE_WITH_KNOTS('',2,1,((#14131,#14132),(#14133,#14134),
(#14135,#14136),(#14137,#14138)),.UNSPECIFIED.,.F.,.F.,.F.,(3,1,3),(2,2),
(0.,1.,2.),(-0.07,0.),.UNSPECIFIED.);
#78=B_SPLINE_SURFACE_WITH_KNOTS('',2,1,((#14140,#14141),(#14142,#14143),
(#14144,#14145),(#14146,#14147)),.UNSPECIFIED.,.F.,.F.,.F.,(3,1,3),(2,2),
(0.,1.,2.),(-0.07,0.),.UNSPECIFIED.);
#79=B_SPLINE_SURFACE_WITH_KNOTS('',2,1,((#14195,#14196),(#14197,#14198),
(#14199,#14200),(#14201,#14202)),.UNSPECIFIED.,.F.,.F.,.F.,(3,1,3),(2,2),
(0.,1.,2.),(-0.07,0.),.UNSPECIFIED.);
#80=B_SPLINE_SURFACE_WITH_KNOTS('',2,1,((#14204,#14205),(#14206,#14207),
(#14208,#14209),(#14210,#14211)),.UNSPECIFIED.,.F.,.F.,.F.,(3,1,3),(2,2),
(0.,1.,2.),(-0.07,0.),.UNSPECIFIED.);
#81=B_SPLINE_SURFACE_WITH_KNOTS('',2,1,((#14223,#14224),(#14225,#14226),
(#14227,#14228),(#14229,#14230)),.UNSPECIFIED.,.F.,.F.,.F.,(3,1,3),(2,2),
(0.,1.,2.),(-0.07,0.),.UNSPECIFIED.);
#82=B_SPLINE_SURFACE_WITH_KNOTS('',2,1,((#14232,#14233),(#14234,#14235),
(#14236,#14237),(#14238,#14239)),.UNSPECIFIED.,.F.,.F.,.F.,(3,1,3),(2,2),
(0.,1.,2.),(-0.07,0.),.UNSPECIFIED.);
#83=B_SPLINE_SURFACE_WITH_KNOTS('',2,1,((#14241,#14242),(#14243,#14244),
(#14245,#14246),(#14247,#14248)),.UNSPECIFIED.,.F.,.F.,.F.,(3,1,3),(2,2),
(0.,1.,2.),(-0.07,0.),.UNSPECIFIED.);
#84=B_SPLINE_SURFACE_WITH_KNOTS('',2,1,((#14251,#14252),(#14253,#14254),
(#14255,#14256),(#14257,#14258)),.UNSPECIFIED.,.F.,.F.,.F.,(3,1,3),(2,2),
(0.,1.,2.),(-0.07,0.),.UNSPECIFIED.);
#85=B_SPLINE_SURFACE_WITH_KNOTS('',2,1,((#14273,#14274),(#14275,#14276),
(#14277,#14278),(#14279,#14280)),.UNSPECIFIED.,.F.,.F.,.F.,(3,1,3),(2,2),
(0.,1.,2.),(-0.07,0.),.UNSPECIFIED.);
#86=B_SPLINE_SURFACE_WITH_KNOTS('',2,1,((#14349,#14350),(#14351,#14352),
(#14353,#14354),(#14355,#14356)),.UNSPECIFIED.,.F.,.F.,.F.,(3,1,3),(2,2),
(0.,1.,2.),(-0.07,0.),.UNSPECIFIED.);
#87=B_SPLINE_SURFACE_WITH_KNOTS('',2,1,((#14359,#14360),(#14361,#14362),
(#14363,#14364),(#14365,#14366)),.UNSPECIFIED.,.F.,.F.,.F.,(3,1,3),(2,2),
(0.,1.,2.),(-0.07,0.),.UNSPECIFIED.);
#88=B_SPLINE_SURFACE_WITH_KNOTS('',2,1,((#14368,#14369),(#14370,#14371),
(#14372,#14373),(#14374,#14375)),.UNSPECIFIED.,.F.,.F.,.F.,(3,1,3),(2,2),
(0.,1.,2.),(-0.07,0.),.UNSPECIFIED.);
#89=B_SPLINE_SURFACE_WITH_KNOTS('',2,1,((#14381,#14382),(#14383,#14384),
(#14385,#14386),(#14387,#14388)),.UNSPECIFIED.,.F.,.F.,.F.,(3,1,3),(2,2),
(0.,1.,2.),(-0.07,0.),.UNSPECIFIED.);
#90=B_SPLINE_SURFACE_WITH_KNOTS('',2,1,((#14390,#14391),(#14392,#14393),
(#14394,#14395),(#14396,#14397)),.UNSPECIFIED.,.F.,.F.,.F.,(3,1,3),(2,2),
(0.,1.,2.),(-0.07,0.),.UNSPECIFIED.);
#91=B_SPLINE_SURFACE_WITH_KNOTS('',2,1,((#14399,#14400),(#14401,#14402),
(#14403,#14404),(#14405,#14406)),.UNSPECIFIED.,.F.,.F.,.F.,(3,1,3),(2,2),
(0.,1.,2.),(-0.07,0.),.UNSPECIFIED.);
#92=B_SPLINE_SURFACE_WITH_KNOTS('',2,1,((#14408,#14409),(#14410,#14411),
(#14412,#14413),(#14414,#14415)),.UNSPECIFIED.,.F.,.F.,.F.,(3,1,3),(2,2),
(0.,1.,2.),(-0.07,0.),.UNSPECIFIED.);
#93=B_SPLINE_SURFACE_WITH_KNOTS('',2,1,((#14421,#14422),(#14423,#14424),
(#14425,#14426),(#14427,#14428)),.UNSPECIFIED.,.F.,.F.,.F.,(3,1,3),(2,2),
(0.,1.,2.),(-0.07,0.),.UNSPECIFIED.);
#94=B_SPLINE_SURFACE_WITH_KNOTS('',2,1,((#14430,#14431),(#14432,#14433),
(#14434,#14435),(#14436,#14437)),.UNSPECIFIED.,.F.,.F.,.F.,(3,1,3),(2,2),
(0.,1.,2.),(-0.07,0.),.UNSPECIFIED.);
#95=B_SPLINE_SURFACE_WITH_KNOTS('',2,1,((#14438,#14439),(#14440,#14441),
(#14442,#14443),(#14444,#14445)),.UNSPECIFIED.,.F.,.F.,.F.,(3,1,3),(2,2),
(0.,1.,2.),(-0.07,0.),.UNSPECIFIED.);
#96=B_SPLINE_SURFACE_WITH_KNOTS('',2,1,((#14460,#14461),(#14462,#14463),
(#14464,#14465),(#14466,#14467)),.UNSPECIFIED.,.F.,.F.,.F.,(3,1,3),(2,2),
(0.,1.,2.),(-0.07,0.),.UNSPECIFIED.);
#97=B_SPLINE_SURFACE_WITH_KNOTS('',2,1,((#14485,#14486),(#14487,#14488),
(#14489,#14490),(#14491,#14492)),.UNSPECIFIED.,.F.,.F.,.F.,(3,1,3),(2,2),
(0.,1.,2.),(-0.07,0.),.UNSPECIFIED.);
#98=B_SPLINE_SURFACE_WITH_KNOTS('',2,1,((#14504,#14505),(#14506,#14507),
(#14508,#14509),(#14510,#14511)),.UNSPECIFIED.,.F.,.F.,.F.,(3,1,3),(2,2),
(0.,1.,2.),(-0.07,0.),.UNSPECIFIED.);
#99=B_SPLINE_SURFACE_WITH_KNOTS('',2,1,((#14551,#14552),(#14553,#14554),
(#14555,#14556),(#14557,#14558)),.UNSPECIFIED.,.F.,.F.,.F.,(3,1,3),(2,2),
(0.,1.,2.),(-0.07,0.),.UNSPECIFIED.);
#100=B_SPLINE_SURFACE_WITH_KNOTS('',2,1,((#14561,#14562),(#14563,#14564),
(#14565,#14566),(#14567,#14568)),.UNSPECIFIED.,.F.,.F.,.F.,(3,1,3),(2,2),
(0.,1.,2.),(-0.07,0.),.UNSPECIFIED.);
#101=B_SPLINE_SURFACE_WITH_KNOTS('',2,1,((#14570,#14571),(#14572,#14573),
(#14574,#14575),(#14576,#14577)),.UNSPECIFIED.,.F.,.F.,.F.,(3,1,3),(2,2),
(0.,1.,2.),(-0.07,0.),.UNSPECIFIED.);
#102=B_SPLINE_SURFACE_WITH_KNOTS('',2,1,((#14589,#14590),(#14591,#14592),
(#14593,#14594),(#14595,#14596)),.UNSPECIFIED.,.F.,.F.,.F.,(3,1,3),(2,2),
(0.,1.,2.),(-0.07,0.),.UNSPECIFIED.);
#103=B_SPLINE_SURFACE_WITH_KNOTS('',2,1,((#14597,#14598),(#14599,#14600),
(#14601,#14602),(#14603,#14604)),.UNSPECIFIED.,.F.,.F.,.F.,(3,1,3),(2,2),
(0.,1.,2.),(-0.07,0.),.UNSPECIFIED.);
#104=B_SPLINE_SURFACE_WITH_KNOTS('',2,1,((#14619,#14620),(#14621,#14622),
(#14623,#14624),(#14625,#14626)),.UNSPECIFIED.,.F.,.F.,.F.,(3,1,3),(2,2),
(0.,1.,2.),(-0.07,0.),.UNSPECIFIED.);
#105=B_SPLINE_SURFACE_WITH_KNOTS('',2,1,((#14638,#14639),(#14640,#14641),
(#14642,#14643),(#14644,#14645)),.UNSPECIFIED.,.F.,.F.,.F.,(3,1,3),(2,2),
(0.,1.,2.),(-0.07,0.),.UNSPECIFIED.);
#106=B_SPLINE_SURFACE_WITH_KNOTS('',2,1,((#14657,#14658),(#14659,#14660),
(#14661,#14662),(#14663,#14664)),.UNSPECIFIED.,.F.,.F.,.F.,(3,1,3),(2,2),
(0.,1.,2.),(-0.07,0.),.UNSPECIFIED.);
#107=B_SPLINE_SURFACE_WITH_KNOTS('',2,1,((#14676,#14677),(#14678,#14679),
(#14680,#14681),(#14682,#14683)),.UNSPECIFIED.,.F.,.F.,.F.,(3,1,3),(2,2),
(0.,1.,2.),(-0.07,0.),.UNSPECIFIED.);
#108=B_SPLINE_SURFACE_WITH_KNOTS('',2,1,((#14695,#14696),(#14697,#14698),
(#14699,#14700),(#14701,#14702)),.UNSPECIFIED.,.F.,.F.,.F.,(3,1,3),(2,2),
(0.,1.,2.),(-0.07,0.),.UNSPECIFIED.);
#109=B_SPLINE_SURFACE_WITH_KNOTS('',2,1,((#14714,#14715),(#14716,#14717),
(#14718,#14719),(#14720,#14721)),.UNSPECIFIED.,.F.,.F.,.F.,(3,1,3),(2,2),
(0.,1.,2.),(-0.07,0.),.UNSPECIFIED.);
#110=B_SPLINE_SURFACE_WITH_KNOTS('',2,1,((#14733,#14734),(#14735,#14736),
(#14737,#14738),(#14739,#14740)),.UNSPECIFIED.,.F.,.F.,.F.,(3,1,3),(2,2),
(0.,1.,2.),(-0.07,0.),.UNSPECIFIED.);
#111=B_SPLINE_SURFACE_WITH_KNOTS('',2,1,((#14770,#14771),(#14772,#14773),
(#14774,#14775),(#14776,#14777)),.UNSPECIFIED.,.F.,.F.,.F.,(3,1,3),(2,2),
(0.,1.,2.),(-0.07,0.),.UNSPECIFIED.);
#112=B_SPLINE_SURFACE_WITH_KNOTS('',2,1,((#14780,#14781),(#14782,#14783),
(#14784,#14785),(#14786,#14787)),.UNSPECIFIED.,.F.,.F.,.F.,(3,1,3),(2,2),
(0.,1.,2.),(-0.07,0.),.UNSPECIFIED.);
#113=B_SPLINE_SURFACE_WITH_KNOTS('',2,1,((#14789,#14790),(#14791,#14792),
(#14793,#14794),(#14795,#14796)),.UNSPECIFIED.,.F.,.F.,.F.,(3,1,3),(2,2),
(0.,1.,2.),(-0.07,0.),.UNSPECIFIED.);
#114=B_SPLINE_SURFACE_WITH_KNOTS('',2,1,((#14798,#14799),(#14800,#14801),
(#14802,#14803),(#14804,#14805)),.UNSPECIFIED.,.F.,.F.,.F.,(3,1,3),(2,2),
(0.,1.,2.),(-0.07,0.),.UNSPECIFIED.);
#115=B_SPLINE_SURFACE_WITH_KNOTS('',2,1,((#14839,#14840),(#14841,#14842),
(#14843,#14844),(#14845,#14846)),.UNSPECIFIED.,.F.,.F.,.F.,(3,1,3),(2,2),
(0.,1.,2.),(-0.07,0.),.UNSPECIFIED.);
#116=B_SPLINE_SURFACE_WITH_KNOTS('',2,1,((#14849,#14850),(#14851,#14852),
(#14853,#14854),(#14855,#14856)),.UNSPECIFIED.,.F.,.F.,.F.,(3,1,3),(2,2),
(0.,1.,2.),(-0.07,0.),.UNSPECIFIED.);
#117=B_SPLINE_SURFACE_WITH_KNOTS('',2,1,((#14864,#14865),(#14866,#14867),
(#14868,#14869),(#14870,#14871)),.UNSPECIFIED.,.F.,.F.,.F.,(3,1,3),(2,2),
(0.,1.,2.),(-0.07,0.),.UNSPECIFIED.);
#118=B_SPLINE_SURFACE_WITH_KNOTS('',2,1,((#14873,#14874),(#14875,#14876),
(#14877,#14878),(#14879,#14880)),.UNSPECIFIED.,.F.,.F.,.F.,(3,1,3),(2,2),
(0.,1.,2.),(-0.07,0.),.UNSPECIFIED.);
#119=B_SPLINE_SURFACE_WITH_KNOTS('',2,1,((#14952,#14953),(#14954,#14955),
(#14956,#14957),(#14958,#14959)),.UNSPECIFIED.,.F.,.F.,.F.,(3,1,3),(2,2),
(0.,1.,2.),(-0.07,0.),.UNSPECIFIED.);
#120=B_SPLINE_SURFACE_WITH_KNOTS('',2,1,((#14961,#14962),(#14963,#14964),
(#14965,#14966),(#14967,#14968)),.UNSPECIFIED.,.F.,.F.,.F.,(3,1,3),(2,2),
(0.,1.,2.),(-0.07,0.),.UNSPECIFIED.);
#121=B_SPLINE_SURFACE_WITH_KNOTS('',2,1,((#14970,#14971),(#14972,#14973),
(#14974,#14975),(#14976,#14977)),.UNSPECIFIED.,.F.,.F.,.F.,(3,1,3),(2,2),
(0.,1.,2.),(-0.07,0.),.UNSPECIFIED.);
#122=B_SPLINE_SURFACE_WITH_KNOTS('',2,1,((#14979,#14980),(#14981,#14982),
(#14983,#14984),(#14985,#14986)),.UNSPECIFIED.,.F.,.F.,.F.,(3,1,3),(2,2),
(0.,1.,2.),(-0.07,0.),.UNSPECIFIED.);
#123=B_SPLINE_SURFACE_WITH_KNOTS('',2,1,((#14992,#14993),(#14994,#14995),
(#14996,#14997),(#14998,#14999)),.UNSPECIFIED.,.F.,.F.,.F.,(3,1,3),(2,2),
(0.,1.,2.),(-0.07,0.),.UNSPECIFIED.);
#124=B_SPLINE_SURFACE_WITH_KNOTS('',2,1,((#15001,#15002),(#15003,#15004),
(#15005,#15006),(#15007,#15008)),.UNSPECIFIED.,.F.,.F.,.F.,(3,1,3),(2,2),
(0.,1.,2.),(-0.07,0.),.UNSPECIFIED.);
#125=B_SPLINE_SURFACE_WITH_KNOTS('',2,1,((#15010,#15011),(#15012,#15013),
(#15014,#15015),(#15016,#15017)),.UNSPECIFIED.,.F.,.F.,.F.,(3,1,3),(2,2),
(0.,1.,2.),(-0.07,0.),.UNSPECIFIED.);
#126=B_SPLINE_SURFACE_WITH_KNOTS('',2,1,((#15019,#15020),(#15021,#15022),
(#15023,#15024),(#15025,#15026)),.UNSPECIFIED.,.F.,.F.,.F.,(3,1,3),(2,2),
(0.,1.,2.),(-0.07,0.),.UNSPECIFIED.);
#127=B_SPLINE_SURFACE_WITH_KNOTS('',2,1,((#15028,#15029),(#15030,#15031),
(#15032,#15033),(#15034,#15035)),.UNSPECIFIED.,.F.,.F.,.F.,(3,1,3),(2,2),
(0.,1.,2.),(-0.07,0.),.UNSPECIFIED.);
#128=B_SPLINE_SURFACE_WITH_KNOTS('',3,3,((#15054,#15055,#15056,#15057,#15058,
#15059,#15060,#15061,#15062,#15063,#15064,#15065,#15066,#15067,#15068,#15069,
#15070,#15071,#15072,#15073,#15074,#15075,#15076,#15077,#15078,#15079,#15080,
#15081,#15082),(#15083,#15084,#15085,#15086,#15087,#15088,#15089,#15090,
#15091,#15092,#15093,#15094,#15095,#15096,#15097,#15098,#15099,#15100,#15101,
#15102,#15103,#15104,#15105,#15106,#15107,#15108,#15109,#15110,#15111),
(#15112,#15113,#15114,#15115,#15116,#15117,#15118,#15119,#15120,#15121,
#15122,#15123,#15124,#15125,#15126,#15127,#15128,#15129,#15130,#15131,#15132,
#15133,#15134,#15135,#15136,#15137,#15138,#15139,#15140),(#15141,#15142,
#15143,#15144,#15145,#15146,#15147,#15148,#15149,#15150,#15151,#15152,#15153,
#15154,#15155,#15156,#15157,#15158,#15159,#15160,#15161,#15162,#15163,#15164,
#15165,#15166,#15167,#15168,#15169)),.UNSPECIFIED.,.F.,.F.,.F.,(4,4),(4,
1,1,1,1,1,1,1,1,1,1,1,1,1,1,1,1,1,1,1,1,1,1,1,1,1,4),(0.,0.0989949493661187),
(0.,0.483321946706122,0.966643893412244,1.44996584011837,1.93328778682449,
2.41660973353061,2.89993168023673,3.38325362694285,3.86657557364898,4.3498975203551,
4.83321946706122,5.31654141376734,5.79986336047346,6.28318530717959,6.76650725388571,
7.24982920059183,7.73315114729795,8.21647309400407,8.6997950407102,9.18311698741632,
9.66643893412244,10.1497608808286,10.6330828275347,11.1164047742408,11.5997267209469,
12.083048667653,12.5663706143592),.UNSPECIFIED.);
#129=B_SPLINE_SURFACE_WITH_KNOTS('',3,3,((#15205,#15206,#15207,#15208,#15209,
#15210,#15211,#15212,#15213,#15214,#15215,#15216,#15217,#15218,#15219,#15220,
#15221,#15222,#15223,#15224,#15225,#15226,#15227,#15228,#15229,#15230,#15231,
#15232,#15233),(#15234,#15235,#15236,#15237,#15238,#15239,#15240,#15241,
#15242,#15243,#15244,#15245,#15246,#15247,#15248,#15249,#15250,#15251,#15252,
#15253,#15254,#15255,#15256,#15257,#15258,#15259,#15260,#15261,#15262),
(#15263,#15264,#15265,#15266,#15267,#15268,#15269,#15270,#15271,#15272,
#15273,#15274,#15275,#15276,#15277,#15278,#15279,#15280,#15281,#15282,#15283,
#15284,#15285,#15286,#15287,#15288,#15289,#15290,#15291),(#15292,#15293,
#15294,#15295,#15296,#15297,#15298,#15299,#15300,#15301,#15302,#15303,#15304,
#15305,#15306,#15307,#15308,#15309,#15310,#15311,#15312,#15313,#15314,#15315,
#15316,#15317,#15318,#15319,#15320)),.UNSPECIFIED.,.F.,.F.,.F.,(4,4),(4,
1,1,1,1,1,1,1,1,1,1,1,1,1,1,1,1,1,1,1,1,1,1,1,1,1,4),(0.,0.0989949493661187),
(0.,0.483321946706122,0.966643893412244,1.44996584011837,1.93328778682449,
2.41660973353061,2.89993168023673,3.38325362694285,3.86657557364898,4.3498975203551,
4.83321946706122,5.31654141376734,5.79986336047346,6.28318530717959,6.76650725388571,
7.24982920059183,7.73315114729795,8.21647309400407,8.6997950407102,9.18311698741632,
9.66643893412244,10.1497608808286,10.6330828275347,11.1164047742408,11.5997267209469,
12.083048667653,12.5663706143592),.UNSPECIFIED.);
#130=FACE_BOUND('',#1098,.T.);
#131=FACE_BOUND('',#1101,.T.);
#132=FACE_BOUND('',#1214,.T.);
#133=FACE_BOUND('',#1215,.T.);
#134=FACE_BOUND('',#1216,.T.);
#135=FACE_BOUND('',#1217,.T.);
#136=FACE_BOUND('',#1218,.T.);
#137=FACE_BOUND('',#1219,.T.);
#138=FACE_BOUND('',#1220,.T.);
#139=FACE_BOUND('',#1316,.T.);
#140=FACE_BOUND('',#1317,.T.);
#141=FACE_BOUND('',#1318,.T.);
#142=FACE_BOUND('',#1319,.T.);
#143=FACE_BOUND('',#1320,.T.);
#144=FACE_BOUND('',#1321,.T.);
#145=FACE_BOUND('',#1322,.T.);
#146=FACE_BOUND('',#1323,.T.);
#147=FACE_BOUND('',#1370,.T.);
#148=FACE_BOUND('',#1494,.T.);
#149=FACE_BOUND('',#1514,.T.);
#150=FACE_BOUND('',#1533,.T.);
#151=FACE_BOUND('',#1578,.T.);
#152=PLANE('',#8739);
#153=PLANE('',#8776);
#154=PLANE('',#8811);
#155=PLANE('',#8812);
#156=PLANE('',#8813);
#157=PLANE('',#8814);
#158=PLANE('',#8815);
#159=PLANE('',#8818);
#160=PLANE('',#8821);
#161=PLANE('',#8824);
#162=PLANE('',#8827);
#163=PLANE('',#8832);
#164=PLANE('',#8835);
#165=PLANE('',#8838);
#166=PLANE('',#8841);
#167=PLANE('',#8844);
#168=PLANE('',#8849);
#169=PLANE('',#8852);
#170=PLANE('',#8855);
#171=PLANE('',#8858);
#172=PLANE('',#8861);
#173=PLANE('',#8862);
#174=PLANE('',#8863);
#175=PLANE('',#8864);
#176=PLANE('',#8865);
#177=PLANE('',#8866);
#178=PLANE('',#8867);
#179=PLANE('',#8870);
#180=PLANE('',#8873);
#181=PLANE('',#8876);
#182=PLANE('',#8879);
#183=PLANE('',#8884);
#184=PLANE('',#8887);
#185=PLANE('',#8890);
#186=PLANE('',#8893);
#187=PLANE('',#8896);
#188=PLANE('',#8901);
#189=PLANE('',#8904);
#190=PLANE('',#8907);
#191=PLANE('',#8910);
#192=PLANE('',#8913);
#193=PLANE('',#8914);
#194=PLANE('',#8923);
#195=PLANE('',#8926);
#196=PLANE('',#8929);
#197=PLANE('',#8932);
#198=PLANE('',#8935);
#199=PLANE('',#8940);
#200=PLANE('',#8943);
#201=PLANE('',#8946);
#202=PLANE('',#8949);
#203=PLANE('',#8952);
#204=PLANE('',#8957);
#205=PLANE('',#8960);
#206=PLANE('',#8963);
#207=PLANE('',#8966);
#208=PLANE('',#8969);
#209=PLANE('',#8970);
#210=PLANE('',#8971);
#211=PLANE('',#8974);
#212=PLANE('',#8977);
#213=PLANE('',#8978);
#214=PLANE('',#8979);
#215=PLANE('',#8980);
#216=PLANE('',#8981);
#217=PLANE('',#8982);
#218=PLANE('',#8983);
#219=PLANE('',#8986);
#220=PLANE('',#8989);
#221=PLANE('',#8992);
#222=PLANE('',#8995);
#223=PLANE('',#9000);
#224=PLANE('',#9003);
#225=PLANE('',#9006);
#226=PLANE('',#9009);
#227=PLANE('',#9012);
#228=PLANE('',#9017);
#229=PLANE('',#9020);
#230=PLANE('',#9023);
#231=PLANE('',#9026);
#232=PLANE('',#9029);
#233=PLANE('',#9030);
#234=PLANE('',#9031);
#235=PLANE('',#9032);
#236=PLANE('',#9033);
#237=PLANE('',#9034);
#238=PLANE('',#9035);
#239=PLANE('',#9037);
#240=PLANE('',#9039);
#241=PLANE('',#9041);
#242=PLANE('',#9043);
#243=PLANE('',#9046);
#244=PLANE('',#9048);
#245=PLANE('',#9050);
#246=PLANE('',#9052);
#247=PLANE('',#9054);
#248=PLANE('',#9057);
#249=PLANE('',#9059);
#250=PLANE('',#9061);
#251=PLANE('',#9063);
#252=PLANE('',#9065);
#253=PLANE('',#9066);
#254=PLANE('',#9073);
#255=PLANE('',#9075);
#256=PLANE('',#9077);
#257=PLANE('',#9079);
#258=PLANE('',#9081);
#259=PLANE('',#9084);
#260=PLANE('',#9086);
#261=PLANE('',#9088);
#262=PLANE('',#9090);
#263=PLANE('',#9092);
#264=PLANE('',#9095);
#265=PLANE('',#9097);
#266=PLANE('',#9099);
#267=PLANE('',#9101);
#268=PLANE('',#9103);
#269=PLANE('',#9105);
#270=PLANE('',#9107);
#271=PLANE('',#9108);
#272=PLANE('',#9109);
#273=PLANE('',#9110);
#274=PLANE('',#9111);
#275=PLANE('',#9112);
#276=PLANE('',#9113);
#277=PLANE('',#9114);
#278=PLANE('',#9115);
#279=PLANE('',#9116);
#280=PLANE('',#9117);
#281=PLANE('',#9118);
#282=PLANE('',#9119);
#283=PLANE('',#9120);
#284=PLANE('',#9121);
#285=PLANE('',#9122);
#286=PLANE('',#9123);
#287=PLANE('',#9124);
#288=PLANE('',#9125);
#289=PLANE('',#9126);
#290=PLANE('',#9127);
#291=PLANE('',#9128);
#292=PLANE('',#9129);
#293=PLANE('',#9130);
#294=PLANE('',#9131);
#295=PLANE('',#9132);
#296=PLANE('',#9133);
#297=PLANE('',#9134);
#298=PLANE('',#9135);
#299=PLANE('',#9136);
#300=PLANE('',#9137);
#301=PLANE('',#9138);
#302=PLANE('',#9139);
#303=PLANE('',#9140);
#304=PLANE('',#9141);
#305=PLANE('',#9142);
#306=PLANE('',#9143);
#307=PLANE('',#9144);
#308=PLANE('',#9145);
#309=PLANE('',#9146);
#310=PLANE('',#9147);
#311=PLANE('',#9148);
#312=PLANE('',#9149);
#313=PLANE('',#9150);
#314=PLANE('',#9151);
#315=PLANE('',#9152);
#316=PLANE('',#9153);
#317=PLANE('',#9154);
#318=PLANE('',#9155);
#319=PLANE('',#9156);
#320=PLANE('',#9157);
#321=PLANE('',#9158);
#322=PLANE('',#9159);
#323=PLANE('',#9160);
#324=PLANE('',#9161);
#325=PLANE('',#9162);
#326=PLANE('',#9163);
#327=PLANE('',#9164);
#328=PLANE('',#9165);
#329=PLANE('',#9166);
#330=PLANE('',#9167);
#331=PLANE('',#9168);
#332=PLANE('',#9169);
#333=PLANE('',#9170);
#334=PLANE('',#9171);
#335=PLANE('',#9172);
#336=PLANE('',#9173);
#337=PLANE('',#9174);
#338=PLANE('',#9175);
#339=PLANE('',#9176);
#340=PLANE('',#9177);
#341=PLANE('',#9178);
#342=PLANE('',#9179);
#343=PLANE('',#9180);
#344=PLANE('',#9181);
#345=PLANE('',#9182);
#346=PLANE('',#9183);
#347=PLANE('',#9184);
#348=PLANE('',#9185);
#349=PLANE('',#9186);
#350=PLANE('',#9187);
#351=PLANE('',#9188);
#352=PLANE('',#9189);
#353=PLANE('',#9190);
#354=PLANE('',#9191);
#355=PLANE('',#9192);
#356=PLANE('',#9193);
#357=PLANE('',#9194);
#358=PLANE('',#9195);
#359=PLANE('',#9196);
#360=PLANE('',#9197);
#361=PLANE('',#9198);
#362=PLANE('',#9199);
#363=PLANE('',#9200);
#364=PLANE('',#9201);
#365=PLANE('',#9202);
#366=PLANE('',#9203);
#367=PLANE('',#9204);
#368=PLANE('',#9205);
#369=PLANE('',#9206);
#370=PLANE('',#9207);
#371=PLANE('',#9208);
#372=PLANE('',#9209);
#373=PLANE('',#9210);
#374=PLANE('',#9211);
#375=PLANE('',#9212);
#376=PLANE('',#9213);
#377=PLANE('',#9214);
#378=PLANE('',#9215);
#379=PLANE('',#9216);
#380=PLANE('',#9217);
#381=PLANE('',#9218);
#382=PLANE('',#9219);
#383=PLANE('',#9223);
#384=PLANE('',#9228);
#385=PLANE('',#9229);
#386=PLANE('',#9230);
#387=PLANE('',#9231);
#388=PLANE('',#9232);
#389=PLANE('',#9233);
#390=CONICAL_SURFACE('',#8733,22.8,0.785398163397449);
#391=CONICAL_SURFACE('',#8772,19.7,0.785398163397449);
#392=CONICAL_SURFACE('',#8816,0.400000000000002,0.785398163397452);
#393=CONICAL_SURFACE('',#8819,0.300000000000009,0.785398163397449);
#394=CONICAL_SURFACE('',#8822,0.3,0.785398163397449);
#395=CONICAL_SURFACE('',#8825,0.300000000000002,0.785398163397444);
#396=CONICAL_SURFACE('',#8828,0.799999999999999,0.78539816339745);
#397=CONICAL_SURFACE('',#8830,0.950000000000001,0.785398163397446);
#398=CONICAL_SURFACE('',#8833,0.95,0.785398163397447);
#399=CONICAL_SURFACE('',#8836,0.300000000000001,0.785398163397446);
#400=CONICAL_SURFACE('',#8839,0.3,0.785398163397448);
#401=CONICAL_SURFACE('',#8842,0.95,0.785398163397447);
#402=CONICAL_SURFACE('',#8845,0.950000000000001,0.785398163397446);
#403=CONICAL_SURFACE('',#8847,0.799999999999999,0.78539816339745);
#404=CONICAL_SURFACE('',#8850,0.300000000000002,0.785398163397444);
#405=CONICAL_SURFACE('',#8853,0.3,0.785398163397447);
#406=CONICAL_SURFACE('',#8856,0.300000000000009,0.785398163397449);
#407=CONICAL_SURFACE('',#8859,0.4,0.785398163397447);
#408=CONICAL_SURFACE('',#8868,0.400000000000001,0.785398163397449);
#409=CONICAL_SURFACE('',#8871,0.300000000000009,0.785398163397449);
#410=CONICAL_SURFACE('',#8874,0.3,0.785398163397449);
#411=CONICAL_SURFACE('',#8877,0.300000000000002,0.785398163397444);
#412=CONICAL_SURFACE('',#8880,0.800000000000002,0.78539816339745);
#413=CONICAL_SURFACE('',#8882,0.950000000000002,0.785398163397448);
#414=CONICAL_SURFACE('',#8885,0.95,0.785398163397447);
#415=CONICAL_SURFACE('',#8888,0.300000000000001,0.785398163397446);
#416=CONICAL_SURFACE('',#8891,0.299999999999999,0.78539816339745);
#417=CONICAL_SURFACE('',#8894,0.95,0.785398163397447);
#418=CONICAL_SURFACE('',#8897,0.950000000000001,0.785398163397446);
#419=CONICAL_SURFACE('',#8899,0.799999999999999,0.78539816339745);
#420=CONICAL_SURFACE('',#8902,0.299999999999999,0.78539816339745);
#421=CONICAL_SURFACE('',#8905,0.3,0.785398163397447);
#422=CONICAL_SURFACE('',#8908,0.300000000000009,0.785398163397449);
#423=CONICAL_SURFACE('',#8911,0.400000000000001,0.785398163397449);
#424=CONICAL_SURFACE('',#8915,0.399999999999999,0.785398163397446);
#425=CONICAL_SURFACE('',#8917,0.4,0.785398163397448);
#426=CONICAL_SURFACE('',#8919,0.399999999999999,0.785398163397446);
#427=CONICAL_SURFACE('',#8921,0.399999999999999,0.785398163397446);
#428=CONICAL_SURFACE('',#8984,0.400000000000001,0.785398163397449);
#429=CONICAL_SURFACE('',#8987,0.300000000000009,0.785398163397449);
#430=CONICAL_SURFACE('',#8990,0.3,0.785398163397449);
#431=CONICAL_SURFACE('',#8993,0.299999999999999,0.78539816339745);
#432=CONICAL_SURFACE('',#8996,0.799999999999999,0.78539816339745);
#433=CONICAL_SURFACE('',#8998,0.950000000000001,0.785398163397446);
#434=CONICAL_SURFACE('',#9001,0.95,0.785398163397447);
#435=CONICAL_SURFACE('',#9004,0.299999999999999,0.78539816339745);
#436=CONICAL_SURFACE('',#9007,0.300000000000001,0.785398163397446);
#437=CONICAL_SURFACE('',#9010,0.95,0.785398163397447);
#438=CONICAL_SURFACE('',#9013,0.950000000000002,0.785398163397448);
#439=CONICAL_SURFACE('',#9015,0.800000000000002,0.78539816339745);
#440=CONICAL_SURFACE('',#9018,0.300000000000002,0.785398163397444);
#441=CONICAL_SURFACE('',#9021,0.3,0.785398163397449);
#442=CONICAL_SURFACE('',#9024,0.300000000000009,0.785398163397449);
#443=CONICAL_SURFACE('',#9027,0.400000000000001,0.785398163397449);
#444=CONICAL_SURFACE('',#9036,0.4,0.785398163397447);
#445=CONICAL_SURFACE('',#9038,0.300000000000009,0.785398163397449);
#446=CONICAL_SURFACE('',#9040,0.3,0.785398163397447);
#447=CONICAL_SURFACE('',#9042,0.300000000000002,0.785398163397444);
#448=CONICAL_SURFACE('',#9044,0.799999999999999,0.78539816339745);
#449=CONICAL_SURFACE('',#9045,0.950000000000001,0.785398163397446);
#450=CONICAL_SURFACE('',#9047,0.95,0.785398163397447);
#451=CONICAL_SURFACE('',#9049,0.3,0.785398163397448);
#452=CONICAL_SURFACE('',#9051,0.300000000000001,0.785398163397446);
#453=CONICAL_SURFACE('',#9053,0.95,0.785398163397447);
#454=CONICAL_SURFACE('',#9055,0.950000000000001,0.785398163397446);
#455=CONICAL_SURFACE('',#9056,0.799999999999999,0.78539816339745);
#456=CONICAL_SURFACE('',#9058,0.300000000000002,0.785398163397444);
#457=CONICAL_SURFACE('',#9060,0.3,0.785398163397449);
#458=CONICAL_SURFACE('',#9062,0.300000000000009,0.785398163397449);
#459=CONICAL_SURFACE('',#9064,0.400000000000002,0.785398163397452);
#460=CONICAL_SURFACE('',#9067,0.4,0.785398163397448);
#461=CONICAL_SURFACE('',#9068,0.399999999999999,0.785398163397446);
#462=CONICAL_SURFACE('',#9069,0.399999999999999,0.785398163397446);
#463=CONICAL_SURFACE('',#9071,0.399999999999999,0.785398163397446);
#464=CONICAL_SURFACE('',#9221,19.7,0.785398163397451);
#465=CONICAL_SURFACE('',#9227,22.15,0.785398163397444);
#466=ELLIPSE('',#8731,31.9612265096319,22.6);
#467=ELLIPSE('',#8732,31.9612265096319,22.6);
#468=ELLIPSE('',#8737,31.9612265096318,22.6);
#469=ELLIPSE('',#8738,31.9612265096319,22.6);
#470=CIRCLE('',#8728,22.6);
#471=CIRCLE('',#8730,22.6);
#472=CIRCLE('',#8734,23.);
#473=CIRCLE('',#8735,22.6);
#474=CIRCLE('',#8740,0.600000000000001);
#475=CIRCLE('',#8741,0.100000000000009);
#476=CIRCLE('',#8742,0.0999999999999993);
#477=CIRCLE('',#8743,0.0999999999999987);
#478=CIRCLE('',#8744,0.599999999999998);
#479=CIRCLE('',#8745,1.15);
#480=CIRCLE('',#8746,1.15);
#481=CIRCLE('',#8747,0.0999999999999984);
#482=CIRCLE('',#8748,0.100000000000001);
#483=CIRCLE('',#8749,1.15);
#484=CIRCLE('',#8750,1.15);
#485=CIRCLE('',#8751,0.600000000000001);
#486=CIRCLE('',#8752,0.100000000000003);
#487=CIRCLE('',#8753,0.0999999999999994);
#488=CIRCLE('',#8754,0.100000000000008);
#489=CIRCLE('',#8755,0.600000000000001);
#490=CIRCLE('',#8756,0.599999999999999);
#491=CIRCLE('',#8757,0.100000000000009);
#492=CIRCLE('',#8758,0.100000000000001);
#493=CIRCLE('',#8759,0.100000000000004);
#494=CIRCLE('',#8760,0.599999999999998);
#495=CIRCLE('',#8761,1.15);
#496=CIRCLE('',#8762,1.15);
#497=CIRCLE('',#8763,0.0999999999999999);
#498=CIRCLE('',#8764,0.100000000000001);
#499=CIRCLE('',#8765,1.15);
#500=CIRCLE('',#8766,1.15);
#501=CIRCLE('',#8767,0.599999999999998);
#502=CIRCLE('',#8768,0.100000000000003);
#503=CIRCLE('',#8769,0.0999999999999993);
#504=CIRCLE('',#8770,0.100000000000009);
#505=CIRCLE('',#8771,0.600000000000003);
#506=CIRCLE('',#8773,19.9);
#507=CIRCLE('',#8774,19.5);
#508=CIRCLE('',#8775,19.5);
#509=CIRCLE('',#8777,0.600000000000003);
#510=CIRCLE('',#8778,0.100000000000009);
#511=CIRCLE('',#8779,0.0999999999999993);
#512=CIRCLE('',#8780,0.100000000000003);
#513=CIRCLE('',#8781,0.599999999999998);
#514=CIRCLE('',#8782,1.15);
#515=CIRCLE('',#8783,1.15);
#516=CIRCLE('',#8784,0.100000000000001);
#517=CIRCLE('',#8785,0.0999999999999999);
#518=CIRCLE('',#8786,1.15);
#519=CIRCLE('',#8787,1.15);
#520=CIRCLE('',#8788,0.599999999999998);
#521=CIRCLE('',#8789,0.100000000000004);
#522=CIRCLE('',#8790,0.100000000000001);
#523=CIRCLE('',#8791,0.100000000000009);
#524=CIRCLE('',#8792,0.599999999999999);
#525=CIRCLE('',#8793,0.600000000000001);
#526=CIRCLE('',#8794,0.100000000000008);
#527=CIRCLE('',#8795,0.0999999999999992);
#528=CIRCLE('',#8796,0.100000000000003);
#529=CIRCLE('',#8797,0.600000000000001);
#530=CIRCLE('',#8798,1.15);
#531=CIRCLE('',#8799,1.15);
#532=CIRCLE('',#8800,0.100000000000001);
#533=CIRCLE('',#8801,0.0999999999999984);
#534=CIRCLE('',#8802,1.15);
#535=CIRCLE('',#8803,1.15);
#536=CIRCLE('',#8804,0.599999999999998);
#537=CIRCLE('',#8805,0.0999999999999987);
#538=CIRCLE('',#8806,0.100000000000001);
#539=CIRCLE('',#8807,0.100000000000009);
#540=CIRCLE('',#8808,0.600000000000001);
#541=CIRCLE('',#8810,19.5);
#542=CIRCLE('',#8817,0.2);
#543=CIRCLE('',#8820,0.50000000000001);
#544=CIRCLE('',#8823,0.5);
#545=CIRCLE('',#8826,0.5);
#546=CIRCLE('',#8829,1.);
#547=CIRCLE('',#8831,0.750000000000002);
#548=CIRCLE('',#8834,0.75);
#549=CIRCLE('',#8837,0.5);
#550=CIRCLE('',#8840,0.5);
#551=CIRCLE('',#8843,0.75);
#552=CIRCLE('',#8846,0.750000000000002);
#553=CIRCLE('',#8848,1.);
#554=CIRCLE('',#8851,0.5);
#555=CIRCLE('',#8854,0.5);
#556=CIRCLE('',#8857,0.50000000000001);
#557=CIRCLE('',#8860,0.2);
#558=CIRCLE('',#8869,0.2);
#559=CIRCLE('',#8872,0.500000000000009);
#560=CIRCLE('',#8875,0.5);
#561=CIRCLE('',#8878,0.5);
#562=CIRCLE('',#8881,1.);
#563=CIRCLE('',#8883,0.750000000000002);
#564=CIRCLE('',#8886,0.75);
#565=CIRCLE('',#8889,0.5);
#566=CIRCLE('',#8892,0.5);
#567=CIRCLE('',#8895,0.75);
#568=CIRCLE('',#8898,0.750000000000002);
#569=CIRCLE('',#8900,1.);
#570=CIRCLE('',#8903,0.5);
#571=CIRCLE('',#8906,0.5);
#572=CIRCLE('',#8909,0.50000000000001);
#573=CIRCLE('',#8912,0.2);
#574=CIRCLE('',#8916,0.399999999999999);
#575=CIRCLE('',#8918,0.4);
#576=CIRCLE('',#8920,0.399999999999999);
#577=CIRCLE('',#8922,0.399999999999999);
#578=CIRCLE('',#8925,0.2);
#579=CIRCLE('',#8928,0.50000000000001);
#580=CIRCLE('',#8931,0.5);
#581=CIRCLE('',#8934,0.5);
#582=CIRCLE('',#8937,1.);
#583=CIRCLE('',#8939,0.750000000000002);
#584=CIRCLE('',#8942,0.75);
#585=CIRCLE('',#8945,0.5);
#586=CIRCLE('',#8948,0.5);
#587=CIRCLE('',#8951,0.75);
#588=CIRCLE('',#8954,0.750000000000002);
#589=CIRCLE('',#8956,1.);
#590=CIRCLE('',#8959,0.5);
#591=CIRCLE('',#8962,0.5);
#592=CIRCLE('',#8965,0.50000000000001);
#593=CIRCLE('',#8968,0.2);
#594=CIRCLE('',#8973,0.4);
#595=CIRCLE('',#8976,0.399999999999999);
#596=CIRCLE('',#8985,0.2);
#597=CIRCLE('',#8988,0.50000000000001);
#598=CIRCLE('',#8991,0.5);
#599=CIRCLE('',#8994,0.5);
#600=CIRCLE('',#8997,1.);
#601=CIRCLE('',#8999,0.750000000000002);
#602=CIRCLE('',#9002,0.75);
#603=CIRCLE('',#9005,0.5);
#604=CIRCLE('',#9008,0.5);
#605=CIRCLE('',#9011,0.75);
#606=CIRCLE('',#9014,0.750000000000002);
#607=CIRCLE('',#9016,1.);
#608=CIRCLE('',#9019,0.5);
#609=CIRCLE('',#9022,0.5);
#610=CIRCLE('',#9025,0.500000000000009);
#611=CIRCLE('',#9028,0.2);
#612=CIRCLE('',#9070,0.399999999999999);
#613=CIRCLE('',#9072,0.399999999999999);
#614=CIRCLE('',#9222,19.9);
#615=CIRCLE('',#9224,21.7);
#616=CIRCLE('',#9226,21.7);
#617=FACE_OUTER_BOUND('',#1091,.T.);
#618=FACE_OUTER_BOUND('',#1092,.T.);
#619=FACE_OUTER_BOUND('',#1093,.T.);
#620=FACE_OUTER_BOUND('',#1094,.T.);
#621=FACE_OUTER_BOUND('',#1095,.T.);
#622=FACE_OUTER_BOUND('',#1096,.T.);
#623=FACE_OUTER_BOUND('',#1097,.T.);
#624=FACE_OUTER_BOUND('',#1099,.T.);
#625=FACE_OUTER_BOUND('',#1100,.T.);
#626=FACE_OUTER_BOUND('',#1102,.T.);
#627=FACE_OUTER_BOUND('',#1103,.T.);
#628=FACE_OUTER_BOUND('',#1104,.T.);
#629=FACE_OUTER_BOUND('',#1105,.T.);
#630=FACE_OUTER_BOUND('',#1106,.T.);
#631=FACE_OUTER_BOUND('',#1107,.T.);
#632=FACE_OUTER_BOUND('',#1108,.T.);
#633=FACE_OUTER_BOUND('',#1109,.T.);
#634=FACE_OUTER_BOUND('',#1110,.T.);
#635=FACE_OUTER_BOUND('',#1111,.T.);
#636=FACE_OUTER_BOUND('',#1112,.T.);
#637=FACE_OUTER_BOUND('',#1113,.T.);
#638=FACE_OUTER_BOUND('',#1114,.T.);
#639=FACE_OUTER_BOUND('',#1115,.T.);
#640=FACE_OUTER_BOUND('',#1116,.T.);
#641=FACE_OUTER_BOUND('',#1117,.T.);
#642=FACE_OUTER_BOUND('',#1118,.T.);
#643=FACE_OUTER_BOUND('',#1119,.T.);
#644=FACE_OUTER_BOUND('',#1120,.T.);
#645=FACE_OUTER_BOUND('',#1121,.T.);
#646=FACE_OUTER_BOUND('',#1122,.T.);
#647=FACE_OUTER_BOUND('',#1123,.T.);
#648=FACE_OUTER_BOUND('',#1124,.T.);
#649=FACE_OUTER_BOUND('',#1125,.T.);
#650=FACE_OUTER_BOUND('',#1126,.T.);
#651=FACE_OUTER_BOUND('',#1127,.T.);
#652=FACE_OUTER_BOUND('',#1128,.T.);
#653=FACE_OUTER_BOUND('',#1129,.T.);
#654=FACE_OUTER_BOUND('',#1130,.T.);
#655=FACE_OUTER_BOUND('',#1131,.T.);
#656=FACE_OUTER_BOUND('',#1132,.T.);
#657=FACE_OUTER_BOUND('',#1133,.T.);
#658=FACE_OUTER_BOUND('',#1134,.T.);
#659=FACE_OUTER_BOUND('',#1135,.T.);
#660=FACE_OUTER_BOUND('',#1136,.T.);
#661=FACE_OUTER_BOUND('',#1137,.T.);
#662=FACE_OUTER_BOUND('',#1138,.T.);
#663=FACE_OUTER_BOUND('',#1139,.T.);
#664=FACE_OUTER_BOUND('',#1140,.T.);
#665=FACE_OUTER_BOUND('',#1141,.T.);
#666=FACE_OUTER_BOUND('',#1142,.T.);
#667=FACE_OUTER_BOUND('',#1143,.T.);
#668=FACE_OUTER_BOUND('',#1144,.T.);
#669=FACE_OUTER_BOUND('',#1145,.T.);
#670=FACE_OUTER_BOUND('',#1146,.T.);
#671=FACE_OUTER_BOUND('',#1147,.T.);
#672=FACE_OUTER_BOUND('',#1148,.T.);
#673=FACE_OUTER_BOUND('',#1149,.T.);
#674=FACE_OUTER_BOUND('',#1150,.T.);
#675=FACE_OUTER_BOUND('',#1151,.T.);
#676=FACE_OUTER_BOUND('',#1152,.T.);
#677=FACE_OUTER_BOUND('',#1153,.T.);
#678=FACE_OUTER_BOUND('',#1154,.T.);
#679=FACE_OUTER_BOUND('',#1155,.T.);
#680=FACE_OUTER_BOUND('',#1156,.T.);
#681=FACE_OUTER_BOUND('',#1157,.T.);
#682=FACE_OUTER_BOUND('',#1158,.T.);
#683=FACE_OUTER_BOUND('',#1159,.T.);
#684=FACE_OUTER_BOUND('',#1160,.T.);
#685=FACE_OUTER_BOUND('',#1161,.T.);
#686=FACE_OUTER_BOUND('',#1162,.T.);
#687=FACE_OUTER_BOUND('',#1163,.T.);
#688=FACE_OUTER_BOUND('',#1164,.T.);
#689=FACE_OUTER_BOUND('',#1165,.T.);
#690=FACE_OUTER_BOUND('',#1166,.T.);
#691=FACE_OUTER_BOUND('',#1167,.T.);
#692=FACE_OUTER_BOUND('',#1168,.T.);
#693=FACE_OUTER_BOUND('',#1169,.T.);
#694=FACE_OUTER_BOUND('',#1170,.T.);
#695=FACE_OUTER_BOUND('',#1171,.T.);
#696=FACE_OUTER_BOUND('',#1172,.T.);
#697=FACE_OUTER_BOUND('',#1173,.T.);
#698=FACE_OUTER_BOUND('',#1174,.T.);
#699=FACE_OUTER_BOUND('',#1175,.T.);
#700=FACE_OUTER_BOUND('',#1176,.T.);
#701=FACE_OUTER_BOUND('',#1177,.T.);
#702=FACE_OUTER_BOUND('',#1178,.T.);
#703=FACE_OUTER_BOUND('',#1179,.T.);
#704=FACE_OUTER_BOUND('',#1180,.T.);
#705=FACE_OUTER_BOUND('',#1181,.T.);
#706=FACE_OUTER_BOUND('',#1182,.T.);
#707=FACE_OUTER_BOUND('',#1183,.T.);
#708=FACE_OUTER_BOUND('',#1184,.T.);
#709=FACE_OUTER_BOUND('',#1185,.T.);
#710=FACE_OUTER_BOUND('',#1186,.T.);
#711=FACE_OUTER_BOUND('',#1187,.T.);
#712=FACE_OUTER_BOUND('',#1188,.T.);
#713=FACE_OUTER_BOUND('',#1189,.T.);
#714=FACE_OUTER_BOUND('',#1190,.T.);
#715=FACE_OUTER_BOUND('',#1191,.T.);
#716=FACE_OUTER_BOUND('',#1192,.T.);
#717=FACE_OUTER_BOUND('',#1193,.T.);
#718=FACE_OUTER_BOUND('',#1194,.T.);
#719=FACE_OUTER_BOUND('',#1195,.T.);
#720=FACE_OUTER_BOUND('',#1196,.T.);
#721=FACE_OUTER_BOUND('',#1197,.T.);
#722=FACE_OUTER_BOUND('',#1198,.T.);
#723=FACE_OUTER_BOUND('',#1199,.T.);
#724=FACE_OUTER_BOUND('',#1200,.T.);
#725=FACE_OUTER_BOUND('',#1201,.T.);
#726=FACE_OUTER_BOUND('',#1202,.T.);
#727=FACE_OUTER_BOUND('',#1203,.T.);
#728=FACE_OUTER_BOUND('',#1204,.T.);
#729=FACE_OUTER_BOUND('',#1205,.T.);
#730=FACE_OUTER_BOUND('',#1206,.T.);
#731=FACE_OUTER_BOUND('',#1207,.T.);
#732=FACE_OUTER_BOUND('',#1208,.T.);
#733=FACE_OUTER_BOUND('',#1209,.T.);
#734=FACE_OUTER_BOUND('',#1210,.T.);
#735=FACE_OUTER_BOUND('',#1211,.T.);
#736=FACE_OUTER_BOUND('',#1212,.T.);
#737=FACE_OUTER_BOUND('',#1213,.T.);
#738=FACE_OUTER_BOUND('',#1221,.T.);
#739=FACE_OUTER_BOUND('',#1222,.T.);
#740=FACE_OUTER_BOUND('',#1223,.T.);
#741=FACE_OUTER_BOUND('',#1224,.T.);
#742=FACE_OUTER_BOUND('',#1225,.T.);
#743=FACE_OUTER_BOUND('',#1226,.T.);
#744=FACE_OUTER_BOUND('',#1227,.T.);
#745=FACE_OUTER_BOUND('',#1228,.T.);
#746=FACE_OUTER_BOUND('',#1229,.T.);
#747=FACE_OUTER_BOUND('',#1230,.T.);
#748=FACE_OUTER_BOUND('',#1231,.T.);
#749=FACE_OUTER_BOUND('',#1232,.T.);
#750=FACE_OUTER_BOUND('',#1233,.T.);
#751=FACE_OUTER_BOUND('',#1234,.T.);
#752=FACE_OUTER_BOUND('',#1235,.T.);
#753=FACE_OUTER_BOUND('',#1236,.T.);
#754=FACE_OUTER_BOUND('',#1237,.T.);
#755=FACE_OUTER_BOUND('',#1238,.T.);
#756=FACE_OUTER_BOUND('',#1239,.T.);
#757=FACE_OUTER_BOUND('',#1240,.T.);
#758=FACE_OUTER_BOUND('',#1241,.T.);
#759=FACE_OUTER_BOUND('',#1242,.T.);
#760=FACE_OUTER_BOUND('',#1243,.T.);
#761=FACE_OUTER_BOUND('',#1244,.T.);
#762=FACE_OUTER_BOUND('',#1245,.T.);
#763=FACE_OUTER_BOUND('',#1246,.T.);
#764=FACE_OUTER_BOUND('',#1247,.T.);
#765=FACE_OUTER_BOUND('',#1248,.T.);
#766=FACE_OUTER_BOUND('',#1249,.T.);
#767=FACE_OUTER_BOUND('',#1250,.T.);
#768=FACE_OUTER_BOUND('',#1251,.T.);
#769=FACE_OUTER_BOUND('',#1252,.T.);
#770=FACE_OUTER_BOUND('',#1253,.T.);
#771=FACE_OUTER_BOUND('',#1254,.T.);
#772=FACE_OUTER_BOUND('',#1255,.T.);
#773=FACE_OUTER_BOUND('',#1256,.T.);
#774=FACE_OUTER_BOUND('',#1257,.T.);
#775=FACE_OUTER_BOUND('',#1258,.T.);
#776=FACE_OUTER_BOUND('',#1259,.T.);
#777=FACE_OUTER_BOUND('',#1260,.T.);
#778=FACE_OUTER_BOUND('',#1261,.T.);
#779=FACE_OUTER_BOUND('',#1262,.T.);
#780=FACE_OUTER_BOUND('',#1263,.T.);
#781=FACE_OUTER_BOUND('',#1264,.T.);
#782=FACE_OUTER_BOUND('',#1265,.T.);
#783=FACE_OUTER_BOUND('',#1266,.T.);
#784=FACE_OUTER_BOUND('',#1267,.T.);
#785=FACE_OUTER_BOUND('',#1268,.T.);
#786=FACE_OUTER_BOUND('',#1269,.T.);
#787=FACE_OUTER_BOUND('',#1270,.T.);
#788=FACE_OUTER_BOUND('',#1271,.T.);
#789=FACE_OUTER_BOUND('',#1272,.T.);
#790=FACE_OUTER_BOUND('',#1273,.T.);
#791=FACE_OUTER_BOUND('',#1274,.T.);
#792=FACE_OUTER_BOUND('',#1275,.T.);
#793=FACE_OUTER_BOUND('',#1276,.T.);
#794=FACE_OUTER_BOUND('',#1277,.T.);
#795=FACE_OUTER_BOUND('',#1278,.T.);
#796=FACE_OUTER_BOUND('',#1279,.T.);
#797=FACE_OUTER_BOUND('',#1280,.T.);
#798=FACE_OUTER_BOUND('',#1281,.T.);
#799=FACE_OUTER_BOUND('',#1282,.T.);
#800=FACE_OUTER_BOUND('',#1283,.T.);
#801=FACE_OUTER_BOUND('',#1284,.T.);
#802=FACE_OUTER_BOUND('',#1285,.T.);
#803=FACE_OUTER_BOUND('',#1286,.T.);
#804=FACE_OUTER_BOUND('',#1287,.T.);
#805=FACE_OUTER_BOUND('',#1288,.T.);
#806=FACE_OUTER_BOUND('',#1289,.T.);
#807=FACE_OUTER_BOUND('',#1290,.T.);
#808=FACE_OUTER_BOUND('',#1291,.T.);
#809=FACE_OUTER_BOUND('',#1292,.T.);
#810=FACE_OUTER_BOUND('',#1293,.T.);
#811=FACE_OUTER_BOUND('',#1294,.T.);
#812=FACE_OUTER_BOUND('',#1295,.T.);
#813=FACE_OUTER_BOUND('',#1296,.T.);
#814=FACE_OUTER_BOUND('',#1297,.T.);
#815=FACE_OUTER_BOUND('',#1298,.T.);
#816=FACE_OUTER_BOUND('',#1299,.T.);
#817=FACE_OUTER_BOUND('',#1300,.T.);
#818=FACE_OUTER_BOUND('',#1301,.T.);
#819=FACE_OUTER_BOUND('',#1302,.T.);
#820=FACE_OUTER_BOUND('',#1303,.T.);
#821=FACE_OUTER_BOUND('',#1304,.T.);
#822=FACE_OUTER_BOUND('',#1305,.T.);
#823=FACE_OUTER_BOUND('',#1306,.T.);
#824=FACE_OUTER_BOUND('',#1307,.T.);
#825=FACE_OUTER_BOUND('',#1308,.T.);
#826=FACE_OUTER_BOUND('',#1309,.T.);
#827=FACE_OUTER_BOUND('',#1310,.T.);
#828=FACE_OUTER_BOUND('',#1311,.T.);
#829=FACE_OUTER_BOUND('',#1312,.T.);
#830=FACE_OUTER_BOUND('',#1313,.T.);
#831=FACE_OUTER_BOUND('',#1314,.T.);
#832=FACE_OUTER_BOUND('',#1315,.T.);
#833=FACE_OUTER_BOUND('',#1324,.T.);
#834=FACE_OUTER_BOUND('',#1325,.T.);
#835=FACE_OUTER_BOUND('',#1326,.T.);
#836=FACE_OUTER_BOUND('',#1327,.T.);
#837=FACE_OUTER_BOUND('',#1328,.T.);
#838=FACE_OUTER_BOUND('',#1329,.T.);
#839=FACE_OUTER_BOUND('',#1330,.T.);
#840=FACE_OUTER_BOUND('',#1331,.T.);
#841=FACE_OUTER_BOUND('',#1332,.T.);
#842=FACE_OUTER_BOUND('',#1333,.T.);
#843=FACE_OUTER_BOUND('',#1334,.T.);
#844=FACE_OUTER_BOUND('',#1335,.T.);
#845=FACE_OUTER_BOUND('',#1336,.T.);
#846=FACE_OUTER_BOUND('',#1337,.T.);
#847=FACE_OUTER_BOUND('',#1338,.T.);
#848=FACE_OUTER_BOUND('',#1339,.T.);
#849=FACE_OUTER_BOUND('',#1340,.T.);
#850=FACE_OUTER_BOUND('',#1341,.T.);
#851=FACE_OUTER_BOUND('',#1342,.T.);
#852=FACE_OUTER_BOUND('',#1343,.T.);
#853=FACE_OUTER_BOUND('',#1344,.T.);
#854=FACE_OUTER_BOUND('',#1345,.T.);
#855=FACE_OUTER_BOUND('',#1346,.T.);
#856=FACE_OUTER_BOUND('',#1347,.T.);
#857=FACE_OUTER_BOUND('',#1348,.T.);
#858=FACE_OUTER_BOUND('',#1349,.T.);
#859=FACE_OUTER_BOUND('',#1350,.T.);
#860=FACE_OUTER_BOUND('',#1351,.T.);
#861=FACE_OUTER_BOUND('',#1352,.T.);
#862=FACE_OUTER_BOUND('',#1353,.T.);
#863=FACE_OUTER_BOUND('',#1354,.T.);
#864=FACE_OUTER_BOUND('',#1355,.T.);
#865=FACE_OUTER_BOUND('',#1356,.T.);
#866=FACE_OUTER_BOUND('',#1357,.T.);
#867=FACE_OUTER_BOUND('',#1358,.T.);
#868=FACE_OUTER_BOUND('',#1359,.T.);
#869=FACE_OUTER_BOUND('',#1360,.T.);
#870=FACE_OUTER_BOUND('',#1361,.T.);
#871=FACE_OUTER_BOUND('',#1362,.T.);
#872=FACE_OUTER_BOUND('',#1363,.T.);
#873=FACE_OUTER_BOUND('',#1364,.T.);
#874=FACE_OUTER_BOUND('',#1365,.T.);
#875=FACE_OUTER_BOUND('',#1366,.T.);
#876=FACE_OUTER_BOUND('',#1367,.T.);
#877=FACE_OUTER_BOUND('',#1368,.T.);
#878=FACE_OUTER_BOUND('',#1369,.T.);
#879=FACE_OUTER_BOUND('',#1371,.T.);
#880=FACE_OUTER_BOUND('',#1372,.T.);
#881=FACE_OUTER_BOUND('',#1373,.T.);
#882=FACE_OUTER_BOUND('',#1374,.T.);
#883=FACE_OUTER_BOUND('',#1375,.T.);
#884=FACE_OUTER_BOUND('',#1376,.T.);
#885=FACE_OUTER_BOUND('',#1377,.T.);
#886=FACE_OUTER_BOUND('',#1378,.T.);
#887=FACE_OUTER_BOUND('',#1379,.T.);
#888=FACE_OUTER_BOUND('',#1380,.T.);
#889=FACE_OUTER_BOUND('',#1381,.T.);
#890=FACE_OUTER_BOUND('',#1382,.T.);
#891=FACE_OUTER_BOUND('',#1383,.T.);
#892=FACE_OUTER_BOUND('',#1384,.T.);
#893=FACE_OUTER_BOUND('',#1385,.T.);
#894=FACE_OUTER_BOUND('',#1386,.T.);
#895=FACE_OUTER_BOUND('',#1387,.T.);
#896=FACE_OUTER_BOUND('',#1388,.T.);
#897=FACE_OUTER_BOUND('',#1389,.T.);
#898=FACE_OUTER_BOUND('',#1390,.T.);
#899=FACE_OUTER_BOUND('',#1391,.T.);
#900=FACE_OUTER_BOUND('',#1392,.T.);
#901=FACE_OUTER_BOUND('',#1393,.T.);
#902=FACE_OUTER_BOUND('',#1394,.T.);
#903=FACE_OUTER_BOUND('',#1395,.T.);
#904=FACE_OUTER_BOUND('',#1396,.T.);
#905=FACE_OUTER_BOUND('',#1397,.T.);
#906=FACE_OUTER_BOUND('',#1398,.T.);
#907=FACE_OUTER_BOUND('',#1399,.T.);
#908=FACE_OUTER_BOUND('',#1400,.T.);
#909=FACE_OUTER_BOUND('',#1401,.T.);
#910=FACE_OUTER_BOUND('',#1402,.T.);
#911=FACE_OUTER_BOUND('',#1403,.T.);
#912=FACE_OUTER_BOUND('',#1404,.T.);
#913=FACE_OUTER_BOUND('',#1405,.T.);
#914=FACE_OUTER_BOUND('',#1406,.T.);
#915=FACE_OUTER_BOUND('',#1407,.T.);
#916=FACE_OUTER_BOUND('',#1408,.T.);
#917=FACE_OUTER_BOUND('',#1409,.T.);
#918=FACE_OUTER_BOUND('',#1410,.T.);
#919=FACE_OUTER_BOUND('',#1411,.T.);
#920=FACE_OUTER_BOUND('',#1412,.T.);
#921=FACE_OUTER_BOUND('',#1413,.T.);
#922=FACE_OUTER_BOUND('',#1414,.T.);
#923=FACE_OUTER_BOUND('',#1415,.T.);
#924=FACE_OUTER_BOUND('',#1416,.T.);
#925=FACE_OUTER_BOUND('',#1417,.T.);
#926=FACE_OUTER_BOUND('',#1418,.T.);
#927=FACE_OUTER_BOUND('',#1419,.T.);
#928=FACE_OUTER_BOUND('',#1420,.T.);
#929=FACE_OUTER_BOUND('',#1421,.T.);
#930=FACE_OUTER_BOUND('',#1422,.T.);
#931=FACE_OUTER_BOUND('',#1423,.T.);
#932=FACE_OUTER_BOUND('',#1424,.T.);
#933=FACE_OUTER_BOUND('',#1425,.T.);
#934=FACE_OUTER_BOUND('',#1426,.T.);
#935=FACE_OUTER_BOUND('',#1427,.T.);
#936=FACE_OUTER_BOUND('',#1428,.T.);
#937=FACE_OUTER_BOUND('',#1429,.T.);
#938=FACE_OUTER_BOUND('',#1430,.T.);
#939=FACE_OUTER_BOUND('',#1431,.T.);
#940=FACE_OUTER_BOUND('',#1432,.T.);
#941=FACE_OUTER_BOUND('',#1433,.T.);
#942=FACE_OUTER_BOUND('',#1434,.T.);
#943=FACE_OUTER_BOUND('',#1435,.T.);
#944=FACE_OUTER_BOUND('',#1436,.T.);
#945=FACE_OUTER_BOUND('',#1437,.T.);
#946=FACE_OUTER_BOUND('',#1438,.T.);
#947=FACE_OUTER_BOUND('',#1439,.T.);
#948=FACE_OUTER_BOUND('',#1440,.T.);
#949=FACE_OUTER_BOUND('',#1441,.T.);
#950=FACE_OUTER_BOUND('',#1442,.T.);
#951=FACE_OUTER_BOUND('',#1443,.T.);
#952=FACE_OUTER_BOUND('',#1444,.T.);
#953=FACE_OUTER_BOUND('',#1445,.T.);
#954=FACE_OUTER_BOUND('',#1446,.T.);
#955=FACE_OUTER_BOUND('',#1447,.T.);
#956=FACE_OUTER_BOUND('',#1448,.T.);
#957=FACE_OUTER_BOUND('',#1449,.T.);
#958=FACE_OUTER_BOUND('',#1450,.T.);
#959=FACE_OUTER_BOUND('',#1451,.T.);
#960=FACE_OUTER_BOUND('',#1452,.T.);
#961=FACE_OUTER_BOUND('',#1453,.T.);
#962=FACE_OUTER_BOUND('',#1454,.T.);
#963=FACE_OUTER_BOUND('',#1455,.T.);
#964=FACE_OUTER_BOUND('',#1456,.T.);
#965=FACE_OUTER_BOUND('',#1457,.T.);
#966=FACE_OUTER_BOUND('',#1458,.T.);
#967=FACE_OUTER_BOUND('',#1459,.T.);
#968=FACE_OUTER_BOUND('',#1460,.T.);
#969=FACE_OUTER_BOUND('',#1461,.T.);
#970=FACE_OUTER_BOUND('',#1462,.T.);
#971=FACE_OUTER_BOUND('',#1463,.T.);
#972=FACE_OUTER_BOUND('',#1464,.T.);
#973=FACE_OUTER_BOUND('',#1465,.T.);
#974=FACE_OUTER_BOUND('',#1466,.T.);
#975=FACE_OUTER_BOUND('',#1467,.T.);
#976=FACE_OUTER_BOUND('',#1468,.T.);
#977=FACE_OUTER_BOUND('',#1469,.T.);
#978=FACE_OUTER_BOUND('',#1470,.T.);
#979=FACE_OUTER_BOUND('',#1471,.T.);
#980=FACE_OUTER_BOUND('',#1472,.T.);
#981=FACE_OUTER_BOUND('',#1473,.T.);
#982=FACE_OUTER_BOUND('',#1474,.T.);
#983=FACE_OUTER_BOUND('',#1475,.T.);
#984=FACE_OUTER_BOUND('',#1476,.T.);
#985=FACE_OUTER_BOUND('',#1477,.T.);
#986=FACE_OUTER_BOUND('',#1478,.T.);
#987=FACE_OUTER_BOUND('',#1479,.T.);
#988=FACE_OUTER_BOUND('',#1480,.T.);
#989=FACE_OUTER_BOUND('',#1481,.T.);
#990=FACE_OUTER_BOUND('',#1482,.T.);
#991=FACE_OUTER_BOUND('',#1483,.T.);
#992=FACE_OUTER_BOUND('',#1484,.T.);
#993=FACE_OUTER_BOUND('',#1485,.T.);
#994=FACE_OUTER_BOUND('',#1486,.T.);
#995=FACE_OUTER_BOUND('',#1487,.T.);
#996=FACE_OUTER_BOUND('',#1488,.T.);
#997=FACE_OUTER_BOUND('',#1489,.T.);
#998=FACE_OUTER_BOUND('',#1490,.T.);
#999=FACE_OUTER_BOUND('',#1491,.T.);
#1000=FACE_OUTER_BOUND('',#1492,.T.);
#1001=FACE_OUTER_BOUND('',#1493,.T.);
#1002=FACE_OUTER_BOUND('',#1495,.T.);
#1003=FACE_OUTER_BOUND('',#1496,.T.);
#1004=FACE_OUTER_BOUND('',#1497,.T.);
#1005=FACE_OUTER_BOUND('',#1498,.T.);
#1006=FACE_OUTER_BOUND('',#1499,.T.);
#1007=FACE_OUTER_BOUND('',#1500,.T.);
#1008=FACE_OUTER_BOUND('',#1501,.T.);
#1009=FACE_OUTER_BOUND('',#1502,.T.);
#1010=FACE_OUTER_BOUND('',#1503,.T.);
#1011=FACE_OUTER_BOUND('',#1504,.T.);
#1012=FACE_OUTER_BOUND('',#1505,.T.);
#1013=FACE_OUTER_BOUND('',#1506,.T.);
#1014=FACE_OUTER_BOUND('',#1507,.T.);
#1015=FACE_OUTER_BOUND('',#1508,.T.);
#1016=FACE_OUTER_BOUND('',#1509,.T.);
#1017=FACE_OUTER_BOUND('',#1510,.T.);
#1018=FACE_OUTER_BOUND('',#1511,.T.);
#1019=FACE_OUTER_BOUND('',#1512,.T.);
#1020=FACE_OUTER_BOUND('',#1513,.T.);
#1021=FACE_OUTER_BOUND('',#1515,.T.);
#1022=FACE_OUTER_BOUND('',#1516,.T.);
#1023=FACE_OUTER_BOUND('',#1517,.T.);
#1024=FACE_OUTER_BOUND('',#1518,.T.);
#1025=FACE_OUTER_BOUND('',#1519,.T.);
#1026=FACE_OUTER_BOUND('',#1520,.T.);
#1027=FACE_OUTER_BOUND('',#1521,.T.);
#1028=FACE_OUTER_BOUND('',#1522,.T.);
#1029=FACE_OUTER_BOUND('',#1523,.T.);
#1030=FACE_OUTER_BOUND('',#1524,.T.);
#1031=FACE_OUTER_BOUND('',#1525,.T.);
#1032=FACE_OUTER_BOUND('',#1526,.T.);
#1033=FACE_OUTER_BOUND('',#1527,.T.);
#1034=FACE_OUTER_BOUND('',#1528,.T.);
#1035=FACE_OUTER_BOUND('',#1529,.T.);
#1036=FACE_OUTER_BOUND('',#1530,.T.);
#1037=FACE_OUTER_BOUND('',#1531,.T.);
#1038=FACE_OUTER_BOUND('',#1532,.T.);
#1039=FACE_OUTER_BOUND('',#1534,.T.);
#1040=FACE_OUTER_BOUND('',#1535,.T.);
#1041=FACE_OUTER_BOUND('',#1536,.T.);
#1042=FACE_OUTER_BOUND('',#1537,.T.);
#1043=FACE_OUTER_BOUND('',#1538,.T.);
#1044=FACE_OUTER_BOUND('',#1539,.T.);
#1045=FACE_OUTER_BOUND('',#1540,.T.);
#1046=FACE_OUTER_BOUND('',#1541,.T.);
#1047=FACE_OUTER_BOUND('',#1542,.T.);
#1048=FACE_OUTER_BOUND('',#1543,.T.);
#1049=FACE_OUTER_BOUND('',#1544,.T.);
#1050=FACE_OUTER_BOUND('',#1545,.T.);
#1051=FACE_OUTER_BOUND('',#1546,.T.);
#1052=FACE_OUTER_BOUND('',#1547,.T.);
#1053=FACE_OUTER_BOUND('',#1548,.T.);
#1054=FACE_OUTER_BOUND('',#1549,.T.);
#1055=FACE_OUTER_BOUND('',#1550,.T.);
#1056=FACE_OUTER_BOUND('',#1551,.T.);
#1057=FACE_OUTER_BOUND('',#1552,.T.);
#1058=FACE_OUTER_BOUND('',#1553,.T.);
#1059=FACE_OUTER_BOUND('',#1554,.T.);
#1060=FACE_OUTER_BOUND('',#1555,.T.);
#1061=FACE_OUTER_BOUND('',#1556,.T.);
#1062=FACE_OUTER_BOUND('',#1557,.T.);
#1063=FACE_OUTER_BOUND('',#1558,.T.);
#1064=FACE_OUTER_BOUND('',#1559,.T.);
#1065=FACE_OUTER_BOUND('',#1560,.T.);
#1066=FACE_OUTER_BOUND('',#1561,.T.);
#1067=FACE_OUTER_BOUND('',#1562,.T.);
#1068=FACE_OUTER_BOUND('',#1563,.T.);
#1069=FACE_OUTER_BOUND('',#1564,.T.);
#1070=FACE_OUTER_BOUND('',#1565,.T.);
#1071=FACE_OUTER_BOUND('',#1566,.T.);
#1072=FACE_OUTER_BOUND('',#1567,.T.);
#1073=FACE_OUTER_BOUND('',#1568,.T.);
#1074=FACE_OUTER_BOUND('',#1569,.T.);
#1075=FACE_OUTER_BOUND('',#1570,.T.);
#1076=FACE_OUTER_BOUND('',#1571,.T.);
#1077=FACE_OUTER_BOUND('',#1572,.T.);
#1078=FACE_OUTER_BOUND('',#1573,.T.);
#1079=FACE_OUTER_BOUND('',#1574,.T.);
#1080=FACE_OUTER_BOUND('',#1575,.T.);
#1081=FACE_OUTER_BOUND('',#1576,.T.);
#1082=FACE_OUTER_BOUND('',#1577,.T.);
#1083=FACE_OUTER_BOUND('',#1579,.T.);
#1084=FACE_OUTER_BOUND('',#1580,.T.);
#1085=FACE_OUTER_BOUND('',#1581,.T.);
#1086=FACE_OUTER_BOUND('',#1582,.T.);
#1087=FACE_OUTER_BOUND('',#1583,.T.);
#1088=FACE_OUTER_BOUND('',#1584,.T.);
#1089=FACE_OUTER_BOUND('',#1585,.T.);
#1090=FACE_OUTER_BOUND('',#1586,.T.);
#1091=EDGE_LOOP('',(#5337,#5338,#5339,#5340));
#1092=EDGE_LOOP('',(#5341,#5342,#5343,#5344));
#1093=EDGE_LOOP('',(#5345,#5346,#5347));
#1094=EDGE_LOOP('',(#5348,#5349,#5350,#5351,#5352,#5353,#5354,#5355,#5356,
#5357));
#1095=EDGE_LOOP('',(#5358,#5359,#5360,#5361,#5362));
#1096=EDGE_LOOP('',(#5363,#5364,#5365,#5366,#5367,#5368,#5369,#5370));
#1097=EDGE_LOOP('',(#5371,#5372,#5373,#5374,#5375,#5376,#5377,#5378,#5379,
#5380,#5381,#5382,#5383,#5384,#5385,#5386,#5387,#5388,#5389,#5390,#5391,
#5392,#5393,#5394,#5395,#5396,#5397,#5398,#5399,#5400,#5401,#5402,#5403,
#5404,#5405,#5406,#5407,#5408,#5409,#5410,#5411,#5412,#5413,#5414,#5415,
#5416,#5417,#5418,#5419,#5420,#5421,#5422,#5423,#5424,#5425,#5426,#5427,
#5428,#5429,#5430,#5431,#5432,#5433,#5434,#5435,#5436,#5437,#5438,#5439,
#5440,#5441,#5442));
#1098=EDGE_LOOP('',(#5443));
#1099=EDGE_LOOP('',(#5444,#5445,#5446,#5447,#5448));
#1100=EDGE_LOOP('',(#5449,#5450,#5451,#5452,#5453,#5454,#5455,#5456,#5457,
#5458,#5459,#5460,#5461,#5462,#5463,#5464,#5465,#5466,#5467,#5468,#5469,
#5470,#5471,#5472,#5473,#5474,#5475,#5476,#5477,#5478,#5479,#5480,#5481,
#5482,#5483,#5484,#5485,#5486,#5487,#5488,#5489,#5490,#5491,#5492,#5493,
#5494,#5495,#5496,#5497,#5498,#5499,#5500,#5501,#5502,#5503,#5504,#5505,
#5506,#5507,#5508,#5509,#5510,#5511,#5512,#5513,#5514,#5515,#5516,#5517,
#5518,#5519,#5520));
#1101=EDGE_LOOP('',(#5521));
#1102=EDGE_LOOP('',(#5522,#5523,#5524,#5525,#5526));
#1103=EDGE_LOOP('',(#5527,#5528,#5529,#5530));
#1104=EDGE_LOOP('',(#5531,#5532,#5533,#5534));
#1105=EDGE_LOOP('',(#5535,#5536,#5537,#5538));
#1106=EDGE_LOOP('',(#5539,#5540,#5541,#5542));
#1107=EDGE_LOOP('',(#5543,#5544,#5545,#5546));
#1108=EDGE_LOOP('',(#5547,#5548,#5549,#5550));
#1109=EDGE_LOOP('',(#5551,#5552,#5553,#5554));
#1110=EDGE_LOOP('',(#5555,#5556,#5557,#5558));
#1111=EDGE_LOOP('',(#5559,#5560,#5561,#5562));
#1112=EDGE_LOOP('',(#5563,#5564,#5565,#5566));
#1113=EDGE_LOOP('',(#5567,#5568,#5569,#5570));
#1114=EDGE_LOOP('',(#5571,#5572,#5573,#5574));
#1115=EDGE_LOOP('',(#5575,#5576,#5577,#5578));
#1116=EDGE_LOOP('',(#5579,#5580,#5581,#5582));
#1117=EDGE_LOOP('',(#5583,#5584,#5585,#5586));
#1118=EDGE_LOOP('',(#5587,#5588,#5589,#5590));
#1119=EDGE_LOOP('',(#5591,#5592,#5593,#5594));
#1120=EDGE_LOOP('',(#5595,#5596,#5597,#5598));
#1121=EDGE_LOOP('',(#5599,#5600,#5601,#5602));
#1122=EDGE_LOOP('',(#5603,#5604,#5605,#5606));
#1123=EDGE_LOOP('',(#5607,#5608,#5609,#5610));
#1124=EDGE_LOOP('',(#5611,#5612,#5613,#5614));
#1125=EDGE_LOOP('',(#5615,#5616,#5617,#5618));
#1126=EDGE_LOOP('',(#5619,#5620,#5621,#5622));
#1127=EDGE_LOOP('',(#5623,#5624,#5625,#5626));
#1128=EDGE_LOOP('',(#5627,#5628,#5629,#5630));
#1129=EDGE_LOOP('',(#5631,#5632,#5633,#5634));
#1130=EDGE_LOOP('',(#5635,#5636,#5637,#5638));
#1131=EDGE_LOOP('',(#5639,#5640,#5641,#5642));
#1132=EDGE_LOOP('',(#5643,#5644,#5645,#5646));
#1133=EDGE_LOOP('',(#5647,#5648,#5649,#5650));
#1134=EDGE_LOOP('',(#5651,#5652,#5653,#5654));
#1135=EDGE_LOOP('',(#5655,#5656,#5657,#5658));
#1136=EDGE_LOOP('',(#5659,#5660,#5661,#5662));
#1137=EDGE_LOOP('',(#5663,#5664,#5665,#5666));
#1138=EDGE_LOOP('',(#5667,#5668,#5669,#5670));
#1139=EDGE_LOOP('',(#5671,#5672,#5673,#5674));
#1140=EDGE_LOOP('',(#5675,#5676,#5677,#5678));
#1141=EDGE_LOOP('',(#5679,#5680,#5681,#5682));
#1142=EDGE_LOOP('',(#5683,#5684,#5685,#5686));
#1143=EDGE_LOOP('',(#5687,#5688,#5689,#5690));
#1144=EDGE_LOOP('',(#5691,#5692,#5693,#5694));
#1145=EDGE_LOOP('',(#5695,#5696,#5697,#5698));
#1146=EDGE_LOOP('',(#5699,#5700,#5701,#5702));
#1147=EDGE_LOOP('',(#5703,#5704,#5705,#5706));
#1148=EDGE_LOOP('',(#5707,#5708,#5709,#5710));
#1149=EDGE_LOOP('',(#5711,#5712,#5713,#5714));
#1150=EDGE_LOOP('',(#5715,#5716,#5717,#5718));
#1151=EDGE_LOOP('',(#5719,#5720,#5721,#5722));
#1152=EDGE_LOOP('',(#5723,#5724,#5725,#5726));
#1153=EDGE_LOOP('',(#5727,#5728,#5729,#5730));
#1154=EDGE_LOOP('',(#5731,#5732,#5733,#5734));
#1155=EDGE_LOOP('',(#5735,#5736,#5737,#5738));
#1156=EDGE_LOOP('',(#5739,#5740,#5741,#5742));
#1157=EDGE_LOOP('',(#5743,#5744,#5745,#5746));
#1158=EDGE_LOOP('',(#5747,#5748,#5749,#5750));
#1159=EDGE_LOOP('',(#5751,#5752,#5753,#5754));
#1160=EDGE_LOOP('',(#5755,#5756,#5757,#5758));
#1161=EDGE_LOOP('',(#5759,#5760,#5761,#5762));
#1162=EDGE_LOOP('',(#5763,#5764,#5765,#5766));
#1163=EDGE_LOOP('',(#5767,#5768,#5769,#5770));
#1164=EDGE_LOOP('',(#5771,#5772,#5773,#5774));
#1165=EDGE_LOOP('',(#5775,#5776,#5777,#5778));
#1166=EDGE_LOOP('',(#5779,#5780,#5781,#5782));
#1167=EDGE_LOOP('',(#5783,#5784,#5785,#5786));
#1168=EDGE_LOOP('',(#5787,#5788,#5789,#5790));
#1169=EDGE_LOOP('',(#5791,#5792,#5793,#5794));
#1170=EDGE_LOOP('',(#5795,#5796,#5797,#5798));
#1171=EDGE_LOOP('',(#5799,#5800,#5801,#5802));
#1172=EDGE_LOOP('',(#5803,#5804,#5805,#5806));
#1173=EDGE_LOOP('',(#5807,#5808,#5809,#5810));
#1174=EDGE_LOOP('',(#5811,#5812,#5813,#5814));
#1175=EDGE_LOOP('',(#5815,#5816,#5817));
#1176=EDGE_LOOP('',(#5818,#5819,#5820));
#1177=EDGE_LOOP('',(#5821,#5822,#5823));
#1178=EDGE_LOOP('',(#5824,#5825,#5826));
#1179=EDGE_LOOP('',(#5827,#5828,#5829,#5830));
#1180=EDGE_LOOP('',(#5831,#5832,#5833,#5834));
#1181=EDGE_LOOP('',(#5835,#5836,#5837,#5838));
#1182=EDGE_LOOP('',(#5839,#5840,#5841,#5842));
#1183=EDGE_LOOP('',(#5843,#5844,#5845,#5846));
#1184=EDGE_LOOP('',(#5847,#5848,#5849,#5850));
#1185=EDGE_LOOP('',(#5851,#5852,#5853,#5854));
#1186=EDGE_LOOP('',(#5855,#5856,#5857,#5858));
#1187=EDGE_LOOP('',(#5859,#5860,#5861,#5862));
#1188=EDGE_LOOP('',(#5863,#5864,#5865,#5866));
#1189=EDGE_LOOP('',(#5867,#5868,#5869,#5870));
#1190=EDGE_LOOP('',(#5871,#5872,#5873,#5874));
#1191=EDGE_LOOP('',(#5875,#5876,#5877,#5878));
#1192=EDGE_LOOP('',(#5879,#5880,#5881,#5882));
#1193=EDGE_LOOP('',(#5883,#5884,#5885,#5886));
#1194=EDGE_LOOP('',(#5887,#5888,#5889,#5890));
#1195=EDGE_LOOP('',(#5891,#5892,#5893,#5894));
#1196=EDGE_LOOP('',(#5895,#5896,#5897,#5898));
#1197=EDGE_LOOP('',(#5899,#5900,#5901,#5902));
#1198=EDGE_LOOP('',(#5903,#5904,#5905,#5906));
#1199=EDGE_LOOP('',(#5907,#5908,#5909,#5910));
#1200=EDGE_LOOP('',(#5911,#5912,#5913,#5914));
#1201=EDGE_LOOP('',(#5915,#5916,#5917,#5918));
#1202=EDGE_LOOP('',(#5919,#5920,#5921,#5922));
#1203=EDGE_LOOP('',(#5923,#5924,#5925,#5926));
#1204=EDGE_LOOP('',(#5927,#5928,#5929,#5930));
#1205=EDGE_LOOP('',(#5931,#5932,#5933,#5934));
#1206=EDGE_LOOP('',(#5935,#5936,#5937,#5938));
#1207=EDGE_LOOP('',(#5939,#5940,#5941,#5942));
#1208=EDGE_LOOP('',(#5943,#5944,#5945,#5946));
#1209=EDGE_LOOP('',(#5947,#5948,#5949,#5950));
#1210=EDGE_LOOP('',(#5951,#5952,#5953,#5954));
#1211=EDGE_LOOP('',(#5955,#5956,#5957,#5958));
#1212=EDGE_LOOP('',(#5959,#5960,#5961,#5962));
#1213=EDGE_LOOP('',(#5963,#5964,#5965,#5966));
#1214=EDGE_LOOP('',(#5967,#5968,#5969,#5970,#5971,#5972,#5973,#5974,#5975,
#5976,#5977,#5978,#5979,#5980,#5981));
#1215=EDGE_LOOP('',(#5982,#5983,#5984,#5985,#5986,#5987,#5988,#5989,#5990,
#5991));
#1216=EDGE_LOOP('',(#5992,#5993,#5994,#5995));
#1217=EDGE_LOOP('',(#5996,#5997,#5998,#5999,#6000,#6001,#6002,#6003,#6004));
#1218=EDGE_LOOP('',(#6005,#6006,#6007,#6008,#6009,#6010,#6011,#6012,#6013,
#6014,#6015,#6016,#6017));
#1219=EDGE_LOOP('',(#6018,#6019,#6020,#6021,#6022,#6023,#6024,#6025,#6026,
#6027,#6028,#6029,#6030));
#1220=EDGE_LOOP('',(#6031,#6032,#6033,#6034,#6035,#6036,#6037,#6038,#6039,
#6040,#6041,#6042,#6043,#6044,#6045,#6046,#6047,#6048));
#1221=EDGE_LOOP('',(#6049,#6050,#6051,#6052));
#1222=EDGE_LOOP('',(#6053,#6054,#6055,#6056));
#1223=EDGE_LOOP('',(#6057,#6058,#6059,#6060));
#1224=EDGE_LOOP('',(#6061,#6062,#6063,#6064));
#1225=EDGE_LOOP('',(#6065,#6066,#6067,#6068));
#1226=EDGE_LOOP('',(#6069,#6070,#6071,#6072));
#1227=EDGE_LOOP('',(#6073,#6074,#6075,#6076));
#1228=EDGE_LOOP('',(#6077,#6078,#6079,#6080));
#1229=EDGE_LOOP('',(#6081,#6082,#6083,#6084));
#1230=EDGE_LOOP('',(#6085,#6086,#6087,#6088));
#1231=EDGE_LOOP('',(#6089,#6090,#6091,#6092));
#1232=EDGE_LOOP('',(#6093,#6094,#6095,#6096));
#1233=EDGE_LOOP('',(#6097,#6098,#6099,#6100));
#1234=EDGE_LOOP('',(#6101,#6102,#6103,#6104));
#1235=EDGE_LOOP('',(#6105,#6106,#6107,#6108));
#1236=EDGE_LOOP('',(#6109,#6110,#6111,#6112));
#1237=EDGE_LOOP('',(#6113,#6114,#6115,#6116));
#1238=EDGE_LOOP('',(#6117,#6118,#6119,#6120));
#1239=EDGE_LOOP('',(#6121,#6122,#6123,#6124));
#1240=EDGE_LOOP('',(#6125,#6126,#6127,#6128));
#1241=EDGE_LOOP('',(#6129,#6130,#6131,#6132));
#1242=EDGE_LOOP('',(#6133,#6134,#6135,#6136));
#1243=EDGE_LOOP('',(#6137,#6138,#6139,#6140));
#1244=EDGE_LOOP('',(#6141,#6142,#6143,#6144));
#1245=EDGE_LOOP('',(#6145,#6146,#6147,#6148));
#1246=EDGE_LOOP('',(#6149,#6150,#6151,#6152));
#1247=EDGE_LOOP('',(#6153,#6154,#6155,#6156));
#1248=EDGE_LOOP('',(#6157,#6158,#6159,#6160));
#1249=EDGE_LOOP('',(#6161,#6162,#6163,#6164));
#1250=EDGE_LOOP('',(#6165,#6166,#6167,#6168));
#1251=EDGE_LOOP('',(#6169,#6170,#6171,#6172));
#1252=EDGE_LOOP('',(#6173,#6174,#6175,#6176));
#1253=EDGE_LOOP('',(#6177,#6178,#6179,#6180));
#1254=EDGE_LOOP('',(#6181,#6182,#6183,#6184));
#1255=EDGE_LOOP('',(#6185,#6186,#6187,#6188));
#1256=EDGE_LOOP('',(#6189,#6190,#6191,#6192));
#1257=EDGE_LOOP('',(#6193,#6194,#6195,#6196));
#1258=EDGE_LOOP('',(#6197,#6198,#6199,#6200));
#1259=EDGE_LOOP('',(#6201,#6202,#6203,#6204));
#1260=EDGE_LOOP('',(#6205,#6206,#6207,#6208));
#1261=EDGE_LOOP('',(#6209,#6210,#6211,#6212));
#1262=EDGE_LOOP('',(#6213,#6214,#6215,#6216));
#1263=EDGE_LOOP('',(#6217,#6218,#6219,#6220));
#1264=EDGE_LOOP('',(#6221,#6222,#6223,#6224));
#1265=EDGE_LOOP('',(#6225,#6226,#6227,#6228));
#1266=EDGE_LOOP('',(#6229,#6230,#6231,#6232));
#1267=EDGE_LOOP('',(#6233,#6234,#6235,#6236));
#1268=EDGE_LOOP('',(#6237,#6238,#6239,#6240));
#1269=EDGE_LOOP('',(#6241,#6242,#6243,#6244));
#1270=EDGE_LOOP('',(#6245,#6246,#6247,#6248));
#1271=EDGE_LOOP('',(#6249,#6250,#6251,#6252));
#1272=EDGE_LOOP('',(#6253,#6254,#6255,#6256));
#1273=EDGE_LOOP('',(#6257,#6258,#6259,#6260));
#1274=EDGE_LOOP('',(#6261,#6262,#6263,#6264));
#1275=EDGE_LOOP('',(#6265,#6266,#6267,#6268));
#1276=EDGE_LOOP('',(#6269,#6270,#6271,#6272));
#1277=EDGE_LOOP('',(#6273,#6274,#6275,#6276));
#1278=EDGE_LOOP('',(#6277,#6278,#6279,#6280));
#1279=EDGE_LOOP('',(#6281,#6282,#6283,#6284));
#1280=EDGE_LOOP('',(#6285,#6286,#6287,#6288));
#1281=EDGE_LOOP('',(#6289,#6290,#6291,#6292));
#1282=EDGE_LOOP('',(#6293,#6294,#6295,#6296));
#1283=EDGE_LOOP('',(#6297,#6298,#6299,#6300));
#1284=EDGE_LOOP('',(#6301,#6302,#6303,#6304));
#1285=EDGE_LOOP('',(#6305,#6306,#6307,#6308));
#1286=EDGE_LOOP('',(#6309,#6310,#6311,#6312));
#1287=EDGE_LOOP('',(#6313,#6314,#6315,#6316));
#1288=EDGE_LOOP('',(#6317,#6318,#6319,#6320));
#1289=EDGE_LOOP('',(#6321,#6322,#6323,#6324));
#1290=EDGE_LOOP('',(#6325,#6326,#6327,#6328));
#1291=EDGE_LOOP('',(#6329,#6330,#6331,#6332));
#1292=EDGE_LOOP('',(#6333,#6334,#6335,#6336));
#1293=EDGE_LOOP('',(#6337,#6338,#6339,#6340));
#1294=EDGE_LOOP('',(#6341,#6342,#6343,#6344));
#1295=EDGE_LOOP('',(#6345,#6346,#6347,#6348));
#1296=EDGE_LOOP('',(#6349,#6350,#6351));
#1297=EDGE_LOOP('',(#6352,#6353,#6354));
#1298=EDGE_LOOP('',(#6355,#6356,#6357));
#1299=EDGE_LOOP('',(#6358,#6359,#6360));
#1300=EDGE_LOOP('',(#6361,#6362,#6363,#6364));
#1301=EDGE_LOOP('',(#6365,#6366,#6367,#6368));
#1302=EDGE_LOOP('',(#6369,#6370,#6371,#6372));
#1303=EDGE_LOOP('',(#6373,#6374,#6375,#6376));
#1304=EDGE_LOOP('',(#6377,#6378,#6379,#6380));
#1305=EDGE_LOOP('',(#6381,#6382,#6383,#6384));
#1306=EDGE_LOOP('',(#6385,#6386,#6387,#6388));
#1307=EDGE_LOOP('',(#6389,#6390,#6391,#6392));
#1308=EDGE_LOOP('',(#6393,#6394,#6395,#6396));
#1309=EDGE_LOOP('',(#6397,#6398,#6399,#6400));
#1310=EDGE_LOOP('',(#6401,#6402,#6403,#6404));
#1311=EDGE_LOOP('',(#6405,#6406,#6407,#6408));
#1312=EDGE_LOOP('',(#6409,#6410,#6411,#6412));
#1313=EDGE_LOOP('',(#6413,#6414,#6415,#6416));
#1314=EDGE_LOOP('',(#6417,#6418,#6419,#6420));
#1315=EDGE_LOOP('',(#6421,#6422,#6423,#6424));
#1316=EDGE_LOOP('',(#6425,#6426,#6427,#6428,#6429,#6430,#6431,#6432,#6433,
#6434,#6435,#6436,#6437,#6438,#6439,#6440,#6441,#6442,#6443,#6444,#6445,
#6446));
#1317=EDGE_LOOP('',(#6447,#6448,#6449,#6450,#6451,#6452,#6453,#6454));
#1318=EDGE_LOOP('',(#6455,#6456,#6457,#6458));
#1319=EDGE_LOOP('',(#6459,#6460,#6461,#6462));
#1320=EDGE_LOOP('',(#6463,#6464,#6465,#6466,#6467,#6468,#6469,#6470,#6471,
#6472,#6473,#6474,#6475,#6476,#6477,#6478,#6479));
#1321=EDGE_LOOP('',(#6480,#6481,#6482,#6483));
#1322=EDGE_LOOP('',(#6484,#6485,#6486,#6487,#6488,#6489,#6490,#6491,#6492,
#6493,#6494,#6495,#6496,#6497,#6498,#6499,#6500,#6501,#6502,#6503,#6504));
#1323=EDGE_LOOP('',(#6505,#6506,#6507,#6508,#6509,#6510,#6511,#6512,#6513,
#6514,#6515,#6516,#6517,#6518,#6519,#6520,#6521,#6522,#6523,#6524,#6525,
#6526));
#1324=EDGE_LOOP('',(#6527,#6528,#6529,#6530));
#1325=EDGE_LOOP('',(#6531,#6532,#6533,#6534));
#1326=EDGE_LOOP('',(#6535,#6536,#6537,#6538));
#1327=EDGE_LOOP('',(#6539,#6540,#6541,#6542));
#1328=EDGE_LOOP('',(#6543,#6544,#6545,#6546));
#1329=EDGE_LOOP('',(#6547,#6548,#6549,#6550));
#1330=EDGE_LOOP('',(#6551,#6552,#6553,#6554));
#1331=EDGE_LOOP('',(#6555,#6556,#6557,#6558));
#1332=EDGE_LOOP('',(#6559,#6560,#6561,#6562));
#1333=EDGE_LOOP('',(#6563,#6564,#6565,#6566));
#1334=EDGE_LOOP('',(#6567,#6568,#6569,#6570));
#1335=EDGE_LOOP('',(#6571,#6572,#6573,#6574));
#1336=EDGE_LOOP('',(#6575,#6576,#6577,#6578));
#1337=EDGE_LOOP('',(#6579,#6580,#6581,#6582));
#1338=EDGE_LOOP('',(#6583,#6584,#6585,#6586));
#1339=EDGE_LOOP('',(#6587,#6588,#6589,#6590));
#1340=EDGE_LOOP('',(#6591,#6592,#6593,#6594));
#1341=EDGE_LOOP('',(#6595,#6596,#6597,#6598));
#1342=EDGE_LOOP('',(#6599,#6600,#6601,#6602,#6603,#6604,#6605,#6606,#6607,
#6608,#6609,#6610,#6611,#6612,#6613,#6614,#6615,#6616,#6617,#6618,#6619,
#6620));
#1343=EDGE_LOOP('',(#6621,#6622,#6623,#6624));
#1344=EDGE_LOOP('',(#6625,#6626,#6627,#6628));
#1345=EDGE_LOOP('',(#6629,#6630,#6631,#6632));
#1346=EDGE_LOOP('',(#6633,#6634,#6635,#6636));
#1347=EDGE_LOOP('',(#6637,#6638,#6639,#6640));
#1348=EDGE_LOOP('',(#6641,#6642,#6643,#6644));
#1349=EDGE_LOOP('',(#6645,#6646,#6647,#6648));
#1350=EDGE_LOOP('',(#6649,#6650,#6651,#6652));
#1351=EDGE_LOOP('',(#6653,#6654,#6655,#6656));
#1352=EDGE_LOOP('',(#6657,#6658,#6659,#6660));
#1353=EDGE_LOOP('',(#6661,#6662,#6663,#6664));
#1354=EDGE_LOOP('',(#6665,#6666,#6667,#6668));
#1355=EDGE_LOOP('',(#6669,#6670,#6671,#6672));
#1356=EDGE_LOOP('',(#6673,#6674,#6675,#6676));
#1357=EDGE_LOOP('',(#6677,#6678,#6679,#6680));
#1358=EDGE_LOOP('',(#6681,#6682,#6683,#6684));
#1359=EDGE_LOOP('',(#6685,#6686,#6687,#6688));
#1360=EDGE_LOOP('',(#6689,#6690,#6691,#6692));
#1361=EDGE_LOOP('',(#6693,#6694,#6695,#6696));
#1362=EDGE_LOOP('',(#6697,#6698,#6699,#6700));
#1363=EDGE_LOOP('',(#6701,#6702,#6703,#6704));
#1364=EDGE_LOOP('',(#6705,#6706,#6707,#6708));
#1365=EDGE_LOOP('',(#6709,#6710,#6711,#6712));
#1366=EDGE_LOOP('',(#6713,#6714,#6715,#6716));
#1367=EDGE_LOOP('',(#6717,#6718,#6719,#6720));
#1368=EDGE_LOOP('',(#6721,#6722,#6723,#6724));
#1369=EDGE_LOOP('',(#6725,#6726,#6727,#6728,#6729,#6730,#6731,#6732));
#1370=EDGE_LOOP('',(#6733,#6734,#6735,#6736));
#1371=EDGE_LOOP('',(#6737,#6738,#6739,#6740));
#1372=EDGE_LOOP('',(#6741,#6742,#6743,#6744));
#1373=EDGE_LOOP('',(#6745,#6746,#6747,#6748));
#1374=EDGE_LOOP('',(#6749,#6750,#6751,#6752));
#1375=EDGE_LOOP('',(#6753,#6754,#6755,#6756));
#1376=EDGE_LOOP('',(#6757,#6758,#6759,#6760));
#1377=EDGE_LOOP('',(#6761,#6762,#6763,#6764));
#1378=EDGE_LOOP('',(#6765,#6766,#6767,#6768));
#1379=EDGE_LOOP('',(#6769,#6770,#6771,#6772));
#1380=EDGE_LOOP('',(#6773,#6774,#6775,#6776));
#1381=EDGE_LOOP('',(#6777,#6778,#6779,#6780));
#1382=EDGE_LOOP('',(#6781,#6782,#6783,#6784));
#1383=EDGE_LOOP('',(#6785,#6786,#6787,#6788));
#1384=EDGE_LOOP('',(#6789,#6790,#6791,#6792));
#1385=EDGE_LOOP('',(#6793,#6794,#6795,#6796));
#1386=EDGE_LOOP('',(#6797,#6798,#6799,#6800));
#1387=EDGE_LOOP('',(#6801,#6802,#6803,#6804));
#1388=EDGE_LOOP('',(#6805,#6806,#6807,#6808));
#1389=EDGE_LOOP('',(#6809,#6810,#6811,#6812,#6813,#6814,#6815,#6816,#6817,
#6818,#6819,#6820,#6821,#6822,#6823,#6824,#6825));
#1390=EDGE_LOOP('',(#6826,#6827,#6828,#6829));
#1391=EDGE_LOOP('',(#6830,#6831,#6832,#6833));
#1392=EDGE_LOOP('',(#6834,#6835,#6836,#6837));
#1393=EDGE_LOOP('',(#6838,#6839,#6840,#6841));
#1394=EDGE_LOOP('',(#6842,#6843,#6844,#6845));
#1395=EDGE_LOOP('',(#6846,#6847,#6848,#6849));
#1396=EDGE_LOOP('',(#6850,#6851,#6852,#6853));
#1397=EDGE_LOOP('',(#6854,#6855,#6856,#6857));
#1398=EDGE_LOOP('',(#6858,#6859,#6860,#6861));
#1399=EDGE_LOOP('',(#6862,#6863,#6864,#6865));
#1400=EDGE_LOOP('',(#6866,#6867,#6868,#6869));
#1401=EDGE_LOOP('',(#6870,#6871,#6872,#6873));
#1402=EDGE_LOOP('',(#6874,#6875,#6876,#6877));
#1403=EDGE_LOOP('',(#6878,#6879,#6880,#6881));
#1404=EDGE_LOOP('',(#6882,#6883,#6884,#6885));
#1405=EDGE_LOOP('',(#6886,#6887,#6888,#6889));
#1406=EDGE_LOOP('',(#6890,#6891,#6892,#6893));
#1407=EDGE_LOOP('',(#6894,#6895,#6896,#6897));
#1408=EDGE_LOOP('',(#6898,#6899,#6900,#6901));
#1409=EDGE_LOOP('',(#6902,#6903,#6904,#6905));
#1410=EDGE_LOOP('',(#6906,#6907,#6908,#6909));
#1411=EDGE_LOOP('',(#6910,#6911,#6912,#6913));
#1412=EDGE_LOOP('',(#6914,#6915,#6916,#6917,#6918,#6919,#6920,#6921,#6922,
#6923,#6924,#6925,#6926,#6927,#6928,#6929,#6930,#6931,#6932,#6933,#6934));
#1413=EDGE_LOOP('',(#6935,#6936,#6937,#6938));
#1414=EDGE_LOOP('',(#6939,#6940,#6941,#6942));
#1415=EDGE_LOOP('',(#6943,#6944,#6945,#6946));
#1416=EDGE_LOOP('',(#6947,#6948,#6949,#6950));
#1417=EDGE_LOOP('',(#6951,#6952,#6953,#6954));
#1418=EDGE_LOOP('',(#6955,#6956,#6957,#6958));
#1419=EDGE_LOOP('',(#6959,#6960,#6961,#6962));
#1420=EDGE_LOOP('',(#6963,#6964,#6965,#6966));
#1421=EDGE_LOOP('',(#6967,#6968,#6969,#6970));
#1422=EDGE_LOOP('',(#6971,#6972,#6973,#6974));
#1423=EDGE_LOOP('',(#6975,#6976,#6977,#6978));
#1424=EDGE_LOOP('',(#6979,#6980,#6981,#6982));
#1425=EDGE_LOOP('',(#6983,#6984,#6985,#6986));
#1426=EDGE_LOOP('',(#6987,#6988,#6989,#6990));
#1427=EDGE_LOOP('',(#6991,#6992,#6993,#6994));
#1428=EDGE_LOOP('',(#6995,#6996,#6997,#6998));
#1429=EDGE_LOOP('',(#6999,#7000,#7001,#7002));
#1430=EDGE_LOOP('',(#7003,#7004,#7005,#7006));
#1431=EDGE_LOOP('',(#7007,#7008,#7009,#7010));
#1432=EDGE_LOOP('',(#7011,#7012,#7013,#7014));
#1433=EDGE_LOOP('',(#7015,#7016,#7017,#7018));
#1434=EDGE_LOOP('',(#7019,#7020,#7021,#7022,#7023,#7024,#7025,#7026,#7027,
#7028,#7029,#7030,#7031,#7032,#7033,#7034,#7035,#7036,#7037,#7038,#7039,
#7040));
#1435=EDGE_LOOP('',(#7041,#7042,#7043,#7044));
#1436=EDGE_LOOP('',(#7045,#7046,#7047,#7048));
#1437=EDGE_LOOP('',(#7049,#7050,#7051,#7052));
#1438=EDGE_LOOP('',(#7053,#7054,#7055,#7056));
#1439=EDGE_LOOP('',(#7057,#7058,#7059,#7060));
#1440=EDGE_LOOP('',(#7061,#7062,#7063,#7064));
#1441=EDGE_LOOP('',(#7065,#7066,#7067,#7068));
#1442=EDGE_LOOP('',(#7069,#7070,#7071,#7072));
#1443=EDGE_LOOP('',(#7073,#7074,#7075,#7076));
#1444=EDGE_LOOP('',(#7077,#7078,#7079,#7080));
#1445=EDGE_LOOP('',(#7081,#7082,#7083,#7084));
#1446=EDGE_LOOP('',(#7085,#7086,#7087,#7088));
#1447=EDGE_LOOP('',(#7089,#7090,#7091,#7092));
#1448=EDGE_LOOP('',(#7093,#7094,#7095,#7096));
#1449=EDGE_LOOP('',(#7097,#7098,#7099,#7100));
#1450=EDGE_LOOP('',(#7101,#7102,#7103,#7104));
#1451=EDGE_LOOP('',(#7105,#7106,#7107,#7108));
#1452=EDGE_LOOP('',(#7109,#7110,#7111,#7112));
#1453=EDGE_LOOP('',(#7113,#7114,#7115,#7116));
#1454=EDGE_LOOP('',(#7117,#7118,#7119,#7120));
#1455=EDGE_LOOP('',(#7121,#7122,#7123,#7124));
#1456=EDGE_LOOP('',(#7125,#7126,#7127,#7128));
#1457=EDGE_LOOP('',(#7129,#7130,#7131,#7132,#7133,#7134,#7135,#7136,#7137,
#7138,#7139,#7140,#7141,#7142,#7143,#7144,#7145,#7146));
#1458=EDGE_LOOP('',(#7147,#7148,#7149,#7150));
#1459=EDGE_LOOP('',(#7151,#7152,#7153,#7154));
#1460=EDGE_LOOP('',(#7155,#7156,#7157,#7158));
#1461=EDGE_LOOP('',(#7159,#7160,#7161,#7162));
#1462=EDGE_LOOP('',(#7163,#7164,#7165,#7166));
#1463=EDGE_LOOP('',(#7167,#7168,#7169,#7170));
#1464=EDGE_LOOP('',(#7171,#7172,#7173,#7174));
#1465=EDGE_LOOP('',(#7175,#7176,#7177,#7178));
#1466=EDGE_LOOP('',(#7179,#7180,#7181,#7182));
#1467=EDGE_LOOP('',(#7183,#7184,#7185,#7186));
#1468=EDGE_LOOP('',(#7187,#7188,#7189,#7190));
#1469=EDGE_LOOP('',(#7191,#7192,#7193,#7194));
#1470=EDGE_LOOP('',(#7195,#7196,#7197,#7198));
#1471=EDGE_LOOP('',(#7199,#7200,#7201,#7202));
#1472=EDGE_LOOP('',(#7203,#7204,#7205,#7206));
#1473=EDGE_LOOP('',(#7207,#7208,#7209,#7210));
#1474=EDGE_LOOP('',(#7211,#7212,#7213,#7214));
#1475=EDGE_LOOP('',(#7215,#7216,#7217,#7218));
#1476=EDGE_LOOP('',(#7219,#7220,#7221,#7222,#7223,#7224,#7225,#7226,#7227,
#7228,#7229,#7230,#7231));
#1477=EDGE_LOOP('',(#7232,#7233,#7234,#7235));
#1478=EDGE_LOOP('',(#7236,#7237,#7238,#7239));
#1479=EDGE_LOOP('',(#7240,#7241,#7242,#7243));
#1480=EDGE_LOOP('',(#7244,#7245,#7246,#7247));
#1481=EDGE_LOOP('',(#7248,#7249,#7250,#7251));
#1482=EDGE_LOOP('',(#7252,#7253,#7254,#7255));
#1483=EDGE_LOOP('',(#7256,#7257,#7258,#7259));
#1484=EDGE_LOOP('',(#7260,#7261,#7262,#7263));
#1485=EDGE_LOOP('',(#7264,#7265,#7266,#7267));
#1486=EDGE_LOOP('',(#7268,#7269,#7270,#7271));
#1487=EDGE_LOOP('',(#7272,#7273,#7274,#7275));
#1488=EDGE_LOOP('',(#7276,#7277,#7278,#7279));
#1489=EDGE_LOOP('',(#7280,#7281,#7282,#7283));
#1490=EDGE_LOOP('',(#7284,#7285,#7286,#7287));
#1491=EDGE_LOOP('',(#7288,#7289,#7290,#7291));
#1492=EDGE_LOOP('',(#7292,#7293,#7294,#7295));
#1493=EDGE_LOOP('',(#7296,#7297,#7298,#7299,#7300,#7301,#7302,#7303,#7304,
#7305,#7306,#7307,#7308));
#1494=EDGE_LOOP('',(#7309,#7310,#7311));
#1495=EDGE_LOOP('',(#7312,#7313,#7314,#7315));
#1496=EDGE_LOOP('',(#7316,#7317,#7318,#7319));
#1497=EDGE_LOOP('',(#7320,#7321,#7322,#7323));
#1498=EDGE_LOOP('',(#7324,#7325,#7326,#7327));
#1499=EDGE_LOOP('',(#7328,#7329,#7330,#7331));
#1500=EDGE_LOOP('',(#7332,#7333,#7334,#7335));
#1501=EDGE_LOOP('',(#7336,#7337,#7338,#7339));
#1502=EDGE_LOOP('',(#7340,#7341,#7342,#7343));
#1503=EDGE_LOOP('',(#7344,#7345,#7346,#7347));
#1504=EDGE_LOOP('',(#7348,#7349,#7350,#7351));
#1505=EDGE_LOOP('',(#7352,#7353,#7354,#7355));
#1506=EDGE_LOOP('',(#7356,#7357,#7358,#7359));
#1507=EDGE_LOOP('',(#7360,#7361,#7362,#7363));
#1508=EDGE_LOOP('',(#7364,#7365,#7366,#7367));
#1509=EDGE_LOOP('',(#7368,#7369,#7370,#7371));
#1510=EDGE_LOOP('',(#7372,#7373,#7374,#7375));
#1511=EDGE_LOOP('',(#7376,#7377,#7378,#7379));
#1512=EDGE_LOOP('',(#7380,#7381,#7382,#7383));
#1513=EDGE_LOOP('',(#7384,#7385,#7386,#7387,#7388,#7389,#7390,#7391,#7392));
#1514=EDGE_LOOP('',(#7393,#7394,#7395,#7396,#7397));
#1515=EDGE_LOOP('',(#7398,#7399,#7400,#7401));
#1516=EDGE_LOOP('',(#7402,#7403,#7404,#7405));
#1517=EDGE_LOOP('',(#7406,#7407,#7408,#7409));
#1518=EDGE_LOOP('',(#7410,#7411,#7412,#7413));
#1519=EDGE_LOOP('',(#7414,#7415,#7416,#7417));
#1520=EDGE_LOOP('',(#7418,#7419,#7420,#7421));
#1521=EDGE_LOOP('',(#7422,#7423,#7424,#7425));
#1522=EDGE_LOOP('',(#7426,#7427,#7428,#7429));
#1523=EDGE_LOOP('',(#7430,#7431,#7432,#7433));
#1524=EDGE_LOOP('',(#7434,#7435,#7436,#7437));
#1525=EDGE_LOOP('',(#7438,#7439,#7440,#7441));
#1526=EDGE_LOOP('',(#7442,#7443,#7444,#7445));
#1527=EDGE_LOOP('',(#7446,#7447,#7448,#7449));
#1528=EDGE_LOOP('',(#7450,#7451,#7452,#7453));
#1529=EDGE_LOOP('',(#7454,#7455,#7456,#7457));
#1530=EDGE_LOOP('',(#7458,#7459,#7460,#7461));
#1531=EDGE_LOOP('',(#7462,#7463,#7464,#7465));
#1532=EDGE_LOOP('',(#7466,#7467,#7468,#7469));
#1533=EDGE_LOOP('',(#7470,#7471,#7472,#7473,#7474,#7475,#7476,#7477));
#1534=EDGE_LOOP('',(#7478,#7479,#7480,#7481));
#1535=EDGE_LOOP('',(#7482,#7483,#7484,#7485));
#1536=EDGE_LOOP('',(#7486,#7487,#7488,#7489));
#1537=EDGE_LOOP('',(#7490,#7491,#7492,#7493));
#1538=EDGE_LOOP('',(#7494,#7495,#7496,#7497,#7498,#7499,#7500,#7501,#7502,
#7503));
#1539=EDGE_LOOP('',(#7504,#7505,#7506,#7507));
#1540=EDGE_LOOP('',(#7508,#7509,#7510,#7511));
#1541=EDGE_LOOP('',(#7512,#7513,#7514,#7515));
#1542=EDGE_LOOP('',(#7516,#7517,#7518,#7519));
#1543=EDGE_LOOP('',(#7520,#7521,#7522,#7523));
#1544=EDGE_LOOP('',(#7524,#7525,#7526,#7527));
#1545=EDGE_LOOP('',(#7528,#7529,#7530,#7531));
#1546=EDGE_LOOP('',(#7532,#7533,#7534,#7535));
#1547=EDGE_LOOP('',(#7536,#7537,#7538,#7539));
#1548=EDGE_LOOP('',(#7540,#7541,#7542,#7543));
#1549=EDGE_LOOP('',(#7544,#7545,#7546,#7547,#7548,#7549,#7550,#7551,#7552,
#7553,#7554,#7555,#7556,#7557,#7558));
#1550=EDGE_LOOP('',(#7559,#7560,#7561,#7562));
#1551=EDGE_LOOP('',(#7563,#7564,#7565,#7566));
#1552=EDGE_LOOP('',(#7567,#7568,#7569,#7570));
#1553=EDGE_LOOP('',(#7571,#7572,#7573,#7574));
#1554=EDGE_LOOP('',(#7575,#7576,#7577,#7578));
#1555=EDGE_LOOP('',(#7579,#7580,#7581,#7582));
#1556=EDGE_LOOP('',(#7583,#7584,#7585,#7586));
#1557=EDGE_LOOP('',(#7587,#7588,#7589,#7590));
#1558=EDGE_LOOP('',(#7591,#7592,#7593,#7594));
#1559=EDGE_LOOP('',(#7595,#7596,#7597,#7598));
#1560=EDGE_LOOP('',(#7599,#7600,#7601,#7602));
#1561=EDGE_LOOP('',(#7603,#7604,#7605,#7606));
#1562=EDGE_LOOP('',(#7607,#7608,#7609,#7610));
#1563=EDGE_LOOP('',(#7611,#7612,#7613,#7614));
#1564=EDGE_LOOP('',(#7615,#7616,#7617,#7618));
#1565=EDGE_LOOP('',(#7619,#7620,#7621,#7622,#7623,#7624,#7625,#7626));
#1566=EDGE_LOOP('',(#7627,#7628,#7629,#7630,#7631));
#1567=EDGE_LOOP('',(#7632,#7633,#7634));
#1568=EDGE_LOOP('',(#7635,#7636,#7637,#7638));
#1569=EDGE_LOOP('',(#7639,#7640,#7641));
#1570=EDGE_LOOP('',(#7642,#7643,#7644));
#1571=EDGE_LOOP('',(#7645,#7646,#7647,#7648));
#1572=EDGE_LOOP('',(#7649,#7650,#7651));
#1573=EDGE_LOOP('',(#7652,#7653,#7654,#7655,#7656,#7657,#7658,#7659));
#1574=EDGE_LOOP('',(#7660,#7661,#7662,#7663));
#1575=EDGE_LOOP('',(#7664,#7665,#7666,#7667,#7668,#7669,#7670,#7671));
#1576=EDGE_LOOP('',(#7672,#7673,#7674,#7675));
#1577=EDGE_LOOP('',(#7676));
#1578=EDGE_LOOP('',(#7677));
#1579=EDGE_LOOP('',(#7678,#7679,#7680,#7681));
#1580=EDGE_LOOP('',(#7682,#7683,#7684,#7685));
#1581=EDGE_LOOP('',(#7686,#7687,#7688,#7689));
#1582=EDGE_LOOP('',(#7690,#7691,#7692,#7693));
#1583=EDGE_LOOP('',(#7694,#7695,#7696,#7697));
#1584=EDGE_LOOP('',(#7698,#7699,#7700,#7701));
#1585=EDGE_LOOP('',(#7702,#7703,#7704,#7705));
#1586=EDGE_LOOP('',(#7706,#7707,#7708));
#1587=B_SPLINE_CURVE_WITH_KNOTS('',3,(#11055,#11056,#11057,#11058,#11059,
#11060,#11061,#11062,#11063,#11064),.UNSPECIFIED.,.F.,.F.,(4,1,1,1,1,1,
1,4),(0.,0.483321946706122,0.966643893412244,1.44996584011837,1.93328778682449,
2.41660973353061,2.89993168023673,3.14159265358979),.UNSPECIFIED.);
#1588=B_SPLINE_CURVE_WITH_KNOTS('',3,(#11067,#11068,#11069,#11070,#11071,
#11072,#11073,#11074,#11075,#11076),.UNSPECIFIED.,.F.,.F.,(4,1,1,1,1,1,
1,4),(0.,0.483321946706122,0.966643893412244,1.44996584011837,1.93328778682449,
2.41660973353061,2.89993168023673,3.14159265358979),.UNSPECIFIED.);
#1589=B_SPLINE_CURVE_WITH_KNOTS('',3,(#11082,#11083,#11084,#11085,#11086,
#11087,#11088,#11089,#11090,#11091),.UNSPECIFIED.,.F.,.F.,(4,1,1,1,1,1,
1,4),(9.42477796076938,9.66643893412244,10.1497608808286,10.6330828275347,
11.1164047742408,11.5997267209469,12.083048667653,12.5663706143592),
 .UNSPECIFIED.);
#1590=B_SPLINE_CURVE_WITH_KNOTS('',3,(#11094,#11095,#11096,#11097,#11098,
#11099,#11100,#11101,#11102,#11103),.UNSPECIFIED.,.F.,.F.,(4,1,1,1,1,1,
1,4),(9.42477796076938,9.66643893412244,10.1497608808286,10.6330828275347,
11.1164047742408,11.5997267209469,12.083048667653,12.5663706143592),
 .UNSPECIFIED.);
#1591=B_SPLINE_CURVE_WITH_KNOTS('',3,(#11110,#11111,#11112,#11113,#11114,
#11115,#11116,#11117,#11118,#11119,#11120,#11121,#11122,#11123,#11124,#11125,
#11126,#11127,#11128,#11129,#11130,#11131),.UNSPECIFIED.,.F.,.F.,(4,3,3,
3,3,3,3,4),(-12.5663706143592,-12.083048667653,-11.5997267209469,-11.1164047742408,
-10.6330828275347,-10.1497608808286,-9.66643893412244,-9.42477796076938),
 .UNSPECIFIED.);
#1592=B_SPLINE_CURVE_WITH_KNOTS('',3,(#11138,#11139,#11140,#11141,#11142,
#11143,#11144,#11145,#11146,#11147,#11148,#11149,#11150,#11151,#11152,#11153,
#11154),.UNSPECIFIED.,.F.,.F.,(4,1,1,1,1,1,1,1,1,1,1,1,1,1,4),(3.14159265358979,
3.38325362694285,3.86657557364898,4.3498975203551,4.83321946706122,5.31654141376734,
5.79986336047346,6.28318530717959,6.76650725388571,7.24982920059183,7.73315114729795,
8.21647309400407,8.6997950407102,9.18311698741632,9.42477796076938),
 .UNSPECIFIED.);
#1593=B_SPLINE_CURVE_WITH_KNOTS('',3,(#11158,#11159,#11160,#11161,#11162,
#11163,#11164,#11165,#11166,#11167,#11168,#11169,#11170,#11171,#11172,#11173,
#11174,#11175,#11176,#11177,#11178,#11179),.UNSPECIFIED.,.F.,.F.,(4,3,3,
3,3,3,3,4),(-3.14159265358979,-2.89993168023673,-2.41660973353061,-1.93328778682449,
-1.44996584011837,-0.966643893412245,-0.483321946706124,-1.77635683940025E-15),
 .UNSPECIFIED.);
#1594=B_SPLINE_CURVE_WITH_KNOTS('',3,(#11186,#11187,#11188,#11189,#11190,
#11191,#11192,#11193,#11194,#11195),.UNSPECIFIED.,.F.,.F.,(4,1,1,1,1,1,
1,4),(0.,0.483321946706122,0.966643893412244,1.44996584011837,1.93328778682449,
2.41660973353061,2.89993168023673,3.14159265358979),.UNSPECIFIED.);
#1595=B_SPLINE_CURVE_WITH_KNOTS('',3,(#11203,#11204,#11205,#11206,#11207,
#11208,#11209,#11210,#11211,#11212),.UNSPECIFIED.,.F.,.F.,(4,1,1,1,1,1,
1,4),(9.42477796076938,9.66643893412244,10.1497608808286,10.6330828275347,
11.1164047742408,11.5997267209469,12.083048667653,12.5663706143592),
 .UNSPECIFIED.);
#1596=B_SPLINE_CURVE_WITH_KNOTS('',3,(#11218,#11219,#11220,#11221,#11222,
#11223,#11224,#11225,#11226,#11227,#11228,#11229,#11230,#11231,#11232,#11233,
#11234,#11235,#11236,#11237,#11238,#11239,#11240,#11241,#11242,#11243,#11244,
#11245,#11246,#11247,#11248,#11249,#11250,#11251,#11252,#11253,#11254,#11255,
#11256,#11257,#11258,#11259,#11260),.UNSPECIFIED.,.F.,.F.,(4,3,3,3,3,3,
3,3,3,3,3,3,3,3,4),(-9.42477796076938,-9.18311698741632,-8.6997950407102,
-8.21647309400407,-7.73315114729795,-7.24982920059183,-6.76650725388571,
-6.28318530717959,-5.79986336047346,-5.31654141376734,-4.83321946706122,
-4.3498975203551,-3.86657557364898,-3.38325362694285,-3.14159265358979),
 .UNSPECIFIED.);
#1597=B_SPLINE_CURVE_WITH_KNOTS('',2,(#12015,#12016,#12017,#12018),
 .UNSPECIFIED.,.F.,.F.,(3,1,3),(0.,1.,2.),.UNSPECIFIED.);
#1598=B_SPLINE_CURVE_WITH_KNOTS('',2,(#12020,#12021,#12022,#12023),
 .UNSPECIFIED.,.F.,.F.,(3,1,3),(0.,1.,2.),.UNSPECIFIED.);
#1599=B_SPLINE_CURVE_WITH_KNOTS('',2,(#12025,#12026,#12027,#12028),
 .UNSPECIFIED.,.F.,.F.,(3,1,3),(0.,1.,2.),.UNSPECIFIED.);
#1600=B_SPLINE_CURVE_WITH_KNOTS('',2,(#12030,#12031,#12032,#12033),
 .UNSPECIFIED.,.F.,.F.,(3,1,3),(0.,1.,2.),.UNSPECIFIED.);
#1601=B_SPLINE_CURVE_WITH_KNOTS('',2,(#12035,#12036,#12037,#12038),
 .UNSPECIFIED.,.F.,.F.,(3,1,3),(0.,1.,2.),.UNSPECIFIED.);
#1602=B_SPLINE_CURVE_WITH_KNOTS('',2,(#12044,#12045,#12046,#12047),
 .UNSPECIFIED.,.F.,.F.,(3,1,3),(0.,1.,2.),.UNSPECIFIED.);
#1603=B_SPLINE_CURVE_WITH_KNOTS('',2,(#12049,#12050,#12051,#12052),
 .UNSPECIFIED.,.F.,.F.,(3,1,3),(0.,1.,2.),.UNSPECIFIED.);
#1604=B_SPLINE_CURVE_WITH_KNOTS('',2,(#12054,#12055,#12056,#12057),
 .UNSPECIFIED.,.F.,.F.,(3,1,3),(0.,1.,2.),.UNSPECIFIED.);
#1605=B_SPLINE_CURVE_WITH_KNOTS('',2,(#12059,#12060,#12061,#12062),
 .UNSPECIFIED.,.F.,.F.,(3,1,3),(0.,1.,2.),.UNSPECIFIED.);
#1606=B_SPLINE_CURVE_WITH_KNOTS('',2,(#12068,#12069,#12070,#12071),
 .UNSPECIFIED.,.F.,.F.,(3,1,3),(0.,1.,2.),.UNSPECIFIED.);
#1607=B_SPLINE_CURVE_WITH_KNOTS('',2,(#12079,#12080,#12081,#12082),
 .UNSPECIFIED.,.F.,.F.,(3,1,3),(0.,1.,2.),.UNSPECIFIED.);
#1608=B_SPLINE_CURVE_WITH_KNOTS('',2,(#12084,#12085,#12086,#12087),
 .UNSPECIFIED.,.F.,.F.,(3,1,3),(0.,1.,2.),.UNSPECIFIED.);
#1609=B_SPLINE_CURVE_WITH_KNOTS('',2,(#12094,#12095,#12096,#12097),
 .UNSPECIFIED.,.F.,.F.,(3,1,3),(0.,1.,2.),.UNSPECIFIED.);
#1610=B_SPLINE_CURVE_WITH_KNOTS('',2,(#12100,#12101,#12102,#12103),
 .UNSPECIFIED.,.F.,.F.,(3,1,3),(0.,1.,2.),.UNSPECIFIED.);
#1611=B_SPLINE_CURVE_WITH_KNOTS('',2,(#12105,#12106,#12107,#12108),
 .UNSPECIFIED.,.F.,.F.,(3,1,3),(0.,1.,2.),.UNSPECIFIED.);
#1612=B_SPLINE_CURVE_WITH_KNOTS('',2,(#12110,#12111,#12112,#12113),
 .UNSPECIFIED.,.F.,.F.,(3,1,3),(0.,1.,2.),.UNSPECIFIED.);
#1613=B_SPLINE_CURVE_WITH_KNOTS('',2,(#12114,#12115,#12116,#12117),
 .UNSPECIFIED.,.F.,.F.,(3,1,3),(0.,1.,2.),.UNSPECIFIED.);
#1614=B_SPLINE_CURVE_WITH_KNOTS('',2,(#12120,#12121,#12122,#12123),
 .UNSPECIFIED.,.F.,.F.,(3,1,3),(0.,1.,2.),.UNSPECIFIED.);
#1615=B_SPLINE_CURVE_WITH_KNOTS('',2,(#12125,#12126,#12127,#12128),
 .UNSPECIFIED.,.F.,.F.,(3,1,3),(0.,1.,2.),.UNSPECIFIED.);
#1616=B_SPLINE_CURVE_WITH_KNOTS('',2,(#12140,#12141,#12142,#12143),
 .UNSPECIFIED.,.F.,.F.,(3,1,3),(0.,1.,2.),.UNSPECIFIED.);
#1617=B_SPLINE_CURVE_WITH_KNOTS('',2,(#12144,#12145,#12146,#12147),
 .UNSPECIFIED.,.F.,.F.,(3,1,3),(0.,1.,2.),.UNSPECIFIED.);
#1618=B_SPLINE_CURVE_WITH_KNOTS('',2,(#12150,#12151,#12152,#12153),
 .UNSPECIFIED.,.F.,.F.,(3,1,3),(0.,1.,2.),.UNSPECIFIED.);
#1619=B_SPLINE_CURVE_WITH_KNOTS('',2,(#12155,#12156,#12157,#12158),
 .UNSPECIFIED.,.F.,.F.,(3,1,3),(0.,1.,2.),.UNSPECIFIED.);
#1620=B_SPLINE_CURVE_WITH_KNOTS('',2,(#12160,#12161,#12162,#12163),
 .UNSPECIFIED.,.F.,.F.,(3,1,3),(0.,1.,2.),.UNSPECIFIED.);
#1621=B_SPLINE_CURVE_WITH_KNOTS('',2,(#12169,#12170,#12171,#12172),
 .UNSPECIFIED.,.F.,.F.,(3,1,3),(0.,1.,2.),.UNSPECIFIED.);
#1622=B_SPLINE_CURVE_WITH_KNOTS('',2,(#12174,#12175,#12176,#12177),
 .UNSPECIFIED.,.F.,.F.,(3,1,3),(0.,1.,2.),.UNSPECIFIED.);
#1623=B_SPLINE_CURVE_WITH_KNOTS('',2,(#12179,#12180,#12181,#12182),
 .UNSPECIFIED.,.F.,.F.,(3,1,3),(0.,1.,2.),.UNSPECIFIED.);
#1624=B_SPLINE_CURVE_WITH_KNOTS('',2,(#12184,#12185,#12186,#12187),
 .UNSPECIFIED.,.F.,.F.,(3,1,3),(0.,1.,2.),.UNSPECIFIED.);
#1625=B_SPLINE_CURVE_WITH_KNOTS('',2,(#12193,#12194,#12195,#12196),
 .UNSPECIFIED.,.F.,.F.,(3,1,3),(0.,1.,2.),.UNSPECIFIED.);
#1626=B_SPLINE_CURVE_WITH_KNOTS('',2,(#12197,#12198,#12199,#12200),
 .UNSPECIFIED.,.F.,.F.,(3,1,3),(0.,1.,2.),.UNSPECIFIED.);
#1627=B_SPLINE_CURVE_WITH_KNOTS('',2,(#12207,#12208,#12209,#12210),
 .UNSPECIFIED.,.F.,.F.,(3,1,3),(0.,1.,2.),.UNSPECIFIED.);
#1628=B_SPLINE_CURVE_WITH_KNOTS('',2,(#12212,#12213,#12214,#12215),
 .UNSPECIFIED.,.F.,.F.,(3,1,3),(0.,1.,2.),.UNSPECIFIED.);
#1629=B_SPLINE_CURVE_WITH_KNOTS('',2,(#12217,#12218,#12219,#12220),
 .UNSPECIFIED.,.F.,.F.,(3,1,3),(0.,1.,2.),.UNSPECIFIED.);
#1630=B_SPLINE_CURVE_WITH_KNOTS('',2,(#12232,#12233,#12234,#12235),
 .UNSPECIFIED.,.F.,.F.,(3,1,3),(0.,1.,2.),.UNSPECIFIED.);
#1631=B_SPLINE_CURVE_WITH_KNOTS('',2,(#12237,#12238,#12239,#12240),
 .UNSPECIFIED.,.F.,.F.,(3,1,3),(0.,1.,2.),.UNSPECIFIED.);
#1632=B_SPLINE_CURVE_WITH_KNOTS('',2,(#12244,#12245,#12246,#12247),
 .UNSPECIFIED.,.F.,.F.,(3,1,3),(0.,1.,2.),.UNSPECIFIED.);
#1633=B_SPLINE_CURVE_WITH_KNOTS('',2,(#12249,#12250,#12251,#12252),
 .UNSPECIFIED.,.F.,.F.,(3,1,3),(0.,1.,2.),.UNSPECIFIED.);
#1634=B_SPLINE_CURVE_WITH_KNOTS('',2,(#12254,#12255,#12256,#12257),
 .UNSPECIFIED.,.F.,.F.,(3,1,3),(0.,1.,2.),.UNSPECIFIED.);
#1635=B_SPLINE_CURVE_WITH_KNOTS('',2,(#12259,#12260,#12261,#12262),
 .UNSPECIFIED.,.F.,.F.,(3,1,3),(0.,1.,2.),.UNSPECIFIED.);
#1636=B_SPLINE_CURVE_WITH_KNOTS('',2,(#12268,#12269,#12270,#12271),
 .UNSPECIFIED.,.F.,.F.,(3,1,3),(0.,1.,2.),.UNSPECIFIED.);
#1637=B_SPLINE_CURVE_WITH_KNOTS('',2,(#12273,#12274,#12275,#12276),
 .UNSPECIFIED.,.F.,.F.,(3,1,3),(0.,1.,2.),.UNSPECIFIED.);
#1638=B_SPLINE_CURVE_WITH_KNOTS('',2,(#12278,#12279,#12280,#12281),
 .UNSPECIFIED.,.F.,.F.,(3,1,3),(0.,1.,2.),.UNSPECIFIED.);
#1639=B_SPLINE_CURVE_WITH_KNOTS('',2,(#12283,#12284,#12285,#12286),
 .UNSPECIFIED.,.F.,.F.,(3,1,3),(0.,1.,2.),.UNSPECIFIED.);
#1640=B_SPLINE_CURVE_WITH_KNOTS('',2,(#12288,#12289,#12290,#12291),
 .UNSPECIFIED.,.F.,.F.,(3,1,3),(0.,1.,2.),.UNSPECIFIED.);
#1641=B_SPLINE_CURVE_WITH_KNOTS('',2,(#12293,#12294,#12295,#12296),
 .UNSPECIFIED.,.F.,.F.,(3,1,3),(0.,1.,2.),.UNSPECIFIED.);
#1642=B_SPLINE_CURVE_WITH_KNOTS('',2,(#12298,#12299,#12300,#12301),
 .UNSPECIFIED.,.F.,.F.,(3,1,3),(0.,1.,2.),.UNSPECIFIED.);
#1643=B_SPLINE_CURVE_WITH_KNOTS('',2,(#12303,#12304,#12305,#12306),
 .UNSPECIFIED.,.F.,.F.,(3,1,3),(0.,1.,2.),.UNSPECIFIED.);
#1644=B_SPLINE_CURVE_WITH_KNOTS('',2,(#12312,#12313,#12314,#12315),
 .UNSPECIFIED.,.F.,.F.,(3,1,3),(0.,1.,2.),.UNSPECIFIED.);
#1645=B_SPLINE_CURVE_WITH_KNOTS('',2,(#12316,#12317,#12318,#12319),
 .UNSPECIFIED.,.F.,.F.,(3,1,3),(0.,1.,2.),.UNSPECIFIED.);
#1646=B_SPLINE_CURVE_WITH_KNOTS('',2,(#12596,#12597,#12598,#12599),
 .UNSPECIFIED.,.F.,.F.,(3,1,3),(0.,1.,2.),.UNSPECIFIED.);
#1647=B_SPLINE_CURVE_WITH_KNOTS('',2,(#12601,#12602,#12603,#12604),
 .UNSPECIFIED.,.F.,.F.,(3,1,3),(0.,1.,2.),.UNSPECIFIED.);
#1648=B_SPLINE_CURVE_WITH_KNOTS('',2,(#12606,#12607,#12608,#12609),
 .UNSPECIFIED.,.F.,.F.,(3,1,3),(0.,1.,2.),.UNSPECIFIED.);
#1649=B_SPLINE_CURVE_WITH_KNOTS('',2,(#12617,#12618,#12619,#12620),
 .UNSPECIFIED.,.F.,.F.,(3,1,3),(0.,1.,2.),.UNSPECIFIED.);
#1650=B_SPLINE_CURVE_WITH_KNOTS('',2,(#12622,#12623,#12624,#12625),
 .UNSPECIFIED.,.F.,.F.,(3,1,3),(0.,1.,2.),.UNSPECIFIED.);
#1651=B_SPLINE_CURVE_WITH_KNOTS('',2,(#12627,#12628,#12629,#12630),
 .UNSPECIFIED.,.F.,.F.,(3,1,3),(0.,1.,2.),.UNSPECIFIED.);
#1652=B_SPLINE_CURVE_WITH_KNOTS('',2,(#12642,#12643,#12644,#12645),
 .UNSPECIFIED.,.F.,.F.,(3,1,3),(0.,1.,2.),.UNSPECIFIED.);
#1653=B_SPLINE_CURVE_WITH_KNOTS('',2,(#12647,#12648,#12649,#12650),
 .UNSPECIFIED.,.F.,.F.,(3,1,3),(0.,1.,2.),.UNSPECIFIED.);
#1654=B_SPLINE_CURVE_WITH_KNOTS('',2,(#12652,#12653,#12654,#12655),
 .UNSPECIFIED.,.F.,.F.,(3,1,3),(0.,1.,2.),.UNSPECIFIED.);
#1655=B_SPLINE_CURVE_WITH_KNOTS('',2,(#12657,#12658,#12659,#12660),
 .UNSPECIFIED.,.F.,.F.,(3,1,3),(0.,1.,2.),.UNSPECIFIED.);
#1656=B_SPLINE_CURVE_WITH_KNOTS('',2,(#12662,#12663,#12664,#12665),
 .UNSPECIFIED.,.F.,.F.,(3,1,3),(0.,1.,2.),.UNSPECIFIED.);
#1657=B_SPLINE_CURVE_WITH_KNOTS('',2,(#12671,#12672,#12673,#12674),
 .UNSPECIFIED.,.F.,.F.,(3,1,3),(0.,1.,2.),.UNSPECIFIED.);
#1658=B_SPLINE_CURVE_WITH_KNOTS('',2,(#12676,#12677,#12678,#12679),
 .UNSPECIFIED.,.F.,.F.,(3,1,3),(0.,1.,2.),.UNSPECIFIED.);
#1659=B_SPLINE_CURVE_WITH_KNOTS('',2,(#12681,#12682,#12683,#12684),
 .UNSPECIFIED.,.F.,.F.,(3,1,3),(0.,1.,2.),.UNSPECIFIED.);
#1660=B_SPLINE_CURVE_WITH_KNOTS('',2,(#12686,#12687,#12688,#12689),
 .UNSPECIFIED.,.F.,.F.,(3,1,3),(0.,1.,2.),.UNSPECIFIED.);
#1661=B_SPLINE_CURVE_WITH_KNOTS('',2,(#12691,#12692,#12693,#12694),
 .UNSPECIFIED.,.F.,.F.,(3,1,3),(0.,1.,2.),.UNSPECIFIED.);
#1662=B_SPLINE_CURVE_WITH_KNOTS('',2,(#12696,#12697,#12698,#12699),
 .UNSPECIFIED.,.F.,.F.,(3,1,3),(0.,1.,2.),.UNSPECIFIED.);
#1663=B_SPLINE_CURVE_WITH_KNOTS('',2,(#12701,#12702,#12703,#12704),
 .UNSPECIFIED.,.F.,.F.,(3,1,3),(0.,1.,2.),.UNSPECIFIED.);
#1664=B_SPLINE_CURVE_WITH_KNOTS('',2,(#12705,#12706,#12707,#12708),
 .UNSPECIFIED.,.F.,.F.,(3,1,3),(0.,1.,2.),.UNSPECIFIED.);
#1665=B_SPLINE_CURVE_WITH_KNOTS('',2,(#12729,#12730,#12731,#12732),
 .UNSPECIFIED.,.F.,.F.,(3,1,3),(0.,1.,2.),.UNSPECIFIED.);
#1666=B_SPLINE_CURVE_WITH_KNOTS('',2,(#12734,#12735,#12736,#12737),
 .UNSPECIFIED.,.F.,.F.,(3,1,3),(0.,1.,2.),.UNSPECIFIED.);
#1667=B_SPLINE_CURVE_WITH_KNOTS('',2,(#12761,#12762,#12763,#12764),
 .UNSPECIFIED.,.F.,.F.,(3,1,3),(0.,1.,2.),.UNSPECIFIED.);
#1668=B_SPLINE_CURVE_WITH_KNOTS('',2,(#12766,#12767,#12768,#12769),
 .UNSPECIFIED.,.F.,.F.,(3,1,3),(0.,1.,2.),.UNSPECIFIED.);
#1669=B_SPLINE_CURVE_WITH_KNOTS('',2,(#12781,#12782,#12783,#12784),
 .UNSPECIFIED.,.F.,.F.,(3,1,3),(0.,1.,2.),.UNSPECIFIED.);
#1670=B_SPLINE_CURVE_WITH_KNOTS('',2,(#12786,#12787,#12788,#12789),
 .UNSPECIFIED.,.F.,.F.,(3,1,3),(0.,1.,2.),.UNSPECIFIED.);
#1671=B_SPLINE_CURVE_WITH_KNOTS('',2,(#12791,#12792,#12793,#12794),
 .UNSPECIFIED.,.F.,.F.,(3,1,3),(0.,1.,2.),.UNSPECIFIED.);
#1672=B_SPLINE_CURVE_WITH_KNOTS('',2,(#12800,#12801,#12802,#12803),
 .UNSPECIFIED.,.F.,.F.,(3,1,3),(0.,1.,2.),.UNSPECIFIED.);
#1673=B_SPLINE_CURVE_WITH_KNOTS('',2,(#12805,#12806,#12807,#12808),
 .UNSPECIFIED.,.F.,.F.,(3,1,3),(0.,1.,2.),.UNSPECIFIED.);
#1674=B_SPLINE_CURVE_WITH_KNOTS('',2,(#12810,#12811,#12812,#12813),
 .UNSPECIFIED.,.F.,.F.,(3,1,3),(0.,1.,2.),.UNSPECIFIED.);
#1675=B_SPLINE_CURVE_WITH_KNOTS('',2,(#12815,#12816,#12817,#12818),
 .UNSPECIFIED.,.F.,.F.,(3,1,3),(0.,1.,2.),.UNSPECIFIED.);
#1676=B_SPLINE_CURVE_WITH_KNOTS('',2,(#12820,#12821,#12822,#12823),
 .UNSPECIFIED.,.F.,.F.,(3,1,3),(0.,1.,2.),.UNSPECIFIED.);
#1677=B_SPLINE_CURVE_WITH_KNOTS('',2,(#12825,#12826,#12827,#12828),
 .UNSPECIFIED.,.F.,.F.,(3,1,3),(0.,1.,2.),.UNSPECIFIED.);
#1678=B_SPLINE_CURVE_WITH_KNOTS('',2,(#12830,#12831,#12832,#12833),
 .UNSPECIFIED.,.F.,.F.,(3,1,3),(0.,1.,2.),.UNSPECIFIED.);
#1679=B_SPLINE_CURVE_WITH_KNOTS('',2,(#12847,#12848,#12849,#12850),
 .UNSPECIFIED.,.F.,.F.,(3,1,3),(0.,1.,2.),.UNSPECIFIED.);
#1680=B_SPLINE_CURVE_WITH_KNOTS('',2,(#12852,#12853,#12854,#12855),
 .UNSPECIFIED.,.F.,.F.,(3,1,3),(0.,1.,2.),.UNSPECIFIED.);
#1681=B_SPLINE_CURVE_WITH_KNOTS('',2,(#12856,#12857,#12858,#12859),
 .UNSPECIFIED.,.F.,.F.,(3,1,3),(0.,1.,2.),.UNSPECIFIED.);
#1682=B_SPLINE_CURVE_WITH_KNOTS('',2,(#12864,#12865,#12866,#12867),
 .UNSPECIFIED.,.F.,.F.,(3,1,3),(0.,1.,2.),.UNSPECIFIED.);
#1683=B_SPLINE_CURVE_WITH_KNOTS('',2,(#12869,#12870,#12871,#12872),
 .UNSPECIFIED.,.F.,.F.,(3,1,3),(0.,1.,2.),.UNSPECIFIED.);
#1684=B_SPLINE_CURVE_WITH_KNOTS('',2,(#12874,#12875,#12876,#12877),
 .UNSPECIFIED.,.F.,.F.,(3,1,3),(0.,1.,2.),.UNSPECIFIED.);
#1685=B_SPLINE_CURVE_WITH_KNOTS('',2,(#12885,#12886,#12887,#12888),
 .UNSPECIFIED.,.F.,.F.,(3,1,3),(0.,1.,2.),.UNSPECIFIED.);
#1686=B_SPLINE_CURVE_WITH_KNOTS('',2,(#12890,#12891,#12892,#12893),
 .UNSPECIFIED.,.F.,.F.,(3,1,3),(0.,1.,2.),.UNSPECIFIED.);
#1687=B_SPLINE_CURVE_WITH_KNOTS('',2,(#12895,#12896,#12897,#12898),
 .UNSPECIFIED.,.F.,.F.,(3,1,3),(0.,1.,2.),.UNSPECIFIED.);
#1688=B_SPLINE_CURVE_WITH_KNOTS('',2,(#12910,#12911,#12912,#12913),
 .UNSPECIFIED.,.F.,.F.,(3,1,3),(0.,1.,2.),.UNSPECIFIED.);
#1689=B_SPLINE_CURVE_WITH_KNOTS('',2,(#12915,#12916,#12917,#12918),
 .UNSPECIFIED.,.F.,.F.,(3,1,3),(0.,1.,2.),.UNSPECIFIED.);
#1690=B_SPLINE_CURVE_WITH_KNOTS('',2,(#12920,#12921,#12922,#12923),
 .UNSPECIFIED.,.F.,.F.,(3,1,3),(0.,1.,2.),.UNSPECIFIED.);
#1691=B_SPLINE_CURVE_WITH_KNOTS('',2,(#12925,#12926,#12927,#12928),
 .UNSPECIFIED.,.F.,.F.,(3,1,3),(0.,1.,2.),.UNSPECIFIED.);
#1692=B_SPLINE_CURVE_WITH_KNOTS('',2,(#12930,#12931,#12932,#12933),
 .UNSPECIFIED.,.F.,.F.,(3,1,3),(0.,1.,2.),.UNSPECIFIED.);
#1693=B_SPLINE_CURVE_WITH_KNOTS('',2,(#12982,#12983,#12984,#12985),
 .UNSPECIFIED.,.F.,.F.,(3,1,3),(0.,1.,2.),.UNSPECIFIED.);
#1694=B_SPLINE_CURVE_WITH_KNOTS('',2,(#12987,#12988,#12989,#12990),
 .UNSPECIFIED.,.F.,.F.,(3,1,3),(0.,1.,2.),.UNSPECIFIED.);
#1695=B_SPLINE_CURVE_WITH_KNOTS('',2,(#12992,#12993,#12994,#12995),
 .UNSPECIFIED.,.F.,.F.,(3,1,3),(0.,1.,2.),.UNSPECIFIED.);
#1696=B_SPLINE_CURVE_WITH_KNOTS('',2,(#12997,#12998,#12999,#13000),
 .UNSPECIFIED.,.F.,.F.,(3,1,3),(0.,1.,2.),.UNSPECIFIED.);
#1697=B_SPLINE_CURVE_WITH_KNOTS('',2,(#13002,#13003,#13004,#13005),
 .UNSPECIFIED.,.F.,.F.,(3,1,3),(0.,1.,2.),.UNSPECIFIED.);
#1698=B_SPLINE_CURVE_WITH_KNOTS('',2,(#13017,#13018,#13019,#13020),
 .UNSPECIFIED.,.F.,.F.,(3,1,3),(0.,1.,2.),.UNSPECIFIED.);
#1699=B_SPLINE_CURVE_WITH_KNOTS('',2,(#13022,#13023,#13024,#13025),
 .UNSPECIFIED.,.F.,.F.,(3,1,3),(0.,1.,2.),.UNSPECIFIED.);
#1700=B_SPLINE_CURVE_WITH_KNOTS('',2,(#13027,#13028,#13029,#13030),
 .UNSPECIFIED.,.F.,.F.,(3,1,3),(0.,1.,2.),.UNSPECIFIED.);
#1701=B_SPLINE_CURVE_WITH_KNOTS('',2,(#13038,#13039,#13040,#13041),
 .UNSPECIFIED.,.F.,.F.,(3,1,3),(0.,1.,2.),.UNSPECIFIED.);
#1702=B_SPLINE_CURVE_WITH_KNOTS('',2,(#13043,#13044,#13045,#13046),
 .UNSPECIFIED.,.F.,.F.,(3,1,3),(0.,1.,2.),.UNSPECIFIED.);
#1703=B_SPLINE_CURVE_WITH_KNOTS('',2,(#13047,#13048,#13049,#13050),
 .UNSPECIFIED.,.F.,.F.,(3,1,3),(0.,1.,2.),.UNSPECIFIED.);
#1704=B_SPLINE_CURVE_WITH_KNOTS('',2,(#13182,#13183,#13184,#13185),
 .UNSPECIFIED.,.F.,.F.,(3,1,3),(0.,1.,2.),.UNSPECIFIED.);
#1705=B_SPLINE_CURVE_WITH_KNOTS('',2,(#13189,#13190,#13191,#13192),
 .UNSPECIFIED.,.F.,.F.,(3,1,3),(0.,1.,2.),.UNSPECIFIED.);
#1706=B_SPLINE_CURVE_WITH_KNOTS('',2,(#13203,#13204,#13205,#13206),
 .UNSPECIFIED.,.F.,.F.,(3,1,3),(0.,1.,2.),.UNSPECIFIED.);
#1707=B_SPLINE_CURVE_WITH_KNOTS('',2,(#13209,#13210,#13211,#13212),
 .UNSPECIFIED.,.F.,.F.,(3,1,3),(0.,1.,2.),.UNSPECIFIED.);
#1708=B_SPLINE_CURVE_WITH_KNOTS('',2,(#13222,#13223,#13224,#13225),
 .UNSPECIFIED.,.F.,.F.,(3,1,3),(0.,1.,2.),.UNSPECIFIED.);
#1709=B_SPLINE_CURVE_WITH_KNOTS('',2,(#13228,#13229,#13230,#13231),
 .UNSPECIFIED.,.F.,.F.,(3,1,3),(0.,1.,2.),.UNSPECIFIED.);
#1710=B_SPLINE_CURVE_WITH_KNOTS('',2,(#13240,#13241,#13242,#13243),
 .UNSPECIFIED.,.F.,.F.,(3,1,3),(0.,1.,2.),.UNSPECIFIED.);
#1711=B_SPLINE_CURVE_WITH_KNOTS('',2,(#13244,#13245,#13246,#13247),
 .UNSPECIFIED.,.F.,.F.,(3,1,3),(0.,1.,2.),.UNSPECIFIED.);
#1712=B_SPLINE_CURVE_WITH_KNOTS('',2,(#13251,#13252,#13253,#13254),
 .UNSPECIFIED.,.F.,.F.,(3,1,3),(0.,1.,2.),.UNSPECIFIED.);
#1713=B_SPLINE_CURVE_WITH_KNOTS('',2,(#13256,#13257,#13258,#13259),
 .UNSPECIFIED.,.F.,.F.,(3,1,3),(0.,1.,2.),.UNSPECIFIED.);
#1714=B_SPLINE_CURVE_WITH_KNOTS('',2,(#13261,#13262,#13263,#13264),
 .UNSPECIFIED.,.F.,.F.,(3,1,3),(0.,1.,2.),.UNSPECIFIED.);
#1715=B_SPLINE_CURVE_WITH_KNOTS('',2,(#13266,#13267,#13268,#13269),
 .UNSPECIFIED.,.F.,.F.,(3,1,3),(0.,1.,2.),.UNSPECIFIED.);
#1716=B_SPLINE_CURVE_WITH_KNOTS('',2,(#13271,#13272,#13273,#13274),
 .UNSPECIFIED.,.F.,.F.,(3,1,3),(0.,1.,2.),.UNSPECIFIED.);
#1717=B_SPLINE_CURVE_WITH_KNOTS('',2,(#13276,#13277,#13278,#13279),
 .UNSPECIFIED.,.F.,.F.,(3,1,3),(0.,1.,2.),.UNSPECIFIED.);
#1718=B_SPLINE_CURVE_WITH_KNOTS('',2,(#13281,#13282,#13283,#13284),
 .UNSPECIFIED.,.F.,.F.,(3,1,3),(0.,1.,2.),.UNSPECIFIED.);
#1719=B_SPLINE_CURVE_WITH_KNOTS('',2,(#13285,#13286,#13287,#13288),
 .UNSPECIFIED.,.F.,.F.,(3,1,3),(0.,1.,2.),.UNSPECIFIED.);
#1720=B_SPLINE_CURVE_WITH_KNOTS('',2,(#13402,#13403,#13404,#13405),
 .UNSPECIFIED.,.F.,.F.,(3,1,3),(0.,1.,2.),.UNSPECIFIED.);
#1721=B_SPLINE_CURVE_WITH_KNOTS('',2,(#13407,#13408,#13409,#13410),
 .UNSPECIFIED.,.F.,.F.,(3,1,3),(0.,1.,2.),.UNSPECIFIED.);
#1722=B_SPLINE_CURVE_WITH_KNOTS('',2,(#13434,#13435,#13436,#13437),
 .UNSPECIFIED.,.F.,.F.,(3,1,3),(0.,1.,2.),.UNSPECIFIED.);
#1723=B_SPLINE_CURVE_WITH_KNOTS('',2,(#13438,#13439,#13440,#13441),
 .UNSPECIFIED.,.F.,.F.,(3,1,3),(0.,1.,2.),.UNSPECIFIED.);
#1724=B_SPLINE_CURVE_WITH_KNOTS('',2,(#13524,#13525,#13526,#13527),
 .UNSPECIFIED.,.F.,.F.,(3,1,3),(0.,1.,2.),.UNSPECIFIED.);
#1725=B_SPLINE_CURVE_WITH_KNOTS('',2,(#13529,#13530,#13531,#13532),
 .UNSPECIFIED.,.F.,.F.,(3,1,3),(0.,1.,2.),.UNSPECIFIED.);
#1726=B_SPLINE_CURVE_WITH_KNOTS('',2,(#13534,#13535,#13536,#13537),
 .UNSPECIFIED.,.F.,.F.,(3,1,3),(0.,1.,2.),.UNSPECIFIED.);
#1727=B_SPLINE_CURVE_WITH_KNOTS('',2,(#13539,#13540,#13541,#13542),
 .UNSPECIFIED.,.F.,.F.,(3,1,3),(0.,1.,2.),.UNSPECIFIED.);
#1728=B_SPLINE_CURVE_WITH_KNOTS('',2,(#13556,#13557,#13558,#13559),
 .UNSPECIFIED.,.F.,.F.,(3,1,3),(0.,1.,2.),.UNSPECIFIED.);
#1729=B_SPLINE_CURVE_WITH_KNOTS('',2,(#13561,#13562,#13563,#13564),
 .UNSPECIFIED.,.F.,.F.,(3,1,3),(0.,1.,2.),.UNSPECIFIED.);
#1730=B_SPLINE_CURVE_WITH_KNOTS('',2,(#13566,#13567,#13568,#13569),
 .UNSPECIFIED.,.F.,.F.,(3,1,3),(0.,1.,2.),.UNSPECIFIED.);
#1731=B_SPLINE_CURVE_WITH_KNOTS('',2,(#13571,#13572,#13573,#13574),
 .UNSPECIFIED.,.F.,.F.,(3,1,3),(0.,1.,2.),.UNSPECIFIED.);
#1732=B_SPLINE_CURVE_WITH_KNOTS('',2,(#13576,#13577,#13578,#13579),
 .UNSPECIFIED.,.F.,.F.,(3,1,3),(0.,1.,2.),.UNSPECIFIED.);
#1733=B_SPLINE_CURVE_WITH_KNOTS('',2,(#13581,#13582,#13583,#13584),
 .UNSPECIFIED.,.F.,.F.,(3,1,3),(0.,1.,2.),.UNSPECIFIED.);
#1734=B_SPLINE_CURVE_WITH_KNOTS('',2,(#13586,#13587,#13588,#13589),
 .UNSPECIFIED.,.F.,.F.,(3,1,3),(0.,1.,2.),.UNSPECIFIED.);
#1735=B_SPLINE_CURVE_WITH_KNOTS('',2,(#13595,#13596,#13597,#13598),
 .UNSPECIFIED.,.F.,.F.,(3,1,3),(0.,1.,2.),.UNSPECIFIED.);
#1736=B_SPLINE_CURVE_WITH_KNOTS('',2,(#13599,#13600,#13601,#13602),
 .UNSPECIFIED.,.F.,.F.,(3,1,3),(0.,1.,2.),.UNSPECIFIED.);
#1737=B_SPLINE_CURVE_WITH_KNOTS('',2,(#13745,#13746,#13747,#13748),
 .UNSPECIFIED.,.F.,.F.,(3,1,3),(0.,1.,2.),.UNSPECIFIED.);
#1738=B_SPLINE_CURVE_WITH_KNOTS('',2,(#13750,#13751,#13752,#13753),
 .UNSPECIFIED.,.F.,.F.,(3,1,3),(0.,1.,2.),.UNSPECIFIED.);
#1739=B_SPLINE_CURVE_WITH_KNOTS('',2,(#13755,#13756,#13757,#13758),
 .UNSPECIFIED.,.F.,.F.,(3,1,3),(0.,1.,2.),.UNSPECIFIED.);
#1740=B_SPLINE_CURVE_WITH_KNOTS('',2,(#13760,#13761,#13762,#13763),
 .UNSPECIFIED.,.F.,.F.,(3,1,3),(0.,1.,2.),.UNSPECIFIED.);
#1741=B_SPLINE_CURVE_WITH_KNOTS('',2,(#13765,#13766,#13767,#13768),
 .UNSPECIFIED.,.F.,.F.,(3,1,3),(0.,1.,2.),.UNSPECIFIED.);
#1742=B_SPLINE_CURVE_WITH_KNOTS('',2,(#13780,#13781,#13782,#13783),
 .UNSPECIFIED.,.F.,.F.,(3,1,3),(0.,1.,2.),.UNSPECIFIED.);
#1743=B_SPLINE_CURVE_WITH_KNOTS('',2,(#13785,#13786,#13787,#13788),
 .UNSPECIFIED.,.F.,.F.,(3,1,3),(0.,1.,2.),.UNSPECIFIED.);
#1744=B_SPLINE_CURVE_WITH_KNOTS('',2,(#13790,#13791,#13792,#13793),
 .UNSPECIFIED.,.F.,.F.,(3,1,3),(0.,1.,2.),.UNSPECIFIED.);
#1745=B_SPLINE_CURVE_WITH_KNOTS('',2,(#13801,#13802,#13803,#13804),
 .UNSPECIFIED.,.F.,.F.,(3,1,3),(0.,1.,2.),.UNSPECIFIED.);
#1746=B_SPLINE_CURVE_WITH_KNOTS('',2,(#13806,#13807,#13808,#13809),
 .UNSPECIFIED.,.F.,.F.,(3,1,3),(0.,1.,2.),.UNSPECIFIED.);
#1747=B_SPLINE_CURVE_WITH_KNOTS('',2,(#13810,#13811,#13812,#13813),
 .UNSPECIFIED.,.F.,.F.,(3,1,3),(0.,1.,2.),.UNSPECIFIED.);
#1748=B_SPLINE_CURVE_WITH_KNOTS('',2,(#13938,#13939,#13940,#13941),
 .UNSPECIFIED.,.F.,.F.,(3,1,3),(0.,1.,2.),.UNSPECIFIED.);
#1749=B_SPLINE_CURVE_WITH_KNOTS('',2,(#13943,#13944,#13945,#13946),
 .UNSPECIFIED.,.F.,.F.,(3,1,3),(0.,1.,2.),.UNSPECIFIED.);
#1750=B_SPLINE_CURVE_WITH_KNOTS('',2,(#13948,#13949,#13950,#13951),
 .UNSPECIFIED.,.F.,.F.,(3,1,3),(0.,1.,2.),.UNSPECIFIED.);
#1751=B_SPLINE_CURVE_WITH_KNOTS('',2,(#13957,#13958,#13959,#13960),
 .UNSPECIFIED.,.F.,.F.,(3,1,3),(0.,1.,2.),.UNSPECIFIED.);
#1752=B_SPLINE_CURVE_WITH_KNOTS('',2,(#13962,#13963,#13964,#13965),
 .UNSPECIFIED.,.F.,.F.,(3,1,3),(0.,1.,2.),.UNSPECIFIED.);
#1753=B_SPLINE_CURVE_WITH_KNOTS('',2,(#13967,#13968,#13969,#13970),
 .UNSPECIFIED.,.F.,.F.,(3,1,3),(0.,1.,2.),.UNSPECIFIED.);
#1754=B_SPLINE_CURVE_WITH_KNOTS('',2,(#13972,#13973,#13974,#13975),
 .UNSPECIFIED.,.F.,.F.,(3,1,3),(0.,1.,2.),.UNSPECIFIED.);
#1755=B_SPLINE_CURVE_WITH_KNOTS('',2,(#13977,#13978,#13979,#13980),
 .UNSPECIFIED.,.F.,.F.,(3,1,3),(0.,1.,2.),.UNSPECIFIED.);
#1756=B_SPLINE_CURVE_WITH_KNOTS('',2,(#13982,#13983,#13984,#13985),
 .UNSPECIFIED.,.F.,.F.,(3,1,3),(0.,1.,2.),.UNSPECIFIED.);
#1757=B_SPLINE_CURVE_WITH_KNOTS('',2,(#13987,#13988,#13989,#13990),
 .UNSPECIFIED.,.F.,.F.,(3,1,3),(0.,1.,2.),.UNSPECIFIED.);
#1758=B_SPLINE_CURVE_WITH_KNOTS('',2,(#13992,#13993,#13994,#13995),
 .UNSPECIFIED.,.F.,.F.,(3,1,3),(0.,1.,2.),.UNSPECIFIED.);
#1759=B_SPLINE_CURVE_WITH_KNOTS('',2,(#14001,#14002,#14003,#14004),
 .UNSPECIFIED.,.F.,.F.,(3,1,3),(0.,1.,2.),.UNSPECIFIED.);
#1760=B_SPLINE_CURVE_WITH_KNOTS('',2,(#14006,#14007,#14008,#14009),
 .UNSPECIFIED.,.F.,.F.,(3,1,3),(0.,1.,2.),.UNSPECIFIED.);
#1761=B_SPLINE_CURVE_WITH_KNOTS('',2,(#14010,#14011,#14012,#14013),
 .UNSPECIFIED.,.F.,.F.,(3,1,3),(0.,1.,2.),.UNSPECIFIED.);
#1762=B_SPLINE_CURVE_WITH_KNOTS('',2,(#14155,#14156,#14157,#14158),
 .UNSPECIFIED.,.F.,.F.,(3,1,3),(0.,1.,2.),.UNSPECIFIED.);
#1763=B_SPLINE_CURVE_WITH_KNOTS('',2,(#14160,#14161,#14162,#14163),
 .UNSPECIFIED.,.F.,.F.,(3,1,3),(0.,1.,2.),.UNSPECIFIED.);
#1764=B_SPLINE_CURVE_WITH_KNOTS('',2,(#14175,#14176,#14177,#14178),
 .UNSPECIFIED.,.F.,.F.,(3,1,3),(0.,1.,2.),.UNSPECIFIED.);
#1765=B_SPLINE_CURVE_WITH_KNOTS('',2,(#14180,#14181,#14182,#14183),
 .UNSPECIFIED.,.F.,.F.,(3,1,3),(0.,1.,2.),.UNSPECIFIED.);
#1766=B_SPLINE_CURVE_WITH_KNOTS('',2,(#14185,#14186,#14187,#14188),
 .UNSPECIFIED.,.F.,.F.,(3,1,3),(0.,1.,2.),.UNSPECIFIED.);
#1767=B_SPLINE_CURVE_WITH_KNOTS('',2,(#14261,#14262,#14263,#14264),
 .UNSPECIFIED.,.F.,.F.,(3,1,3),(0.,1.,2.),.UNSPECIFIED.);
#1768=B_SPLINE_CURVE_WITH_KNOTS('',2,(#14268,#14269,#14270,#14271),
 .UNSPECIFIED.,.F.,.F.,(3,1,3),(0.,1.,2.),.UNSPECIFIED.);
#1769=B_SPLINE_CURVE_WITH_KNOTS('',2,(#14282,#14283,#14284,#14285),
 .UNSPECIFIED.,.F.,.F.,(3,1,3),(0.,1.,2.),.UNSPECIFIED.);
#1770=B_SPLINE_CURVE_WITH_KNOTS('',2,(#14288,#14289,#14290,#14291),
 .UNSPECIFIED.,.F.,.F.,(3,1,3),(0.,1.,2.),.UNSPECIFIED.);
#1771=B_SPLINE_CURVE_WITH_KNOTS('',2,(#14298,#14299,#14300,#14301),
 .UNSPECIFIED.,.F.,.F.,(3,1,3),(0.,1.,2.),.UNSPECIFIED.);
#1772=B_SPLINE_CURVE_WITH_KNOTS('',2,(#14303,#14304,#14305,#14306),
 .UNSPECIFIED.,.F.,.F.,(3,1,3),(0.,1.,2.),.UNSPECIFIED.);
#1773=B_SPLINE_CURVE_WITH_KNOTS('',2,(#14308,#14309,#14310,#14311),
 .UNSPECIFIED.,.F.,.F.,(3,1,3),(0.,1.,2.),.UNSPECIFIED.);
#1774=B_SPLINE_CURVE_WITH_KNOTS('',2,(#14317,#14318,#14319,#14320),
 .UNSPECIFIED.,.F.,.F.,(3,1,3),(0.,1.,2.),.UNSPECIFIED.);
#1775=B_SPLINE_CURVE_WITH_KNOTS('',2,(#14322,#14323,#14324,#14325),
 .UNSPECIFIED.,.F.,.F.,(3,1,3),(0.,1.,2.),.UNSPECIFIED.);
#1776=B_SPLINE_CURVE_WITH_KNOTS('',2,(#14327,#14328,#14329,#14330),
 .UNSPECIFIED.,.F.,.F.,(3,1,3),(0.,1.,2.),.UNSPECIFIED.);
#1777=B_SPLINE_CURVE_WITH_KNOTS('',2,(#14332,#14333,#14334,#14335),
 .UNSPECIFIED.,.F.,.F.,(3,1,3),(0.,1.,2.),.UNSPECIFIED.);
#1778=B_SPLINE_CURVE_WITH_KNOTS('',2,(#14341,#14342,#14343,#14344),
 .UNSPECIFIED.,.F.,.F.,(3,1,3),(0.,1.,2.),.UNSPECIFIED.);
#1779=B_SPLINE_CURVE_WITH_KNOTS('',2,(#14345,#14346,#14347,#14348),
 .UNSPECIFIED.,.F.,.F.,(3,1,3),(0.,1.,2.),.UNSPECIFIED.);
#1780=B_SPLINE_CURVE_WITH_KNOTS('',2,(#14448,#14449,#14450,#14451),
 .UNSPECIFIED.,.F.,.F.,(3,1,3),(0.,1.,2.),.UNSPECIFIED.);
#1781=B_SPLINE_CURVE_WITH_KNOTS('',2,(#14455,#14456,#14457,#14458),
 .UNSPECIFIED.,.F.,.F.,(3,1,3),(0.,1.,2.),.UNSPECIFIED.);
#1782=B_SPLINE_CURVE_WITH_KNOTS('',2,(#14469,#14470,#14471,#14472),
 .UNSPECIFIED.,.F.,.F.,(3,1,3),(0.,1.,2.),.UNSPECIFIED.);
#1783=B_SPLINE_CURVE_WITH_KNOTS('',2,(#14475,#14476,#14477,#14478),
 .UNSPECIFIED.,.F.,.F.,(3,1,3),(0.,1.,2.),.UNSPECIFIED.);
#1784=B_SPLINE_CURVE_WITH_KNOTS('',2,(#14494,#14495,#14496,#14497),
 .UNSPECIFIED.,.F.,.F.,(3,1,3),(0.,1.,2.),.UNSPECIFIED.);
#1785=B_SPLINE_CURVE_WITH_KNOTS('',2,(#14500,#14501,#14502,#14503),
 .UNSPECIFIED.,.F.,.F.,(3,1,3),(0.,1.,2.),.UNSPECIFIED.);
#1786=B_SPLINE_CURVE_WITH_KNOTS('',2,(#14512,#14513,#14514,#14515),
 .UNSPECIFIED.,.F.,.F.,(3,1,3),(0.,1.,2.),.UNSPECIFIED.);
#1787=B_SPLINE_CURVE_WITH_KNOTS('',2,(#14516,#14517,#14518,#14519),
 .UNSPECIFIED.,.F.,.F.,(3,1,3),(0.,1.,2.),.UNSPECIFIED.);
#1788=B_SPLINE_CURVE_WITH_KNOTS('',2,(#14523,#14524,#14525,#14526),
 .UNSPECIFIED.,.F.,.F.,(3,1,3),(0.,1.,2.),.UNSPECIFIED.);
#1789=B_SPLINE_CURVE_WITH_KNOTS('',2,(#14528,#14529,#14530,#14531),
 .UNSPECIFIED.,.F.,.F.,(3,1,3),(0.,1.,2.),.UNSPECIFIED.);
#1790=B_SPLINE_CURVE_WITH_KNOTS('',2,(#14533,#14534,#14535,#14536),
 .UNSPECIFIED.,.F.,.F.,(3,1,3),(0.,1.,2.),.UNSPECIFIED.);
#1791=B_SPLINE_CURVE_WITH_KNOTS('',2,(#14547,#14548,#14549,#14550),
 .UNSPECIFIED.,.F.,.F.,(3,1,3),(0.,1.,2.),.UNSPECIFIED.);
#1792=B_SPLINE_CURVE_WITH_KNOTS('',2,(#14607,#14608,#14609,#14610),
 .UNSPECIFIED.,.F.,.F.,(3,1,3),(0.,1.,2.),.UNSPECIFIED.);
#1793=B_SPLINE_CURVE_WITH_KNOTS('',2,(#14614,#14615,#14616,#14617),
 .UNSPECIFIED.,.F.,.F.,(3,1,3),(0.,1.,2.),.UNSPECIFIED.);
#1794=B_SPLINE_CURVE_WITH_KNOTS('',2,(#14628,#14629,#14630,#14631),
 .UNSPECIFIED.,.F.,.F.,(3,1,3),(0.,1.,2.),.UNSPECIFIED.);
#1795=B_SPLINE_CURVE_WITH_KNOTS('',2,(#14634,#14635,#14636,#14637),
 .UNSPECIFIED.,.F.,.F.,(3,1,3),(0.,1.,2.),.UNSPECIFIED.);
#1796=B_SPLINE_CURVE_WITH_KNOTS('',2,(#14647,#14648,#14649,#14650),
 .UNSPECIFIED.,.F.,.F.,(3,1,3),(0.,1.,2.),.UNSPECIFIED.);
#1797=B_SPLINE_CURVE_WITH_KNOTS('',2,(#14653,#14654,#14655,#14656),
 .UNSPECIFIED.,.F.,.F.,(3,1,3),(0.,1.,2.),.UNSPECIFIED.);
#1798=B_SPLINE_CURVE_WITH_KNOTS('',2,(#14666,#14667,#14668,#14669),
 .UNSPECIFIED.,.F.,.F.,(3,1,3),(0.,1.,2.),.UNSPECIFIED.);
#1799=B_SPLINE_CURVE_WITH_KNOTS('',2,(#14672,#14673,#14674,#14675),
 .UNSPECIFIED.,.F.,.F.,(3,1,3),(0.,1.,2.),.UNSPECIFIED.);
#1800=B_SPLINE_CURVE_WITH_KNOTS('',2,(#14685,#14686,#14687,#14688),
 .UNSPECIFIED.,.F.,.F.,(3,1,3),(0.,1.,2.),.UNSPECIFIED.);
#1801=B_SPLINE_CURVE_WITH_KNOTS('',2,(#14691,#14692,#14693,#14694),
 .UNSPECIFIED.,.F.,.F.,(3,1,3),(0.,1.,2.),.UNSPECIFIED.);
#1802=B_SPLINE_CURVE_WITH_KNOTS('',2,(#14704,#14705,#14706,#14707),
 .UNSPECIFIED.,.F.,.F.,(3,1,3),(0.,1.,2.),.UNSPECIFIED.);
#1803=B_SPLINE_CURVE_WITH_KNOTS('',2,(#14710,#14711,#14712,#14713),
 .UNSPECIFIED.,.F.,.F.,(3,1,3),(0.,1.,2.),.UNSPECIFIED.);
#1804=B_SPLINE_CURVE_WITH_KNOTS('',2,(#14723,#14724,#14725,#14726),
 .UNSPECIFIED.,.F.,.F.,(3,1,3),(0.,1.,2.),.UNSPECIFIED.);
#1805=B_SPLINE_CURVE_WITH_KNOTS('',2,(#14729,#14730,#14731,#14732),
 .UNSPECIFIED.,.F.,.F.,(3,1,3),(0.,1.,2.),.UNSPECIFIED.);
#1806=B_SPLINE_CURVE_WITH_KNOTS('',2,(#14741,#14742,#14743,#14744),
 .UNSPECIFIED.,.F.,.F.,(3,1,3),(0.,1.,2.),.UNSPECIFIED.);
#1807=B_SPLINE_CURVE_WITH_KNOTS('',2,(#14745,#14746,#14747,#14748),
 .UNSPECIFIED.,.F.,.F.,(3,1,3),(0.,1.,2.),.UNSPECIFIED.);
#1808=B_SPLINE_CURVE_WITH_KNOTS('',2,(#14752,#14753,#14754,#14755),
 .UNSPECIFIED.,.F.,.F.,(3,1,3),(0.,1.,2.),.UNSPECIFIED.);
#1809=B_SPLINE_CURVE_WITH_KNOTS('',2,(#14757,#14758,#14759,#14760),
 .UNSPECIFIED.,.F.,.F.,(3,1,3),(0.,1.,2.),.UNSPECIFIED.);
#1810=B_SPLINE_CURVE_WITH_KNOTS('',2,(#14762,#14763,#14764,#14765),
 .UNSPECIFIED.,.F.,.F.,(3,1,3),(0.,1.,2.),.UNSPECIFIED.);
#1811=B_SPLINE_CURVE_WITH_KNOTS('',2,(#14766,#14767,#14768,#14769),
 .UNSPECIFIED.,.F.,.F.,(3,1,3),(0.,1.,2.),.UNSPECIFIED.);
#1812=B_SPLINE_CURVE_WITH_KNOTS('',2,(#14809,#14810,#14811,#14812),
 .UNSPECIFIED.,.F.,.F.,(3,1,3),(0.,1.,2.),.UNSPECIFIED.);
#1813=B_SPLINE_CURVE_WITH_KNOTS('',2,(#14814,#14815,#14816,#14817),
 .UNSPECIFIED.,.F.,.F.,(3,1,3),(0.,1.,2.),.UNSPECIFIED.);
#1814=B_SPLINE_CURVE_WITH_KNOTS('',2,(#14825,#14826,#14827,#14828),
 .UNSPECIFIED.,.F.,.F.,(3,1,3),(0.,1.,2.),.UNSPECIFIED.);
#1815=B_SPLINE_CURVE_WITH_KNOTS('',2,(#14830,#14831,#14832,#14833),
 .UNSPECIFIED.,.F.,.F.,(3,1,3),(0.,1.,2.),.UNSPECIFIED.);
#1816=B_SPLINE_CURVE_WITH_KNOTS('',2,(#14896,#14897,#14898,#14899),
 .UNSPECIFIED.,.F.,.F.,(3,1,3),(0.,1.,2.),.UNSPECIFIED.);
#1817=B_SPLINE_CURVE_WITH_KNOTS('',2,(#14901,#14902,#14903,#14904),
 .UNSPECIFIED.,.F.,.F.,(3,1,3),(0.,1.,2.),.UNSPECIFIED.);
#1818=B_SPLINE_CURVE_WITH_KNOTS('',2,(#14906,#14907,#14908,#14909),
 .UNSPECIFIED.,.F.,.F.,(3,1,3),(0.,1.,2.),.UNSPECIFIED.);
#1819=B_SPLINE_CURVE_WITH_KNOTS('',2,(#14911,#14912,#14913,#14914),
 .UNSPECIFIED.,.F.,.F.,(3,1,3),(0.,1.,2.),.UNSPECIFIED.);
#1820=B_SPLINE_CURVE_WITH_KNOTS('',2,(#14920,#14921,#14922,#14923),
 .UNSPECIFIED.,.F.,.F.,(3,1,3),(0.,1.,2.),.UNSPECIFIED.);
#1821=B_SPLINE_CURVE_WITH_KNOTS('',2,(#14925,#14926,#14927,#14928),
 .UNSPECIFIED.,.F.,.F.,(3,1,3),(0.,1.,2.),.UNSPECIFIED.);
#1822=B_SPLINE_CURVE_WITH_KNOTS('',2,(#14930,#14931,#14932,#14933),
 .UNSPECIFIED.,.F.,.F.,(3,1,3),(0.,1.,2.),.UNSPECIFIED.);
#1823=B_SPLINE_CURVE_WITH_KNOTS('',2,(#14935,#14936,#14937,#14938),
 .UNSPECIFIED.,.F.,.F.,(3,1,3),(0.,1.,2.),.UNSPECIFIED.);
#1824=B_SPLINE_CURVE_WITH_KNOTS('',2,(#14940,#14941,#14942,#14943),
 .UNSPECIFIED.,.F.,.F.,(3,1,3),(0.,1.,2.),.UNSPECIFIED.);
#1825=B_SPLINE_CURVE_WITH_KNOTS('',3,(#15170,#15171,#15172,#15173,#15174,
#15175,#15176,#15177,#15178,#15179,#15180,#15181,#15182,#15183,#15184,#15185,
#15186),.UNSPECIFIED.,.F.,.F.,(4,1,1,1,1,1,1,1,1,1,1,1,1,1,4),(3.14159265358979,
3.38325362694285,3.86657557364898,4.3498975203551,4.83321946706122,5.31654141376734,
5.79986336047346,6.28318530717959,6.76650725388571,7.24982920059183,7.73315114729795,
8.21647309400407,8.6997950407102,9.18311698741632,9.42477796076938),
 .UNSPECIFIED.);
#1826=B_SPLINE_CURVE_WITH_KNOTS('',3,(#15188,#15189,#15190,#15191,#15192,
#15193,#15194,#15195,#15196,#15197,#15198,#15199,#15200,#15201,#15202,#15203,
#15204),.UNSPECIFIED.,.F.,.F.,(4,1,1,1,1,1,1,1,1,1,1,1,1,1,4),(3.14159265358979,
3.38325362694285,3.86657557364898,4.3498975203551,4.83321946706122,5.31654141376734,
5.79986336047346,6.28318530717959,6.76650725388571,7.24982920059183,7.73315114729795,
8.21647309400407,8.6997950407102,9.18311698741632,9.42477796076938),
 .UNSPECIFIED.);
#1827=LINE('',#11053,#2622);
#1828=LINE('',#11066,#2623);
#1829=LINE('',#11080,#2624);
#1830=LINE('',#11093,#2625);
#1831=LINE('',#11107,#2626);
#1832=LINE('',#11136,#2627);
#1833=LINE('',#11156,#2628);
#1834=LINE('',#11183,#2629);
#1835=LINE('',#11199,#2630);
#1836=LINE('',#11216,#2631);
#1837=LINE('',#11264,#2632);
#1838=LINE('',#11266,#2633);
#1839=LINE('',#11268,#2634);
#1840=LINE('',#11270,#2635);
#1841=LINE('',#11272,#2636);
#1842=LINE('',#11274,#2637);
#1843=LINE('',#11278,#2638);
#1844=LINE('',#11282,#2639);
#1845=LINE('',#11286,#2640);
#1846=LINE('',#11290,#2641);
#1847=LINE('',#11296,#2642);
#1848=LINE('',#11300,#2643);
#1849=LINE('',#11304,#2644);
#1850=LINE('',#11308,#2645);
#1851=LINE('',#11312,#2646);
#1852=LINE('',#11318,#2647);
#1853=LINE('',#11322,#2648);
#1854=LINE('',#11326,#2649);
#1855=LINE('',#11330,#2650);
#1856=LINE('',#11334,#2651);
#1857=LINE('',#11336,#2652);
#1858=LINE('',#11338,#2653);
#1859=LINE('',#11340,#2654);
#1860=LINE('',#11342,#2655);
#1861=LINE('',#11344,#2656);
#1862=LINE('',#11346,#2657);
#1863=LINE('',#11350,#2658);
#1864=LINE('',#11354,#2659);
#1865=LINE('',#11358,#2660);
#1866=LINE('',#11362,#2661);
#1867=LINE('',#11368,#2662);
#1868=LINE('',#11372,#2663);
#1869=LINE('',#11376,#2664);
#1870=LINE('',#11380,#2665);
#1871=LINE('',#11384,#2666);
#1872=LINE('',#11390,#2667);
#1873=LINE('',#11394,#2668);
#1874=LINE('',#11398,#2669);
#1875=LINE('',#11402,#2670);
#1876=LINE('',#11405,#2671);
#1877=LINE('',#11410,#2672);
#1878=LINE('',#11417,#2673);
#1879=LINE('',#11419,#2674);
#1880=LINE('',#11421,#2675);
#1881=LINE('',#11423,#2676);
#1882=LINE('',#11425,#2677);
#1883=LINE('',#11427,#2678);
#1884=LINE('',#11431,#2679);
#1885=LINE('',#11435,#2680);
#1886=LINE('',#11439,#2681);
#1887=LINE('',#11443,#2682);
#1888=LINE('',#11449,#2683);
#1889=LINE('',#11453,#2684);
#1890=LINE('',#11457,#2685);
#1891=LINE('',#11461,#2686);
#1892=LINE('',#11465,#2687);
#1893=LINE('',#11471,#2688);
#1894=LINE('',#11475,#2689);
#1895=LINE('',#11479,#2690);
#1896=LINE('',#11483,#2691);
#1897=LINE('',#11487,#2692);
#1898=LINE('',#11489,#2693);
#1899=LINE('',#11491,#2694);
#1900=LINE('',#11493,#2695);
#1901=LINE('',#11495,#2696);
#1902=LINE('',#11497,#2697);
#1903=LINE('',#11499,#2698);
#1904=LINE('',#11503,#2699);
#1905=LINE('',#11507,#2700);
#1906=LINE('',#11511,#2701);
#1907=LINE('',#11515,#2702);
#1908=LINE('',#11521,#2703);
#1909=LINE('',#11525,#2704);
#1910=LINE('',#11529,#2705);
#1911=LINE('',#11533,#2706);
#1912=LINE('',#11537,#2707);
#1913=LINE('',#11543,#2708);
#1914=LINE('',#11547,#2709);
#1915=LINE('',#11551,#2710);
#1916=LINE('',#11555,#2711);
#1917=LINE('',#11558,#2712);
#1918=LINE('',#11561,#2713);
#1919=LINE('',#11565,#2714);
#1920=LINE('',#11567,#2715);
#1921=LINE('',#11568,#2716);
#1922=LINE('',#11571,#2717);
#1923=LINE('',#11573,#2718);
#1924=LINE('',#11574,#2719);
#1925=LINE('',#11577,#2720);
#1926=LINE('',#11579,#2721);
#1927=LINE('',#11580,#2722);
#1928=LINE('',#11583,#2723);
#1929=LINE('',#11584,#2724);
#1930=LINE('',#11587,#2725);
#1931=LINE('',#11588,#2726);
#1932=LINE('',#11592,#2727);
#1933=LINE('',#11595,#2728);
#1934=LINE('',#11596,#2729);
#1935=LINE('',#11600,#2730);
#1936=LINE('',#11603,#2731);
#1937=LINE('',#11604,#2732);
#1938=LINE('',#11608,#2733);
#1939=LINE('',#11611,#2734);
#1940=LINE('',#11612,#2735);
#1941=LINE('',#11616,#2736);
#1942=LINE('',#11619,#2737);
#1943=LINE('',#11620,#2738);
#1944=LINE('',#11624,#2739);
#1945=LINE('',#11627,#2740);
#1946=LINE('',#11631,#2741);
#1947=LINE('',#11632,#2742);
#1948=LINE('',#11635,#2743);
#1949=LINE('',#11639,#2744);
#1950=LINE('',#11640,#2745);
#1951=LINE('',#11644,#2746);
#1952=LINE('',#11647,#2747);
#1953=LINE('',#11648,#2748);
#1954=LINE('',#11652,#2749);
#1955=LINE('',#11655,#2750);
#1956=LINE('',#11656,#2751);
#1957=LINE('',#11659,#2752);
#1958=LINE('',#11663,#2753);
#1959=LINE('',#11664,#2754);
#1960=LINE('',#11667,#2755);
#1961=LINE('',#11672,#2756);
#1962=LINE('',#11675,#2757);
#1963=LINE('',#11676,#2758);
#1964=LINE('',#11680,#2759);
#1965=LINE('',#11683,#2760);
#1966=LINE('',#11684,#2761);
#1967=LINE('',#11688,#2762);
#1968=LINE('',#11691,#2763);
#1969=LINE('',#11692,#2764);
#1970=LINE('',#11695,#2765);
#1971=LINE('',#11699,#2766);
#1972=LINE('',#11700,#2767);
#1973=LINE('',#11704,#2768);
#1974=LINE('',#11706,#2769);
#1975=LINE('',#11709,#2770);
#1976=LINE('',#11710,#2771);
#1977=LINE('',#11713,#2772);
#1978=LINE('',#11715,#2773);
#1979=LINE('',#11716,#2774);
#1980=LINE('',#11720,#2775);
#1981=LINE('',#11721,#2776);
#1982=LINE('',#11722,#2777);
#1983=LINE('',#11726,#2778);
#1984=LINE('',#11727,#2779);
#1985=LINE('',#11728,#2780);
#1986=LINE('',#11731,#2781);
#1987=LINE('',#11732,#2782);
#1988=LINE('',#11735,#2783);
#1989=LINE('',#11736,#2784);
#1990=LINE('',#11740,#2785);
#1991=LINE('',#11743,#2786);
#1992=LINE('',#11744,#2787);
#1993=LINE('',#11748,#2788);
#1994=LINE('',#11751,#2789);
#1995=LINE('',#11752,#2790);
#1996=LINE('',#11756,#2791);
#1997=LINE('',#11759,#2792);
#1998=LINE('',#11760,#2793);
#1999=LINE('',#11764,#2794);
#2000=LINE('',#11767,#2795);
#2001=LINE('',#11768,#2796);
#2002=LINE('',#11772,#2797);
#2003=LINE('',#11775,#2798);
#2004=LINE('',#11779,#2799);
#2005=LINE('',#11780,#2800);
#2006=LINE('',#11783,#2801);
#2007=LINE('',#11787,#2802);
#2008=LINE('',#11788,#2803);
#2009=LINE('',#11792,#2804);
#2010=LINE('',#11795,#2805);
#2011=LINE('',#11796,#2806);
#2012=LINE('',#11800,#2807);
#2013=LINE('',#11803,#2808);
#2014=LINE('',#11804,#2809);
#2015=LINE('',#11807,#2810);
#2016=LINE('',#11811,#2811);
#2017=LINE('',#11812,#2812);
#2018=LINE('',#11815,#2813);
#2019=LINE('',#11820,#2814);
#2020=LINE('',#11823,#2815);
#2021=LINE('',#11824,#2816);
#2022=LINE('',#11828,#2817);
#2023=LINE('',#11831,#2818);
#2024=LINE('',#11832,#2819);
#2025=LINE('',#11836,#2820);
#2026=LINE('',#11839,#2821);
#2027=LINE('',#11840,#2822);
#2028=LINE('',#11843,#2823);
#2029=LINE('',#11847,#2824);
#2030=LINE('',#11848,#2825);
#2031=LINE('',#11852,#2826);
#2032=LINE('',#11854,#2827);
#2033=LINE('',#11857,#2828);
#2034=LINE('',#11858,#2829);
#2035=LINE('',#11869,#2830);
#2036=LINE('',#11871,#2831);
#2037=LINE('',#11872,#2832);
#2038=LINE('',#11875,#2833);
#2039=LINE('',#11879,#2834);
#2040=LINE('',#11880,#2835);
#2041=LINE('',#11883,#2836);
#2042=LINE('',#11887,#2837);
#2043=LINE('',#11888,#2838);
#2044=LINE('',#11891,#2839);
#2045=LINE('',#11895,#2840);
#2046=LINE('',#11896,#2841);
#2047=LINE('',#11899,#2842);
#2048=LINE('',#11903,#2843);
#2049=LINE('',#11904,#2844);
#2050=LINE('',#11907,#2845);
#2051=LINE('',#11911,#2846);
#2052=LINE('',#11915,#2847);
#2053=LINE('',#11916,#2848);
#2054=LINE('',#11919,#2849);
#2055=LINE('',#11923,#2850);
#2056=LINE('',#11924,#2851);
#2057=LINE('',#11927,#2852);
#2058=LINE('',#11931,#2853);
#2059=LINE('',#11932,#2854);
#2060=LINE('',#11935,#2855);
#2061=LINE('',#11939,#2856);
#2062=LINE('',#11940,#2857);
#2063=LINE('',#11943,#2858);
#2064=LINE('',#11947,#2859);
#2065=LINE('',#11948,#2860);
#2066=LINE('',#11951,#2861);
#2067=LINE('',#11955,#2862);
#2068=LINE('',#11959,#2863);
#2069=LINE('',#11960,#2864);
#2070=LINE('',#11963,#2865);
#2071=LINE('',#11967,#2866);
#2072=LINE('',#11968,#2867);
#2073=LINE('',#11971,#2868);
#2074=LINE('',#11975,#2869);
#2075=LINE('',#11976,#2870);
#2076=LINE('',#11979,#2871);
#2077=LINE('',#11983,#2872);
#2078=LINE('',#11984,#2873);
#2079=LINE('',#11987,#2874);
#2080=LINE('',#11991,#2875);
#2081=LINE('',#11992,#2876);
#2082=LINE('',#11995,#2877);
#2083=LINE('',#11996,#2878);
#2084=LINE('',#11999,#2879);
#2085=LINE('',#12000,#2880);
#2086=LINE('',#12003,#2881);
#2087=LINE('',#12007,#2882);
#2088=LINE('',#12008,#2883);
#2089=LINE('',#12011,#2884);
#2090=LINE('',#12013,#2885);
#2091=LINE('',#12040,#2886);
#2092=LINE('',#12042,#2887);
#2093=LINE('',#12064,#2888);
#2094=LINE('',#12065,#2889);
#2095=LINE('',#12073,#2890);
#2096=LINE('',#12075,#2891);
#2097=LINE('',#12077,#2892);
#2098=LINE('',#12089,#2893);
#2099=LINE('',#12091,#2894);
#2100=LINE('',#12093,#2895);
#2101=LINE('',#12130,#2896);
#2102=LINE('',#12132,#2897);
#2103=LINE('',#12134,#2898);
#2104=LINE('',#12136,#2899);
#2105=LINE('',#12138,#2900);
#2106=LINE('',#12165,#2901);
#2107=LINE('',#12167,#2902);
#2108=LINE('',#12189,#2903);
#2109=LINE('',#12191,#2904);
#2110=LINE('',#12203,#2905);
#2111=LINE('',#12205,#2906);
#2112=LINE('',#12222,#2907);
#2113=LINE('',#12224,#2908);
#2114=LINE('',#12226,#2909);
#2115=LINE('',#12228,#2910);
#2116=LINE('',#12230,#2911);
#2117=LINE('',#12241,#2912);
#2118=LINE('',#12264,#2913);
#2119=LINE('',#12266,#2914);
#2120=LINE('',#12308,#2915);
#2121=LINE('',#12310,#2916);
#2122=LINE('',#12322,#2917);
#2123=LINE('',#12326,#2918);
#2124=LINE('',#12327,#2919);
#2125=LINE('',#12330,#2920);
#2126=LINE('',#12331,#2921);
#2127=LINE('',#12334,#2922);
#2128=LINE('',#12336,#2923);
#2129=LINE('',#12337,#2924);
#2130=LINE('',#12340,#2925);
#2131=LINE('',#12342,#2926);
#2132=LINE('',#12343,#2927);
#2133=LINE('',#12345,#2928);
#2134=LINE('',#12346,#2929);
#2135=LINE('',#12348,#2930);
#2136=LINE('',#12351,#2931);
#2137=LINE('',#12352,#2932);
#2138=LINE('',#12356,#2933);
#2139=LINE('',#12359,#2934);
#2140=LINE('',#12360,#2935);
#2141=LINE('',#12364,#2936);
#2142=LINE('',#12367,#2937);
#2143=LINE('',#12368,#2938);
#2144=LINE('',#12372,#2939);
#2145=LINE('',#12375,#2940);
#2146=LINE('',#12376,#2941);
#2147=LINE('',#12380,#2942);
#2148=LINE('',#12383,#2943);
#2149=LINE('',#12384,#2944);
#2150=LINE('',#12388,#2945);
#2151=LINE('',#12391,#2946);
#2152=LINE('',#12395,#2947);
#2153=LINE('',#12396,#2948);
#2154=LINE('',#12399,#2949);
#2155=LINE('',#12403,#2950);
#2156=LINE('',#12404,#2951);
#2157=LINE('',#12408,#2952);
#2158=LINE('',#12411,#2953);
#2159=LINE('',#12412,#2954);
#2160=LINE('',#12416,#2955);
#2161=LINE('',#12419,#2956);
#2162=LINE('',#12420,#2957);
#2163=LINE('',#12423,#2958);
#2164=LINE('',#12427,#2959);
#2165=LINE('',#12428,#2960);
#2166=LINE('',#12431,#2961);
#2167=LINE('',#12436,#2962);
#2168=LINE('',#12439,#2963);
#2169=LINE('',#12440,#2964);
#2170=LINE('',#12444,#2965);
#2171=LINE('',#12447,#2966);
#2172=LINE('',#12448,#2967);
#2173=LINE('',#12452,#2968);
#2174=LINE('',#12455,#2969);
#2175=LINE('',#12456,#2970);
#2176=LINE('',#12459,#2971);
#2177=LINE('',#12463,#2972);
#2178=LINE('',#12464,#2973);
#2179=LINE('',#12468,#2974);
#2180=LINE('',#12470,#2975);
#2181=LINE('',#12473,#2976);
#2182=LINE('',#12474,#2977);
#2183=LINE('',#12476,#2978);
#2184=LINE('',#12477,#2979);
#2185=LINE('',#12480,#2980);
#2186=LINE('',#12481,#2981);
#2187=LINE('',#12482,#2982);
#2188=LINE('',#12484,#2983);
#2189=LINE('',#12485,#2984);
#2190=LINE('',#12487,#2985);
#2191=LINE('',#12489,#2986);
#2192=LINE('',#12491,#2987);
#2193=LINE('',#12493,#2988);
#2194=LINE('',#12495,#2989);
#2195=LINE('',#12497,#2990);
#2196=LINE('',#12499,#2991);
#2197=LINE('',#12501,#2992);
#2198=LINE('',#12503,#2993);
#2199=LINE('',#12505,#2994);
#2200=LINE('',#12507,#2995);
#2201=LINE('',#12509,#2996);
#2202=LINE('',#12511,#2997);
#2203=LINE('',#12513,#2998);
#2204=LINE('',#12515,#2999);
#2205=LINE('',#12517,#3000);
#2206=LINE('',#12519,#3001);
#2207=LINE('',#12521,#3002);
#2208=LINE('',#12523,#3003);
#2209=LINE('',#12525,#3004);
#2210=LINE('',#12527,#3005);
#2211=LINE('',#12529,#3006);
#2212=LINE('',#12531,#3007);
#2213=LINE('',#12533,#3008);
#2214=LINE('',#12535,#3009);
#2215=LINE('',#12537,#3010);
#2216=LINE('',#12539,#3011);
#2217=LINE('',#12541,#3012);
#2218=LINE('',#12543,#3013);
#2219=LINE('',#12545,#3014);
#2220=LINE('',#12547,#3015);
#2221=LINE('',#12551,#3016);
#2222=LINE('',#12552,#3017);
#2223=LINE('',#12560,#3018);
#2224=LINE('',#12561,#3019);
#2225=LINE('',#12563,#3020);
#2226=LINE('',#12565,#3021);
#2227=LINE('',#12567,#3022);
#2228=LINE('',#12569,#3023);
#2229=LINE('',#12571,#3024);
#2230=LINE('',#12573,#3025);
#2231=LINE('',#12575,#3026);
#2232=LINE('',#12577,#3027);
#2233=LINE('',#12579,#3028);
#2234=LINE('',#12581,#3029);
#2235=LINE('',#12583,#3030);
#2236=LINE('',#12585,#3031);
#2237=LINE('',#12587,#3032);
#2238=LINE('',#12589,#3033);
#2239=LINE('',#12591,#3034);
#2240=LINE('',#12594,#3035);
#2241=LINE('',#12611,#3036);
#2242=LINE('',#12613,#3037);
#2243=LINE('',#12615,#3038);
#2244=LINE('',#12632,#3039);
#2245=LINE('',#12634,#3040);
#2246=LINE('',#12636,#3041);
#2247=LINE('',#12638,#3042);
#2248=LINE('',#12640,#3043);
#2249=LINE('',#12667,#3044);
#2250=LINE('',#12668,#3045);
#2251=LINE('',#12711,#3046);
#2252=LINE('',#12713,#3047);
#2253=LINE('',#12715,#3048);
#2254=LINE('',#12716,#3049);
#2255=LINE('',#12719,#3050);
#2256=LINE('',#12721,#3051);
#2257=LINE('',#12723,#3052);
#2258=LINE('',#12724,#3053);
#2259=LINE('',#12727,#3054);
#2260=LINE('',#12739,#3055);
#2261=LINE('',#12741,#3056);
#2262=LINE('',#12743,#3057);
#2263=LINE('',#12745,#3058);
#2264=LINE('',#12747,#3059);
#2265=LINE('',#12749,#3060);
#2266=LINE('',#12751,#3061);
#2267=LINE('',#12753,#3062);
#2268=LINE('',#12755,#3063);
#2269=LINE('',#12757,#3064);
#2270=LINE('',#12759,#3065);
#2271=LINE('',#12770,#3066);
#2272=LINE('',#12773,#3067);
#2273=LINE('',#12775,#3068);
#2274=LINE('',#12777,#3069);
#2275=LINE('',#12778,#3070);
#2276=LINE('',#12796,#3071);
#2277=LINE('',#12798,#3072);
#2278=LINE('',#12835,#3073);
#2279=LINE('',#12837,#3074);
#2280=LINE('',#12839,#3075);
#2281=LINE('',#12841,#3076);
#2282=LINE('',#12843,#3077);
#2283=LINE('',#12845,#3078);
#2284=LINE('',#12862,#3079);
#2285=LINE('',#12879,#3080);
#2286=LINE('',#12881,#3081);
#2287=LINE('',#12883,#3082);
#2288=LINE('',#12900,#3083);
#2289=LINE('',#12902,#3084);
#2290=LINE('',#12904,#3085);
#2291=LINE('',#12906,#3086);
#2292=LINE('',#12908,#3087);
#2293=LINE('',#12935,#3088);
#2294=LINE('',#12936,#3089);
#2295=LINE('',#12938,#3090);
#2296=LINE('',#12940,#3091);
#2297=LINE('',#12942,#3092);
#2298=LINE('',#12944,#3093);
#2299=LINE('',#12946,#3094);
#2300=LINE('',#12948,#3095);
#2301=LINE('',#12950,#3096);
#2302=LINE('',#12952,#3097);
#2303=LINE('',#12954,#3098);
#2304=LINE('',#12956,#3099);
#2305=LINE('',#12958,#3100);
#2306=LINE('',#12960,#3101);
#2307=LINE('',#12962,#3102);
#2308=LINE('',#12964,#3103);
#2309=LINE('',#12967,#3104);
#2310=LINE('',#12968,#3105);
#2311=LINE('',#12970,#3106);
#2312=LINE('',#12972,#3107);
#2313=LINE('',#12976,#3108);
#2314=LINE('',#12978,#3109);
#2315=LINE('',#12980,#3110);
#2316=LINE('',#13007,#3111);
#2317=LINE('',#13009,#3112);
#2318=LINE('',#13011,#3113);
#2319=LINE('',#13013,#3114);
#2320=LINE('',#13015,#3115);
#2321=LINE('',#13032,#3116);
#2322=LINE('',#13034,#3117);
#2323=LINE('',#13036,#3118);
#2324=LINE('',#13052,#3119);
#2325=LINE('',#13053,#3120);
#2326=LINE('',#13055,#3121);
#2327=LINE('',#13057,#3122);
#2328=LINE('',#13066,#3123);
#2329=LINE('',#13075,#3124);
#2330=LINE('',#13084,#3125);
#2331=LINE('',#13093,#3126);
#2332=LINE('',#13102,#3127);
#2333=LINE('',#13104,#3128);
#2334=LINE('',#13106,#3129);
#2335=LINE('',#13108,#3130);
#2336=LINE('',#13110,#3131);
#2337=LINE('',#13112,#3132);
#2338=LINE('',#13121,#3133);
#2339=LINE('',#13130,#3134);
#2340=LINE('',#13139,#3135);
#2341=LINE('',#13141,#3136);
#2342=LINE('',#13143,#3137);
#2343=LINE('',#13145,#3138);
#2344=LINE('',#13154,#3139);
#2345=LINE('',#13163,#3140);
#2346=LINE('',#13187,#3141);
#2347=LINE('',#13193,#3142);
#2348=LINE('',#13208,#3143);
#2349=LINE('',#13227,#3144);
#2350=LINE('',#13297,#3145);
#2351=LINE('',#13298,#3146);
#2352=LINE('',#13307,#3147);
#2353=LINE('',#13316,#3148);
#2354=LINE('',#13325,#3149);
#2355=LINE('',#13334,#3150);
#2356=LINE('',#13343,#3151);
#2357=LINE('',#13352,#3152);
#2358=LINE('',#13364,#3153);
#2359=LINE('',#13366,#3154);
#2360=LINE('',#13368,#3155);
#2361=LINE('',#13369,#3156);
#2362=LINE('',#13371,#3157);
#2363=LINE('',#13372,#3158);
#2364=LINE('',#13374,#3159);
#2365=LINE('',#13376,#3160);
#2366=LINE('',#13381,#3161);
#2367=LINE('',#13383,#3162);
#2368=LINE('',#13385,#3163);
#2369=LINE('',#13386,#3164);
#2370=LINE('',#13388,#3165);
#2371=LINE('',#13389,#3166);
#2372=LINE('',#13391,#3167);
#2373=LINE('',#13393,#3168);
#2374=LINE('',#13398,#3169);
#2375=LINE('',#13400,#3170);
#2376=LINE('',#13412,#3171);
#2377=LINE('',#13414,#3172);
#2378=LINE('',#13416,#3173);
#2379=LINE('',#13418,#3174);
#2380=LINE('',#13420,#3175);
#2381=LINE('',#13422,#3176);
#2382=LINE('',#13424,#3177);
#2383=LINE('',#13426,#3178);
#2384=LINE('',#13428,#3179);
#2385=LINE('',#13430,#3180);
#2386=LINE('',#13432,#3181);
#2387=LINE('',#13443,#3182);
#2388=LINE('',#13444,#3183);
#2389=LINE('',#13446,#3184);
#2390=LINE('',#13455,#3185);
#2391=LINE('',#13464,#3186);
#2392=LINE('',#13466,#3187);
#2393=LINE('',#13468,#3188);
#2394=LINE('',#13470,#3189);
#2395=LINE('',#13472,#3190);
#2396=LINE('',#13474,#3191);
#2397=LINE('',#13476,#3192);
#2398=LINE('',#13478,#3193);
#2399=LINE('',#13480,#3194);
#2400=LINE('',#13482,#3195);
#2401=LINE('',#13484,#3196);
#2402=LINE('',#13486,#3197);
#2403=LINE('',#13495,#3198);
#2404=LINE('',#13507,#3199);
#2405=LINE('',#13509,#3200);
#2406=LINE('',#13511,#3201);
#2407=LINE('',#13512,#3202);
#2408=LINE('',#13514,#3203);
#2409=LINE('',#13515,#3204);
#2410=LINE('',#13517,#3205);
#2411=LINE('',#13519,#3206);
#2412=LINE('',#13544,#3207);
#2413=LINE('',#13546,#3208);
#2414=LINE('',#13548,#3209);
#2415=LINE('',#13550,#3210);
#2416=LINE('',#13552,#3211);
#2417=LINE('',#13554,#3212);
#2418=LINE('',#13591,#3213);
#2419=LINE('',#13593,#3214);
#2420=LINE('',#13611,#3215);
#2421=LINE('',#13612,#3216);
#2422=LINE('',#13621,#3217);
#2423=LINE('',#13630,#3218);
#2424=LINE('',#13639,#3219);
#2425=LINE('',#13641,#3220);
#2426=LINE('',#13643,#3221);
#2427=LINE('',#13645,#3222);
#2428=LINE('',#13647,#3223);
#2429=LINE('',#13649,#3224);
#2430=LINE('',#13651,#3225);
#2431=LINE('',#13660,#3226);
#2432=LINE('',#13669,#3227);
#2433=LINE('',#13678,#3228);
#2434=LINE('',#13687,#3229);
#2435=LINE('',#13696,#3230);
#2436=LINE('',#13705,#3231);
#2437=LINE('',#13714,#3232);
#2438=LINE('',#13716,#3233);
#2439=LINE('',#13718,#3234);
#2440=LINE('',#13727,#3235);
#2441=LINE('',#13739,#3236);
#2442=LINE('',#13741,#3237);
#2443=LINE('',#13743,#3238);
#2444=LINE('',#13770,#3239);
#2445=LINE('',#13772,#3240);
#2446=LINE('',#13774,#3241);
#2447=LINE('',#13776,#3242);
#2448=LINE('',#13778,#3243);
#2449=LINE('',#13795,#3244);
#2450=LINE('',#13797,#3245);
#2451=LINE('',#13799,#3246);
#2452=LINE('',#13815,#3247);
#2453=LINE('',#13816,#3248);
#2454=LINE('',#13818,#3249);
#2455=LINE('',#13820,#3250);
#2456=LINE('',#13829,#3251);
#2457=LINE('',#13838,#3252);
#2458=LINE('',#13847,#3253);
#2459=LINE('',#13856,#3254);
#2460=LINE('',#13865,#3255);
#2461=LINE('',#13867,#3256);
#2462=LINE('',#13869,#3257);
#2463=LINE('',#13871,#3258);
#2464=LINE('',#13873,#3259);
#2465=LINE('',#13875,#3260);
#2466=LINE('',#13884,#3261);
#2467=LINE('',#13893,#3262);
#2468=LINE('',#13902,#3263);
#2469=LINE('',#13904,#3264);
#2470=LINE('',#13906,#3265);
#2471=LINE('',#13908,#3266);
#2472=LINE('',#13917,#3267);
#2473=LINE('',#13926,#3268);
#2474=LINE('',#13953,#3269);
#2475=LINE('',#13955,#3270);
#2476=LINE('',#13997,#3271);
#2477=LINE('',#13999,#3272);
#2478=LINE('',#14022,#3273);
#2479=LINE('',#14023,#3274);
#2480=LINE('',#14032,#3275);
#2481=LINE('',#14041,#3276);
#2482=LINE('',#14043,#3277);
#2483=LINE('',#14045,#3278);
#2484=LINE('',#14054,#3279);
#2485=LINE('',#14063,#3280);
#2486=LINE('',#14072,#3281);
#2487=LINE('',#14081,#3282);
#2488=LINE('',#14090,#3283);
#2489=LINE('',#14099,#3284);
#2490=LINE('',#14108,#3285);
#2491=LINE('',#14117,#3286);
#2492=LINE('',#14119,#3287);
#2493=LINE('',#14121,#3288);
#2494=LINE('',#14130,#3289);
#2495=LINE('',#14139,#3290);
#2496=LINE('',#14151,#3291);
#2497=LINE('',#14153,#3292);
#2498=LINE('',#14165,#3293);
#2499=LINE('',#14167,#3294);
#2500=LINE('',#14169,#3295);
#2501=LINE('',#14171,#3296);
#2502=LINE('',#14173,#3297);
#2503=LINE('',#14189,#3298);
#2504=LINE('',#14191,#3299);
#2505=LINE('',#14192,#3300);
#2506=LINE('',#14194,#3301);
#2507=LINE('',#14203,#3302);
#2508=LINE('',#14212,#3303);
#2509=LINE('',#14214,#3304);
#2510=LINE('',#14216,#3305);
#2511=LINE('',#14218,#3306);
#2512=LINE('',#14220,#3307);
#2513=LINE('',#14222,#3308);
#2514=LINE('',#14231,#3309);
#2515=LINE('',#14240,#3310);
#2516=LINE('',#14249,#3311);
#2517=LINE('',#14266,#3312);
#2518=LINE('',#14272,#3313);
#2519=LINE('',#14287,#3314);
#2520=LINE('',#14293,#3315);
#2521=LINE('',#14294,#3316);
#2522=LINE('',#14313,#3317);
#2523=LINE('',#14315,#3318);
#2524=LINE('',#14337,#3319);
#2525=LINE('',#14339,#3320);
#2526=LINE('',#14357,#3321);
#2527=LINE('',#14358,#3322);
#2528=LINE('',#14367,#3323);
#2529=LINE('',#14376,#3324);
#2530=LINE('',#14378,#3325);
#2531=LINE('',#14380,#3326);
#2532=LINE('',#14389,#3327);
#2533=LINE('',#14398,#3328);
#2534=LINE('',#14407,#3329);
#2535=LINE('',#14416,#3330);
#2536=LINE('',#14418,#3331);
#2537=LINE('',#14420,#3332);
#2538=LINE('',#14429,#3333);
#2539=LINE('',#14453,#3334);
#2540=LINE('',#14459,#3335);
#2541=LINE('',#14474,#3336);
#2542=LINE('',#14481,#3337);
#2543=LINE('',#14483,#3338);
#2544=LINE('',#14484,#3339);
#2545=LINE('',#14499,#3340);
#2546=LINE('',#14538,#3341);
#2547=LINE('',#14540,#3342);
#2548=LINE('',#14542,#3343);
#2549=LINE('',#14544,#3344);
#2550=LINE('',#14546,#3345);
#2551=LINE('',#14559,#3346);
#2552=LINE('',#14560,#3347);
#2553=LINE('',#14569,#3348);
#2554=LINE('',#14578,#3349);
#2555=LINE('',#14580,#3350);
#2556=LINE('',#14582,#3351);
#2557=LINE('',#14584,#3352);
#2558=LINE('',#14586,#3353);
#2559=LINE('',#14588,#3354);
#2560=LINE('',#14612,#3355);
#2561=LINE('',#14618,#3356);
#2562=LINE('',#14633,#3357);
#2563=LINE('',#14652,#3358);
#2564=LINE('',#14671,#3359);
#2565=LINE('',#14690,#3360);
#2566=LINE('',#14709,#3361);
#2567=LINE('',#14728,#3362);
#2568=LINE('',#14778,#3363);
#2569=LINE('',#14779,#3364);
#2570=LINE('',#14788,#3365);
#2571=LINE('',#14797,#3366);
#2572=LINE('',#14819,#3367);
#2573=LINE('',#14821,#3368);
#2574=LINE('',#14823,#3369);
#2575=LINE('',#14835,#3370);
#2576=LINE('',#14837,#3371);
#2577=LINE('',#14838,#3372);
#2578=LINE('',#14847,#3373);
#2579=LINE('',#14848,#3374);
#2580=LINE('',#14857,#3375);
#2581=LINE('',#14859,#3376);
#2582=LINE('',#14861,#3377);
#2583=LINE('',#14863,#3378);
#2584=LINE('',#14872,#3379);
#2585=LINE('',#14881,#3380);
#2586=LINE('',#14883,#3381);
#2587=LINE('',#14885,#3382);
#2588=LINE('',#14890,#3383);
#2589=LINE('',#14892,#3384);
#2590=LINE('',#14894,#3385);
#2591=LINE('',#14916,#3386);
#2592=LINE('',#14918,#3387);
#2593=LINE('',#14944,#3388);
#2594=LINE('',#14946,#3389);
#2595=LINE('',#14947,#3390);
#2596=LINE('',#14949,#3391);
#2597=LINE('',#14951,#3392);
#2598=LINE('',#14960,#3393);
#2599=LINE('',#14969,#3394);
#2600=LINE('',#14978,#3395);
#2601=LINE('',#14987,#3396);
#2602=LINE('',#14989,#3397);
#2603=LINE('',#14991,#3398);
#2604=LINE('',#15000,#3399);
#2605=LINE('',#15009,#3400);
#2606=LINE('',#15018,#3401);
#2607=LINE('',#15027,#3402);
#2608=LINE('',#15036,#3403);
#2609=LINE('',#15041,#3404);
#2610=LINE('',#15042,#3405);
#2611=LINE('',#15044,#3406);
#2612=LINE('',#15046,#3407);
#2613=LINE('',#15048,#3408);
#2614=LINE('',#15049,#3409);
#2615=LINE('',#15051,#3410);
#2616=LINE('',#15053,#3411);
#2617=LINE('',#15323,#3412);
#2618=LINE('',#15330,#3413);
#2619=LINE('',#15333,#3414);
#2620=LINE('',#15336,#3415);
#2621=LINE('',#15339,#3416);
#2622=VECTOR('',#9238,21.9);
#2623=VECTOR('',#9239,10.);
#2624=VECTOR('',#9242,21.9);
#2625=VECTOR('',#9243,10.);
#2626=VECTOR('',#9246,22.6);
#2627=VECTOR('',#9253,22.6);
#2628=VECTOR('',#9254,22.6);
#2629=VECTOR('',#9257,10.);
#2630=VECTOR('',#9264,22.8000000000002);
#2631=VECTOR('',#9271,10.);
#2632=VECTOR('',#9276,10.);
#2633=VECTOR('',#9277,10.);
#2634=VECTOR('',#9278,10.);
#2635=VECTOR('',#9279,10.);
#2636=VECTOR('',#9280,10.);
#2637=VECTOR('',#9281,10.);
#2638=VECTOR('',#9284,10.);
#2639=VECTOR('',#9287,10.);
#2640=VECTOR('',#9290,10.);
#2641=VECTOR('',#9293,10.);
#2642=VECTOR('',#9298,10.);
#2643=VECTOR('',#9301,10.);
#2644=VECTOR('',#9304,10.);
#2645=VECTOR('',#9307,10.);
#2646=VECTOR('',#9310,10.);
#2647=VECTOR('',#9315,10.);
#2648=VECTOR('',#9318,10.);
#2649=VECTOR('',#9321,10.);
#2650=VECTOR('',#9324,10.);
#2651=VECTOR('',#9327,10.);
#2652=VECTOR('',#9328,10.);
#2653=VECTOR('',#9329,10.);
#2654=VECTOR('',#9330,10.);
#2655=VECTOR('',#9331,10.);
#2656=VECTOR('',#9332,10.);
#2657=VECTOR('',#9333,10.);
#2658=VECTOR('',#9336,10.);
#2659=VECTOR('',#9339,10.);
#2660=VECTOR('',#9342,10.);
#2661=VECTOR('',#9345,10.);
#2662=VECTOR('',#9350,10.);
#2663=VECTOR('',#9353,10.);
#2664=VECTOR('',#9356,10.);
#2665=VECTOR('',#9359,10.);
#2666=VECTOR('',#9362,10.);
#2667=VECTOR('',#9367,10.);
#2668=VECTOR('',#9370,10.);
#2669=VECTOR('',#9373,10.);
#2670=VECTOR('',#9376,10.);
#2671=VECTOR('',#9379,10.);
#2672=VECTOR('',#9384,19.6999999999999);
#2673=VECTOR('',#9391,10.);
#2674=VECTOR('',#9392,10.);
#2675=VECTOR('',#9393,10.);
#2676=VECTOR('',#9394,10.);
#2677=VECTOR('',#9395,10.);
#2678=VECTOR('',#9396,10.);
#2679=VECTOR('',#9399,10.);
#2680=VECTOR('',#9402,10.);
#2681=VECTOR('',#9405,10.);
#2682=VECTOR('',#9408,10.);
#2683=VECTOR('',#9413,10.);
#2684=VECTOR('',#9416,10.);
#2685=VECTOR('',#9419,10.);
#2686=VECTOR('',#9422,10.);
#2687=VECTOR('',#9425,10.);
#2688=VECTOR('',#9430,10.);
#2689=VECTOR('',#9433,10.);
#2690=VECTOR('',#9436,10.);
#2691=VECTOR('',#9439,10.);
#2692=VECTOR('',#9442,10.);
#2693=VECTOR('',#9443,10.);
#2694=VECTOR('',#9444,10.);
#2695=VECTOR('',#9445,10.);
#2696=VECTOR('',#9446,10.);
#2697=VECTOR('',#9447,10.);
#2698=VECTOR('',#9448,10.);
#2699=VECTOR('',#9451,10.);
#2700=VECTOR('',#9454,10.);
#2701=VECTOR('',#9457,10.);
#2702=VECTOR('',#9460,10.);
#2703=VECTOR('',#9465,10.);
#2704=VECTOR('',#9468,10.);
#2705=VECTOR('',#9471,10.);
#2706=VECTOR('',#9474,10.);
#2707=VECTOR('',#9477,10.);
#2708=VECTOR('',#9482,10.);
#2709=VECTOR('',#9485,10.);
#2710=VECTOR('',#9488,10.);
#2711=VECTOR('',#9491,10.);
#2712=VECTOR('',#9494,10.);
#2713=VECTOR('',#9497,19.5);
#2714=VECTOR('',#9502,10.);
#2715=VECTOR('',#9503,10.);
#2716=VECTOR('',#9504,10.);
#2717=VECTOR('',#9507,10.);
#2718=VECTOR('',#9508,10.);
#2719=VECTOR('',#9509,10.);
#2720=VECTOR('',#9512,10.);
#2721=VECTOR('',#9513,10.);
#2722=VECTOR('',#9514,10.);
#2723=VECTOR('',#9517,10.);
#2724=VECTOR('',#9518,10.);
#2725=VECTOR('',#9521,10.);
#2726=VECTOR('',#9522,10.);
#2727=VECTOR('',#9527,10.);
#2728=VECTOR('',#9530,10.);
#2729=VECTOR('',#9531,10.);
#2730=VECTOR('',#9536,10.);
#2731=VECTOR('',#9539,10.);
#2732=VECTOR('',#9540,10.);
#2733=VECTOR('',#9545,10.);
#2734=VECTOR('',#9548,10.);
#2735=VECTOR('',#9549,10.);
#2736=VECTOR('',#9554,10.);
#2737=VECTOR('',#9557,10.);
#2738=VECTOR('',#9558,10.);
#2739=VECTOR('',#9563,10.);
#2740=VECTOR('',#9566,10.);
#2741=VECTOR('',#9571,10.);
#2742=VECTOR('',#9572,10.);
#2743=VECTOR('',#9575,10.);
#2744=VECTOR('',#9580,10.);
#2745=VECTOR('',#9581,10.);
#2746=VECTOR('',#9586,10.);
#2747=VECTOR('',#9589,10.);
#2748=VECTOR('',#9590,10.);
#2749=VECTOR('',#9595,10.);
#2750=VECTOR('',#9598,10.);
#2751=VECTOR('',#9599,10.);
#2752=VECTOR('',#9602,10.);
#2753=VECTOR('',#9607,10.);
#2754=VECTOR('',#9608,10.);
#2755=VECTOR('',#9611,10.);
#2756=VECTOR('',#9618,10.);
#2757=VECTOR('',#9621,10.);
#2758=VECTOR('',#9622,10.);
#2759=VECTOR('',#9627,10.);
#2760=VECTOR('',#9630,10.);
#2761=VECTOR('',#9631,10.);
#2762=VECTOR('',#9636,10.);
#2763=VECTOR('',#9639,10.);
#2764=VECTOR('',#9640,10.);
#2765=VECTOR('',#9643,10.);
#2766=VECTOR('',#9648,10.);
#2767=VECTOR('',#9649,10.);
#2768=VECTOR('',#9654,10.);
#2769=VECTOR('',#9657,10.);
#2770=VECTOR('',#9660,10.);
#2771=VECTOR('',#9661,10.);
#2772=VECTOR('',#9664,10.);
#2773=VECTOR('',#9665,10.);
#2774=VECTOR('',#9666,10.);
#2775=VECTOR('',#9669,10.);
#2776=VECTOR('',#9670,10.);
#2777=VECTOR('',#9671,10.);
#2778=VECTOR('',#9674,10.);
#2779=VECTOR('',#9675,10.);
#2780=VECTOR('',#9676,10.);
#2781=VECTOR('',#9679,10.);
#2782=VECTOR('',#9680,10.);
#2783=VECTOR('',#9683,10.);
#2784=VECTOR('',#9684,10.);
#2785=VECTOR('',#9689,10.);
#2786=VECTOR('',#9692,10.);
#2787=VECTOR('',#9693,10.);
#2788=VECTOR('',#9698,10.);
#2789=VECTOR('',#9701,10.);
#2790=VECTOR('',#9702,10.);
#2791=VECTOR('',#9707,10.);
#2792=VECTOR('',#9710,10.);
#2793=VECTOR('',#9711,10.);
#2794=VECTOR('',#9716,10.);
#2795=VECTOR('',#9719,10.);
#2796=VECTOR('',#9720,10.);
#2797=VECTOR('',#9725,10.);
#2798=VECTOR('',#9728,10.);
#2799=VECTOR('',#9733,10.);
#2800=VECTOR('',#9734,10.);
#2801=VECTOR('',#9737,10.);
#2802=VECTOR('',#9742,10.);
#2803=VECTOR('',#9743,10.);
#2804=VECTOR('',#9748,10.);
#2805=VECTOR('',#9751,10.);
#2806=VECTOR('',#9752,10.);
#2807=VECTOR('',#9757,10.);
#2808=VECTOR('',#9760,10.);
#2809=VECTOR('',#9761,10.);
#2810=VECTOR('',#9764,10.);
#2811=VECTOR('',#9769,10.);
#2812=VECTOR('',#9770,10.);
#2813=VECTOR('',#9773,10.);
#2814=VECTOR('',#9780,10.);
#2815=VECTOR('',#9783,10.);
#2816=VECTOR('',#9784,10.);
#2817=VECTOR('',#9789,10.);
#2818=VECTOR('',#9792,10.);
#2819=VECTOR('',#9793,10.);
#2820=VECTOR('',#9798,10.);
#2821=VECTOR('',#9801,10.);
#2822=VECTOR('',#9802,10.);
#2823=VECTOR('',#9805,10.);
#2824=VECTOR('',#9810,10.);
#2825=VECTOR('',#9811,10.);
#2826=VECTOR('',#9816,10.);
#2827=VECTOR('',#9819,10.);
#2828=VECTOR('',#9822,10.);
#2829=VECTOR('',#9823,10.);
#2830=VECTOR('',#9842,10.);
#2831=VECTOR('',#9843,10.);
#2832=VECTOR('',#9844,10.);
#2833=VECTOR('',#9847,10.);
#2834=VECTOR('',#9852,10.);
#2835=VECTOR('',#9853,10.);
#2836=VECTOR('',#9856,10.);
#2837=VECTOR('',#9861,10.);
#2838=VECTOR('',#9862,10.);
#2839=VECTOR('',#9865,10.);
#2840=VECTOR('',#9870,10.);
#2841=VECTOR('',#9871,10.);
#2842=VECTOR('',#9874,10.);
#2843=VECTOR('',#9879,1.);
#2844=VECTOR('',#9880,10.);
#2845=VECTOR('',#9883,1.);
#2846=VECTOR('',#9888,10.);
#2847=VECTOR('',#9893,10.);
#2848=VECTOR('',#9894,10.);
#2849=VECTOR('',#9897,10.);
#2850=VECTOR('',#9902,10.);
#2851=VECTOR('',#9903,10.);
#2852=VECTOR('',#9906,10.);
#2853=VECTOR('',#9911,10.);
#2854=VECTOR('',#9912,10.);
#2855=VECTOR('',#9915,10.);
#2856=VECTOR('',#9920,10.);
#2857=VECTOR('',#9921,10.);
#2858=VECTOR('',#9924,10.);
#2859=VECTOR('',#9929,10.);
#2860=VECTOR('',#9930,10.);
#2861=VECTOR('',#9933,1.);
#2862=VECTOR('',#9938,1.);
#2863=VECTOR('',#9943,10.);
#2864=VECTOR('',#9944,10.);
#2865=VECTOR('',#9947,10.);
#2866=VECTOR('',#9952,10.);
#2867=VECTOR('',#9953,10.);
#2868=VECTOR('',#9956,10.);
#2869=VECTOR('',#9961,10.);
#2870=VECTOR('',#9962,10.);
#2871=VECTOR('',#9965,10.);
#2872=VECTOR('',#9970,10.);
#2873=VECTOR('',#9971,10.);
#2874=VECTOR('',#9974,10.);
#2875=VECTOR('',#9979,10.);
#2876=VECTOR('',#9980,10.);
#2877=VECTOR('',#9983,10.);
#2878=VECTOR('',#9984,10.);
#2879=VECTOR('',#9987,10.);
#2880=VECTOR('',#9988,10.);
#2881=VECTOR('',#9991,10.);
#2882=VECTOR('',#9996,10.);
#2883=VECTOR('',#9997,10.);
#2884=VECTOR('',#9998,10.);
#2885=VECTOR('',#9999,10.);
#2886=VECTOR('',#10000,10.);
#2887=VECTOR('',#10001,10.);
#2888=VECTOR('',#10002,10.);
#2889=VECTOR('',#10003,10.);
#2890=VECTOR('',#10004,10.);
#2891=VECTOR('',#10005,10.);
#2892=VECTOR('',#10006,10.);
#2893=VECTOR('',#10007,10.);
#2894=VECTOR('',#10008,10.);
#2895=VECTOR('',#10009,10.);
#2896=VECTOR('',#10010,10.);
#2897=VECTOR('',#10011,10.);
#2898=VECTOR('',#10012,10.);
#2899=VECTOR('',#10013,10.);
#2900=VECTOR('',#10014,10.);
#2901=VECTOR('',#10015,10.);
#2902=VECTOR('',#10016,10.);
#2903=VECTOR('',#10017,10.);
#2904=VECTOR('',#10018,10.);
#2905=VECTOR('',#10019,10.);
#2906=VECTOR('',#10020,10.);
#2907=VECTOR('',#10021,10.);
#2908=VECTOR('',#10022,10.);
#2909=VECTOR('',#10023,10.);
#2910=VECTOR('',#10024,10.);
#2911=VECTOR('',#10025,10.);
#2912=VECTOR('',#10026,10.);
#2913=VECTOR('',#10027,10.);
#2914=VECTOR('',#10028,10.);
#2915=VECTOR('',#10029,10.);
#2916=VECTOR('',#10030,10.);
#2917=VECTOR('',#10033,10.);
#2918=VECTOR('',#10038,10.);
#2919=VECTOR('',#10039,10.);
#2920=VECTOR('',#10042,10.);
#2921=VECTOR('',#10043,10.);
#2922=VECTOR('',#10046,10.);
#2923=VECTOR('',#10047,10.);
#2924=VECTOR('',#10048,10.);
#2925=VECTOR('',#10051,10.);
#2926=VECTOR('',#10052,10.);
#2927=VECTOR('',#10053,10.);
#2928=VECTOR('',#10056,10.);
#2929=VECTOR('',#10057,10.);
#2930=VECTOR('',#10060,10.);
#2931=VECTOR('',#10063,10.);
#2932=VECTOR('',#10064,10.);
#2933=VECTOR('',#10069,10.);
#2934=VECTOR('',#10072,10.);
#2935=VECTOR('',#10073,10.);
#2936=VECTOR('',#10078,10.);
#2937=VECTOR('',#10081,10.);
#2938=VECTOR('',#10082,10.);
#2939=VECTOR('',#10087,10.);
#2940=VECTOR('',#10090,10.);
#2941=VECTOR('',#10091,10.);
#2942=VECTOR('',#10096,10.);
#2943=VECTOR('',#10099,10.);
#2944=VECTOR('',#10100,10.);
#2945=VECTOR('',#10105,10.);
#2946=VECTOR('',#10108,10.);
#2947=VECTOR('',#10113,10.);
#2948=VECTOR('',#10114,10.);
#2949=VECTOR('',#10117,10.);
#2950=VECTOR('',#10122,10.);
#2951=VECTOR('',#10123,10.);
#2952=VECTOR('',#10128,10.);
#2953=VECTOR('',#10131,10.);
#2954=VECTOR('',#10132,10.);
#2955=VECTOR('',#10137,10.);
#2956=VECTOR('',#10140,10.);
#2957=VECTOR('',#10141,10.);
#2958=VECTOR('',#10144,10.);
#2959=VECTOR('',#10149,10.);
#2960=VECTOR('',#10150,10.);
#2961=VECTOR('',#10153,10.);
#2962=VECTOR('',#10160,10.);
#2963=VECTOR('',#10163,10.);
#2964=VECTOR('',#10164,10.);
#2965=VECTOR('',#10169,10.);
#2966=VECTOR('',#10172,10.);
#2967=VECTOR('',#10173,10.);
#2968=VECTOR('',#10178,10.);
#2969=VECTOR('',#10181,10.);
#2970=VECTOR('',#10182,10.);
#2971=VECTOR('',#10185,10.);
#2972=VECTOR('',#10190,10.);
#2973=VECTOR('',#10191,10.);
#2974=VECTOR('',#10196,10.);
#2975=VECTOR('',#10199,10.);
#2976=VECTOR('',#10202,10.);
#2977=VECTOR('',#10203,10.);
#2978=VECTOR('',#10206,10.);
#2979=VECTOR('',#10207,10.);
#2980=VECTOR('',#10210,10.);
#2981=VECTOR('',#10211,10.);
#2982=VECTOR('',#10212,10.);
#2983=VECTOR('',#10215,10.);
#2984=VECTOR('',#10216,10.);
#2985=VECTOR('',#10219,10.);
#2986=VECTOR('',#10222,10.);
#2987=VECTOR('',#10225,10.);
#2988=VECTOR('',#10228,10.);
#2989=VECTOR('',#10231,10.);
#2990=VECTOR('',#10234,10.);
#2991=VECTOR('',#10237,10.);
#2992=VECTOR('',#10240,10.);
#2993=VECTOR('',#10243,10.);
#2994=VECTOR('',#10246,10.);
#2995=VECTOR('',#10249,10.);
#2996=VECTOR('',#10252,10.);
#2997=VECTOR('',#10255,10.);
#2998=VECTOR('',#10258,10.);
#2999=VECTOR('',#10261,10.);
#3000=VECTOR('',#10264,10.);
#3001=VECTOR('',#10267,10.);
#3002=VECTOR('',#10270,10.);
#3003=VECTOR('',#10273,10.);
#3004=VECTOR('',#10276,10.);
#3005=VECTOR('',#10279,10.);
#3006=VECTOR('',#10282,10.);
#3007=VECTOR('',#10285,10.);
#3008=VECTOR('',#10288,10.);
#3009=VECTOR('',#10291,10.);
#3010=VECTOR('',#10294,10.);
#3011=VECTOR('',#10297,10.);
#3012=VECTOR('',#10300,10.);
#3013=VECTOR('',#10303,10.);
#3014=VECTOR('',#10306,10.);
#3015=VECTOR('',#10309,10.);
#3016=VECTOR('',#10314,10.);
#3017=VECTOR('',#10315,10.);
#3018=VECTOR('',#10330,10.);
#3019=VECTOR('',#10331,10.);
#3020=VECTOR('',#10334,10.);
#3021=VECTOR('',#10337,10.);
#3022=VECTOR('',#10340,10.);
#3023=VECTOR('',#10343,10.);
#3024=VECTOR('',#10346,10.);
#3025=VECTOR('',#10349,10.);
#3026=VECTOR('',#10352,10.);
#3027=VECTOR('',#10355,1.);
#3028=VECTOR('',#10358,1.);
#3029=VECTOR('',#10361,10.);
#3030=VECTOR('',#10364,10.);
#3031=VECTOR('',#10367,10.);
#3032=VECTOR('',#10370,10.);
#3033=VECTOR('',#10373,10.);
#3034=VECTOR('',#10376,10.);
#3035=VECTOR('',#10377,10.);
#3036=VECTOR('',#10378,10.);
#3037=VECTOR('',#10379,10.);
#3038=VECTOR('',#10380,10.);
#3039=VECTOR('',#10381,10.);
#3040=VECTOR('',#10382,10.);
#3041=VECTOR('',#10383,10.);
#3042=VECTOR('',#10384,10.);
#3043=VECTOR('',#10385,10.);
#3044=VECTOR('',#10386,10.);
#3045=VECTOR('',#10387,10.);
#3046=VECTOR('',#10388,10.);
#3047=VECTOR('',#10389,10.);
#3048=VECTOR('',#10390,10.);
#3049=VECTOR('',#10391,10.);
#3050=VECTOR('',#10392,10.);
#3051=VECTOR('',#10393,10.);
#3052=VECTOR('',#10394,10.);
#3053=VECTOR('',#10395,10.);
#3054=VECTOR('',#10396,10.);
#3055=VECTOR('',#10397,10.);
#3056=VECTOR('',#10398,10.);
#3057=VECTOR('',#10399,10.);
#3058=VECTOR('',#10400,10.);
#3059=VECTOR('',#10401,10.);
#3060=VECTOR('',#10402,10.);
#3061=VECTOR('',#10403,10.);
#3062=VECTOR('',#10404,10.);
#3063=VECTOR('',#10405,10.);
#3064=VECTOR('',#10406,10.);
#3065=VECTOR('',#10407,10.);
#3066=VECTOR('',#10408,10.);
#3067=VECTOR('',#10409,10.);
#3068=VECTOR('',#10410,10.);
#3069=VECTOR('',#10411,10.);
#3070=VECTOR('',#10412,10.);
#3071=VECTOR('',#10413,10.);
#3072=VECTOR('',#10414,10.);
#3073=VECTOR('',#10415,10.);
#3074=VECTOR('',#10416,10.);
#3075=VECTOR('',#10417,10.);
#3076=VECTOR('',#10418,10.);
#3077=VECTOR('',#10419,10.);
#3078=VECTOR('',#10420,10.);
#3079=VECTOR('',#10421,10.);
#3080=VECTOR('',#10422,10.);
#3081=VECTOR('',#10423,10.);
#3082=VECTOR('',#10424,10.);
#3083=VECTOR('',#10425,10.);
#3084=VECTOR('',#10426,10.);
#3085=VECTOR('',#10427,10.);
#3086=VECTOR('',#10428,10.);
#3087=VECTOR('',#10429,10.);
#3088=VECTOR('',#10430,10.);
#3089=VECTOR('',#10431,10.);
#3090=VECTOR('',#10434,10.);
#3091=VECTOR('',#10437,10.);
#3092=VECTOR('',#10440,10.);
#3093=VECTOR('',#10443,10.);
#3094=VECTOR('',#10446,1.);
#3095=VECTOR('',#10449,1.);
#3096=VECTOR('',#10452,10.);
#3097=VECTOR('',#10455,10.);
#3098=VECTOR('',#10458,10.);
#3099=VECTOR('',#10461,10.);
#3100=VECTOR('',#10464,10.);
#3101=VECTOR('',#10467,10.);
#3102=VECTOR('',#10470,10.);
#3103=VECTOR('',#10473,10.);
#3104=VECTOR('',#10478,10.);
#3105=VECTOR('',#10479,10.);
#3106=VECTOR('',#10482,10.);
#3107=VECTOR('',#10485,10.);
#3108=VECTOR('',#10488,10.);
#3109=VECTOR('',#10489,10.);
#3110=VECTOR('',#10490,10.);
#3111=VECTOR('',#10491,10.);
#3112=VECTOR('',#10492,10.);
#3113=VECTOR('',#10493,10.);
#3114=VECTOR('',#10494,10.);
#3115=VECTOR('',#10495,10.);
#3116=VECTOR('',#10496,10.);
#3117=VECTOR('',#10497,10.);
#3118=VECTOR('',#10498,10.);
#3119=VECTOR('',#10501,10.);
#3120=VECTOR('',#10502,10.);
#3121=VECTOR('',#10505,10.);
#3122=VECTOR('',#10508,10.);
#3123=VECTOR('',#10509,10.);
#3124=VECTOR('',#10510,10.);
#3125=VECTOR('',#10511,10.);
#3126=VECTOR('',#10512,10.);
#3127=VECTOR('',#10513,10.);
#3128=VECTOR('',#10516,10.);
#3129=VECTOR('',#10519,10.);
#3130=VECTOR('',#10522,10.);
#3131=VECTOR('',#10525,10.);
#3132=VECTOR('',#10528,10.);
#3133=VECTOR('',#10529,10.);
#3134=VECTOR('',#10530,10.);
#3135=VECTOR('',#10531,10.);
#3136=VECTOR('',#10534,10.);
#3137=VECTOR('',#10537,10.);
#3138=VECTOR('',#10540,10.);
#3139=VECTOR('',#10541,10.);
#3140=VECTOR('',#10542,10.);
#3141=VECTOR('',#10543,10.);
#3142=VECTOR('',#10544,10.);
#3143=VECTOR('',#10545,10.);
#3144=VECTOR('',#10546,10.);
#3145=VECTOR('',#10549,10.);
#3146=VECTOR('',#10550,10.);
#3147=VECTOR('',#10551,10.);
#3148=VECTOR('',#10552,10.);
#3149=VECTOR('',#10553,10.);
#3150=VECTOR('',#10554,10.);
#3151=VECTOR('',#10555,10.);
#3152=VECTOR('',#10556,10.);
#3153=VECTOR('',#10559,10.);
#3154=VECTOR('',#10560,10.);
#3155=VECTOR('',#10561,10.);
#3156=VECTOR('',#10562,10.);
#3157=VECTOR('',#10565,10.);
#3158=VECTOR('',#10566,10.);
#3159=VECTOR('',#10569,10.);
#3160=VECTOR('',#10572,10.);
#3161=VECTOR('',#10577,10.);
#3162=VECTOR('',#10578,10.);
#3163=VECTOR('',#10579,10.);
#3164=VECTOR('',#10580,10.);
#3165=VECTOR('',#10583,10.);
#3166=VECTOR('',#10584,10.);
#3167=VECTOR('',#10587,10.);
#3168=VECTOR('',#10590,10.);
#3169=VECTOR('',#10595,10.);
#3170=VECTOR('',#10596,10.);
#3171=VECTOR('',#10597,10.);
#3172=VECTOR('',#10598,10.);
#3173=VECTOR('',#10599,10.);
#3174=VECTOR('',#10600,10.);
#3175=VECTOR('',#10601,10.);
#3176=VECTOR('',#10602,10.);
#3177=VECTOR('',#10603,10.);
#3178=VECTOR('',#10604,10.);
#3179=VECTOR('',#10605,10.);
#3180=VECTOR('',#10606,10.);
#3181=VECTOR('',#10607,10.);
#3182=VECTOR('',#10610,10.);
#3183=VECTOR('',#10611,10.);
#3184=VECTOR('',#10614,10.);
#3185=VECTOR('',#10615,10.);
#3186=VECTOR('',#10616,10.);
#3187=VECTOR('',#10619,10.);
#3188=VECTOR('',#10622,10.);
#3189=VECTOR('',#10625,10.);
#3190=VECTOR('',#10628,10.);
#3191=VECTOR('',#10631,10.);
#3192=VECTOR('',#10634,10.);
#3193=VECTOR('',#10637,10.);
#3194=VECTOR('',#10640,10.);
#3195=VECTOR('',#10643,10.);
#3196=VECTOR('',#10646,10.);
#3197=VECTOR('',#10649,10.);
#3198=VECTOR('',#10650,10.);
#3199=VECTOR('',#10653,10.);
#3200=VECTOR('',#10654,10.);
#3201=VECTOR('',#10655,10.);
#3202=VECTOR('',#10656,10.);
#3203=VECTOR('',#10659,10.);
#3204=VECTOR('',#10660,10.);
#3205=VECTOR('',#10663,10.);
#3206=VECTOR('',#10666,10.);
#3207=VECTOR('',#10671,10.);
#3208=VECTOR('',#10672,10.);
#3209=VECTOR('',#10673,10.);
#3210=VECTOR('',#10674,10.);
#3211=VECTOR('',#10675,10.);
#3212=VECTOR('',#10676,10.);
#3213=VECTOR('',#10677,10.);
#3214=VECTOR('',#10678,10.);
#3215=VECTOR('',#10679,10.);
#3216=VECTOR('',#10680,10.);
#3217=VECTOR('',#10681,10.);
#3218=VECTOR('',#10682,10.);
#3219=VECTOR('',#10683,10.);
#3220=VECTOR('',#10686,10.);
#3221=VECTOR('',#10689,10.);
#3222=VECTOR('',#10692,10.);
#3223=VECTOR('',#10695,10.);
#3224=VECTOR('',#10698,10.);
#3225=VECTOR('',#10701,10.);
#3226=VECTOR('',#10702,10.);
#3227=VECTOR('',#10703,10.);
#3228=VECTOR('',#10704,10.);
#3229=VECTOR('',#10705,10.);
#3230=VECTOR('',#10706,10.);
#3231=VECTOR('',#10707,10.);
#3232=VECTOR('',#10708,10.);
#3233=VECTOR('',#10711,10.);
#3234=VECTOR('',#10714,10.);
#3235=VECTOR('',#10715,10.);
#3236=VECTOR('',#10718,10.);
#3237=VECTOR('',#10719,10.);
#3238=VECTOR('',#10720,10.);
#3239=VECTOR('',#10721,10.);
#3240=VECTOR('',#10722,10.);
#3241=VECTOR('',#10723,10.);
#3242=VECTOR('',#10724,10.);
#3243=VECTOR('',#10725,10.);
#3244=VECTOR('',#10726,10.);
#3245=VECTOR('',#10727,10.);
#3246=VECTOR('',#10728,10.);
#3247=VECTOR('',#10731,10.);
#3248=VECTOR('',#10732,10.);
#3249=VECTOR('',#10735,10.);
#3250=VECTOR('',#10738,10.);
#3251=VECTOR('',#10739,10.);
#3252=VECTOR('',#10740,10.);
#3253=VECTOR('',#10741,10.);
#3254=VECTOR('',#10742,10.);
#3255=VECTOR('',#10743,10.);
#3256=VECTOR('',#10746,10.);
#3257=VECTOR('',#10749,10.);
#3258=VECTOR('',#10752,10.);
#3259=VECTOR('',#10755,10.);
#3260=VECTOR('',#10758,10.);
#3261=VECTOR('',#10759,10.);
#3262=VECTOR('',#10760,10.);
#3263=VECTOR('',#10761,10.);
#3264=VECTOR('',#10764,10.);
#3265=VECTOR('',#10767,10.);
#3266=VECTOR('',#10770,10.);
#3267=VECTOR('',#10771,10.);
#3268=VECTOR('',#10772,10.);
#3269=VECTOR('',#10775,10.);
#3270=VECTOR('',#10776,10.);
#3271=VECTOR('',#10777,10.);
#3272=VECTOR('',#10778,10.);
#3273=VECTOR('',#10779,10.);
#3274=VECTOR('',#10780,10.);
#3275=VECTOR('',#10781,10.);
#3276=VECTOR('',#10782,10.);
#3277=VECTOR('',#10785,10.);
#3278=VECTOR('',#10788,10.);
#3279=VECTOR('',#10789,10.);
#3280=VECTOR('',#10790,10.);
#3281=VECTOR('',#10791,10.);
#3282=VECTOR('',#10792,10.);
#3283=VECTOR('',#10793,10.);
#3284=VECTOR('',#10794,10.);
#3285=VECTOR('',#10795,10.);
#3286=VECTOR('',#10796,10.);
#3287=VECTOR('',#10799,10.);
#3288=VECTOR('',#10802,10.);
#3289=VECTOR('',#10803,10.);
#3290=VECTOR('',#10804,10.);
#3291=VECTOR('',#10807,10.);
#3292=VECTOR('',#10808,10.);
#3293=VECTOR('',#10809,10.);
#3294=VECTOR('',#10810,10.);
#3295=VECTOR('',#10811,10.);
#3296=VECTOR('',#10812,10.);
#3297=VECTOR('',#10813,10.);
#3298=VECTOR('',#10814,10.);
#3299=VECTOR('',#10817,10.);
#3300=VECTOR('',#10818,10.);
#3301=VECTOR('',#10821,10.);
#3302=VECTOR('',#10822,10.);
#3303=VECTOR('',#10823,10.);
#3304=VECTOR('',#10826,10.);
#3305=VECTOR('',#10829,10.);
#3306=VECTOR('',#10832,10.);
#3307=VECTOR('',#10835,10.);
#3308=VECTOR('',#10838,10.);
#3309=VECTOR('',#10839,10.);
#3310=VECTOR('',#10840,10.);
#3311=VECTOR('',#10841,10.);
#3312=VECTOR('',#10844,10.);
#3313=VECTOR('',#10845,10.);
#3314=VECTOR('',#10846,10.);
#3315=VECTOR('',#10849,10.);
#3316=VECTOR('',#10850,10.);
#3317=VECTOR('',#10853,10.);
#3318=VECTOR('',#10854,10.);
#3319=VECTOR('',#10855,10.);
#3320=VECTOR('',#10856,10.);
#3321=VECTOR('',#10857,10.);
#3322=VECTOR('',#10858,10.);
#3323=VECTOR('',#10859,10.);
#3324=VECTOR('',#10860,10.);
#3325=VECTOR('',#10863,10.);
#3326=VECTOR('',#10866,10.);
#3327=VECTOR('',#10867,10.);
#3328=VECTOR('',#10868,10.);
#3329=VECTOR('',#10869,10.);
#3330=VECTOR('',#10870,10.);
#3331=VECTOR('',#10873,10.);
#3332=VECTOR('',#10876,10.);
#3333=VECTOR('',#10877,10.);
#3334=VECTOR('',#10878,10.);
#3335=VECTOR('',#10879,10.);
#3336=VECTOR('',#10880,10.);
#3337=VECTOR('',#10883,10.);
#3338=VECTOR('',#10884,10.);
#3339=VECTOR('',#10885,10.);
#3340=VECTOR('',#10886,10.);
#3341=VECTOR('',#10889,10.);
#3342=VECTOR('',#10890,10.);
#3343=VECTOR('',#10891,10.);
#3344=VECTOR('',#10892,10.);
#3345=VECTOR('',#10893,10.);
#3346=VECTOR('',#10894,10.);
#3347=VECTOR('',#10895,10.);
#3348=VECTOR('',#10896,10.);
#3349=VECTOR('',#10897,10.);
#3350=VECTOR('',#10900,10.);
#3351=VECTOR('',#10903,10.);
#3352=VECTOR('',#10906,10.);
#3353=VECTOR('',#10909,10.);
#3354=VECTOR('',#10912,10.);
#3355=VECTOR('',#10913,10.);
#3356=VECTOR('',#10914,10.);
#3357=VECTOR('',#10915,10.);
#3358=VECTOR('',#10916,10.);
#3359=VECTOR('',#10917,10.);
#3360=VECTOR('',#10918,10.);
#3361=VECTOR('',#10919,10.);
#3362=VECTOR('',#10920,10.);
#3363=VECTOR('',#10923,10.);
#3364=VECTOR('',#10924,10.);
#3365=VECTOR('',#10925,10.);
#3366=VECTOR('',#10926,10.);
#3367=VECTOR('',#10929,10.);
#3368=VECTOR('',#10930,10.);
#3369=VECTOR('',#10931,10.);
#3370=VECTOR('',#10932,10.);
#3371=VECTOR('',#10933,10.);
#3372=VECTOR('',#10934,10.);
#3373=VECTOR('',#10935,10.);
#3374=VECTOR('',#10936,10.);
#3375=VECTOR('',#10937,10.);
#3376=VECTOR('',#10940,10.);
#3377=VECTOR('',#10943,10.);
#3378=VECTOR('',#10946,10.);
#3379=VECTOR('',#10947,10.);
#3380=VECTOR('',#10948,10.);
#3381=VECTOR('',#10951,10.);
#3382=VECTOR('',#10954,10.);
#3383=VECTOR('',#10959,10.);
#3384=VECTOR('',#10960,10.);
#3385=VECTOR('',#10961,10.);
#3386=VECTOR('',#10962,10.);
#3387=VECTOR('',#10963,10.);
#3388=VECTOR('',#10964,10.);
#3389=VECTOR('',#10967,10.);
#3390=VECTOR('',#10968,10.);
#3391=VECTOR('',#10971,10.);
#3392=VECTOR('',#10974,10.);
#3393=VECTOR('',#10975,10.);
#3394=VECTOR('',#10976,10.);
#3395=VECTOR('',#10977,10.);
#3396=VECTOR('',#10978,10.);
#3397=VECTOR('',#10981,10.);
#3398=VECTOR('',#10984,10.);
#3399=VECTOR('',#10985,10.);
#3400=VECTOR('',#10986,10.);
#3401=VECTOR('',#10987,10.);
#3402=VECTOR('',#10988,10.);
#3403=VECTOR('',#10989,10.);
#3404=VECTOR('',#10998,10.);
#3405=VECTOR('',#10999,10.);
#3406=VECTOR('',#11002,10.);
#3407=VECTOR('',#11005,10.);
#3408=VECTOR('',#11008,10.);
#3409=VECTOR('',#11009,10.);
#3410=VECTOR('',#11012,10.);
#3411=VECTOR('',#11015,10.);
#3412=VECTOR('',#11020,19.7);
#3413=VECTOR('',#11029,21.7);
#3414=VECTOR('',#11034,22.15);
#3415=VECTOR('',#11039,10.);
#3416=VECTOR('',#11044,10.);
#3417=VERTEX_POINT('',#11051);
#3418=VERTEX_POINT('',#11052);
#3419=VERTEX_POINT('',#11054);
#3420=VERTEX_POINT('',#11065);
#3421=VERTEX_POINT('',#11078);
#3422=VERTEX_POINT('',#11079);
#3423=VERTEX_POINT('',#11081);
#3424=VERTEX_POINT('',#11092);
#3425=VERTEX_POINT('',#11105);
#3426=VERTEX_POINT('',#11106);
#3427=VERTEX_POINT('',#11108);
#3428=VERTEX_POINT('',#11133);
#3429=VERTEX_POINT('',#11135);
#3430=VERTEX_POINT('',#11137);
#3431=VERTEX_POINT('',#11155);
#3432=VERTEX_POINT('',#11157);
#3433=VERTEX_POINT('',#11180);
#3434=VERTEX_POINT('',#11182);
#3435=VERTEX_POINT('',#11184);
#3436=VERTEX_POINT('',#11197);
#3437=VERTEX_POINT('',#11202);
#3438=VERTEX_POINT('',#11213);
#3439=VERTEX_POINT('',#11215);
#3440=VERTEX_POINT('',#11262);
#3441=VERTEX_POINT('',#11263);
#3442=VERTEX_POINT('',#11265);
#3443=VERTEX_POINT('',#11267);
#3444=VERTEX_POINT('',#11269);
#3445=VERTEX_POINT('',#11271);
#3446=VERTEX_POINT('',#11273);
#3447=VERTEX_POINT('',#11275);
#3448=VERTEX_POINT('',#11277);
#3449=VERTEX_POINT('',#11279);
#3450=VERTEX_POINT('',#11281);
#3451=VERTEX_POINT('',#11283);
#3452=VERTEX_POINT('',#11285);
#3453=VERTEX_POINT('',#11287);
#3454=VERTEX_POINT('',#11289);
#3455=VERTEX_POINT('',#11291);
#3456=VERTEX_POINT('',#11293);
#3457=VERTEX_POINT('',#11295);
#3458=VERTEX_POINT('',#11297);
#3459=VERTEX_POINT('',#11299);
#3460=VERTEX_POINT('',#11301);
#3461=VERTEX_POINT('',#11303);
#3462=VERTEX_POINT('',#11305);
#3463=VERTEX_POINT('',#11307);
#3464=VERTEX_POINT('',#11309);
#3465=VERTEX_POINT('',#11311);
#3466=VERTEX_POINT('',#11313);
#3467=VERTEX_POINT('',#11315);
#3468=VERTEX_POINT('',#11317);
#3469=VERTEX_POINT('',#11319);
#3470=VERTEX_POINT('',#11321);
#3471=VERTEX_POINT('',#11323);
#3472=VERTEX_POINT('',#11325);
#3473=VERTEX_POINT('',#11327);
#3474=VERTEX_POINT('',#11329);
#3475=VERTEX_POINT('',#11331);
#3476=VERTEX_POINT('',#11333);
#3477=VERTEX_POINT('',#11335);
#3478=VERTEX_POINT('',#11337);
#3479=VERTEX_POINT('',#11339);
#3480=VERTEX_POINT('',#11341);
#3481=VERTEX_POINT('',#11343);
#3482=VERTEX_POINT('',#11345);
#3483=VERTEX_POINT('',#11347);
#3484=VERTEX_POINT('',#11349);
#3485=VERTEX_POINT('',#11351);
#3486=VERTEX_POINT('',#11353);
#3487=VERTEX_POINT('',#11355);
#3488=VERTEX_POINT('',#11357);
#3489=VERTEX_POINT('',#11359);
#3490=VERTEX_POINT('',#11361);
#3491=VERTEX_POINT('',#11363);
#3492=VERTEX_POINT('',#11365);
#3493=VERTEX_POINT('',#11367);
#3494=VERTEX_POINT('',#11369);
#3495=VERTEX_POINT('',#11371);
#3496=VERTEX_POINT('',#11373);
#3497=VERTEX_POINT('',#11375);
#3498=VERTEX_POINT('',#11377);
#3499=VERTEX_POINT('',#11379);
#3500=VERTEX_POINT('',#11381);
#3501=VERTEX_POINT('',#11383);
#3502=VERTEX_POINT('',#11385);
#3503=VERTEX_POINT('',#11387);
#3504=VERTEX_POINT('',#11389);
#3505=VERTEX_POINT('',#11391);
#3506=VERTEX_POINT('',#11393);
#3507=VERTEX_POINT('',#11395);
#3508=VERTEX_POINT('',#11397);
#3509=VERTEX_POINT('',#11399);
#3510=VERTEX_POINT('',#11401);
#3511=VERTEX_POINT('',#11403);
#3512=VERTEX_POINT('',#11407);
#3513=VERTEX_POINT('',#11409);
#3514=VERTEX_POINT('',#11411);
#3515=VERTEX_POINT('',#11415);
#3516=VERTEX_POINT('',#11416);
#3517=VERTEX_POINT('',#11418);
#3518=VERTEX_POINT('',#11420);
#3519=VERTEX_POINT('',#11422);
#3520=VERTEX_POINT('',#11424);
#3521=VERTEX_POINT('',#11426);
#3522=VERTEX_POINT('',#11428);
#3523=VERTEX_POINT('',#11430);
#3524=VERTEX_POINT('',#11432);
#3525=VERTEX_POINT('',#11434);
#3526=VERTEX_POINT('',#11436);
#3527=VERTEX_POINT('',#11438);
#3528=VERTEX_POINT('',#11440);
#3529=VERTEX_POINT('',#11442);
#3530=VERTEX_POINT('',#11444);
#3531=VERTEX_POINT('',#11446);
#3532=VERTEX_POINT('',#11448);
#3533=VERTEX_POINT('',#11450);
#3534=VERTEX_POINT('',#11452);
#3535=VERTEX_POINT('',#11454);
#3536=VERTEX_POINT('',#11456);
#3537=VERTEX_POINT('',#11458);
#3538=VERTEX_POINT('',#11460);
#3539=VERTEX_POINT('',#11462);
#3540=VERTEX_POINT('',#11464);
#3541=VERTEX_POINT('',#11466);
#3542=VERTEX_POINT('',#11468);
#3543=VERTEX_POINT('',#11470);
#3544=VERTEX_POINT('',#11472);
#3545=VERTEX_POINT('',#11474);
#3546=VERTEX_POINT('',#11476);
#3547=VERTEX_POINT('',#11478);
#3548=VERTEX_POINT('',#11480);
#3549=VERTEX_POINT('',#11482);
#3550=VERTEX_POINT('',#11484);
#3551=VERTEX_POINT('',#11486);
#3552=VERTEX_POINT('',#11488);
#3553=VERTEX_POINT('',#11490);
#3554=VERTEX_POINT('',#11492);
#3555=VERTEX_POINT('',#11494);
#3556=VERTEX_POINT('',#11496);
#3557=VERTEX_POINT('',#11498);
#3558=VERTEX_POINT('',#11500);
#3559=VERTEX_POINT('',#11502);
#3560=VERTEX_POINT('',#11504);
#3561=VERTEX_POINT('',#11506);
#3562=VERTEX_POINT('',#11508);
#3563=VERTEX_POINT('',#11510);
#3564=VERTEX_POINT('',#11512);
#3565=VERTEX_POINT('',#11514);
#3566=VERTEX_POINT('',#11516);
#3567=VERTEX_POINT('',#11518);
#3568=VERTEX_POINT('',#11520);
#3569=VERTEX_POINT('',#11522);
#3570=VERTEX_POINT('',#11524);
#3571=VERTEX_POINT('',#11526);
#3572=VERTEX_POINT('',#11528);
#3573=VERTEX_POINT('',#11530);
#3574=VERTEX_POINT('',#11532);
#3575=VERTEX_POINT('',#11534);
#3576=VERTEX_POINT('',#11536);
#3577=VERTEX_POINT('',#11538);
#3578=VERTEX_POINT('',#11540);
#3579=VERTEX_POINT('',#11542);
#3580=VERTEX_POINT('',#11544);
#3581=VERTEX_POINT('',#11546);
#3582=VERTEX_POINT('',#11548);
#3583=VERTEX_POINT('',#11550);
#3584=VERTEX_POINT('',#11552);
#3585=VERTEX_POINT('',#11554);
#3586=VERTEX_POINT('',#11556);
#3587=VERTEX_POINT('',#11560);
#3588=VERTEX_POINT('',#11564);
#3589=VERTEX_POINT('',#11566);
#3590=VERTEX_POINT('',#11570);
#3591=VERTEX_POINT('',#11572);
#3592=VERTEX_POINT('',#11576);
#3593=VERTEX_POINT('',#11578);
#3594=VERTEX_POINT('',#11582);
#3595=VERTEX_POINT('',#11586);
#3596=VERTEX_POINT('',#11590);
#3597=VERTEX_POINT('',#11594);
#3598=VERTEX_POINT('',#11598);
#3599=VERTEX_POINT('',#11602);
#3600=VERTEX_POINT('',#11606);
#3601=VERTEX_POINT('',#11610);
#3602=VERTEX_POINT('',#11614);
#3603=VERTEX_POINT('',#11618);
#3604=VERTEX_POINT('',#11622);
#3605=VERTEX_POINT('',#11626);
#3606=VERTEX_POINT('',#11630);
#3607=VERTEX_POINT('',#11634);
#3608=VERTEX_POINT('',#11638);
#3609=VERTEX_POINT('',#11642);
#3610=VERTEX_POINT('',#11646);
#3611=VERTEX_POINT('',#11650);
#3612=VERTEX_POINT('',#11654);
#3613=VERTEX_POINT('',#11658);
#3614=VERTEX_POINT('',#11662);
#3615=VERTEX_POINT('',#11666);
#3616=VERTEX_POINT('',#11670);
#3617=VERTEX_POINT('',#11674);
#3618=VERTEX_POINT('',#11678);
#3619=VERTEX_POINT('',#11682);
#3620=VERTEX_POINT('',#11686);
#3621=VERTEX_POINT('',#11690);
#3622=VERTEX_POINT('',#11694);
#3623=VERTEX_POINT('',#11698);
#3624=VERTEX_POINT('',#11702);
#3625=VERTEX_POINT('',#11708);
#3626=VERTEX_POINT('',#11712);
#3627=VERTEX_POINT('',#11714);
#3628=VERTEX_POINT('',#11718);
#3629=VERTEX_POINT('',#11719);
#3630=VERTEX_POINT('',#11724);
#3631=VERTEX_POINT('',#11725);
#3632=VERTEX_POINT('',#11730);
#3633=VERTEX_POINT('',#11734);
#3634=VERTEX_POINT('',#11738);
#3635=VERTEX_POINT('',#11742);
#3636=VERTEX_POINT('',#11746);
#3637=VERTEX_POINT('',#11750);
#3638=VERTEX_POINT('',#11754);
#3639=VERTEX_POINT('',#11758);
#3640=VERTEX_POINT('',#11762);
#3641=VERTEX_POINT('',#11766);
#3642=VERTEX_POINT('',#11770);
#3643=VERTEX_POINT('',#11774);
#3644=VERTEX_POINT('',#11778);
#3645=VERTEX_POINT('',#11782);
#3646=VERTEX_POINT('',#11786);
#3647=VERTEX_POINT('',#11790);
#3648=VERTEX_POINT('',#11794);
#3649=VERTEX_POINT('',#11798);
#3650=VERTEX_POINT('',#11802);
#3651=VERTEX_POINT('',#11806);
#3652=VERTEX_POINT('',#11810);
#3653=VERTEX_POINT('',#11814);
#3654=VERTEX_POINT('',#11818);
#3655=VERTEX_POINT('',#11822);
#3656=VERTEX_POINT('',#11826);
#3657=VERTEX_POINT('',#11830);
#3658=VERTEX_POINT('',#11834);
#3659=VERTEX_POINT('',#11838);
#3660=VERTEX_POINT('',#11842);
#3661=VERTEX_POINT('',#11846);
#3662=VERTEX_POINT('',#11850);
#3663=VERTEX_POINT('',#11856);
#3664=VERTEX_POINT('',#11868);
#3665=VERTEX_POINT('',#11870);
#3666=VERTEX_POINT('',#11874);
#3667=VERTEX_POINT('',#11878);
#3668=VERTEX_POINT('',#11882);
#3669=VERTEX_POINT('',#11886);
#3670=VERTEX_POINT('',#11890);
#3671=VERTEX_POINT('',#11894);
#3672=VERTEX_POINT('',#11898);
#3673=VERTEX_POINT('',#11902);
#3674=VERTEX_POINT('',#11906);
#3675=VERTEX_POINT('',#11910);
#3676=VERTEX_POINT('',#11914);
#3677=VERTEX_POINT('',#11918);
#3678=VERTEX_POINT('',#11922);
#3679=VERTEX_POINT('',#11926);
#3680=VERTEX_POINT('',#11930);
#3681=VERTEX_POINT('',#11934);
#3682=VERTEX_POINT('',#11938);
#3683=VERTEX_POINT('',#11942);
#3684=VERTEX_POINT('',#11946);
#3685=VERTEX_POINT('',#11950);
#3686=VERTEX_POINT('',#11954);
#3687=VERTEX_POINT('',#11958);
#3688=VERTEX_POINT('',#11962);
#3689=VERTEX_POINT('',#11966);
#3690=VERTEX_POINT('',#11970);
#3691=VERTEX_POINT('',#11974);
#3692=VERTEX_POINT('',#11978);
#3693=VERTEX_POINT('',#11982);
#3694=VERTEX_POINT('',#11986);
#3695=VERTEX_POINT('',#11990);
#3696=VERTEX_POINT('',#11994);
#3697=VERTEX_POINT('',#11998);
#3698=VERTEX_POINT('',#12002);
#3699=VERTEX_POINT('',#12006);
#3700=VERTEX_POINT('',#12009);
#3701=VERTEX_POINT('',#12010);
#3702=VERTEX_POINT('',#12012);
#3703=VERTEX_POINT('',#12014);
#3704=VERTEX_POINT('',#12019);
#3705=VERTEX_POINT('',#12024);
#3706=VERTEX_POINT('',#12029);
#3707=VERTEX_POINT('',#12034);
#3708=VERTEX_POINT('',#12039);
#3709=VERTEX_POINT('',#12041);
#3710=VERTEX_POINT('',#12043);
#3711=VERTEX_POINT('',#12048);
#3712=VERTEX_POINT('',#12053);
#3713=VERTEX_POINT('',#12058);
#3714=VERTEX_POINT('',#12063);
#3715=VERTEX_POINT('',#12066);
#3716=VERTEX_POINT('',#12067);
#3717=VERTEX_POINT('',#12072);
#3718=VERTEX_POINT('',#12074);
#3719=VERTEX_POINT('',#12076);
#3720=VERTEX_POINT('',#12078);
#3721=VERTEX_POINT('',#12083);
#3722=VERTEX_POINT('',#12088);
#3723=VERTEX_POINT('',#12090);
#3724=VERTEX_POINT('',#12092);
#3725=VERTEX_POINT('',#12098);
#3726=VERTEX_POINT('',#12099);
#3727=VERTEX_POINT('',#12104);
#3728=VERTEX_POINT('',#12109);
#3729=VERTEX_POINT('',#12118);
#3730=VERTEX_POINT('',#12119);
#3731=VERTEX_POINT('',#12124);
#3732=VERTEX_POINT('',#12129);
#3733=VERTEX_POINT('',#12131);
#3734=VERTEX_POINT('',#12133);
#3735=VERTEX_POINT('',#12135);
#3736=VERTEX_POINT('',#12137);
#3737=VERTEX_POINT('',#12139);
#3738=VERTEX_POINT('',#12148);
#3739=VERTEX_POINT('',#12149);
#3740=VERTEX_POINT('',#12154);
#3741=VERTEX_POINT('',#12159);
#3742=VERTEX_POINT('',#12164);
#3743=VERTEX_POINT('',#12166);
#3744=VERTEX_POINT('',#12168);
#3745=VERTEX_POINT('',#12173);
#3746=VERTEX_POINT('',#12178);
#3747=VERTEX_POINT('',#12183);
#3748=VERTEX_POINT('',#12188);
#3749=VERTEX_POINT('',#12190);
#3750=VERTEX_POINT('',#12192);
#3751=VERTEX_POINT('',#12201);
#3752=VERTEX_POINT('',#12202);
#3753=VERTEX_POINT('',#12204);
#3754=VERTEX_POINT('',#12206);
#3755=VERTEX_POINT('',#12211);
#3756=VERTEX_POINT('',#12216);
#3757=VERTEX_POINT('',#12221);
#3758=VERTEX_POINT('',#12223);
#3759=VERTEX_POINT('',#12225);
#3760=VERTEX_POINT('',#12227);
#3761=VERTEX_POINT('',#12229);
#3762=VERTEX_POINT('',#12231);
#3763=VERTEX_POINT('',#12236);
#3764=VERTEX_POINT('',#12242);
#3765=VERTEX_POINT('',#12243);
#3766=VERTEX_POINT('',#12248);
#3767=VERTEX_POINT('',#12253);
#3768=VERTEX_POINT('',#12258);
#3769=VERTEX_POINT('',#12263);
#3770=VERTEX_POINT('',#12265);
#3771=VERTEX_POINT('',#12267);
#3772=VERTEX_POINT('',#12272);
#3773=VERTEX_POINT('',#12277);
#3774=VERTEX_POINT('',#12282);
#3775=VERTEX_POINT('',#12287);
#3776=VERTEX_POINT('',#12292);
#3777=VERTEX_POINT('',#12297);
#3778=VERTEX_POINT('',#12302);
#3779=VERTEX_POINT('',#12307);
#3780=VERTEX_POINT('',#12309);
#3781=VERTEX_POINT('',#12311);
#3782=VERTEX_POINT('',#12321);
#3783=VERTEX_POINT('',#12325);
#3784=VERTEX_POINT('',#12329);
#3785=VERTEX_POINT('',#12333);
#3786=VERTEX_POINT('',#12335);
#3787=VERTEX_POINT('',#12339);
#3788=VERTEX_POINT('',#12341);
#3789=VERTEX_POINT('',#12350);
#3790=VERTEX_POINT('',#12354);
#3791=VERTEX_POINT('',#12358);
#3792=VERTEX_POINT('',#12362);
#3793=VERTEX_POINT('',#12366);
#3794=VERTEX_POINT('',#12370);
#3795=VERTEX_POINT('',#12374);
#3796=VERTEX_POINT('',#12378);
#3797=VERTEX_POINT('',#12382);
#3798=VERTEX_POINT('',#12386);
#3799=VERTEX_POINT('',#12390);
#3800=VERTEX_POINT('',#12394);
#3801=VERTEX_POINT('',#12398);
#3802=VERTEX_POINT('',#12402);
#3803=VERTEX_POINT('',#12406);
#3804=VERTEX_POINT('',#12410);
#3805=VERTEX_POINT('',#12414);
#3806=VERTEX_POINT('',#12418);
#3807=VERTEX_POINT('',#12422);
#3808=VERTEX_POINT('',#12426);
#3809=VERTEX_POINT('',#12430);
#3810=VERTEX_POINT('',#12434);
#3811=VERTEX_POINT('',#12438);
#3812=VERTEX_POINT('',#12442);
#3813=VERTEX_POINT('',#12446);
#3814=VERTEX_POINT('',#12450);
#3815=VERTEX_POINT('',#12454);
#3816=VERTEX_POINT('',#12458);
#3817=VERTEX_POINT('',#12462);
#3818=VERTEX_POINT('',#12466);
#3819=VERTEX_POINT('',#12472);
#3820=VERTEX_POINT('',#12479);
#3821=VERTEX_POINT('',#12550);
#3822=VERTEX_POINT('',#12592);
#3823=VERTEX_POINT('',#12593);
#3824=VERTEX_POINT('',#12595);
#3825=VERTEX_POINT('',#12600);
#3826=VERTEX_POINT('',#12605);
#3827=VERTEX_POINT('',#12610);
#3828=VERTEX_POINT('',#12612);
#3829=VERTEX_POINT('',#12614);
#3830=VERTEX_POINT('',#12616);
#3831=VERTEX_POINT('',#12621);
#3832=VERTEX_POINT('',#12626);
#3833=VERTEX_POINT('',#12631);
#3834=VERTEX_POINT('',#12633);
#3835=VERTEX_POINT('',#12635);
#3836=VERTEX_POINT('',#12637);
#3837=VERTEX_POINT('',#12639);
#3838=VERTEX_POINT('',#12641);
#3839=VERTEX_POINT('',#12646);
#3840=VERTEX_POINT('',#12651);
#3841=VERTEX_POINT('',#12656);
#3842=VERTEX_POINT('',#12661);
#3843=VERTEX_POINT('',#12666);
#3844=VERTEX_POINT('',#12669);
#3845=VERTEX_POINT('',#12670);
#3846=VERTEX_POINT('',#12675);
#3847=VERTEX_POINT('',#12680);
#3848=VERTEX_POINT('',#12685);
#3849=VERTEX_POINT('',#12690);
#3850=VERTEX_POINT('',#12695);
#3851=VERTEX_POINT('',#12700);
#3852=VERTEX_POINT('',#12709);
#3853=VERTEX_POINT('',#12710);
#3854=VERTEX_POINT('',#12712);
#3855=VERTEX_POINT('',#12714);
#3856=VERTEX_POINT('',#12717);
#3857=VERTEX_POINT('',#12718);
#3858=VERTEX_POINT('',#12720);
#3859=VERTEX_POINT('',#12722);
#3860=VERTEX_POINT('',#12725);
#3861=VERTEX_POINT('',#12726);
#3862=VERTEX_POINT('',#12728);
#3863=VERTEX_POINT('',#12733);
#3864=VERTEX_POINT('',#12738);
#3865=VERTEX_POINT('',#12740);
#3866=VERTEX_POINT('',#12742);
#3867=VERTEX_POINT('',#12744);
#3868=VERTEX_POINT('',#12746);
#3869=VERTEX_POINT('',#12748);
#3870=VERTEX_POINT('',#12750);
#3871=VERTEX_POINT('',#12752);
#3872=VERTEX_POINT('',#12754);
#3873=VERTEX_POINT('',#12756);
#3874=VERTEX_POINT('',#12758);
#3875=VERTEX_POINT('',#12760);
#3876=VERTEX_POINT('',#12765);
#3877=VERTEX_POINT('',#12771);
#3878=VERTEX_POINT('',#12772);
#3879=VERTEX_POINT('',#12774);
#3880=VERTEX_POINT('',#12776);
#3881=VERTEX_POINT('',#12779);
#3882=VERTEX_POINT('',#12780);
#3883=VERTEX_POINT('',#12785);
#3884=VERTEX_POINT('',#12790);
#3885=VERTEX_POINT('',#12795);
#3886=VERTEX_POINT('',#12797);
#3887=VERTEX_POINT('',#12799);
#3888=VERTEX_POINT('',#12804);
#3889=VERTEX_POINT('',#12809);
#3890=VERTEX_POINT('',#12814);
#3891=VERTEX_POINT('',#12819);
#3892=VERTEX_POINT('',#12824);
#3893=VERTEX_POINT('',#12829);
#3894=VERTEX_POINT('',#12834);
#3895=VERTEX_POINT('',#12836);
#3896=VERTEX_POINT('',#12838);
#3897=VERTEX_POINT('',#12840);
#3898=VERTEX_POINT('',#12842);
#3899=VERTEX_POINT('',#12844);
#3900=VERTEX_POINT('',#12846);
#3901=VERTEX_POINT('',#12851);
#3902=VERTEX_POINT('',#12860);
#3903=VERTEX_POINT('',#12861);
#3904=VERTEX_POINT('',#12863);
#3905=VERTEX_POINT('',#12868);
#3906=VERTEX_POINT('',#12873);
#3907=VERTEX_POINT('',#12878);
#3908=VERTEX_POINT('',#12880);
#3909=VERTEX_POINT('',#12882);
#3910=VERTEX_POINT('',#12884);
#3911=VERTEX_POINT('',#12889);
#3912=VERTEX_POINT('',#12894);
#3913=VERTEX_POINT('',#12899);
#3914=VERTEX_POINT('',#12901);
#3915=VERTEX_POINT('',#12903);
#3916=VERTEX_POINT('',#12905);
#3917=VERTEX_POINT('',#12907);
#3918=VERTEX_POINT('',#12909);
#3919=VERTEX_POINT('',#12914);
#3920=VERTEX_POINT('',#12919);
#3921=VERTEX_POINT('',#12924);
#3922=VERTEX_POINT('',#12929);
#3923=VERTEX_POINT('',#12934);
#3924=VERTEX_POINT('',#12974);
#3925=VERTEX_POINT('',#12975);
#3926=VERTEX_POINT('',#12977);
#3927=VERTEX_POINT('',#12979);
#3928=VERTEX_POINT('',#12981);
#3929=VERTEX_POINT('',#12986);
#3930=VERTEX_POINT('',#12991);
#3931=VERTEX_POINT('',#12996);
#3932=VERTEX_POINT('',#13001);
#3933=VERTEX_POINT('',#13006);
#3934=VERTEX_POINT('',#13008);
#3935=VERTEX_POINT('',#13010);
#3936=VERTEX_POINT('',#13012);
#3937=VERTEX_POINT('',#13014);
#3938=VERTEX_POINT('',#13016);
#3939=VERTEX_POINT('',#13021);
#3940=VERTEX_POINT('',#13026);
#3941=VERTEX_POINT('',#13031);
#3942=VERTEX_POINT('',#13033);
#3943=VERTEX_POINT('',#13035);
#3944=VERTEX_POINT('',#13037);
#3945=VERTEX_POINT('',#13042);
#3946=VERTEX_POINT('',#13180);
#3947=VERTEX_POINT('',#13181);
#3948=VERTEX_POINT('',#13186);
#3949=VERTEX_POINT('',#13188);
#3950=VERTEX_POINT('',#13202);
#3951=VERTEX_POINT('',#13207);
#3952=VERTEX_POINT('',#13221);
#3953=VERTEX_POINT('',#13226);
#3954=VERTEX_POINT('',#13249);
#3955=VERTEX_POINT('',#13250);
#3956=VERTEX_POINT('',#13255);
#3957=VERTEX_POINT('',#13260);
#3958=VERTEX_POINT('',#13265);
#3959=VERTEX_POINT('',#13270);
#3960=VERTEX_POINT('',#13275);
#3961=VERTEX_POINT('',#13280);
#3962=VERTEX_POINT('',#13362);
#3963=VERTEX_POINT('',#13363);
#3964=VERTEX_POINT('',#13365);
#3965=VERTEX_POINT('',#13367);
#3966=VERTEX_POINT('',#13379);
#3967=VERTEX_POINT('',#13380);
#3968=VERTEX_POINT('',#13382);
#3969=VERTEX_POINT('',#13384);
#3970=VERTEX_POINT('',#13396);
#3971=VERTEX_POINT('',#13397);
#3972=VERTEX_POINT('',#13399);
#3973=VERTEX_POINT('',#13401);
#3974=VERTEX_POINT('',#13406);
#3975=VERTEX_POINT('',#13411);
#3976=VERTEX_POINT('',#13413);
#3977=VERTEX_POINT('',#13415);
#3978=VERTEX_POINT('',#13417);
#3979=VERTEX_POINT('',#13419);
#3980=VERTEX_POINT('',#13421);
#3981=VERTEX_POINT('',#13423);
#3982=VERTEX_POINT('',#13425);
#3983=VERTEX_POINT('',#13427);
#3984=VERTEX_POINT('',#13429);
#3985=VERTEX_POINT('',#13431);
#3986=VERTEX_POINT('',#13433);
#3987=VERTEX_POINT('',#13505);
#3988=VERTEX_POINT('',#13506);
#3989=VERTEX_POINT('',#13508);
#3990=VERTEX_POINT('',#13510);
#3991=VERTEX_POINT('',#13522);
#3992=VERTEX_POINT('',#13523);
#3993=VERTEX_POINT('',#13528);
#3994=VERTEX_POINT('',#13533);
#3995=VERTEX_POINT('',#13538);
#3996=VERTEX_POINT('',#13543);
#3997=VERTEX_POINT('',#13545);
#3998=VERTEX_POINT('',#13547);
#3999=VERTEX_POINT('',#13549);
#4000=VERTEX_POINT('',#13551);
#4001=VERTEX_POINT('',#13553);
#4002=VERTEX_POINT('',#13555);
#4003=VERTEX_POINT('',#13560);
#4004=VERTEX_POINT('',#13565);
#4005=VERTEX_POINT('',#13570);
#4006=VERTEX_POINT('',#13575);
#4007=VERTEX_POINT('',#13580);
#4008=VERTEX_POINT('',#13585);
#4009=VERTEX_POINT('',#13590);
#4010=VERTEX_POINT('',#13592);
#4011=VERTEX_POINT('',#13594);
#4012=VERTEX_POINT('',#13737);
#4013=VERTEX_POINT('',#13738);
#4014=VERTEX_POINT('',#13740);
#4015=VERTEX_POINT('',#13742);
#4016=VERTEX_POINT('',#13744);
#4017=VERTEX_POINT('',#13749);
#4018=VERTEX_POINT('',#13754);
#4019=VERTEX_POINT('',#13759);
#4020=VERTEX_POINT('',#13764);
#4021=VERTEX_POINT('',#13769);
#4022=VERTEX_POINT('',#13771);
#4023=VERTEX_POINT('',#13773);
#4024=VERTEX_POINT('',#13775);
#4025=VERTEX_POINT('',#13777);
#4026=VERTEX_POINT('',#13779);
#4027=VERTEX_POINT('',#13784);
#4028=VERTEX_POINT('',#13789);
#4029=VERTEX_POINT('',#13794);
#4030=VERTEX_POINT('',#13796);
#4031=VERTEX_POINT('',#13798);
#4032=VERTEX_POINT('',#13800);
#4033=VERTEX_POINT('',#13805);
#4034=VERTEX_POINT('',#13936);
#4035=VERTEX_POINT('',#13937);
#4036=VERTEX_POINT('',#13942);
#4037=VERTEX_POINT('',#13947);
#4038=VERTEX_POINT('',#13952);
#4039=VERTEX_POINT('',#13954);
#4040=VERTEX_POINT('',#13956);
#4041=VERTEX_POINT('',#13961);
#4042=VERTEX_POINT('',#13966);
#4043=VERTEX_POINT('',#13971);
#4044=VERTEX_POINT('',#13976);
#4045=VERTEX_POINT('',#13981);
#4046=VERTEX_POINT('',#13986);
#4047=VERTEX_POINT('',#13991);
#4048=VERTEX_POINT('',#13996);
#4049=VERTEX_POINT('',#13998);
#4050=VERTEX_POINT('',#14000);
#4051=VERTEX_POINT('',#14005);
#4052=VERTEX_POINT('',#14149);
#4053=VERTEX_POINT('',#14150);
#4054=VERTEX_POINT('',#14152);
#4055=VERTEX_POINT('',#14154);
#4056=VERTEX_POINT('',#14159);
#4057=VERTEX_POINT('',#14164);
#4058=VERTEX_POINT('',#14166);
#4059=VERTEX_POINT('',#14168);
#4060=VERTEX_POINT('',#14170);
#4061=VERTEX_POINT('',#14172);
#4062=VERTEX_POINT('',#14174);
#4063=VERTEX_POINT('',#14179);
#4064=VERTEX_POINT('',#14184);
#4065=VERTEX_POINT('',#14259);
#4066=VERTEX_POINT('',#14260);
#4067=VERTEX_POINT('',#14265);
#4068=VERTEX_POINT('',#14267);
#4069=VERTEX_POINT('',#14281);
#4070=VERTEX_POINT('',#14286);
#4071=VERTEX_POINT('',#14296);
#4072=VERTEX_POINT('',#14297);
#4073=VERTEX_POINT('',#14302);
#4074=VERTEX_POINT('',#14307);
#4075=VERTEX_POINT('',#14312);
#4076=VERTEX_POINT('',#14314);
#4077=VERTEX_POINT('',#14316);
#4078=VERTEX_POINT('',#14321);
#4079=VERTEX_POINT('',#14326);
#4080=VERTEX_POINT('',#14331);
#4081=VERTEX_POINT('',#14336);
#4082=VERTEX_POINT('',#14338);
#4083=VERTEX_POINT('',#14340);
#4084=VERTEX_POINT('',#14446);
#4085=VERTEX_POINT('',#14447);
#4086=VERTEX_POINT('',#14452);
#4087=VERTEX_POINT('',#14454);
#4088=VERTEX_POINT('',#14468);
#4089=VERTEX_POINT('',#14473);
#4090=VERTEX_POINT('',#14480);
#4091=VERTEX_POINT('',#14482);
#4092=VERTEX_POINT('',#14493);
#4093=VERTEX_POINT('',#14498);
#4094=VERTEX_POINT('',#14521);
#4095=VERTEX_POINT('',#14522);
#4096=VERTEX_POINT('',#14527);
#4097=VERTEX_POINT('',#14532);
#4098=VERTEX_POINT('',#14537);
#4099=VERTEX_POINT('',#14539);
#4100=VERTEX_POINT('',#14541);
#4101=VERTEX_POINT('',#14543);
#4102=VERTEX_POINT('',#14545);
#4103=VERTEX_POINT('',#14605);
#4104=VERTEX_POINT('',#14606);
#4105=VERTEX_POINT('',#14611);
#4106=VERTEX_POINT('',#14613);
#4107=VERTEX_POINT('',#14627);
#4108=VERTEX_POINT('',#14632);
#4109=VERTEX_POINT('',#14646);
#4110=VERTEX_POINT('',#14651);
#4111=VERTEX_POINT('',#14665);
#4112=VERTEX_POINT('',#14670);
#4113=VERTEX_POINT('',#14684);
#4114=VERTEX_POINT('',#14689);
#4115=VERTEX_POINT('',#14703);
#4116=VERTEX_POINT('',#14708);
#4117=VERTEX_POINT('',#14722);
#4118=VERTEX_POINT('',#14727);
#4119=VERTEX_POINT('',#14750);
#4120=VERTEX_POINT('',#14751);
#4121=VERTEX_POINT('',#14756);
#4122=VERTEX_POINT('',#14761);
#4123=VERTEX_POINT('',#14807);
#4124=VERTEX_POINT('',#14808);
#4125=VERTEX_POINT('',#14813);
#4126=VERTEX_POINT('',#14818);
#4127=VERTEX_POINT('',#14820);
#4128=VERTEX_POINT('',#14822);
#4129=VERTEX_POINT('',#14824);
#4130=VERTEX_POINT('',#14829);
#4131=VERTEX_POINT('',#14834);
#4132=VERTEX_POINT('',#14836);
#4133=VERTEX_POINT('',#14888);
#4134=VERTEX_POINT('',#14889);
#4135=VERTEX_POINT('',#14891);
#4136=VERTEX_POINT('',#14893);
#4137=VERTEX_POINT('',#14895);
#4138=VERTEX_POINT('',#14900);
#4139=VERTEX_POINT('',#14905);
#4140=VERTEX_POINT('',#14910);
#4141=VERTEX_POINT('',#14915);
#4142=VERTEX_POINT('',#14917);
#4143=VERTEX_POINT('',#14919);
#4144=VERTEX_POINT('',#14924);
#4145=VERTEX_POINT('',#14929);
#4146=VERTEX_POINT('',#14934);
#4147=VERTEX_POINT('',#14939);
#4148=VERTEX_POINT('',#15322);
#4149=VERTEX_POINT('',#15326);
#4150=VERTEX_POINT('',#15329);
#4151=EDGE_CURVE('',#3417,#3418,#1827,.T.);
#4152=EDGE_CURVE('',#3419,#3418,#1587,.T.);
#4153=EDGE_CURVE('',#3420,#3419,#1828,.T.);
#4154=EDGE_CURVE('',#3420,#3417,#1588,.T.);
#4155=EDGE_CURVE('',#3421,#3422,#1829,.T.);
#4156=EDGE_CURVE('',#3421,#3423,#1589,.T.);
#4157=EDGE_CURVE('',#3424,#3423,#1830,.T.);
#4158=EDGE_CURVE('',#3422,#3424,#1590,.T.);
#4159=EDGE_CURVE('',#3425,#3426,#1831,.T.);
#4160=EDGE_CURVE('',#3427,#3426,#470,.T.);
#4161=EDGE_CURVE('',#3427,#3425,#1591,.T.);
#4162=EDGE_CURVE('',#3428,#3428,#471,.T.);
#4163=EDGE_CURVE('',#3428,#3429,#1832,.T.);
#4164=EDGE_CURVE('',#3429,#3430,#1592,.T.);
#4165=EDGE_CURVE('',#3431,#3430,#1833,.T.);
#4166=EDGE_CURVE('',#3431,#3432,#1593,.T.);
#4167=EDGE_CURVE('',#3432,#3433,#466,.T.);
#4168=EDGE_CURVE('',#3433,#3434,#1834,.T.);
#4169=EDGE_CURVE('',#3434,#3435,#467,.T.);
#4170=EDGE_CURVE('',#3435,#3429,#1594,.T.);
#4171=EDGE_CURVE('',#3436,#3436,#472,.T.);
#4172=EDGE_CURVE('',#3436,#3427,#1835,.T.);
#4173=EDGE_CURVE('',#3426,#3427,#473,.T.);
#4174=EDGE_CURVE('',#3430,#3437,#1595,.T.);
#4175=EDGE_CURVE('',#3437,#3438,#468,.T.);
#4176=EDGE_CURVE('',#3438,#3439,#1836,.T.);
#4177=EDGE_CURVE('',#3439,#3427,#469,.T.);
#4178=EDGE_CURVE('',#3425,#3431,#1596,.T.);
#4179=EDGE_CURVE('',#3440,#3441,#1837,.T.);
#4180=EDGE_CURVE('',#3442,#3440,#1838,.T.);
#4181=EDGE_CURVE('',#3443,#3442,#1839,.T.);
#4182=EDGE_CURVE('',#3444,#3443,#1840,.T.);
#4183=EDGE_CURVE('',#3445,#3444,#1841,.T.);
#4184=EDGE_CURVE('',#3446,#3445,#1842,.T.);
#4185=EDGE_CURVE('',#3447,#3446,#474,.T.);
#4186=EDGE_CURVE('',#3448,#3447,#1843,.T.);
#4187=EDGE_CURVE('',#3449,#3448,#475,.T.);
#4188=EDGE_CURVE('',#3450,#3449,#1844,.T.);
#4189=EDGE_CURVE('',#3451,#3450,#476,.T.);
#4190=EDGE_CURVE('',#3452,#3451,#1845,.T.);
#4191=EDGE_CURVE('',#3453,#3452,#477,.T.);
#4192=EDGE_CURVE('',#3454,#3453,#1846,.T.);
#4193=EDGE_CURVE('',#3455,#3454,#478,.T.);
#4194=EDGE_CURVE('',#3456,#3455,#479,.T.);
#4195=EDGE_CURVE('',#3457,#3456,#1847,.T.);
#4196=EDGE_CURVE('',#3458,#3457,#480,.T.);
#4197=EDGE_CURVE('',#3459,#3458,#1848,.T.);
#4198=EDGE_CURVE('',#3460,#3459,#481,.T.);
#4199=EDGE_CURVE('',#3461,#3460,#1849,.T.);
#4200=EDGE_CURVE('',#3462,#3461,#482,.T.);
#4201=EDGE_CURVE('',#3463,#3462,#1850,.T.);
#4202=EDGE_CURVE('',#3464,#3463,#483,.T.);
#4203=EDGE_CURVE('',#3465,#3464,#1851,.T.);
#4204=EDGE_CURVE('',#3466,#3465,#484,.T.);
#4205=EDGE_CURVE('',#3467,#3466,#485,.T.);
#4206=EDGE_CURVE('',#3468,#3467,#1852,.T.);
#4207=EDGE_CURVE('',#3469,#3468,#486,.T.);
#4208=EDGE_CURVE('',#3470,#3469,#1853,.T.);
#4209=EDGE_CURVE('',#3471,#3470,#487,.T.);
#4210=EDGE_CURVE('',#3472,#3471,#1854,.T.);
#4211=EDGE_CURVE('',#3473,#3472,#488,.T.);
#4212=EDGE_CURVE('',#3474,#3473,#1855,.T.);
#4213=EDGE_CURVE('',#3475,#3474,#489,.T.);
#4214=EDGE_CURVE('',#3476,#3475,#1856,.T.);
#4215=EDGE_CURVE('',#3477,#3476,#1857,.T.);
#4216=EDGE_CURVE('',#3478,#3477,#1858,.T.);
#4217=EDGE_CURVE('',#3479,#3478,#1859,.T.);
#4218=EDGE_CURVE('',#3480,#3479,#1860,.T.);
#4219=EDGE_CURVE('',#3481,#3480,#1861,.T.);
#4220=EDGE_CURVE('',#3482,#3481,#1862,.T.);
#4221=EDGE_CURVE('',#3483,#3482,#490,.T.);
#4222=EDGE_CURVE('',#3484,#3483,#1863,.T.);
#4223=EDGE_CURVE('',#3485,#3484,#491,.T.);
#4224=EDGE_CURVE('',#3486,#3485,#1864,.T.);
#4225=EDGE_CURVE('',#3487,#3486,#492,.T.);
#4226=EDGE_CURVE('',#3488,#3487,#1865,.T.);
#4227=EDGE_CURVE('',#3489,#3488,#493,.T.);
#4228=EDGE_CURVE('',#3490,#3489,#1866,.T.);
#4229=EDGE_CURVE('',#3491,#3490,#494,.T.);
#4230=EDGE_CURVE('',#3492,#3491,#495,.T.);
#4231=EDGE_CURVE('',#3493,#3492,#1867,.T.);
#4232=EDGE_CURVE('',#3494,#3493,#496,.T.);
#4233=EDGE_CURVE('',#3495,#3494,#1868,.T.);
#4234=EDGE_CURVE('',#3496,#3495,#497,.T.);
#4235=EDGE_CURVE('',#3497,#3496,#1869,.T.);
#4236=EDGE_CURVE('',#3498,#3497,#498,.T.);
#4237=EDGE_CURVE('',#3499,#3498,#1870,.T.);
#4238=EDGE_CURVE('',#3500,#3499,#499,.T.);
#4239=EDGE_CURVE('',#3501,#3500,#1871,.T.);
#4240=EDGE_CURVE('',#3502,#3501,#500,.T.);
#4241=EDGE_CURVE('',#3503,#3502,#501,.T.);
#4242=EDGE_CURVE('',#3504,#3503,#1872,.T.);
#4243=EDGE_CURVE('',#3505,#3504,#502,.T.);
#4244=EDGE_CURVE('',#3506,#3505,#1873,.T.);
#4245=EDGE_CURVE('',#3507,#3506,#503,.T.);
#4246=EDGE_CURVE('',#3508,#3507,#1874,.T.);
#4247=EDGE_CURVE('',#3509,#3508,#504,.T.);
#4248=EDGE_CURVE('',#3510,#3509,#1875,.T.);
#4249=EDGE_CURVE('',#3511,#3510,#505,.T.);
#4250=EDGE_CURVE('',#3441,#3511,#1876,.T.);
#4251=EDGE_CURVE('',#3512,#3512,#506,.T.);
#4252=EDGE_CURVE('',#3512,#3513,#1877,.T.);
#4253=EDGE_CURVE('',#3513,#3514,#507,.T.);
#4254=EDGE_CURVE('',#3514,#3513,#508,.T.);
#4255=EDGE_CURVE('',#3515,#3516,#1878,.T.);
#4256=EDGE_CURVE('',#3517,#3515,#1879,.T.);
#4257=EDGE_CURVE('',#3518,#3517,#1880,.T.);
#4258=EDGE_CURVE('',#3519,#3518,#1881,.T.);
#4259=EDGE_CURVE('',#3520,#3519,#1882,.T.);
#4260=EDGE_CURVE('',#3521,#3520,#1883,.T.);
#4261=EDGE_CURVE('',#3522,#3521,#509,.T.);
#4262=EDGE_CURVE('',#3523,#3522,#1884,.T.);
#4263=EDGE_CURVE('',#3524,#3523,#510,.T.);
#4264=EDGE_CURVE('',#3525,#3524,#1885,.T.);
#4265=EDGE_CURVE('',#3526,#3525,#511,.T.);
#4266=EDGE_CURVE('',#3527,#3526,#1886,.T.);
#4267=EDGE_CURVE('',#3528,#3527,#512,.T.);
#4268=EDGE_CURVE('',#3529,#3528,#1887,.T.);
#4269=EDGE_CURVE('',#3530,#3529,#513,.T.);
#4270=EDGE_CURVE('',#3531,#3530,#514,.T.);
#4271=EDGE_CURVE('',#3532,#3531,#1888,.T.);
#4272=EDGE_CURVE('',#3533,#3532,#515,.T.);
#4273=EDGE_CURVE('',#3534,#3533,#1889,.T.);
#4274=EDGE_CURVE('',#3535,#3534,#516,.T.);
#4275=EDGE_CURVE('',#3536,#3535,#1890,.T.);
#4276=EDGE_CURVE('',#3537,#3536,#517,.T.);
#4277=EDGE_CURVE('',#3538,#3537,#1891,.T.);
#4278=EDGE_CURVE('',#3539,#3538,#518,.T.);
#4279=EDGE_CURVE('',#3540,#3539,#1892,.T.);
#4280=EDGE_CURVE('',#3541,#3540,#519,.T.);
#4281=EDGE_CURVE('',#3542,#3541,#520,.T.);
#4282=EDGE_CURVE('',#3543,#3542,#1893,.T.);
#4283=EDGE_CURVE('',#3544,#3543,#521,.T.);
#4284=EDGE_CURVE('',#3545,#3544,#1894,.T.);
#4285=EDGE_CURVE('',#3546,#3545,#522,.T.);
#4286=EDGE_CURVE('',#3547,#3546,#1895,.T.);
#4287=EDGE_CURVE('',#3548,#3547,#523,.T.);
#4288=EDGE_CURVE('',#3549,#3548,#1896,.T.);
#4289=EDGE_CURVE('',#3550,#3549,#524,.T.);
#4290=EDGE_CURVE('',#3551,#3550,#1897,.T.);
#4291=EDGE_CURVE('',#3552,#3551,#1898,.T.);
#4292=EDGE_CURVE('',#3553,#3552,#1899,.T.);
#4293=EDGE_CURVE('',#3554,#3553,#1900,.T.);
#4294=EDGE_CURVE('',#3555,#3554,#1901,.T.);
#4295=EDGE_CURVE('',#3556,#3555,#1902,.T.);
#4296=EDGE_CURVE('',#3557,#3556,#1903,.T.);
#4297=EDGE_CURVE('',#3558,#3557,#525,.T.);
#4298=EDGE_CURVE('',#3559,#3558,#1904,.T.);
#4299=EDGE_CURVE('',#3560,#3559,#526,.T.);
#4300=EDGE_CURVE('',#3561,#3560,#1905,.T.);
#4301=EDGE_CURVE('',#3562,#3561,#527,.T.);
#4302=EDGE_CURVE('',#3563,#3562,#1906,.T.);
#4303=EDGE_CURVE('',#3564,#3563,#528,.T.);
#4304=EDGE_CURVE('',#3565,#3564,#1907,.T.);
#4305=EDGE_CURVE('',#3566,#3565,#529,.T.);
#4306=EDGE_CURVE('',#3567,#3566,#530,.T.);
#4307=EDGE_CURVE('',#3568,#3567,#1908,.T.);
#4308=EDGE_CURVE('',#3569,#3568,#531,.T.);
#4309=EDGE_CURVE('',#3570,#3569,#1909,.T.);
#4310=EDGE_CURVE('',#3571,#3570,#532,.T.);
#4311=EDGE_CURVE('',#3572,#3571,#1910,.T.);
#4312=EDGE_CURVE('',#3573,#3572,#533,.T.);
#4313=EDGE_CURVE('',#3574,#3573,#1911,.T.);
#4314=EDGE_CURVE('',#3575,#3574,#534,.T.);
#4315=EDGE_CURVE('',#3576,#3575,#1912,.T.);
#4316=EDGE_CURVE('',#3577,#3576,#535,.T.);
#4317=EDGE_CURVE('',#3578,#3577,#536,.T.);
#4318=EDGE_CURVE('',#3579,#3578,#1913,.T.);
#4319=EDGE_CURVE('',#3580,#3579,#537,.T.);
#4320=EDGE_CURVE('',#3581,#3580,#1914,.T.);
#4321=EDGE_CURVE('',#3582,#3581,#538,.T.);
#4322=EDGE_CURVE('',#3583,#3582,#1915,.T.);
#4323=EDGE_CURVE('',#3584,#3583,#539,.T.);
#4324=EDGE_CURVE('',#3585,#3584,#1916,.T.);
#4325=EDGE_CURVE('',#3586,#3585,#540,.T.);
#4326=EDGE_CURVE('',#3516,#3586,#1917,.T.);
#4327=EDGE_CURVE('',#3514,#3587,#1918,.T.);
#4328=EDGE_CURVE('',#3587,#3587,#541,.T.);
#4329=EDGE_CURVE('',#3588,#3554,#1919,.T.);
#4330=EDGE_CURVE('',#3553,#3589,#1920,.T.);
#4331=EDGE_CURVE('',#3589,#3588,#1921,.T.);
#4332=EDGE_CURVE('',#3551,#3590,#1922,.T.);
#4333=EDGE_CURVE('',#3590,#3591,#1923,.T.);
#4334=EDGE_CURVE('',#3591,#3552,#1924,.T.);
#4335=EDGE_CURVE('',#3519,#3592,#1925,.T.);
#4336=EDGE_CURVE('',#3592,#3593,#1926,.T.);
#4337=EDGE_CURVE('',#3593,#3520,#1927,.T.);
#4338=EDGE_CURVE('',#3518,#3594,#1928,.T.);
#4339=EDGE_CURVE('',#3594,#3592,#1929,.T.);
#4340=EDGE_CURVE('',#3593,#3595,#1930,.T.);
#4341=EDGE_CURVE('',#3595,#3521,#1931,.T.);
#4342=EDGE_CURVE('',#3595,#3596,#542,.T.);
#4343=EDGE_CURVE('',#3596,#3522,#1932,.T.);
#4344=EDGE_CURVE('',#3596,#3597,#1933,.T.);
#4345=EDGE_CURVE('',#3597,#3523,#1934,.T.);
#4346=EDGE_CURVE('',#3597,#3598,#543,.T.);
#4347=EDGE_CURVE('',#3598,#3524,#1935,.T.);
#4348=EDGE_CURVE('',#3598,#3599,#1936,.T.);
#4349=EDGE_CURVE('',#3599,#3525,#1937,.T.);
#4350=EDGE_CURVE('',#3599,#3600,#544,.T.);
#4351=EDGE_CURVE('',#3600,#3526,#1938,.T.);
#4352=EDGE_CURVE('',#3601,#3527,#1939,.T.);
#4353=EDGE_CURVE('',#3600,#3601,#1940,.T.);
#4354=EDGE_CURVE('',#3601,#3602,#545,.T.);
#4355=EDGE_CURVE('',#3602,#3528,#1941,.T.);
#4356=EDGE_CURVE('',#3603,#3529,#1942,.T.);
#4357=EDGE_CURVE('',#3602,#3603,#1943,.T.);
#4358=EDGE_CURVE('',#3603,#3604,#546,.T.);
#4359=EDGE_CURVE('',#3604,#3530,#1944,.T.);
#4360=EDGE_CURVE('',#3605,#3531,#1945,.T.);
#4361=EDGE_CURVE('',#3604,#3605,#547,.T.);
#4362=EDGE_CURVE('',#3606,#3532,#1946,.T.);
#4363=EDGE_CURVE('',#3605,#3606,#1947,.T.);
#4364=EDGE_CURVE('',#3607,#3533,#1948,.T.);
#4365=EDGE_CURVE('',#3606,#3607,#548,.T.);
#4366=EDGE_CURVE('',#3608,#3534,#1949,.T.);
#4367=EDGE_CURVE('',#3607,#3608,#1950,.T.);
#4368=EDGE_CURVE('',#3608,#3609,#549,.T.);
#4369=EDGE_CURVE('',#3609,#3535,#1951,.T.);
#4370=EDGE_CURVE('',#3610,#3536,#1952,.T.);
#4371=EDGE_CURVE('',#3609,#3610,#1953,.T.);
#4372=EDGE_CURVE('',#3610,#3611,#550,.T.);
#4373=EDGE_CURVE('',#3611,#3537,#1954,.T.);
#4374=EDGE_CURVE('',#3612,#3538,#1955,.T.);
#4375=EDGE_CURVE('',#3611,#3612,#1956,.T.);
#4376=EDGE_CURVE('',#3613,#3539,#1957,.T.);
#4377=EDGE_CURVE('',#3612,#3613,#551,.T.);
#4378=EDGE_CURVE('',#3614,#3540,#1958,.T.);
#4379=EDGE_CURVE('',#3613,#3614,#1959,.T.);
#4380=EDGE_CURVE('',#3615,#3541,#1960,.T.);
#4381=EDGE_CURVE('',#3614,#3615,#552,.T.);
#4382=EDGE_CURVE('',#3615,#3616,#553,.T.);
#4383=EDGE_CURVE('',#3616,#3542,#1961,.T.);
#4384=EDGE_CURVE('',#3617,#3543,#1962,.T.);
#4385=EDGE_CURVE('',#3616,#3617,#1963,.T.);
#4386=EDGE_CURVE('',#3617,#3618,#554,.T.);
#4387=EDGE_CURVE('',#3618,#3544,#1964,.T.);
#4388=EDGE_CURVE('',#3619,#3545,#1965,.T.);
#4389=EDGE_CURVE('',#3618,#3619,#1966,.T.);
#4390=EDGE_CURVE('',#3619,#3620,#555,.T.);
#4391=EDGE_CURVE('',#3620,#3546,#1967,.T.);
#4392=EDGE_CURVE('',#3621,#3547,#1968,.T.);
#4393=EDGE_CURVE('',#3620,#3621,#1969,.T.);
#4394=EDGE_CURVE('',#3622,#3548,#1970,.T.);
#4395=EDGE_CURVE('',#3621,#3622,#556,.T.);
#4396=EDGE_CURVE('',#3623,#3549,#1971,.T.);
#4397=EDGE_CURVE('',#3622,#3623,#1972,.T.);
#4398=EDGE_CURVE('',#3623,#3624,#557,.T.);
#4399=EDGE_CURVE('',#3624,#3550,#1973,.T.);
#4400=EDGE_CURVE('',#3624,#3590,#1974,.T.);
#4401=EDGE_CURVE('',#3591,#3625,#1975,.T.);
#4402=EDGE_CURVE('',#3625,#3553,#1976,.T.);
#4403=EDGE_CURVE('',#3626,#3518,#1977,.T.);
#4404=EDGE_CURVE('',#3517,#3627,#1978,.T.);
#4405=EDGE_CURVE('',#3627,#3626,#1979,.T.);
#4406=EDGE_CURVE('',#3628,#3629,#1980,.T.);
#4407=EDGE_CURVE('',#3629,#3556,#1981,.T.);
#4408=EDGE_CURVE('',#3555,#3628,#1982,.T.);
#4409=EDGE_CURVE('',#3630,#3631,#1983,.T.);
#4410=EDGE_CURVE('',#3631,#3515,#1984,.T.);
#4411=EDGE_CURVE('',#3516,#3630,#1985,.T.);
#4412=EDGE_CURVE('',#3631,#3632,#1986,.T.);
#4413=EDGE_CURVE('',#3632,#3517,#1987,.T.);
#4414=EDGE_CURVE('',#3629,#3633,#1988,.T.);
#4415=EDGE_CURVE('',#3633,#3557,#1989,.T.);
#4416=EDGE_CURVE('',#3633,#3634,#558,.T.);
#4417=EDGE_CURVE('',#3634,#3558,#1990,.T.);
#4418=EDGE_CURVE('',#3634,#3635,#1991,.T.);
#4419=EDGE_CURVE('',#3635,#3559,#1992,.T.);
#4420=EDGE_CURVE('',#3635,#3636,#559,.T.);
#4421=EDGE_CURVE('',#3636,#3560,#1993,.T.);
#4422=EDGE_CURVE('',#3636,#3637,#1994,.T.);
#4423=EDGE_CURVE('',#3637,#3561,#1995,.T.);
#4424=EDGE_CURVE('',#3637,#3638,#560,.T.);
#4425=EDGE_CURVE('',#3638,#3562,#1996,.T.);
#4426=EDGE_CURVE('',#3639,#3563,#1997,.T.);
#4427=EDGE_CURVE('',#3638,#3639,#1998,.T.);
#4428=EDGE_CURVE('',#3639,#3640,#561,.T.);
#4429=EDGE_CURVE('',#3640,#3564,#1999,.T.);
#4430=EDGE_CURVE('',#3641,#3565,#2000,.T.);
#4431=EDGE_CURVE('',#3640,#3641,#2001,.T.);
#4432=EDGE_CURVE('',#3641,#3642,#562,.T.);
#4433=EDGE_CURVE('',#3642,#3566,#2002,.T.);
#4434=EDGE_CURVE('',#3643,#3567,#2003,.T.);
#4435=EDGE_CURVE('',#3642,#3643,#563,.T.);
#4436=EDGE_CURVE('',#3644,#3568,#2004,.T.);
#4437=EDGE_CURVE('',#3643,#3644,#2005,.T.);
#4438=EDGE_CURVE('',#3645,#3569,#2006,.T.);
#4439=EDGE_CURVE('',#3644,#3645,#564,.T.);
#4440=EDGE_CURVE('',#3646,#3570,#2007,.T.);
#4441=EDGE_CURVE('',#3645,#3646,#2008,.T.);
#4442=EDGE_CURVE('',#3646,#3647,#565,.T.);
#4443=EDGE_CURVE('',#3647,#3571,#2009,.T.);
#4444=EDGE_CURVE('',#3648,#3572,#2010,.T.);
#4445=EDGE_CURVE('',#3647,#3648,#2011,.T.);
#4446=EDGE_CURVE('',#3648,#3649,#566,.T.);
#4447=EDGE_CURVE('',#3649,#3573,#2012,.T.);
#4448=EDGE_CURVE('',#3650,#3574,#2013,.T.);
#4449=EDGE_CURVE('',#3649,#3650,#2014,.T.);
#4450=EDGE_CURVE('',#3651,#3575,#2015,.T.);
#4451=EDGE_CURVE('',#3650,#3651,#567,.T.);
#4452=EDGE_CURVE('',#3652,#3576,#2016,.T.);
#4453=EDGE_CURVE('',#3651,#3652,#2017,.T.);
#4454=EDGE_CURVE('',#3653,#3577,#2018,.T.);
#4455=EDGE_CURVE('',#3652,#3653,#568,.T.);
#4456=EDGE_CURVE('',#3653,#3654,#569,.T.);
#4457=EDGE_CURVE('',#3654,#3578,#2019,.T.);
#4458=EDGE_CURVE('',#3655,#3579,#2020,.T.);
#4459=EDGE_CURVE('',#3654,#3655,#2021,.T.);
#4460=EDGE_CURVE('',#3655,#3656,#570,.T.);
#4461=EDGE_CURVE('',#3656,#3580,#2022,.T.);
#4462=EDGE_CURVE('',#3657,#3581,#2023,.T.);
#4463=EDGE_CURVE('',#3656,#3657,#2024,.T.);
#4464=EDGE_CURVE('',#3657,#3658,#571,.T.);
#4465=EDGE_CURVE('',#3658,#3582,#2025,.T.);
#4466=EDGE_CURVE('',#3659,#3583,#2026,.T.);
#4467=EDGE_CURVE('',#3658,#3659,#2027,.T.);
#4468=EDGE_CURVE('',#3660,#3584,#2028,.T.);
#4469=EDGE_CURVE('',#3659,#3660,#572,.T.);
#4470=EDGE_CURVE('',#3661,#3585,#2029,.T.);
#4471=EDGE_CURVE('',#3660,#3661,#2030,.T.);
#4472=EDGE_CURVE('',#3661,#3662,#573,.T.);
#4473=EDGE_CURVE('',#3662,#3586,#2031,.T.);
#4474=EDGE_CURVE('',#3662,#3630,#2032,.T.);
#4475=EDGE_CURVE('',#3554,#3663,#2033,.T.);
#4476=EDGE_CURVE('',#3663,#3628,#2034,.T.);
#4477=EDGE_CURVE('',#3632,#3627,#574,.T.);
#4478=EDGE_CURVE('',#3626,#3594,#575,.T.);
#4479=EDGE_CURVE('',#3625,#3589,#576,.T.);
#4480=EDGE_CURVE('',#3588,#3663,#577,.T.);
#4481=EDGE_CURVE('',#3664,#3624,#2035,.T.);
#4482=EDGE_CURVE('',#3665,#3664,#2036,.T.);
#4483=EDGE_CURVE('',#3590,#3665,#2037,.T.);
#4484=EDGE_CURVE('',#3623,#3666,#2038,.T.);
#4485=EDGE_CURVE('',#3664,#3666,#578,.T.);
#4486=EDGE_CURVE('',#3622,#3667,#2039,.T.);
#4487=EDGE_CURVE('',#3666,#3667,#2040,.T.);
#4488=EDGE_CURVE('',#3621,#3668,#2041,.T.);
#4489=EDGE_CURVE('',#3667,#3668,#579,.T.);
#4490=EDGE_CURVE('',#3669,#3620,#2042,.T.);
#4491=EDGE_CURVE('',#3668,#3669,#2043,.T.);
#4492=EDGE_CURVE('',#3619,#3670,#2044,.T.);
#4493=EDGE_CURVE('',#3669,#3670,#580,.T.);
#4494=EDGE_CURVE('',#3671,#3618,#2045,.T.);
#4495=EDGE_CURVE('',#3670,#3671,#2046,.T.);
#4496=EDGE_CURVE('',#3617,#3672,#2047,.T.);
#4497=EDGE_CURVE('',#3671,#3672,#581,.T.);
#4498=EDGE_CURVE('',#3673,#3616,#2048,.T.);
#4499=EDGE_CURVE('',#3672,#3673,#2049,.T.);
#4500=EDGE_CURVE('',#3615,#3674,#2050,.T.);
#4501=EDGE_CURVE('',#3673,#3674,#582,.T.);
#4502=EDGE_CURVE('',#3614,#3675,#2051,.T.);
#4503=EDGE_CURVE('',#3674,#3675,#583,.T.);
#4504=EDGE_CURVE('',#3613,#3676,#2052,.T.);
#4505=EDGE_CURVE('',#3675,#3676,#2053,.T.);
#4506=EDGE_CURVE('',#3612,#3677,#2054,.T.);
#4507=EDGE_CURVE('',#3676,#3677,#584,.T.);
#4508=EDGE_CURVE('',#3678,#3611,#2055,.T.);
#4509=EDGE_CURVE('',#3677,#3678,#2056,.T.);
#4510=EDGE_CURVE('',#3610,#3679,#2057,.T.);
#4511=EDGE_CURVE('',#3678,#3679,#585,.T.);
#4512=EDGE_CURVE('',#3680,#3609,#2058,.T.);
#4513=EDGE_CURVE('',#3679,#3680,#2059,.T.);
#4514=EDGE_CURVE('',#3608,#3681,#2060,.T.);
#4515=EDGE_CURVE('',#3680,#3681,#586,.T.);
#4516=EDGE_CURVE('',#3607,#3682,#2061,.T.);
#4517=EDGE_CURVE('',#3681,#3682,#2062,.T.);
#4518=EDGE_CURVE('',#3606,#3683,#2063,.T.);
#4519=EDGE_CURVE('',#3682,#3683,#587,.T.);
#4520=EDGE_CURVE('',#3605,#3684,#2064,.T.);
#4521=EDGE_CURVE('',#3683,#3684,#2065,.T.);
#4522=EDGE_CURVE('',#3685,#3604,#2066,.T.);
#4523=EDGE_CURVE('',#3684,#3685,#588,.T.);
#4524=EDGE_CURVE('',#3603,#3686,#2067,.T.);
#4525=EDGE_CURVE('',#3685,#3686,#589,.T.);
#4526=EDGE_CURVE('',#3687,#3602,#2068,.T.);
#4527=EDGE_CURVE('',#3686,#3687,#2069,.T.);
#4528=EDGE_CURVE('',#3601,#3688,#2070,.T.);
#4529=EDGE_CURVE('',#3687,#3688,#590,.T.);
#4530=EDGE_CURVE('',#3689,#3600,#2071,.T.);
#4531=EDGE_CURVE('',#3688,#3689,#2072,.T.);
#4532=EDGE_CURVE('',#3599,#3690,#2073,.T.);
#4533=EDGE_CURVE('',#3689,#3690,#591,.T.);
#4534=EDGE_CURVE('',#3598,#3691,#2074,.T.);
#4535=EDGE_CURVE('',#3690,#3691,#2075,.T.);
#4536=EDGE_CURVE('',#3597,#3692,#2076,.T.);
#4537=EDGE_CURVE('',#3691,#3692,#592,.T.);
#4538=EDGE_CURVE('',#3693,#3596,#2077,.T.);
#4539=EDGE_CURVE('',#3692,#3693,#2078,.T.);
#4540=EDGE_CURVE('',#3595,#3694,#2079,.T.);
#4541=EDGE_CURVE('',#3693,#3694,#593,.T.);
#4542=EDGE_CURVE('',#3695,#3593,#2080,.T.);
#4543=EDGE_CURVE('',#3694,#3695,#2081,.T.);
#4544=EDGE_CURVE('',#3592,#3696,#2082,.T.);
#4545=EDGE_CURVE('',#3695,#3696,#2083,.T.);
#4546=EDGE_CURVE('',#3697,#3594,#2084,.T.);
#4547=EDGE_CURVE('',#3696,#3697,#2085,.T.);
#4548=EDGE_CURVE('',#3626,#3698,#2086,.T.);
#4549=EDGE_CURVE('',#3697,#3698,#594,.T.);
#4550=EDGE_CURVE('',#3699,#3627,#2087,.T.);
#4551=EDGE_CURVE('',#3698,#3699,#2088,.T.);
#4552=EDGE_CURVE('',#3700,#3701,#2089,.T.);
#4553=EDGE_CURVE('',#3701,#3702,#2090,.T.);
#4554=EDGE_CURVE('',#3702,#3703,#1597,.T.);
#4555=EDGE_CURVE('',#3703,#3704,#1598,.T.);
#4556=EDGE_CURVE('',#3704,#3705,#1599,.T.);
#4557=EDGE_CURVE('',#3705,#3706,#1600,.T.);
#4558=EDGE_CURVE('',#3706,#3707,#1601,.T.);
#4559=EDGE_CURVE('',#3707,#3708,#2091,.T.);
#4560=EDGE_CURVE('',#3708,#3709,#2092,.T.);
#4561=EDGE_CURVE('',#3709,#3710,#1602,.T.);
#4562=EDGE_CURVE('',#3710,#3711,#1603,.T.);
#4563=EDGE_CURVE('',#3711,#3712,#1604,.T.);
#4564=EDGE_CURVE('',#3712,#3713,#1605,.T.);
#4565=EDGE_CURVE('',#3713,#3714,#2093,.T.);
#4566=EDGE_CURVE('',#3714,#3700,#2094,.T.);
#4567=EDGE_CURVE('',#3715,#3716,#1606,.T.);
#4568=EDGE_CURVE('',#3716,#3717,#2095,.T.);
#4569=EDGE_CURVE('',#3717,#3718,#2096,.T.);
#4570=EDGE_CURVE('',#3718,#3719,#2097,.T.);
#4571=EDGE_CURVE('',#3719,#3720,#1607,.T.);
#4572=EDGE_CURVE('',#3720,#3721,#1608,.T.);
#4573=EDGE_CURVE('',#3721,#3722,#2098,.T.);
#4574=EDGE_CURVE('',#3722,#3723,#2099,.T.);
#4575=EDGE_CURVE('',#3723,#3724,#2100,.T.);
#4576=EDGE_CURVE('',#3724,#3715,#1609,.T.);
#4577=EDGE_CURVE('',#3725,#3726,#1610,.T.);
#4578=EDGE_CURVE('',#3726,#3727,#1611,.T.);
#4579=EDGE_CURVE('',#3727,#3728,#1612,.T.);
#4580=EDGE_CURVE('',#3728,#3725,#1613,.T.);
#4581=EDGE_CURVE('',#3729,#3730,#1614,.T.);
#4582=EDGE_CURVE('',#3730,#3731,#1615,.T.);
#4583=EDGE_CURVE('',#3731,#3732,#2101,.T.);
#4584=EDGE_CURVE('',#3732,#3733,#2102,.T.);
#4585=EDGE_CURVE('',#3733,#3734,#2103,.T.);
#4586=EDGE_CURVE('',#3734,#3735,#2104,.T.);
#4587=EDGE_CURVE('',#3735,#3736,#2105,.T.);
#4588=EDGE_CURVE('',#3736,#3737,#1616,.T.);
#4589=EDGE_CURVE('',#3737,#3729,#1617,.T.);
#4590=EDGE_CURVE('',#3738,#3739,#1618,.T.);
#4591=EDGE_CURVE('',#3739,#3740,#1619,.T.);
#4592=EDGE_CURVE('',#3740,#3741,#1620,.T.);
#4593=EDGE_CURVE('',#3741,#3742,#2106,.T.);
#4594=EDGE_CURVE('',#3742,#3743,#2107,.T.);
#4595=EDGE_CURVE('',#3743,#3744,#1621,.T.);
#4596=EDGE_CURVE('',#3744,#3745,#1622,.T.);
#4597=EDGE_CURVE('',#3745,#3746,#1623,.T.);
#4598=EDGE_CURVE('',#3746,#3747,#1624,.T.);
#4599=EDGE_CURVE('',#3747,#3748,#2108,.T.);
#4600=EDGE_CURVE('',#3748,#3749,#2109,.T.);
#4601=EDGE_CURVE('',#3749,#3750,#1625,.T.);
#4602=EDGE_CURVE('',#3750,#3738,#1626,.T.);
#4603=EDGE_CURVE('',#3751,#3752,#2110,.T.);
#4604=EDGE_CURVE('',#3752,#3753,#2111,.T.);
#4605=EDGE_CURVE('',#3753,#3754,#1627,.T.);
#4606=EDGE_CURVE('',#3754,#3755,#1628,.T.);
#4607=EDGE_CURVE('',#3755,#3756,#1629,.T.);
#4608=EDGE_CURVE('',#3756,#3757,#2112,.T.);
#4609=EDGE_CURVE('',#3757,#3758,#2113,.T.);
#4610=EDGE_CURVE('',#3758,#3759,#2114,.T.);
#4611=EDGE_CURVE('',#3759,#3760,#2115,.T.);
#4612=EDGE_CURVE('',#3760,#3761,#2116,.T.);
#4613=EDGE_CURVE('',#3761,#3762,#1630,.T.);
#4614=EDGE_CURVE('',#3762,#3763,#1631,.T.);
#4615=EDGE_CURVE('',#3763,#3751,#2117,.T.);
#4616=EDGE_CURVE('',#3764,#3765,#1632,.T.);
#4617=EDGE_CURVE('',#3765,#3766,#1633,.T.);
#4618=EDGE_CURVE('',#3766,#3767,#1634,.T.);
#4619=EDGE_CURVE('',#3767,#3768,#1635,.T.);
#4620=EDGE_CURVE('',#3768,#3769,#2118,.T.);
#4621=EDGE_CURVE('',#3769,#3770,#2119,.T.);
#4622=EDGE_CURVE('',#3770,#3771,#1636,.T.);
#4623=EDGE_CURVE('',#3771,#3772,#1637,.T.);
#4624=EDGE_CURVE('',#3772,#3773,#1638,.T.);
#4625=EDGE_CURVE('',#3773,#3774,#1639,.T.);
#4626=EDGE_CURVE('',#3774,#3775,#1640,.T.);
#4627=EDGE_CURVE('',#3775,#3776,#1641,.T.);
#4628=EDGE_CURVE('',#3776,#3777,#1642,.T.);
#4629=EDGE_CURVE('',#3777,#3778,#1643,.T.);
#4630=EDGE_CURVE('',#3778,#3779,#2120,.T.);
#4631=EDGE_CURVE('',#3779,#3780,#2121,.T.);
#4632=EDGE_CURVE('',#3780,#3781,#1644,.T.);
#4633=EDGE_CURVE('',#3781,#3764,#1645,.T.);
#4634=EDGE_CURVE('',#3632,#3782,#2122,.T.);
#4635=EDGE_CURVE('',#3699,#3782,#595,.T.);
#4636=EDGE_CURVE('',#3783,#3631,#2123,.T.);
#4637=EDGE_CURVE('',#3782,#3783,#2124,.T.);
#4638=EDGE_CURVE('',#3630,#3784,#2125,.T.);
#4639=EDGE_CURVE('',#3783,#3784,#2126,.T.);
#4640=EDGE_CURVE('',#3478,#3785,#2127,.T.);
#4641=EDGE_CURVE('',#3785,#3786,#2128,.T.);
#4642=EDGE_CURVE('',#3786,#3479,#2129,.T.);
#4643=EDGE_CURVE('',#3476,#3787,#2130,.T.);
#4644=EDGE_CURVE('',#3787,#3788,#2131,.T.);
#4645=EDGE_CURVE('',#3788,#3477,#2132,.T.);
#4646=EDGE_CURVE('',#3444,#3783,#2133,.T.);
#4647=EDGE_CURVE('',#3784,#3445,#2134,.T.);
#4648=EDGE_CURVE('',#3443,#3782,#2135,.T.);
#4649=EDGE_CURVE('',#3784,#3789,#2136,.T.);
#4650=EDGE_CURVE('',#3789,#3446,#2137,.T.);
#4651=EDGE_CURVE('',#3789,#3790,#596,.T.);
#4652=EDGE_CURVE('',#3790,#3447,#2138,.T.);
#4653=EDGE_CURVE('',#3790,#3791,#2139,.T.);
#4654=EDGE_CURVE('',#3791,#3448,#2140,.T.);
#4655=EDGE_CURVE('',#3791,#3792,#597,.T.);
#4656=EDGE_CURVE('',#3792,#3449,#2141,.T.);
#4657=EDGE_CURVE('',#3792,#3793,#2142,.T.);
#4658=EDGE_CURVE('',#3793,#3450,#2143,.T.);
#4659=EDGE_CURVE('',#3793,#3794,#598,.T.);
#4660=EDGE_CURVE('',#3794,#3451,#2144,.T.);
#4661=EDGE_CURVE('',#3795,#3452,#2145,.T.);
#4662=EDGE_CURVE('',#3794,#3795,#2146,.T.);
#4663=EDGE_CURVE('',#3795,#3796,#599,.T.);
#4664=EDGE_CURVE('',#3796,#3453,#2147,.T.);
#4665=EDGE_CURVE('',#3797,#3454,#2148,.T.);
#4666=EDGE_CURVE('',#3796,#3797,#2149,.T.);
#4667=EDGE_CURVE('',#3797,#3798,#600,.T.);
#4668=EDGE_CURVE('',#3798,#3455,#2150,.T.);
#4669=EDGE_CURVE('',#3799,#3456,#2151,.T.);
#4670=EDGE_CURVE('',#3798,#3799,#601,.T.);
#4671=EDGE_CURVE('',#3800,#3457,#2152,.T.);
#4672=EDGE_CURVE('',#3799,#3800,#2153,.T.);
#4673=EDGE_CURVE('',#3801,#3458,#2154,.T.);
#4674=EDGE_CURVE('',#3800,#3801,#602,.T.);
#4675=EDGE_CURVE('',#3802,#3459,#2155,.T.);
#4676=EDGE_CURVE('',#3801,#3802,#2156,.T.);
#4677=EDGE_CURVE('',#3802,#3803,#603,.T.);
#4678=EDGE_CURVE('',#3803,#3460,#2157,.T.);
#4679=EDGE_CURVE('',#3803,#3804,#2158,.T.);
#4680=EDGE_CURVE('',#3804,#3461,#2159,.T.);
#4681=EDGE_CURVE('',#3804,#3805,#604,.T.);
#4682=EDGE_CURVE('',#3805,#3462,#2160,.T.);
#4683=EDGE_CURVE('',#3806,#3463,#2161,.T.);
#4684=EDGE_CURVE('',#3805,#3806,#2162,.T.);
#4685=EDGE_CURVE('',#3807,#3464,#2163,.T.);
#4686=EDGE_CURVE('',#3806,#3807,#605,.T.);
#4687=EDGE_CURVE('',#3808,#3465,#2164,.T.);
#4688=EDGE_CURVE('',#3807,#3808,#2165,.T.);
#4689=EDGE_CURVE('',#3809,#3466,#2166,.T.);
#4690=EDGE_CURVE('',#3808,#3809,#606,.T.);
#4691=EDGE_CURVE('',#3809,#3810,#607,.T.);
#4692=EDGE_CURVE('',#3810,#3467,#2167,.T.);
#4693=EDGE_CURVE('',#3811,#3468,#2168,.T.);
#4694=EDGE_CURVE('',#3810,#3811,#2169,.T.);
#4695=EDGE_CURVE('',#3811,#3812,#608,.T.);
#4696=EDGE_CURVE('',#3812,#3469,#2170,.T.);
#4697=EDGE_CURVE('',#3813,#3470,#2171,.T.);
#4698=EDGE_CURVE('',#3812,#3813,#2172,.T.);
#4699=EDGE_CURVE('',#3813,#3814,#609,.T.);
#4700=EDGE_CURVE('',#3814,#3471,#2173,.T.);
#4701=EDGE_CURVE('',#3815,#3472,#2174,.T.);
#4702=EDGE_CURVE('',#3814,#3815,#2175,.T.);
#4703=EDGE_CURVE('',#3816,#3473,#2176,.T.);
#4704=EDGE_CURVE('',#3815,#3816,#610,.T.);
#4705=EDGE_CURVE('',#3817,#3474,#2177,.T.);
#4706=EDGE_CURVE('',#3816,#3817,#2178,.T.);
#4707=EDGE_CURVE('',#3817,#3818,#611,.T.);
#4708=EDGE_CURVE('',#3818,#3475,#2179,.T.);
#4709=EDGE_CURVE('',#3818,#3787,#2180,.T.);
#4710=EDGE_CURVE('',#3788,#3819,#2181,.T.);
#4711=EDGE_CURVE('',#3819,#3478,#2182,.T.);
#4712=EDGE_CURVE('',#3442,#3698,#2183,.T.);
#4713=EDGE_CURVE('',#3699,#3443,#2184,.T.);
#4714=EDGE_CURVE('',#3820,#3665,#2185,.T.);
#4715=EDGE_CURVE('',#3665,#3481,#2186,.T.);
#4716=EDGE_CURVE('',#3480,#3820,#2187,.T.);
#4717=EDGE_CURVE('',#3696,#3440,#2188,.T.);
#4718=EDGE_CURVE('',#3441,#3695,#2189,.T.);
#4719=EDGE_CURVE('',#3697,#3442,#2190,.T.);
#4720=EDGE_CURVE('',#3664,#3482,#2191,.T.);
#4721=EDGE_CURVE('',#3666,#3483,#2192,.T.);
#4722=EDGE_CURVE('',#3667,#3484,#2193,.T.);
#4723=EDGE_CURVE('',#3668,#3485,#2194,.T.);
#4724=EDGE_CURVE('',#3669,#3486,#2195,.T.);
#4725=EDGE_CURVE('',#3670,#3487,#2196,.T.);
#4726=EDGE_CURVE('',#3671,#3488,#2197,.T.);
#4727=EDGE_CURVE('',#3672,#3489,#2198,.T.);
#4728=EDGE_CURVE('',#3673,#3490,#2199,.T.);
#4729=EDGE_CURVE('',#3674,#3491,#2200,.T.);
#4730=EDGE_CURVE('',#3675,#3492,#2201,.T.);
#4731=EDGE_CURVE('',#3676,#3493,#2202,.T.);
#4732=EDGE_CURVE('',#3677,#3494,#2203,.T.);
#4733=EDGE_CURVE('',#3678,#3495,#2204,.T.);
#4734=EDGE_CURVE('',#3679,#3496,#2205,.T.);
#4735=EDGE_CURVE('',#3680,#3497,#2206,.T.);
#4736=EDGE_CURVE('',#3681,#3498,#2207,.T.);
#4737=EDGE_CURVE('',#3682,#3499,#2208,.T.);
#4738=EDGE_CURVE('',#3683,#3500,#2209,.T.);
#4739=EDGE_CURVE('',#3684,#3501,#2210,.T.);
#4740=EDGE_CURVE('',#3685,#3502,#2211,.T.);
#4741=EDGE_CURVE('',#3686,#3503,#2212,.T.);
#4742=EDGE_CURVE('',#3687,#3504,#2213,.T.);
#4743=EDGE_CURVE('',#3688,#3505,#2214,.T.);
#4744=EDGE_CURVE('',#3689,#3506,#2215,.T.);
#4745=EDGE_CURVE('',#3690,#3507,#2216,.T.);
#4746=EDGE_CURVE('',#3691,#3508,#2217,.T.);
#4747=EDGE_CURVE('',#3692,#3509,#2218,.T.);
#4748=EDGE_CURVE('',#3693,#3510,#2219,.T.);
#4749=EDGE_CURVE('',#3694,#3511,#2220,.T.);
#4750=EDGE_CURVE('',#3479,#3821,#2221,.T.);
#4751=EDGE_CURVE('',#3821,#3820,#2222,.T.);
#4752=EDGE_CURVE('',#3819,#3785,#612,.T.);
#4753=EDGE_CURVE('',#3786,#3821,#613,.T.);
#4754=EDGE_CURVE('',#3787,#3629,#2223,.T.);
#4755=EDGE_CURVE('',#3633,#3818,#2224,.T.);
#4756=EDGE_CURVE('',#3817,#3634,#2225,.T.);
#4757=EDGE_CURVE('',#3635,#3816,#2226,.T.);
#4758=EDGE_CURVE('',#3636,#3815,#2227,.T.);
#4759=EDGE_CURVE('',#3637,#3814,#2228,.T.);
#4760=EDGE_CURVE('',#3813,#3638,#2229,.T.);
#4761=EDGE_CURVE('',#3639,#3812,#2230,.T.);
#4762=EDGE_CURVE('',#3811,#3640,#2231,.T.);
#4763=EDGE_CURVE('',#3641,#3810,#2232,.T.);
#4764=EDGE_CURVE('',#3809,#3642,#2233,.T.);
#4765=EDGE_CURVE('',#3643,#3808,#2234,.T.);
#4766=EDGE_CURVE('',#3644,#3807,#2235,.T.);
#4767=EDGE_CURVE('',#3645,#3806,#2236,.T.);
#4768=EDGE_CURVE('',#3646,#3805,#2237,.T.);
#4769=EDGE_CURVE('',#3804,#3647,#2238,.T.);
#4770=EDGE_CURVE('',#3648,#3803,#2239,.T.);
#4771=EDGE_CURVE('',#3822,#3823,#2240,.T.);
#4772=EDGE_CURVE('',#3823,#3824,#1646,.T.);
#4773=EDGE_CURVE('',#3824,#3825,#1647,.T.);
#4774=EDGE_CURVE('',#3825,#3826,#1648,.T.);
#4775=EDGE_CURVE('',#3826,#3827,#2241,.T.);
#4776=EDGE_CURVE('',#3827,#3828,#2242,.T.);
#4777=EDGE_CURVE('',#3828,#3829,#2243,.T.);
#4778=EDGE_CURVE('',#3829,#3830,#1649,.T.);
#4779=EDGE_CURVE('',#3830,#3831,#1650,.T.);
#4780=EDGE_CURVE('',#3831,#3832,#1651,.T.);
#4781=EDGE_CURVE('',#3832,#3833,#2244,.T.);
#4782=EDGE_CURVE('',#3833,#3834,#2245,.T.);
#4783=EDGE_CURVE('',#3834,#3835,#2246,.T.);
#4784=EDGE_CURVE('',#3835,#3836,#2247,.T.);
#4785=EDGE_CURVE('',#3836,#3837,#2248,.T.);
#4786=EDGE_CURVE('',#3837,#3838,#1652,.T.);
#4787=EDGE_CURVE('',#3838,#3839,#1653,.T.);
#4788=EDGE_CURVE('',#3839,#3840,#1654,.T.);
#4789=EDGE_CURVE('',#3840,#3841,#1655,.T.);
#4790=EDGE_CURVE('',#3841,#3842,#1656,.T.);
#4791=EDGE_CURVE('',#3842,#3843,#2249,.T.);
#4792=EDGE_CURVE('',#3843,#3822,#2250,.T.);
#4793=EDGE_CURVE('',#3844,#3845,#1657,.T.);
#4794=EDGE_CURVE('',#3845,#3846,#1658,.T.);
#4795=EDGE_CURVE('',#3846,#3847,#1659,.T.);
#4796=EDGE_CURVE('',#3847,#3848,#1660,.T.);
#4797=EDGE_CURVE('',#3848,#3849,#1661,.T.);
#4798=EDGE_CURVE('',#3849,#3850,#1662,.T.);
#4799=EDGE_CURVE('',#3850,#3851,#1663,.T.);
#4800=EDGE_CURVE('',#3851,#3844,#1664,.T.);
#4801=EDGE_CURVE('',#3852,#3853,#2251,.T.);
#4802=EDGE_CURVE('',#3853,#3854,#2252,.T.);
#4803=EDGE_CURVE('',#3854,#3855,#2253,.T.);
#4804=EDGE_CURVE('',#3855,#3852,#2254,.T.);
#4805=EDGE_CURVE('',#3856,#3857,#2255,.T.);
#4806=EDGE_CURVE('',#3857,#3858,#2256,.T.);
#4807=EDGE_CURVE('',#3858,#3859,#2257,.T.);
#4808=EDGE_CURVE('',#3859,#3856,#2258,.T.);
#4809=EDGE_CURVE('',#3860,#3861,#2259,.T.);
#4810=EDGE_CURVE('',#3861,#3862,#1665,.T.);
#4811=EDGE_CURVE('',#3862,#3863,#1666,.T.);
#4812=EDGE_CURVE('',#3863,#3864,#2260,.T.);
#4813=EDGE_CURVE('',#3864,#3865,#2261,.T.);
#4814=EDGE_CURVE('',#3865,#3866,#2262,.T.);
#4815=EDGE_CURVE('',#3866,#3867,#2263,.T.);
#4816=EDGE_CURVE('',#3867,#3868,#2264,.T.);
#4817=EDGE_CURVE('',#3868,#3869,#2265,.T.);
#4818=EDGE_CURVE('',#3869,#3870,#2266,.T.);
#4819=EDGE_CURVE('',#3870,#3871,#2267,.T.);
#4820=EDGE_CURVE('',#3871,#3872,#2268,.T.);
#4821=EDGE_CURVE('',#3872,#3873,#2269,.T.);
#4822=EDGE_CURVE('',#3873,#3874,#2270,.T.);
#4823=EDGE_CURVE('',#3874,#3875,#1667,.T.);
#4824=EDGE_CURVE('',#3875,#3876,#1668,.T.);
#4825=EDGE_CURVE('',#3876,#3860,#2271,.T.);
#4826=EDGE_CURVE('',#3877,#3878,#2272,.T.);
#4827=EDGE_CURVE('',#3878,#3879,#2273,.T.);
#4828=EDGE_CURVE('',#3879,#3880,#2274,.T.);
#4829=EDGE_CURVE('',#3880,#3877,#2275,.T.);
#4830=EDGE_CURVE('',#3881,#3882,#1669,.T.);
#4831=EDGE_CURVE('',#3882,#3883,#1670,.T.);
#4832=EDGE_CURVE('',#3883,#3884,#1671,.T.);
#4833=EDGE_CURVE('',#3884,#3885,#2276,.T.);
#4834=EDGE_CURVE('',#3885,#3886,#2277,.T.);
#4835=EDGE_CURVE('',#3886,#3887,#1672,.T.);
#4836=EDGE_CURVE('',#3887,#3888,#1673,.T.);
#4837=EDGE_CURVE('',#3888,#3889,#1674,.T.);
#4838=EDGE_CURVE('',#3889,#3890,#1675,.T.);
#4839=EDGE_CURVE('',#3890,#3891,#1676,.T.);
#4840=EDGE_CURVE('',#3891,#3892,#1677,.T.);
#4841=EDGE_CURVE('',#3892,#3893,#1678,.T.);
#4842=EDGE_CURVE('',#3893,#3894,#2278,.T.);
#4843=EDGE_CURVE('',#3894,#3895,#2279,.T.);
#4844=EDGE_CURVE('',#3895,#3896,#2280,.T.);
#4845=EDGE_CURVE('',#3896,#3897,#2281,.T.);
#4846=EDGE_CURVE('',#3897,#3898,#2282,.T.);
#4847=EDGE_CURVE('',#3898,#3899,#2283,.T.);
#4848=EDGE_CURVE('',#3899,#3900,#1679,.T.);
#4849=EDGE_CURVE('',#3900,#3901,#1680,.T.);
#4850=EDGE_CURVE('',#3901,#3881,#1681,.T.);
#4851=EDGE_CURVE('',#3902,#3903,#2284,.T.);
#4852=EDGE_CURVE('',#3903,#3904,#1682,.T.);
#4853=EDGE_CURVE('',#3904,#3905,#1683,.T.);
#4854=EDGE_CURVE('',#3905,#3906,#1684,.T.);
#4855=EDGE_CURVE('',#3906,#3907,#2285,.T.);
#4856=EDGE_CURVE('',#3907,#3908,#2286,.T.);
#4857=EDGE_CURVE('',#3908,#3909,#2287,.T.);
#4858=EDGE_CURVE('',#3909,#3910,#1685,.T.);
#4859=EDGE_CURVE('',#3910,#3911,#1686,.T.);
#4860=EDGE_CURVE('',#3911,#3912,#1687,.T.);
#4861=EDGE_CURVE('',#3912,#3913,#2288,.T.);
#4862=EDGE_CURVE('',#3913,#3914,#2289,.T.);
#4863=EDGE_CURVE('',#3914,#3915,#2290,.T.);
#4864=EDGE_CURVE('',#3915,#3916,#2291,.T.);
#4865=EDGE_CURVE('',#3916,#3917,#2292,.T.);
#4866=EDGE_CURVE('',#3917,#3918,#1688,.T.);
#4867=EDGE_CURVE('',#3918,#3919,#1689,.T.);
#4868=EDGE_CURVE('',#3919,#3920,#1690,.T.);
#4869=EDGE_CURVE('',#3920,#3921,#1691,.T.);
#4870=EDGE_CURVE('',#3921,#3922,#1692,.T.);
#4871=EDGE_CURVE('',#3922,#3923,#2293,.T.);
#4872=EDGE_CURVE('',#3923,#3902,#2294,.T.);
#4873=EDGE_CURVE('',#3802,#3649,#2295,.T.);
#4874=EDGE_CURVE('',#3650,#3801,#2296,.T.);
#4875=EDGE_CURVE('',#3651,#3800,#2297,.T.);
#4876=EDGE_CURVE('',#3652,#3799,#2298,.T.);
#4877=EDGE_CURVE('',#3653,#3798,#2299,.T.);
#4878=EDGE_CURVE('',#3797,#3654,#2300,.T.);
#4879=EDGE_CURVE('',#3655,#3796,#2301,.T.);
#4880=EDGE_CURVE('',#3795,#3656,#2302,.T.);
#4881=EDGE_CURVE('',#3657,#3794,#2303,.T.);
#4882=EDGE_CURVE('',#3793,#3658,#2304,.T.);
#4883=EDGE_CURVE('',#3659,#3792,#2305,.T.);
#4884=EDGE_CURVE('',#3660,#3791,#2306,.T.);
#4885=EDGE_CURVE('',#3661,#3790,#2307,.T.);
#4886=EDGE_CURVE('',#3789,#3662,#2308,.T.);
#4887=EDGE_CURVE('',#3625,#3821,#2309,.T.);
#4888=EDGE_CURVE('',#3786,#3589,#2310,.T.);
#4889=EDGE_CURVE('',#3588,#3785,#2311,.T.);
#4890=EDGE_CURVE('',#3819,#3663,#2312,.T.);
#4891=EDGE_CURVE('',#3924,#3925,#2313,.T.);
#4892=EDGE_CURVE('',#3926,#3924,#2314,.T.);
#4893=EDGE_CURVE('',#3927,#3926,#2315,.T.);
#4894=EDGE_CURVE('',#3928,#3927,#1693,.T.);
#4895=EDGE_CURVE('',#3929,#3928,#1694,.T.);
#4896=EDGE_CURVE('',#3930,#3929,#1695,.T.);
#4897=EDGE_CURVE('',#3931,#3930,#1696,.T.);
#4898=EDGE_CURVE('',#3932,#3931,#1697,.T.);
#4899=EDGE_CURVE('',#3933,#3932,#2316,.T.);
#4900=EDGE_CURVE('',#3934,#3933,#2317,.T.);
#4901=EDGE_CURVE('',#3935,#3934,#2318,.T.);
#4902=EDGE_CURVE('',#3936,#3935,#2319,.T.);
#4903=EDGE_CURVE('',#3937,#3936,#2320,.T.);
#4904=EDGE_CURVE('',#3938,#3937,#1698,.T.);
#4905=EDGE_CURVE('',#3939,#3938,#1699,.T.);
#4906=EDGE_CURVE('',#3940,#3939,#1700,.T.);
#4907=EDGE_CURVE('',#3941,#3940,#2321,.T.);
#4908=EDGE_CURVE('',#3942,#3941,#2322,.T.);
#4909=EDGE_CURVE('',#3943,#3942,#2323,.T.);
#4910=EDGE_CURVE('',#3944,#3943,#1701,.T.);
#4911=EDGE_CURVE('',#3945,#3944,#1702,.T.);
#4912=EDGE_CURVE('',#3925,#3945,#1703,.T.);
#4913=EDGE_CURVE('',#3925,#3823,#2324,.T.);
#4914=EDGE_CURVE('',#3924,#3822,#2325,.T.);
#4915=EDGE_CURVE('',#3926,#3843,#2326,.T.);
#4916=EDGE_CURVE('',#3927,#3842,#2327,.T.);
#4917=EDGE_CURVE('',#3928,#3841,#2328,.T.);
#4918=EDGE_CURVE('',#3929,#3840,#2329,.T.);
#4919=EDGE_CURVE('',#3930,#3839,#2330,.T.);
#4920=EDGE_CURVE('',#3931,#3838,#2331,.T.);
#4921=EDGE_CURVE('',#3932,#3837,#2332,.T.);
#4922=EDGE_CURVE('',#3933,#3836,#2333,.T.);
#4923=EDGE_CURVE('',#3934,#3835,#2334,.T.);
#4924=EDGE_CURVE('',#3935,#3834,#2335,.T.);
#4925=EDGE_CURVE('',#3936,#3833,#2336,.T.);
#4926=EDGE_CURVE('',#3937,#3832,#2337,.T.);
#4927=EDGE_CURVE('',#3938,#3831,#2338,.T.);
#4928=EDGE_CURVE('',#3939,#3830,#2339,.T.);
#4929=EDGE_CURVE('',#3940,#3829,#2340,.T.);
#4930=EDGE_CURVE('',#3941,#3828,#2341,.T.);
#4931=EDGE_CURVE('',#3942,#3827,#2342,.T.);
#4932=EDGE_CURVE('',#3943,#3826,#2343,.T.);
#4933=EDGE_CURVE('',#3944,#3825,#2344,.T.);
#4934=EDGE_CURVE('',#3945,#3824,#2345,.T.);
#4935=EDGE_CURVE('',#3946,#3947,#1704,.T.);
#4936=EDGE_CURVE('',#3947,#3948,#2346,.T.);
#4937=EDGE_CURVE('',#3949,#3948,#1705,.T.);
#4938=EDGE_CURVE('',#3946,#3949,#2347,.T.);
#4939=EDGE_CURVE('',#3947,#3950,#1706,.T.);
#4940=EDGE_CURVE('',#3950,#3951,#2348,.T.);
#4941=EDGE_CURVE('',#3948,#3951,#1707,.T.);
#4942=EDGE_CURVE('',#3950,#3952,#1708,.T.);
#4943=EDGE_CURVE('',#3952,#3953,#2349,.T.);
#4944=EDGE_CURVE('',#3951,#3953,#1709,.T.);
#4945=EDGE_CURVE('',#3952,#3946,#1710,.T.);
#4946=EDGE_CURVE('',#3953,#3949,#1711,.T.);
#4947=EDGE_CURVE('',#3954,#3955,#1712,.T.);
#4948=EDGE_CURVE('',#3956,#3954,#1713,.T.);
#4949=EDGE_CURVE('',#3957,#3956,#1714,.T.);
#4950=EDGE_CURVE('',#3958,#3957,#1715,.T.);
#4951=EDGE_CURVE('',#3959,#3958,#1716,.T.);
#4952=EDGE_CURVE('',#3960,#3959,#1717,.T.);
#4953=EDGE_CURVE('',#3961,#3960,#1718,.T.);
#4954=EDGE_CURVE('',#3955,#3961,#1719,.T.);
#4955=EDGE_CURVE('',#3955,#3845,#2350,.T.);
#4956=EDGE_CURVE('',#3954,#3844,#2351,.T.);
#4957=EDGE_CURVE('',#3956,#3851,#2352,.T.);
#4958=EDGE_CURVE('',#3957,#3850,#2353,.T.);
#4959=EDGE_CURVE('',#3958,#3849,#2354,.T.);
#4960=EDGE_CURVE('',#3959,#3848,#2355,.T.);
#4961=EDGE_CURVE('',#3960,#3847,#2356,.T.);
#4962=EDGE_CURVE('',#3961,#3846,#2357,.T.);
#4963=EDGE_CURVE('',#3962,#3963,#2358,.T.);
#4964=EDGE_CURVE('',#3964,#3962,#2359,.T.);
#4965=EDGE_CURVE('',#3965,#3964,#2360,.T.);
#4966=EDGE_CURVE('',#3963,#3965,#2361,.T.);
#4967=EDGE_CURVE('',#3963,#3853,#2362,.T.);
#4968=EDGE_CURVE('',#3962,#3852,#2363,.T.);
#4969=EDGE_CURVE('',#3964,#3855,#2364,.T.);
#4970=EDGE_CURVE('',#3965,#3854,#2365,.T.);
#4971=EDGE_CURVE('',#3966,#3967,#2366,.T.);
#4972=EDGE_CURVE('',#3968,#3966,#2367,.T.);
#4973=EDGE_CURVE('',#3969,#3968,#2368,.T.);
#4974=EDGE_CURVE('',#3967,#3969,#2369,.T.);
#4975=EDGE_CURVE('',#3967,#3857,#2370,.T.);
#4976=EDGE_CURVE('',#3966,#3856,#2371,.T.);
#4977=EDGE_CURVE('',#3968,#3859,#2372,.T.);
#4978=EDGE_CURVE('',#3969,#3858,#2373,.T.);
#4979=EDGE_CURVE('',#3970,#3971,#2374,.T.);
#4980=EDGE_CURVE('',#3972,#3970,#2375,.T.);
#4981=EDGE_CURVE('',#3973,#3972,#1720,.T.);
#4982=EDGE_CURVE('',#3974,#3973,#1721,.T.);
#4983=EDGE_CURVE('',#3975,#3974,#2376,.T.);
#4984=EDGE_CURVE('',#3976,#3975,#2377,.T.);
#4985=EDGE_CURVE('',#3977,#3976,#2378,.T.);
#4986=EDGE_CURVE('',#3978,#3977,#2379,.T.);
#4987=EDGE_CURVE('',#3979,#3978,#2380,.T.);
#4988=EDGE_CURVE('',#3980,#3979,#2381,.T.);
#4989=EDGE_CURVE('',#3981,#3980,#2382,.T.);
#4990=EDGE_CURVE('',#3982,#3981,#2383,.T.);
#4991=EDGE_CURVE('',#3983,#3982,#2384,.T.);
#4992=EDGE_CURVE('',#3984,#3983,#2385,.T.);
#4993=EDGE_CURVE('',#3985,#3984,#2386,.T.);
#4994=EDGE_CURVE('',#3986,#3985,#1722,.T.);
#4995=EDGE_CURVE('',#3971,#3986,#1723,.T.);
#4996=EDGE_CURVE('',#3971,#3861,#2387,.T.);
#4997=EDGE_CURVE('',#3970,#3860,#2388,.T.);
#4998=EDGE_CURVE('',#3972,#3876,#2389,.T.);
#4999=EDGE_CURVE('',#3973,#3875,#2390,.T.);
#5000=EDGE_CURVE('',#3974,#3874,#2391,.T.);
#5001=EDGE_CURVE('',#3975,#3873,#2392,.T.);
#5002=EDGE_CURVE('',#3976,#3872,#2393,.T.);
#5003=EDGE_CURVE('',#3977,#3871,#2394,.T.);
#5004=EDGE_CURVE('',#3978,#3870,#2395,.T.);
#5005=EDGE_CURVE('',#3979,#3869,#2396,.T.);
#5006=EDGE_CURVE('',#3980,#3868,#2397,.T.);
#5007=EDGE_CURVE('',#3981,#3867,#2398,.T.);
#5008=EDGE_CURVE('',#3982,#3866,#2399,.T.);
#5009=EDGE_CURVE('',#3983,#3865,#2400,.T.);
#5010=EDGE_CURVE('',#3984,#3864,#2401,.T.);
#5011=EDGE_CURVE('',#3985,#3863,#2402,.T.);
#5012=EDGE_CURVE('',#3986,#3862,#2403,.T.);
#5013=EDGE_CURVE('',#3987,#3988,#2404,.T.);
#5014=EDGE_CURVE('',#3989,#3987,#2405,.T.);
#5015=EDGE_CURVE('',#3990,#3989,#2406,.T.);
#5016=EDGE_CURVE('',#3988,#3990,#2407,.T.);
#5017=EDGE_CURVE('',#3988,#3878,#2408,.T.);
#5018=EDGE_CURVE('',#3987,#3877,#2409,.T.);
#5019=EDGE_CURVE('',#3989,#3880,#2410,.T.);
#5020=EDGE_CURVE('',#3990,#3879,#2411,.T.);
#5021=EDGE_CURVE('',#3991,#3992,#1724,.T.);
#5022=EDGE_CURVE('',#3993,#3991,#1725,.T.);
#5023=EDGE_CURVE('',#3994,#3993,#1726,.T.);
#5024=EDGE_CURVE('',#3995,#3994,#1727,.T.);
#5025=EDGE_CURVE('',#3996,#3995,#2412,.T.);
#5026=EDGE_CURVE('',#3997,#3996,#2413,.T.);
#5027=EDGE_CURVE('',#3998,#3997,#2414,.T.);
#5028=EDGE_CURVE('',#3999,#3998,#2415,.T.);
#5029=EDGE_CURVE('',#4000,#3999,#2416,.T.);
#5030=EDGE_CURVE('',#4001,#4000,#2417,.T.);
#5031=EDGE_CURVE('',#4002,#4001,#1728,.T.);
#5032=EDGE_CURVE('',#4003,#4002,#1729,.T.);
#5033=EDGE_CURVE('',#4004,#4003,#1730,.T.);
#5034=EDGE_CURVE('',#4005,#4004,#1731,.T.);
#5035=EDGE_CURVE('',#4006,#4005,#1732,.T.);
#5036=EDGE_CURVE('',#4007,#4006,#1733,.T.);
#5037=EDGE_CURVE('',#4008,#4007,#1734,.T.);
#5038=EDGE_CURVE('',#4009,#4008,#2418,.T.);
#5039=EDGE_CURVE('',#4010,#4009,#2419,.T.);
#5040=EDGE_CURVE('',#4011,#4010,#1735,.T.);
#5041=EDGE_CURVE('',#3992,#4011,#1736,.T.);
#5042=EDGE_CURVE('',#3992,#3882,#2420,.T.);
#5043=EDGE_CURVE('',#3991,#3881,#2421,.T.);
#5044=EDGE_CURVE('',#3993,#3901,#2422,.T.);
#5045=EDGE_CURVE('',#3994,#3900,#2423,.T.);
#5046=EDGE_CURVE('',#3995,#3899,#2424,.T.);
#5047=EDGE_CURVE('',#3996,#3898,#2425,.T.);
#5048=EDGE_CURVE('',#3997,#3897,#2426,.T.);
#5049=EDGE_CURVE('',#3998,#3896,#2427,.T.);
#5050=EDGE_CURVE('',#3999,#3895,#2428,.T.);
#5051=EDGE_CURVE('',#4000,#3894,#2429,.T.);
#5052=EDGE_CURVE('',#4001,#3893,#2430,.T.);
#5053=EDGE_CURVE('',#4002,#3892,#2431,.T.);
#5054=EDGE_CURVE('',#4003,#3891,#2432,.T.);
#5055=EDGE_CURVE('',#4004,#3890,#2433,.T.);
#5056=EDGE_CURVE('',#4005,#3889,#2434,.T.);
#5057=EDGE_CURVE('',#4006,#3888,#2435,.T.);
#5058=EDGE_CURVE('',#4007,#3887,#2436,.T.);
#5059=EDGE_CURVE('',#4008,#3886,#2437,.T.);
#5060=EDGE_CURVE('',#4009,#3885,#2438,.T.);
#5061=EDGE_CURVE('',#4010,#3884,#2439,.T.);
#5062=EDGE_CURVE('',#4011,#3883,#2440,.T.);
#5063=EDGE_CURVE('',#4012,#4013,#2441,.T.);
#5064=EDGE_CURVE('',#4014,#4012,#2442,.T.);
#5065=EDGE_CURVE('',#4015,#4014,#2443,.T.);
#5066=EDGE_CURVE('',#4016,#4015,#1737,.T.);
#5067=EDGE_CURVE('',#4017,#4016,#1738,.T.);
#5068=EDGE_CURVE('',#4018,#4017,#1739,.T.);
#5069=EDGE_CURVE('',#4019,#4018,#1740,.T.);
#5070=EDGE_CURVE('',#4020,#4019,#1741,.T.);
#5071=EDGE_CURVE('',#4021,#4020,#2444,.T.);
#5072=EDGE_CURVE('',#4022,#4021,#2445,.T.);
#5073=EDGE_CURVE('',#4023,#4022,#2446,.T.);
#5074=EDGE_CURVE('',#4024,#4023,#2447,.T.);
#5075=EDGE_CURVE('',#4025,#4024,#2448,.T.);
#5076=EDGE_CURVE('',#4026,#4025,#1742,.T.);
#5077=EDGE_CURVE('',#4027,#4026,#1743,.T.);
#5078=EDGE_CURVE('',#4028,#4027,#1744,.T.);
#5079=EDGE_CURVE('',#4029,#4028,#2449,.T.);
#5080=EDGE_CURVE('',#4030,#4029,#2450,.T.);
#5081=EDGE_CURVE('',#4031,#4030,#2451,.T.);
#5082=EDGE_CURVE('',#4032,#4031,#1745,.T.);
#5083=EDGE_CURVE('',#4033,#4032,#1746,.T.);
#5084=EDGE_CURVE('',#4013,#4033,#1747,.T.);
#5085=EDGE_CURVE('',#4013,#3903,#2452,.T.);
#5086=EDGE_CURVE('',#4012,#3902,#2453,.T.);
#5087=EDGE_CURVE('',#4014,#3923,#2454,.T.);
#5088=EDGE_CURVE('',#4015,#3922,#2455,.T.);
#5089=EDGE_CURVE('',#4016,#3921,#2456,.T.);
#5090=EDGE_CURVE('',#4017,#3920,#2457,.T.);
#5091=EDGE_CURVE('',#4018,#3919,#2458,.T.);
#5092=EDGE_CURVE('',#4019,#3918,#2459,.T.);
#5093=EDGE_CURVE('',#4020,#3917,#2460,.T.);
#5094=EDGE_CURVE('',#4021,#3916,#2461,.T.);
#5095=EDGE_CURVE('',#4022,#3915,#2462,.T.);
#5096=EDGE_CURVE('',#4023,#3914,#2463,.T.);
#5097=EDGE_CURVE('',#4024,#3913,#2464,.T.);
#5098=EDGE_CURVE('',#4025,#3912,#2465,.T.);
#5099=EDGE_CURVE('',#4026,#3911,#2466,.T.);
#5100=EDGE_CURVE('',#4027,#3910,#2467,.T.);
#5101=EDGE_CURVE('',#4028,#3909,#2468,.T.);
#5102=EDGE_CURVE('',#4029,#3908,#2469,.T.);
#5103=EDGE_CURVE('',#4030,#3907,#2470,.T.);
#5104=EDGE_CURVE('',#4031,#3906,#2471,.T.);
#5105=EDGE_CURVE('',#4032,#3905,#2472,.T.);
#5106=EDGE_CURVE('',#4033,#3904,#2473,.T.);
#5107=EDGE_CURVE('',#4034,#4035,#1748,.T.);
#5108=EDGE_CURVE('',#4036,#4034,#1749,.T.);
#5109=EDGE_CURVE('',#4037,#4036,#1750,.T.);
#5110=EDGE_CURVE('',#4038,#4037,#2474,.T.);
#5111=EDGE_CURVE('',#4039,#4038,#2475,.T.);
#5112=EDGE_CURVE('',#4040,#4039,#1751,.T.);
#5113=EDGE_CURVE('',#4041,#4040,#1752,.T.);
#5114=EDGE_CURVE('',#4042,#4041,#1753,.T.);
#5115=EDGE_CURVE('',#4043,#4042,#1754,.T.);
#5116=EDGE_CURVE('',#4044,#4043,#1755,.T.);
#5117=EDGE_CURVE('',#4045,#4044,#1756,.T.);
#5118=EDGE_CURVE('',#4046,#4045,#1757,.T.);
#5119=EDGE_CURVE('',#4047,#4046,#1758,.T.);
#5120=EDGE_CURVE('',#4048,#4047,#2476,.T.);
#5121=EDGE_CURVE('',#4049,#4048,#2477,.T.);
#5122=EDGE_CURVE('',#4050,#4049,#1759,.T.);
#5123=EDGE_CURVE('',#4051,#4050,#1760,.T.);
#5124=EDGE_CURVE('',#4035,#4051,#1761,.T.);
#5125=EDGE_CURVE('',#4035,#3765,#2478,.T.);
#5126=EDGE_CURVE('',#4034,#3764,#2479,.T.);
#5127=EDGE_CURVE('',#4036,#3781,#2480,.T.);
#5128=EDGE_CURVE('',#4037,#3780,#2481,.T.);
#5129=EDGE_CURVE('',#4038,#3779,#2482,.T.);
#5130=EDGE_CURVE('',#4039,#3778,#2483,.T.);
#5131=EDGE_CURVE('',#4040,#3777,#2484,.T.);
#5132=EDGE_CURVE('',#4041,#3776,#2485,.T.);
#5133=EDGE_CURVE('',#4042,#3775,#2486,.T.);
#5134=EDGE_CURVE('',#4043,#3774,#2487,.T.);
#5135=EDGE_CURVE('',#4044,#3773,#2488,.T.);
#5136=EDGE_CURVE('',#4045,#3772,#2489,.T.);
#5137=EDGE_CURVE('',#4046,#3771,#2490,.T.);
#5138=EDGE_CURVE('',#4047,#3770,#2491,.T.);
#5139=EDGE_CURVE('',#4048,#3769,#2492,.T.);
#5140=EDGE_CURVE('',#4049,#3768,#2493,.T.);
#5141=EDGE_CURVE('',#4050,#3767,#2494,.T.);
#5142=EDGE_CURVE('',#4051,#3766,#2495,.T.);
#5143=EDGE_CURVE('',#4052,#4053,#2496,.T.);
#5144=EDGE_CURVE('',#4054,#4052,#2497,.T.);
#5145=EDGE_CURVE('',#4055,#4054,#1762,.T.);
#5146=EDGE_CURVE('',#4056,#4055,#1763,.T.);
#5147=EDGE_CURVE('',#4057,#4056,#2498,.T.);
#5148=EDGE_CURVE('',#4058,#4057,#2499,.T.);
#5149=EDGE_CURVE('',#4059,#4058,#2500,.T.);
#5150=EDGE_CURVE('',#4060,#4059,#2501,.T.);
#5151=EDGE_CURVE('',#4061,#4060,#2502,.T.);
#5152=EDGE_CURVE('',#4062,#4061,#1764,.T.);
#5153=EDGE_CURVE('',#4063,#4062,#1765,.T.);
#5154=EDGE_CURVE('',#4064,#4063,#1766,.T.);
#5155=EDGE_CURVE('',#4053,#4064,#2503,.T.);
#5156=EDGE_CURVE('',#4053,#3752,#2504,.T.);
#5157=EDGE_CURVE('',#4052,#3751,#2505,.T.);
#5158=EDGE_CURVE('',#4054,#3763,#2506,.T.);
#5159=EDGE_CURVE('',#4055,#3762,#2507,.T.);
#5160=EDGE_CURVE('',#4056,#3761,#2508,.T.);
#5161=EDGE_CURVE('',#4057,#3760,#2509,.T.);
#5162=EDGE_CURVE('',#4058,#3759,#2510,.T.);
#5163=EDGE_CURVE('',#4059,#3758,#2511,.T.);
#5164=EDGE_CURVE('',#4060,#3757,#2512,.T.);
#5165=EDGE_CURVE('',#4061,#3756,#2513,.T.);
#5166=EDGE_CURVE('',#4062,#3755,#2514,.T.);
#5167=EDGE_CURVE('',#4063,#3754,#2515,.T.);
#5168=EDGE_CURVE('',#4064,#3753,#2516,.T.);
#5169=EDGE_CURVE('',#4065,#4066,#1767,.T.);
#5170=EDGE_CURVE('',#4066,#4067,#2517,.T.);
#5171=EDGE_CURVE('',#4068,#4067,#1768,.T.);
#5172=EDGE_CURVE('',#4065,#4068,#2518,.T.);
#5173=EDGE_CURVE('',#4066,#4069,#1769,.T.);
#5174=EDGE_CURVE('',#4069,#4070,#2519,.T.);
#5175=EDGE_CURVE('',#4067,#4070,#1770,.T.);
#5176=EDGE_CURVE('',#4069,#4065,#2520,.T.);
#5177=EDGE_CURVE('',#4070,#4068,#2521,.T.);
#5178=EDGE_CURVE('',#4071,#4072,#1771,.T.);
#5179=EDGE_CURVE('',#4073,#4071,#1772,.T.);
#5180=EDGE_CURVE('',#4074,#4073,#1773,.T.);
#5181=EDGE_CURVE('',#4075,#4074,#2522,.T.);
#5182=EDGE_CURVE('',#4076,#4075,#2523,.T.);
#5183=EDGE_CURVE('',#4077,#4076,#1774,.T.);
#5184=EDGE_CURVE('',#4078,#4077,#1775,.T.);
#5185=EDGE_CURVE('',#4079,#4078,#1776,.T.);
#5186=EDGE_CURVE('',#4080,#4079,#1777,.T.);
#5187=EDGE_CURVE('',#4081,#4080,#2524,.T.);
#5188=EDGE_CURVE('',#4082,#4081,#2525,.T.);
#5189=EDGE_CURVE('',#4083,#4082,#1778,.T.);
#5190=EDGE_CURVE('',#4072,#4083,#1779,.T.);
#5191=EDGE_CURVE('',#4072,#3739,#2526,.T.);
#5192=EDGE_CURVE('',#4071,#3738,#2527,.T.);
#5193=EDGE_CURVE('',#4073,#3750,#2528,.T.);
#5194=EDGE_CURVE('',#4074,#3749,#2529,.T.);
#5195=EDGE_CURVE('',#4075,#3748,#2530,.T.);
#5196=EDGE_CURVE('',#4076,#3747,#2531,.T.);
#5197=EDGE_CURVE('',#4077,#3746,#2532,.T.);
#5198=EDGE_CURVE('',#4078,#3745,#2533,.T.);
#5199=EDGE_CURVE('',#4079,#3744,#2534,.T.);
#5200=EDGE_CURVE('',#4080,#3743,#2535,.T.);
#5201=EDGE_CURVE('',#4081,#3742,#2536,.T.);
#5202=EDGE_CURVE('',#4082,#3741,#2537,.T.);
#5203=EDGE_CURVE('',#4083,#3740,#2538,.T.);
#5204=EDGE_CURVE('',#4084,#4085,#1780,.T.);
#5205=EDGE_CURVE('',#4085,#4086,#2539,.T.);
#5206=EDGE_CURVE('',#4087,#4086,#1781,.T.);
#5207=EDGE_CURVE('',#4084,#4087,#2540,.T.);
#5208=EDGE_CURVE('',#4085,#4088,#1782,.T.);
#5209=EDGE_CURVE('',#4088,#4089,#2541,.T.);
#5210=EDGE_CURVE('',#4086,#4089,#1783,.T.);
#5211=EDGE_CURVE('',#4088,#4090,#2542,.T.);
#5212=EDGE_CURVE('',#4090,#4091,#2543,.T.);
#5213=EDGE_CURVE('',#4089,#4091,#2544,.T.);
#5214=EDGE_CURVE('',#4090,#4092,#1784,.T.);
#5215=EDGE_CURVE('',#4092,#4093,#2545,.T.);
#5216=EDGE_CURVE('',#4091,#4093,#1785,.T.);
#5217=EDGE_CURVE('',#4092,#4084,#1786,.T.);
#5218=EDGE_CURVE('',#4093,#4087,#1787,.T.);
#5219=EDGE_CURVE('',#4094,#4095,#1788,.T.);
#5220=EDGE_CURVE('',#4096,#4094,#1789,.T.);
#5221=EDGE_CURVE('',#4097,#4096,#1790,.T.);
#5222=EDGE_CURVE('',#4098,#4097,#2546,.T.);
#5223=EDGE_CURVE('',#4099,#4098,#2547,.T.);
#5224=EDGE_CURVE('',#4100,#4099,#2548,.T.);
#5225=EDGE_CURVE('',#4101,#4100,#2549,.T.);
#5226=EDGE_CURVE('',#4102,#4101,#2550,.T.);
#5227=EDGE_CURVE('',#4095,#4102,#1791,.T.);
#5228=EDGE_CURVE('',#4095,#3730,#2551,.T.);
#5229=EDGE_CURVE('',#4094,#3729,#2552,.T.);
#5230=EDGE_CURVE('',#4096,#3737,#2553,.T.);
#5231=EDGE_CURVE('',#4097,#3736,#2554,.T.);
#5232=EDGE_CURVE('',#4098,#3735,#2555,.T.);
#5233=EDGE_CURVE('',#4099,#3734,#2556,.T.);
#5234=EDGE_CURVE('',#4100,#3733,#2557,.T.);
#5235=EDGE_CURVE('',#4101,#3732,#2558,.T.);
#5236=EDGE_CURVE('',#4102,#3731,#2559,.T.);
#5237=EDGE_CURVE('',#4103,#4104,#1792,.T.);
#5238=EDGE_CURVE('',#4104,#4105,#2560,.T.);
#5239=EDGE_CURVE('',#4106,#4105,#1793,.T.);
#5240=EDGE_CURVE('',#4103,#4106,#2561,.T.);
#5241=EDGE_CURVE('',#4104,#4107,#1794,.T.);
#5242=EDGE_CURVE('',#4107,#4108,#2562,.T.);
#5243=EDGE_CURVE('',#4105,#4108,#1795,.T.);
#5244=EDGE_CURVE('',#4107,#4109,#1796,.T.);
#5245=EDGE_CURVE('',#4109,#4110,#2563,.T.);
#5246=EDGE_CURVE('',#4108,#4110,#1797,.T.);
#5247=EDGE_CURVE('',#4109,#4111,#1798,.T.);
#5248=EDGE_CURVE('',#4111,#4112,#2564,.T.);
#5249=EDGE_CURVE('',#4110,#4112,#1799,.T.);
#5250=EDGE_CURVE('',#4111,#4113,#1800,.T.);
#5251=EDGE_CURVE('',#4113,#4114,#2565,.T.);
#5252=EDGE_CURVE('',#4112,#4114,#1801,.T.);
#5253=EDGE_CURVE('',#4113,#4115,#1802,.T.);
#5254=EDGE_CURVE('',#4115,#4116,#2566,.T.);
#5255=EDGE_CURVE('',#4114,#4116,#1803,.T.);
#5256=EDGE_CURVE('',#4115,#4117,#1804,.T.);
#5257=EDGE_CURVE('',#4117,#4118,#2567,.T.);
#5258=EDGE_CURVE('',#4116,#4118,#1805,.T.);
#5259=EDGE_CURVE('',#4117,#4103,#1806,.T.);
#5260=EDGE_CURVE('',#4118,#4106,#1807,.T.);
#5261=EDGE_CURVE('',#4119,#4120,#1808,.T.);
#5262=EDGE_CURVE('',#4121,#4119,#1809,.T.);
#5263=EDGE_CURVE('',#4122,#4121,#1810,.T.);
#5264=EDGE_CURVE('',#4120,#4122,#1811,.T.);
#5265=EDGE_CURVE('',#4120,#3726,#2568,.T.);
#5266=EDGE_CURVE('',#4119,#3725,#2569,.T.);
#5267=EDGE_CURVE('',#4121,#3728,#2570,.T.);
#5268=EDGE_CURVE('',#4122,#3727,#2571,.T.);
#5269=EDGE_CURVE('',#4123,#4124,#1812,.T.);
#5270=EDGE_CURVE('',#4125,#4123,#1813,.T.);
#5271=EDGE_CURVE('',#4126,#4125,#2572,.T.);
#5272=EDGE_CURVE('',#4127,#4126,#2573,.T.);
#5273=EDGE_CURVE('',#4128,#4127,#2574,.T.);
#5274=EDGE_CURVE('',#4129,#4128,#1814,.T.);
#5275=EDGE_CURVE('',#4130,#4129,#1815,.T.);
#5276=EDGE_CURVE('',#4131,#4130,#2575,.T.);
#5277=EDGE_CURVE('',#4132,#4131,#2576,.T.);
#5278=EDGE_CURVE('',#4124,#4132,#2577,.T.);
#5279=EDGE_CURVE('',#4124,#3716,#2578,.T.);
#5280=EDGE_CURVE('',#4123,#3715,#2579,.T.);
#5281=EDGE_CURVE('',#4125,#3724,#2580,.T.);
#5282=EDGE_CURVE('',#4126,#3723,#2581,.T.);
#5283=EDGE_CURVE('',#4127,#3722,#2582,.T.);
#5284=EDGE_CURVE('',#4128,#3721,#2583,.T.);
#5285=EDGE_CURVE('',#4129,#3720,#2584,.T.);
#5286=EDGE_CURVE('',#4130,#3719,#2585,.T.);
#5287=EDGE_CURVE('',#4131,#3718,#2586,.T.);
#5288=EDGE_CURVE('',#4132,#3717,#2587,.T.);
#5289=EDGE_CURVE('',#4133,#4134,#2588,.T.);
#5290=EDGE_CURVE('',#4135,#4133,#2589,.T.);
#5291=EDGE_CURVE('',#4136,#4135,#2590,.T.);
#5292=EDGE_CURVE('',#4137,#4136,#1816,.T.);
#5293=EDGE_CURVE('',#4138,#4137,#1817,.T.);
#5294=EDGE_CURVE('',#4139,#4138,#1818,.T.);
#5295=EDGE_CURVE('',#4140,#4139,#1819,.T.);
#5296=EDGE_CURVE('',#4141,#4140,#2591,.T.);
#5297=EDGE_CURVE('',#4142,#4141,#2592,.T.);
#5298=EDGE_CURVE('',#4143,#4142,#1820,.T.);
#5299=EDGE_CURVE('',#4144,#4143,#1821,.T.);
#5300=EDGE_CURVE('',#4145,#4144,#1822,.T.);
#5301=EDGE_CURVE('',#4146,#4145,#1823,.T.);
#5302=EDGE_CURVE('',#4147,#4146,#1824,.T.);
#5303=EDGE_CURVE('',#4134,#4147,#2593,.T.);
#5304=EDGE_CURVE('',#4134,#3701,#2594,.T.);
#5305=EDGE_CURVE('',#4133,#3700,#2595,.T.);
#5306=EDGE_CURVE('',#4135,#3714,#2596,.T.);
#5307=EDGE_CURVE('',#4136,#3713,#2597,.T.);
#5308=EDGE_CURVE('',#4137,#3712,#2598,.T.);
#5309=EDGE_CURVE('',#4138,#3711,#2599,.T.);
#5310=EDGE_CURVE('',#4139,#3710,#2600,.T.);
#5311=EDGE_CURVE('',#4140,#3709,#2601,.T.);
#5312=EDGE_CURVE('',#4141,#3708,#2602,.T.);
#5313=EDGE_CURVE('',#4142,#3707,#2603,.T.);
#5314=EDGE_CURVE('',#4143,#3706,#2604,.T.);
#5315=EDGE_CURVE('',#4144,#3705,#2605,.T.);
#5316=EDGE_CURVE('',#4145,#3704,#2606,.T.);
#5317=EDGE_CURVE('',#4146,#3703,#2607,.T.);
#5318=EDGE_CURVE('',#4147,#3702,#2608,.T.);
#5319=EDGE_CURVE('',#3423,#3439,#2609,.T.);
#5320=EDGE_CURVE('',#3423,#3427,#2610,.T.);
#5321=EDGE_CURVE('',#3424,#3438,#2611,.T.);
#5322=EDGE_CURVE('',#3437,#3424,#2612,.T.);
#5323=EDGE_CURVE('',#3419,#3434,#2613,.T.);
#5324=EDGE_CURVE('',#3419,#3435,#2614,.T.);
#5325=EDGE_CURVE('',#3420,#3433,#2615,.T.);
#5326=EDGE_CURVE('',#3432,#3420,#2616,.T.);
#5327=EDGE_CURVE('',#3417,#3421,#1825,.T.);
#5328=EDGE_CURVE('',#3418,#3422,#1826,.T.);
#5329=EDGE_CURVE('',#3587,#4148,#2617,.T.);
#5330=EDGE_CURVE('',#4148,#4148,#614,.T.);
#5331=EDGE_CURVE('',#4149,#4149,#615,.T.);
#5332=EDGE_CURVE('',#4149,#4150,#2618,.T.);
#5333=EDGE_CURVE('',#4150,#4150,#616,.T.);
#5334=EDGE_CURVE('',#4150,#3428,#2619,.T.);
#5335=EDGE_CURVE('',#3820,#3591,#2620,.T.);
#5336=EDGE_CURVE('',#3628,#3788,#2621,.T.);
#5337=ORIENTED_EDGE('',*,*,#4151,.T.);
#5338=ORIENTED_EDGE('',*,*,#4152,.F.);
#5339=ORIENTED_EDGE('',*,*,#4153,.F.);
#5340=ORIENTED_EDGE('',*,*,#4154,.T.);
#5341=ORIENTED_EDGE('',*,*,#4155,.F.);
#5342=ORIENTED_EDGE('',*,*,#4156,.T.);
#5343=ORIENTED_EDGE('',*,*,#4157,.F.);
#5344=ORIENTED_EDGE('',*,*,#4158,.F.);
#5345=ORIENTED_EDGE('',*,*,#4159,.T.);
#5346=ORIENTED_EDGE('',*,*,#4160,.F.);
#5347=ORIENTED_EDGE('',*,*,#4161,.T.);
#5348=ORIENTED_EDGE('',*,*,#4162,.F.);
#5349=ORIENTED_EDGE('',*,*,#4163,.T.);
#5350=ORIENTED_EDGE('',*,*,#4164,.T.);
#5351=ORIENTED_EDGE('',*,*,#4165,.F.);
#5352=ORIENTED_EDGE('',*,*,#4166,.T.);
#5353=ORIENTED_EDGE('',*,*,#4167,.T.);
#5354=ORIENTED_EDGE('',*,*,#4168,.T.);
#5355=ORIENTED_EDGE('',*,*,#4169,.T.);
#5356=ORIENTED_EDGE('',*,*,#4170,.T.);
#5357=ORIENTED_EDGE('',*,*,#4163,.F.);
#5358=ORIENTED_EDGE('',*,*,#4171,.T.);
#5359=ORIENTED_EDGE('',*,*,#4172,.T.);
#5360=ORIENTED_EDGE('',*,*,#4160,.T.);
#5361=ORIENTED_EDGE('',*,*,#4173,.T.);
#5362=ORIENTED_EDGE('',*,*,#4172,.F.);
#5363=ORIENTED_EDGE('',*,*,#4165,.T.);
#5364=ORIENTED_EDGE('',*,*,#4174,.T.);
#5365=ORIENTED_EDGE('',*,*,#4175,.T.);
#5366=ORIENTED_EDGE('',*,*,#4176,.T.);
#5367=ORIENTED_EDGE('',*,*,#4177,.T.);
#5368=ORIENTED_EDGE('',*,*,#4173,.F.);
#5369=ORIENTED_EDGE('',*,*,#4159,.F.);
#5370=ORIENTED_EDGE('',*,*,#4178,.T.);
#5371=ORIENTED_EDGE('',*,*,#4179,.F.);
#5372=ORIENTED_EDGE('',*,*,#4180,.F.);
#5373=ORIENTED_EDGE('',*,*,#4181,.F.);
#5374=ORIENTED_EDGE('',*,*,#4182,.F.);
#5375=ORIENTED_EDGE('',*,*,#4183,.F.);
#5376=ORIENTED_EDGE('',*,*,#4184,.F.);
#5377=ORIENTED_EDGE('',*,*,#4185,.F.);
#5378=ORIENTED_EDGE('',*,*,#4186,.F.);
#5379=ORIENTED_EDGE('',*,*,#4187,.F.);
#5380=ORIENTED_EDGE('',*,*,#4188,.F.);
#5381=ORIENTED_EDGE('',*,*,#4189,.F.);
#5382=ORIENTED_EDGE('',*,*,#4190,.F.);
#5383=ORIENTED_EDGE('',*,*,#4191,.F.);
#5384=ORIENTED_EDGE('',*,*,#4192,.F.);
#5385=ORIENTED_EDGE('',*,*,#4193,.F.);
#5386=ORIENTED_EDGE('',*,*,#4194,.F.);
#5387=ORIENTED_EDGE('',*,*,#4195,.F.);
#5388=ORIENTED_EDGE('',*,*,#4196,.F.);
#5389=ORIENTED_EDGE('',*,*,#4197,.F.);
#5390=ORIENTED_EDGE('',*,*,#4198,.F.);
#5391=ORIENTED_EDGE('',*,*,#4199,.F.);
#5392=ORIENTED_EDGE('',*,*,#4200,.F.);
#5393=ORIENTED_EDGE('',*,*,#4201,.F.);
#5394=ORIENTED_EDGE('',*,*,#4202,.F.);
#5395=ORIENTED_EDGE('',*,*,#4203,.F.);
#5396=ORIENTED_EDGE('',*,*,#4204,.F.);
#5397=ORIENTED_EDGE('',*,*,#4205,.F.);
#5398=ORIENTED_EDGE('',*,*,#4206,.F.);
#5399=ORIENTED_EDGE('',*,*,#4207,.F.);
#5400=ORIENTED_EDGE('',*,*,#4208,.F.);
#5401=ORIENTED_EDGE('',*,*,#4209,.F.);
#5402=ORIENTED_EDGE('',*,*,#4210,.F.);
#5403=ORIENTED_EDGE('',*,*,#4211,.F.);
#5404=ORIENTED_EDGE('',*,*,#4212,.F.);
#5405=ORIENTED_EDGE('',*,*,#4213,.F.);
#5406=ORIENTED_EDGE('',*,*,#4214,.F.);
#5407=ORIENTED_EDGE('',*,*,#4215,.F.);
#5408=ORIENTED_EDGE('',*,*,#4216,.F.);
#5409=ORIENTED_EDGE('',*,*,#4217,.F.);
#5410=ORIENTED_EDGE('',*,*,#4218,.F.);
#5411=ORIENTED_EDGE('',*,*,#4219,.F.);
#5412=ORIENTED_EDGE('',*,*,#4220,.F.);
#5413=ORIENTED_EDGE('',*,*,#4221,.F.);
#5414=ORIENTED_EDGE('',*,*,#4222,.F.);
#5415=ORIENTED_EDGE('',*,*,#4223,.F.);
#5416=ORIENTED_EDGE('',*,*,#4224,.F.);
#5417=ORIENTED_EDGE('',*,*,#4225,.F.);
#5418=ORIENTED_EDGE('',*,*,#4226,.F.);
#5419=ORIENTED_EDGE('',*,*,#4227,.F.);
#5420=ORIENTED_EDGE('',*,*,#4228,.F.);
#5421=ORIENTED_EDGE('',*,*,#4229,.F.);
#5422=ORIENTED_EDGE('',*,*,#4230,.F.);
#5423=ORIENTED_EDGE('',*,*,#4231,.F.);
#5424=ORIENTED_EDGE('',*,*,#4232,.F.);
#5425=ORIENTED_EDGE('',*,*,#4233,.F.);
#5426=ORIENTED_EDGE('',*,*,#4234,.F.);
#5427=ORIENTED_EDGE('',*,*,#4235,.F.);
#5428=ORIENTED_EDGE('',*,*,#4236,.F.);
#5429=ORIENTED_EDGE('',*,*,#4237,.F.);
#5430=ORIENTED_EDGE('',*,*,#4238,.F.);
#5431=ORIENTED_EDGE('',*,*,#4239,.F.);
#5432=ORIENTED_EDGE('',*,*,#4240,.F.);
#5433=ORIENTED_EDGE('',*,*,#4241,.F.);
#5434=ORIENTED_EDGE('',*,*,#4242,.F.);
#5435=ORIENTED_EDGE('',*,*,#4243,.F.);
#5436=ORIENTED_EDGE('',*,*,#4244,.F.);
#5437=ORIENTED_EDGE('',*,*,#4245,.F.);
#5438=ORIENTED_EDGE('',*,*,#4246,.F.);
#5439=ORIENTED_EDGE('',*,*,#4247,.F.);
#5440=ORIENTED_EDGE('',*,*,#4248,.F.);
#5441=ORIENTED_EDGE('',*,*,#4249,.F.);
#5442=ORIENTED_EDGE('',*,*,#4250,.F.);
#5443=ORIENTED_EDGE('',*,*,#4171,.F.);
#5444=ORIENTED_EDGE('',*,*,#4251,.T.);
#5445=ORIENTED_EDGE('',*,*,#4252,.T.);
#5446=ORIENTED_EDGE('',*,*,#4253,.T.);
#5447=ORIENTED_EDGE('',*,*,#4254,.T.);
#5448=ORIENTED_EDGE('',*,*,#4252,.F.);
#5449=ORIENTED_EDGE('',*,*,#4255,.F.);
#5450=ORIENTED_EDGE('',*,*,#4256,.F.);
#5451=ORIENTED_EDGE('',*,*,#4257,.F.);
#5452=ORIENTED_EDGE('',*,*,#4258,.F.);
#5453=ORIENTED_EDGE('',*,*,#4259,.F.);
#5454=ORIENTED_EDGE('',*,*,#4260,.F.);
#5455=ORIENTED_EDGE('',*,*,#4261,.F.);
#5456=ORIENTED_EDGE('',*,*,#4262,.F.);
#5457=ORIENTED_EDGE('',*,*,#4263,.F.);
#5458=ORIENTED_EDGE('',*,*,#4264,.F.);
#5459=ORIENTED_EDGE('',*,*,#4265,.F.);
#5460=ORIENTED_EDGE('',*,*,#4266,.F.);
#5461=ORIENTED_EDGE('',*,*,#4267,.F.);
#5462=ORIENTED_EDGE('',*,*,#4268,.F.);
#5463=ORIENTED_EDGE('',*,*,#4269,.F.);
#5464=ORIENTED_EDGE('',*,*,#4270,.F.);
#5465=ORIENTED_EDGE('',*,*,#4271,.F.);
#5466=ORIENTED_EDGE('',*,*,#4272,.F.);
#5467=ORIENTED_EDGE('',*,*,#4273,.F.);
#5468=ORIENTED_EDGE('',*,*,#4274,.F.);
#5469=ORIENTED_EDGE('',*,*,#4275,.F.);
#5470=ORIENTED_EDGE('',*,*,#4276,.F.);
#5471=ORIENTED_EDGE('',*,*,#4277,.F.);
#5472=ORIENTED_EDGE('',*,*,#4278,.F.);
#5473=ORIENTED_EDGE('',*,*,#4279,.F.);
#5474=ORIENTED_EDGE('',*,*,#4280,.F.);
#5475=ORIENTED_EDGE('',*,*,#4281,.F.);
#5476=ORIENTED_EDGE('',*,*,#4282,.F.);
#5477=ORIENTED_EDGE('',*,*,#4283,.F.);
#5478=ORIENTED_EDGE('',*,*,#4284,.F.);
#5479=ORIENTED_EDGE('',*,*,#4285,.F.);
#5480=ORIENTED_EDGE('',*,*,#4286,.F.);
#5481=ORIENTED_EDGE('',*,*,#4287,.F.);
#5482=ORIENTED_EDGE('',*,*,#4288,.F.);
#5483=ORIENTED_EDGE('',*,*,#4289,.F.);
#5484=ORIENTED_EDGE('',*,*,#4290,.F.);
#5485=ORIENTED_EDGE('',*,*,#4291,.F.);
#5486=ORIENTED_EDGE('',*,*,#4292,.F.);
#5487=ORIENTED_EDGE('',*,*,#4293,.F.);
#5488=ORIENTED_EDGE('',*,*,#4294,.F.);
#5489=ORIENTED_EDGE('',*,*,#4295,.F.);
#5490=ORIENTED_EDGE('',*,*,#4296,.F.);
#5491=ORIENTED_EDGE('',*,*,#4297,.F.);
#5492=ORIENTED_EDGE('',*,*,#4298,.F.);
#5493=ORIENTED_EDGE('',*,*,#4299,.F.);
#5494=ORIENTED_EDGE('',*,*,#4300,.F.);
#5495=ORIENTED_EDGE('',*,*,#4301,.F.);
#5496=ORIENTED_EDGE('',*,*,#4302,.F.);
#5497=ORIENTED_EDGE('',*,*,#4303,.F.);
#5498=ORIENTED_EDGE('',*,*,#4304,.F.);
#5499=ORIENTED_EDGE('',*,*,#4305,.F.);
#5500=ORIENTED_EDGE('',*,*,#4306,.F.);
#5501=ORIENTED_EDGE('',*,*,#4307,.F.);
#5502=ORIENTED_EDGE('',*,*,#4308,.F.);
#5503=ORIENTED_EDGE('',*,*,#4309,.F.);
#5504=ORIENTED_EDGE('',*,*,#4310,.F.);
#5505=ORIENTED_EDGE('',*,*,#4311,.F.);
#5506=ORIENTED_EDGE('',*,*,#4312,.F.);
#5507=ORIENTED_EDGE('',*,*,#4313,.F.);
#5508=ORIENTED_EDGE('',*,*,#4314,.F.);
#5509=ORIENTED_EDGE('',*,*,#4315,.F.);
#5510=ORIENTED_EDGE('',*,*,#4316,.F.);
#5511=ORIENTED_EDGE('',*,*,#4317,.F.);
#5512=ORIENTED_EDGE('',*,*,#4318,.F.);
#5513=ORIENTED_EDGE('',*,*,#4319,.F.);
#5514=ORIENTED_EDGE('',*,*,#4320,.F.);
#5515=ORIENTED_EDGE('',*,*,#4321,.F.);
#5516=ORIENTED_EDGE('',*,*,#4322,.F.);
#5517=ORIENTED_EDGE('',*,*,#4323,.F.);
#5518=ORIENTED_EDGE('',*,*,#4324,.F.);
#5519=ORIENTED_EDGE('',*,*,#4325,.F.);
#5520=ORIENTED_EDGE('',*,*,#4326,.F.);
#5521=ORIENTED_EDGE('',*,*,#4251,.F.);
#5522=ORIENTED_EDGE('',*,*,#4253,.F.);
#5523=ORIENTED_EDGE('',*,*,#4254,.F.);
#5524=ORIENTED_EDGE('',*,*,#4327,.T.);
#5525=ORIENTED_EDGE('',*,*,#4328,.T.);
#5526=ORIENTED_EDGE('',*,*,#4327,.F.);
#5527=ORIENTED_EDGE('',*,*,#4329,.T.);
#5528=ORIENTED_EDGE('',*,*,#4293,.T.);
#5529=ORIENTED_EDGE('',*,*,#4330,.T.);
#5530=ORIENTED_EDGE('',*,*,#4331,.T.);
#5531=ORIENTED_EDGE('',*,*,#4291,.T.);
#5532=ORIENTED_EDGE('',*,*,#4332,.T.);
#5533=ORIENTED_EDGE('',*,*,#4333,.T.);
#5534=ORIENTED_EDGE('',*,*,#4334,.T.);
#5535=ORIENTED_EDGE('',*,*,#4259,.T.);
#5536=ORIENTED_EDGE('',*,*,#4335,.T.);
#5537=ORIENTED_EDGE('',*,*,#4336,.T.);
#5538=ORIENTED_EDGE('',*,*,#4337,.T.);
#5539=ORIENTED_EDGE('',*,*,#4258,.T.);
#5540=ORIENTED_EDGE('',*,*,#4338,.T.);
#5541=ORIENTED_EDGE('',*,*,#4339,.T.);
#5542=ORIENTED_EDGE('',*,*,#4335,.F.);
#5543=ORIENTED_EDGE('',*,*,#4340,.T.);
#5544=ORIENTED_EDGE('',*,*,#4341,.T.);
#5545=ORIENTED_EDGE('',*,*,#4260,.T.);
#5546=ORIENTED_EDGE('',*,*,#4337,.F.);
#5547=ORIENTED_EDGE('',*,*,#4341,.F.);
#5548=ORIENTED_EDGE('',*,*,#4342,.T.);
#5549=ORIENTED_EDGE('',*,*,#4343,.T.);
#5550=ORIENTED_EDGE('',*,*,#4261,.T.);
#5551=ORIENTED_EDGE('',*,*,#4343,.F.);
#5552=ORIENTED_EDGE('',*,*,#4344,.T.);
#5553=ORIENTED_EDGE('',*,*,#4345,.T.);
#5554=ORIENTED_EDGE('',*,*,#4262,.T.);
#5555=ORIENTED_EDGE('',*,*,#4345,.F.);
#5556=ORIENTED_EDGE('',*,*,#4346,.T.);
#5557=ORIENTED_EDGE('',*,*,#4347,.T.);
#5558=ORIENTED_EDGE('',*,*,#4263,.T.);
#5559=ORIENTED_EDGE('',*,*,#4347,.F.);
#5560=ORIENTED_EDGE('',*,*,#4348,.T.);
#5561=ORIENTED_EDGE('',*,*,#4349,.T.);
#5562=ORIENTED_EDGE('',*,*,#4264,.T.);
#5563=ORIENTED_EDGE('',*,*,#4349,.F.);
#5564=ORIENTED_EDGE('',*,*,#4350,.T.);
#5565=ORIENTED_EDGE('',*,*,#4351,.T.);
#5566=ORIENTED_EDGE('',*,*,#4265,.T.);
#5567=ORIENTED_EDGE('',*,*,#4352,.T.);
#5568=ORIENTED_EDGE('',*,*,#4266,.T.);
#5569=ORIENTED_EDGE('',*,*,#4351,.F.);
#5570=ORIENTED_EDGE('',*,*,#4353,.T.);
#5571=ORIENTED_EDGE('',*,*,#4352,.F.);
#5572=ORIENTED_EDGE('',*,*,#4354,.T.);
#5573=ORIENTED_EDGE('',*,*,#4355,.T.);
#5574=ORIENTED_EDGE('',*,*,#4267,.T.);
#5575=ORIENTED_EDGE('',*,*,#4356,.T.);
#5576=ORIENTED_EDGE('',*,*,#4268,.T.);
#5577=ORIENTED_EDGE('',*,*,#4355,.F.);
#5578=ORIENTED_EDGE('',*,*,#4357,.T.);
#5579=ORIENTED_EDGE('',*,*,#4356,.F.);
#5580=ORIENTED_EDGE('',*,*,#4358,.T.);
#5581=ORIENTED_EDGE('',*,*,#4359,.T.);
#5582=ORIENTED_EDGE('',*,*,#4269,.T.);
#5583=ORIENTED_EDGE('',*,*,#4360,.T.);
#5584=ORIENTED_EDGE('',*,*,#4270,.T.);
#5585=ORIENTED_EDGE('',*,*,#4359,.F.);
#5586=ORIENTED_EDGE('',*,*,#4361,.T.);
#5587=ORIENTED_EDGE('',*,*,#4362,.T.);
#5588=ORIENTED_EDGE('',*,*,#4271,.T.);
#5589=ORIENTED_EDGE('',*,*,#4360,.F.);
#5590=ORIENTED_EDGE('',*,*,#4363,.T.);
#5591=ORIENTED_EDGE('',*,*,#4364,.T.);
#5592=ORIENTED_EDGE('',*,*,#4272,.T.);
#5593=ORIENTED_EDGE('',*,*,#4362,.F.);
#5594=ORIENTED_EDGE('',*,*,#4365,.T.);
#5595=ORIENTED_EDGE('',*,*,#4366,.T.);
#5596=ORIENTED_EDGE('',*,*,#4273,.T.);
#5597=ORIENTED_EDGE('',*,*,#4364,.F.);
#5598=ORIENTED_EDGE('',*,*,#4367,.T.);
#5599=ORIENTED_EDGE('',*,*,#4366,.F.);
#5600=ORIENTED_EDGE('',*,*,#4368,.T.);
#5601=ORIENTED_EDGE('',*,*,#4369,.T.);
#5602=ORIENTED_EDGE('',*,*,#4274,.T.);
#5603=ORIENTED_EDGE('',*,*,#4370,.T.);
#5604=ORIENTED_EDGE('',*,*,#4275,.T.);
#5605=ORIENTED_EDGE('',*,*,#4369,.F.);
#5606=ORIENTED_EDGE('',*,*,#4371,.T.);
#5607=ORIENTED_EDGE('',*,*,#4370,.F.);
#5608=ORIENTED_EDGE('',*,*,#4372,.T.);
#5609=ORIENTED_EDGE('',*,*,#4373,.T.);
#5610=ORIENTED_EDGE('',*,*,#4276,.T.);
#5611=ORIENTED_EDGE('',*,*,#4374,.T.);
#5612=ORIENTED_EDGE('',*,*,#4277,.T.);
#5613=ORIENTED_EDGE('',*,*,#4373,.F.);
#5614=ORIENTED_EDGE('',*,*,#4375,.T.);
#5615=ORIENTED_EDGE('',*,*,#4376,.T.);
#5616=ORIENTED_EDGE('',*,*,#4278,.T.);
#5617=ORIENTED_EDGE('',*,*,#4374,.F.);
#5618=ORIENTED_EDGE('',*,*,#4377,.T.);
#5619=ORIENTED_EDGE('',*,*,#4378,.T.);
#5620=ORIENTED_EDGE('',*,*,#4279,.T.);
#5621=ORIENTED_EDGE('',*,*,#4376,.F.);
#5622=ORIENTED_EDGE('',*,*,#4379,.T.);
#5623=ORIENTED_EDGE('',*,*,#4380,.T.);
#5624=ORIENTED_EDGE('',*,*,#4280,.T.);
#5625=ORIENTED_EDGE('',*,*,#4378,.F.);
#5626=ORIENTED_EDGE('',*,*,#4381,.T.);
#5627=ORIENTED_EDGE('',*,*,#4380,.F.);
#5628=ORIENTED_EDGE('',*,*,#4382,.T.);
#5629=ORIENTED_EDGE('',*,*,#4383,.T.);
#5630=ORIENTED_EDGE('',*,*,#4281,.T.);
#5631=ORIENTED_EDGE('',*,*,#4384,.T.);
#5632=ORIENTED_EDGE('',*,*,#4282,.T.);
#5633=ORIENTED_EDGE('',*,*,#4383,.F.);
#5634=ORIENTED_EDGE('',*,*,#4385,.T.);
#5635=ORIENTED_EDGE('',*,*,#4384,.F.);
#5636=ORIENTED_EDGE('',*,*,#4386,.T.);
#5637=ORIENTED_EDGE('',*,*,#4387,.T.);
#5638=ORIENTED_EDGE('',*,*,#4283,.T.);
#5639=ORIENTED_EDGE('',*,*,#4388,.T.);
#5640=ORIENTED_EDGE('',*,*,#4284,.T.);
#5641=ORIENTED_EDGE('',*,*,#4387,.F.);
#5642=ORIENTED_EDGE('',*,*,#4389,.T.);
#5643=ORIENTED_EDGE('',*,*,#4388,.F.);
#5644=ORIENTED_EDGE('',*,*,#4390,.T.);
#5645=ORIENTED_EDGE('',*,*,#4391,.T.);
#5646=ORIENTED_EDGE('',*,*,#4285,.T.);
#5647=ORIENTED_EDGE('',*,*,#4392,.T.);
#5648=ORIENTED_EDGE('',*,*,#4286,.T.);
#5649=ORIENTED_EDGE('',*,*,#4391,.F.);
#5650=ORIENTED_EDGE('',*,*,#4393,.T.);
#5651=ORIENTED_EDGE('',*,*,#4394,.T.);
#5652=ORIENTED_EDGE('',*,*,#4287,.T.);
#5653=ORIENTED_EDGE('',*,*,#4392,.F.);
#5654=ORIENTED_EDGE('',*,*,#4395,.T.);
#5655=ORIENTED_EDGE('',*,*,#4396,.T.);
#5656=ORIENTED_EDGE('',*,*,#4288,.T.);
#5657=ORIENTED_EDGE('',*,*,#4394,.F.);
#5658=ORIENTED_EDGE('',*,*,#4397,.T.);
#5659=ORIENTED_EDGE('',*,*,#4396,.F.);
#5660=ORIENTED_EDGE('',*,*,#4398,.T.);
#5661=ORIENTED_EDGE('',*,*,#4399,.T.);
#5662=ORIENTED_EDGE('',*,*,#4289,.T.);
#5663=ORIENTED_EDGE('',*,*,#4290,.T.);
#5664=ORIENTED_EDGE('',*,*,#4399,.F.);
#5665=ORIENTED_EDGE('',*,*,#4400,.T.);
#5666=ORIENTED_EDGE('',*,*,#4332,.F.);
#5667=ORIENTED_EDGE('',*,*,#4401,.T.);
#5668=ORIENTED_EDGE('',*,*,#4402,.T.);
#5669=ORIENTED_EDGE('',*,*,#4292,.T.);
#5670=ORIENTED_EDGE('',*,*,#4334,.F.);
#5671=ORIENTED_EDGE('',*,*,#4403,.T.);
#5672=ORIENTED_EDGE('',*,*,#4257,.T.);
#5673=ORIENTED_EDGE('',*,*,#4404,.T.);
#5674=ORIENTED_EDGE('',*,*,#4405,.T.);
#5675=ORIENTED_EDGE('',*,*,#4406,.T.);
#5676=ORIENTED_EDGE('',*,*,#4407,.T.);
#5677=ORIENTED_EDGE('',*,*,#4295,.T.);
#5678=ORIENTED_EDGE('',*,*,#4408,.T.);
#5679=ORIENTED_EDGE('',*,*,#4409,.T.);
#5680=ORIENTED_EDGE('',*,*,#4410,.T.);
#5681=ORIENTED_EDGE('',*,*,#4255,.T.);
#5682=ORIENTED_EDGE('',*,*,#4411,.T.);
#5683=ORIENTED_EDGE('',*,*,#4412,.T.);
#5684=ORIENTED_EDGE('',*,*,#4413,.T.);
#5685=ORIENTED_EDGE('',*,*,#4256,.T.);
#5686=ORIENTED_EDGE('',*,*,#4410,.F.);
#5687=ORIENTED_EDGE('',*,*,#4414,.T.);
#5688=ORIENTED_EDGE('',*,*,#4415,.T.);
#5689=ORIENTED_EDGE('',*,*,#4296,.T.);
#5690=ORIENTED_EDGE('',*,*,#4407,.F.);
#5691=ORIENTED_EDGE('',*,*,#4415,.F.);
#5692=ORIENTED_EDGE('',*,*,#4416,.T.);
#5693=ORIENTED_EDGE('',*,*,#4417,.T.);
#5694=ORIENTED_EDGE('',*,*,#4297,.T.);
#5695=ORIENTED_EDGE('',*,*,#4417,.F.);
#5696=ORIENTED_EDGE('',*,*,#4418,.T.);
#5697=ORIENTED_EDGE('',*,*,#4419,.T.);
#5698=ORIENTED_EDGE('',*,*,#4298,.T.);
#5699=ORIENTED_EDGE('',*,*,#4419,.F.);
#5700=ORIENTED_EDGE('',*,*,#4420,.T.);
#5701=ORIENTED_EDGE('',*,*,#4421,.T.);
#5702=ORIENTED_EDGE('',*,*,#4299,.T.);
#5703=ORIENTED_EDGE('',*,*,#4421,.F.);
#5704=ORIENTED_EDGE('',*,*,#4422,.T.);
#5705=ORIENTED_EDGE('',*,*,#4423,.T.);
#5706=ORIENTED_EDGE('',*,*,#4300,.T.);
#5707=ORIENTED_EDGE('',*,*,#4423,.F.);
#5708=ORIENTED_EDGE('',*,*,#4424,.T.);
#5709=ORIENTED_EDGE('',*,*,#4425,.T.);
#5710=ORIENTED_EDGE('',*,*,#4301,.T.);
#5711=ORIENTED_EDGE('',*,*,#4426,.T.);
#5712=ORIENTED_EDGE('',*,*,#4302,.T.);
#5713=ORIENTED_EDGE('',*,*,#4425,.F.);
#5714=ORIENTED_EDGE('',*,*,#4427,.T.);
#5715=ORIENTED_EDGE('',*,*,#4426,.F.);
#5716=ORIENTED_EDGE('',*,*,#4428,.T.);
#5717=ORIENTED_EDGE('',*,*,#4429,.T.);
#5718=ORIENTED_EDGE('',*,*,#4303,.T.);
#5719=ORIENTED_EDGE('',*,*,#4430,.T.);
#5720=ORIENTED_EDGE('',*,*,#4304,.T.);
#5721=ORIENTED_EDGE('',*,*,#4429,.F.);
#5722=ORIENTED_EDGE('',*,*,#4431,.T.);
#5723=ORIENTED_EDGE('',*,*,#4430,.F.);
#5724=ORIENTED_EDGE('',*,*,#4432,.T.);
#5725=ORIENTED_EDGE('',*,*,#4433,.T.);
#5726=ORIENTED_EDGE('',*,*,#4305,.T.);
#5727=ORIENTED_EDGE('',*,*,#4434,.T.);
#5728=ORIENTED_EDGE('',*,*,#4306,.T.);
#5729=ORIENTED_EDGE('',*,*,#4433,.F.);
#5730=ORIENTED_EDGE('',*,*,#4435,.T.);
#5731=ORIENTED_EDGE('',*,*,#4436,.T.);
#5732=ORIENTED_EDGE('',*,*,#4307,.T.);
#5733=ORIENTED_EDGE('',*,*,#4434,.F.);
#5734=ORIENTED_EDGE('',*,*,#4437,.T.);
#5735=ORIENTED_EDGE('',*,*,#4438,.T.);
#5736=ORIENTED_EDGE('',*,*,#4308,.T.);
#5737=ORIENTED_EDGE('',*,*,#4436,.F.);
#5738=ORIENTED_EDGE('',*,*,#4439,.T.);
#5739=ORIENTED_EDGE('',*,*,#4440,.T.);
#5740=ORIENTED_EDGE('',*,*,#4309,.T.);
#5741=ORIENTED_EDGE('',*,*,#4438,.F.);
#5742=ORIENTED_EDGE('',*,*,#4441,.T.);
#5743=ORIENTED_EDGE('',*,*,#4440,.F.);
#5744=ORIENTED_EDGE('',*,*,#4442,.T.);
#5745=ORIENTED_EDGE('',*,*,#4443,.T.);
#5746=ORIENTED_EDGE('',*,*,#4310,.T.);
#5747=ORIENTED_EDGE('',*,*,#4444,.T.);
#5748=ORIENTED_EDGE('',*,*,#4311,.T.);
#5749=ORIENTED_EDGE('',*,*,#4443,.F.);
#5750=ORIENTED_EDGE('',*,*,#4445,.T.);
#5751=ORIENTED_EDGE('',*,*,#4444,.F.);
#5752=ORIENTED_EDGE('',*,*,#4446,.T.);
#5753=ORIENTED_EDGE('',*,*,#4447,.T.);
#5754=ORIENTED_EDGE('',*,*,#4312,.T.);
#5755=ORIENTED_EDGE('',*,*,#4448,.T.);
#5756=ORIENTED_EDGE('',*,*,#4313,.T.);
#5757=ORIENTED_EDGE('',*,*,#4447,.F.);
#5758=ORIENTED_EDGE('',*,*,#4449,.T.);
#5759=ORIENTED_EDGE('',*,*,#4450,.T.);
#5760=ORIENTED_EDGE('',*,*,#4314,.T.);
#5761=ORIENTED_EDGE('',*,*,#4448,.F.);
#5762=ORIENTED_EDGE('',*,*,#4451,.T.);
#5763=ORIENTED_EDGE('',*,*,#4452,.T.);
#5764=ORIENTED_EDGE('',*,*,#4315,.T.);
#5765=ORIENTED_EDGE('',*,*,#4450,.F.);
#5766=ORIENTED_EDGE('',*,*,#4453,.T.);
#5767=ORIENTED_EDGE('',*,*,#4454,.T.);
#5768=ORIENTED_EDGE('',*,*,#4316,.T.);
#5769=ORIENTED_EDGE('',*,*,#4452,.F.);
#5770=ORIENTED_EDGE('',*,*,#4455,.T.);
#5771=ORIENTED_EDGE('',*,*,#4454,.F.);
#5772=ORIENTED_EDGE('',*,*,#4456,.T.);
#5773=ORIENTED_EDGE('',*,*,#4457,.T.);
#5774=ORIENTED_EDGE('',*,*,#4317,.T.);
#5775=ORIENTED_EDGE('',*,*,#4458,.T.);
#5776=ORIENTED_EDGE('',*,*,#4318,.T.);
#5777=ORIENTED_EDGE('',*,*,#4457,.F.);
#5778=ORIENTED_EDGE('',*,*,#4459,.T.);
#5779=ORIENTED_EDGE('',*,*,#4458,.F.);
#5780=ORIENTED_EDGE('',*,*,#4460,.T.);
#5781=ORIENTED_EDGE('',*,*,#4461,.T.);
#5782=ORIENTED_EDGE('',*,*,#4319,.T.);
#5783=ORIENTED_EDGE('',*,*,#4462,.T.);
#5784=ORIENTED_EDGE('',*,*,#4320,.T.);
#5785=ORIENTED_EDGE('',*,*,#4461,.F.);
#5786=ORIENTED_EDGE('',*,*,#4463,.T.);
#5787=ORIENTED_EDGE('',*,*,#4462,.F.);
#5788=ORIENTED_EDGE('',*,*,#4464,.T.);
#5789=ORIENTED_EDGE('',*,*,#4465,.T.);
#5790=ORIENTED_EDGE('',*,*,#4321,.T.);
#5791=ORIENTED_EDGE('',*,*,#4466,.T.);
#5792=ORIENTED_EDGE('',*,*,#4322,.T.);
#5793=ORIENTED_EDGE('',*,*,#4465,.F.);
#5794=ORIENTED_EDGE('',*,*,#4467,.T.);
#5795=ORIENTED_EDGE('',*,*,#4468,.T.);
#5796=ORIENTED_EDGE('',*,*,#4323,.T.);
#5797=ORIENTED_EDGE('',*,*,#4466,.F.);
#5798=ORIENTED_EDGE('',*,*,#4469,.T.);
#5799=ORIENTED_EDGE('',*,*,#4470,.T.);
#5800=ORIENTED_EDGE('',*,*,#4324,.T.);
#5801=ORIENTED_EDGE('',*,*,#4468,.F.);
#5802=ORIENTED_EDGE('',*,*,#4471,.T.);
#5803=ORIENTED_EDGE('',*,*,#4470,.F.);
#5804=ORIENTED_EDGE('',*,*,#4472,.T.);
#5805=ORIENTED_EDGE('',*,*,#4473,.T.);
#5806=ORIENTED_EDGE('',*,*,#4325,.T.);
#5807=ORIENTED_EDGE('',*,*,#4326,.T.);
#5808=ORIENTED_EDGE('',*,*,#4473,.F.);
#5809=ORIENTED_EDGE('',*,*,#4474,.T.);
#5810=ORIENTED_EDGE('',*,*,#4411,.F.);
#5811=ORIENTED_EDGE('',*,*,#4294,.T.);
#5812=ORIENTED_EDGE('',*,*,#4475,.T.);
#5813=ORIENTED_EDGE('',*,*,#4476,.T.);
#5814=ORIENTED_EDGE('',*,*,#4408,.F.);
#5815=ORIENTED_EDGE('',*,*,#4413,.F.);
#5816=ORIENTED_EDGE('',*,*,#4477,.T.);
#5817=ORIENTED_EDGE('',*,*,#4404,.F.);
#5818=ORIENTED_EDGE('',*,*,#4403,.F.);
#5819=ORIENTED_EDGE('',*,*,#4478,.T.);
#5820=ORIENTED_EDGE('',*,*,#4338,.F.);
#5821=ORIENTED_EDGE('',*,*,#4402,.F.);
#5822=ORIENTED_EDGE('',*,*,#4479,.T.);
#5823=ORIENTED_EDGE('',*,*,#4330,.F.);
#5824=ORIENTED_EDGE('',*,*,#4329,.F.);
#5825=ORIENTED_EDGE('',*,*,#4480,.T.);
#5826=ORIENTED_EDGE('',*,*,#4475,.F.);
#5827=ORIENTED_EDGE('',*,*,#4400,.F.);
#5828=ORIENTED_EDGE('',*,*,#4481,.F.);
#5829=ORIENTED_EDGE('',*,*,#4482,.F.);
#5830=ORIENTED_EDGE('',*,*,#4483,.F.);
#5831=ORIENTED_EDGE('',*,*,#4398,.F.);
#5832=ORIENTED_EDGE('',*,*,#4484,.T.);
#5833=ORIENTED_EDGE('',*,*,#4485,.F.);
#5834=ORIENTED_EDGE('',*,*,#4481,.T.);
#5835=ORIENTED_EDGE('',*,*,#4397,.F.);
#5836=ORIENTED_EDGE('',*,*,#4486,.T.);
#5837=ORIENTED_EDGE('',*,*,#4487,.F.);
#5838=ORIENTED_EDGE('',*,*,#4484,.F.);
#5839=ORIENTED_EDGE('',*,*,#4395,.F.);
#5840=ORIENTED_EDGE('',*,*,#4488,.T.);
#5841=ORIENTED_EDGE('',*,*,#4489,.F.);
#5842=ORIENTED_EDGE('',*,*,#4486,.F.);
#5843=ORIENTED_EDGE('',*,*,#4393,.F.);
#5844=ORIENTED_EDGE('',*,*,#4490,.F.);
#5845=ORIENTED_EDGE('',*,*,#4491,.F.);
#5846=ORIENTED_EDGE('',*,*,#4488,.F.);
#5847=ORIENTED_EDGE('',*,*,#4390,.F.);
#5848=ORIENTED_EDGE('',*,*,#4492,.T.);
#5849=ORIENTED_EDGE('',*,*,#4493,.F.);
#5850=ORIENTED_EDGE('',*,*,#4490,.T.);
#5851=ORIENTED_EDGE('',*,*,#4389,.F.);
#5852=ORIENTED_EDGE('',*,*,#4494,.F.);
#5853=ORIENTED_EDGE('',*,*,#4495,.F.);
#5854=ORIENTED_EDGE('',*,*,#4492,.F.);
#5855=ORIENTED_EDGE('',*,*,#4386,.F.);
#5856=ORIENTED_EDGE('',*,*,#4496,.T.);
#5857=ORIENTED_EDGE('',*,*,#4497,.F.);
#5858=ORIENTED_EDGE('',*,*,#4494,.T.);
#5859=ORIENTED_EDGE('',*,*,#4385,.F.);
#5860=ORIENTED_EDGE('',*,*,#4498,.F.);
#5861=ORIENTED_EDGE('',*,*,#4499,.F.);
#5862=ORIENTED_EDGE('',*,*,#4496,.F.);
#5863=ORIENTED_EDGE('',*,*,#4382,.F.);
#5864=ORIENTED_EDGE('',*,*,#4500,.T.);
#5865=ORIENTED_EDGE('',*,*,#4501,.F.);
#5866=ORIENTED_EDGE('',*,*,#4498,.T.);
#5867=ORIENTED_EDGE('',*,*,#4381,.F.);
#5868=ORIENTED_EDGE('',*,*,#4502,.T.);
#5869=ORIENTED_EDGE('',*,*,#4503,.F.);
#5870=ORIENTED_EDGE('',*,*,#4500,.F.);
#5871=ORIENTED_EDGE('',*,*,#4379,.F.);
#5872=ORIENTED_EDGE('',*,*,#4504,.T.);
#5873=ORIENTED_EDGE('',*,*,#4505,.F.);
#5874=ORIENTED_EDGE('',*,*,#4502,.F.);
#5875=ORIENTED_EDGE('',*,*,#4377,.F.);
#5876=ORIENTED_EDGE('',*,*,#4506,.T.);
#5877=ORIENTED_EDGE('',*,*,#4507,.F.);
#5878=ORIENTED_EDGE('',*,*,#4504,.F.);
#5879=ORIENTED_EDGE('',*,*,#4375,.F.);
#5880=ORIENTED_EDGE('',*,*,#4508,.F.);
#5881=ORIENTED_EDGE('',*,*,#4509,.F.);
#5882=ORIENTED_EDGE('',*,*,#4506,.F.);
#5883=ORIENTED_EDGE('',*,*,#4372,.F.);
#5884=ORIENTED_EDGE('',*,*,#4510,.T.);
#5885=ORIENTED_EDGE('',*,*,#4511,.F.);
#5886=ORIENTED_EDGE('',*,*,#4508,.T.);
#5887=ORIENTED_EDGE('',*,*,#4371,.F.);
#5888=ORIENTED_EDGE('',*,*,#4512,.F.);
#5889=ORIENTED_EDGE('',*,*,#4513,.F.);
#5890=ORIENTED_EDGE('',*,*,#4510,.F.);
#5891=ORIENTED_EDGE('',*,*,#4368,.F.);
#5892=ORIENTED_EDGE('',*,*,#4514,.T.);
#5893=ORIENTED_EDGE('',*,*,#4515,.F.);
#5894=ORIENTED_EDGE('',*,*,#4512,.T.);
#5895=ORIENTED_EDGE('',*,*,#4367,.F.);
#5896=ORIENTED_EDGE('',*,*,#4516,.T.);
#5897=ORIENTED_EDGE('',*,*,#4517,.F.);
#5898=ORIENTED_EDGE('',*,*,#4514,.F.);
#5899=ORIENTED_EDGE('',*,*,#4365,.F.);
#5900=ORIENTED_EDGE('',*,*,#4518,.T.);
#5901=ORIENTED_EDGE('',*,*,#4519,.F.);
#5902=ORIENTED_EDGE('',*,*,#4516,.F.);
#5903=ORIENTED_EDGE('',*,*,#4363,.F.);
#5904=ORIENTED_EDGE('',*,*,#4520,.T.);
#5905=ORIENTED_EDGE('',*,*,#4521,.F.);
#5906=ORIENTED_EDGE('',*,*,#4518,.F.);
#5907=ORIENTED_EDGE('',*,*,#4361,.F.);
#5908=ORIENTED_EDGE('',*,*,#4522,.F.);
#5909=ORIENTED_EDGE('',*,*,#4523,.F.);
#5910=ORIENTED_EDGE('',*,*,#4520,.F.);
#5911=ORIENTED_EDGE('',*,*,#4358,.F.);
#5912=ORIENTED_EDGE('',*,*,#4524,.T.);
#5913=ORIENTED_EDGE('',*,*,#4525,.F.);
#5914=ORIENTED_EDGE('',*,*,#4522,.T.);
#5915=ORIENTED_EDGE('',*,*,#4357,.F.);
#5916=ORIENTED_EDGE('',*,*,#4526,.F.);
#5917=ORIENTED_EDGE('',*,*,#4527,.F.);
#5918=ORIENTED_EDGE('',*,*,#4524,.F.);
#5919=ORIENTED_EDGE('',*,*,#4354,.F.);
#5920=ORIENTED_EDGE('',*,*,#4528,.T.);
#5921=ORIENTED_EDGE('',*,*,#4529,.F.);
#5922=ORIENTED_EDGE('',*,*,#4526,.T.);
#5923=ORIENTED_EDGE('',*,*,#4353,.F.);
#5924=ORIENTED_EDGE('',*,*,#4530,.F.);
#5925=ORIENTED_EDGE('',*,*,#4531,.F.);
#5926=ORIENTED_EDGE('',*,*,#4528,.F.);
#5927=ORIENTED_EDGE('',*,*,#4350,.F.);
#5928=ORIENTED_EDGE('',*,*,#4532,.T.);
#5929=ORIENTED_EDGE('',*,*,#4533,.F.);
#5930=ORIENTED_EDGE('',*,*,#4530,.T.);
#5931=ORIENTED_EDGE('',*,*,#4348,.F.);
#5932=ORIENTED_EDGE('',*,*,#4534,.T.);
#5933=ORIENTED_EDGE('',*,*,#4535,.F.);
#5934=ORIENTED_EDGE('',*,*,#4532,.F.);
#5935=ORIENTED_EDGE('',*,*,#4346,.F.);
#5936=ORIENTED_EDGE('',*,*,#4536,.T.);
#5937=ORIENTED_EDGE('',*,*,#4537,.F.);
#5938=ORIENTED_EDGE('',*,*,#4534,.F.);
#5939=ORIENTED_EDGE('',*,*,#4344,.F.);
#5940=ORIENTED_EDGE('',*,*,#4538,.F.);
#5941=ORIENTED_EDGE('',*,*,#4539,.F.);
#5942=ORIENTED_EDGE('',*,*,#4536,.F.);
#5943=ORIENTED_EDGE('',*,*,#4342,.F.);
#5944=ORIENTED_EDGE('',*,*,#4540,.T.);
#5945=ORIENTED_EDGE('',*,*,#4541,.F.);
#5946=ORIENTED_EDGE('',*,*,#4538,.T.);
#5947=ORIENTED_EDGE('',*,*,#4340,.F.);
#5948=ORIENTED_EDGE('',*,*,#4542,.F.);
#5949=ORIENTED_EDGE('',*,*,#4543,.F.);
#5950=ORIENTED_EDGE('',*,*,#4540,.F.);
#5951=ORIENTED_EDGE('',*,*,#4336,.F.);
#5952=ORIENTED_EDGE('',*,*,#4544,.T.);
#5953=ORIENTED_EDGE('',*,*,#4545,.F.);
#5954=ORIENTED_EDGE('',*,*,#4542,.T.);
#5955=ORIENTED_EDGE('',*,*,#4339,.F.);
#5956=ORIENTED_EDGE('',*,*,#4546,.F.);
#5957=ORIENTED_EDGE('',*,*,#4547,.F.);
#5958=ORIENTED_EDGE('',*,*,#4544,.F.);
#5959=ORIENTED_EDGE('',*,*,#4478,.F.);
#5960=ORIENTED_EDGE('',*,*,#4548,.T.);
#5961=ORIENTED_EDGE('',*,*,#4549,.F.);
#5962=ORIENTED_EDGE('',*,*,#4546,.T.);
#5963=ORIENTED_EDGE('',*,*,#4405,.F.);
#5964=ORIENTED_EDGE('',*,*,#4550,.F.);
#5965=ORIENTED_EDGE('',*,*,#4551,.F.);
#5966=ORIENTED_EDGE('',*,*,#4548,.F.);
#5967=ORIENTED_EDGE('',*,*,#4552,.T.);
#5968=ORIENTED_EDGE('',*,*,#4553,.T.);
#5969=ORIENTED_EDGE('',*,*,#4554,.T.);
#5970=ORIENTED_EDGE('',*,*,#4555,.T.);
#5971=ORIENTED_EDGE('',*,*,#4556,.T.);
#5972=ORIENTED_EDGE('',*,*,#4557,.T.);
#5973=ORIENTED_EDGE('',*,*,#4558,.T.);
#5974=ORIENTED_EDGE('',*,*,#4559,.T.);
#5975=ORIENTED_EDGE('',*,*,#4560,.T.);
#5976=ORIENTED_EDGE('',*,*,#4561,.T.);
#5977=ORIENTED_EDGE('',*,*,#4562,.T.);
#5978=ORIENTED_EDGE('',*,*,#4563,.T.);
#5979=ORIENTED_EDGE('',*,*,#4564,.T.);
#5980=ORIENTED_EDGE('',*,*,#4565,.T.);
#5981=ORIENTED_EDGE('',*,*,#4566,.T.);
#5982=ORIENTED_EDGE('',*,*,#4567,.T.);
#5983=ORIENTED_EDGE('',*,*,#4568,.T.);
#5984=ORIENTED_EDGE('',*,*,#4569,.T.);
#5985=ORIENTED_EDGE('',*,*,#4570,.T.);
#5986=ORIENTED_EDGE('',*,*,#4571,.T.);
#5987=ORIENTED_EDGE('',*,*,#4572,.T.);
#5988=ORIENTED_EDGE('',*,*,#4573,.T.);
#5989=ORIENTED_EDGE('',*,*,#4574,.T.);
#5990=ORIENTED_EDGE('',*,*,#4575,.T.);
#5991=ORIENTED_EDGE('',*,*,#4576,.T.);
#5992=ORIENTED_EDGE('',*,*,#4577,.T.);
#5993=ORIENTED_EDGE('',*,*,#4578,.T.);
#5994=ORIENTED_EDGE('',*,*,#4579,.T.);
#5995=ORIENTED_EDGE('',*,*,#4580,.T.);
#5996=ORIENTED_EDGE('',*,*,#4581,.T.);
#5997=ORIENTED_EDGE('',*,*,#4582,.T.);
#5998=ORIENTED_EDGE('',*,*,#4583,.T.);
#5999=ORIENTED_EDGE('',*,*,#4584,.T.);
#6000=ORIENTED_EDGE('',*,*,#4585,.T.);
#6001=ORIENTED_EDGE('',*,*,#4586,.T.);
#6002=ORIENTED_EDGE('',*,*,#4587,.T.);
#6003=ORIENTED_EDGE('',*,*,#4588,.T.);
#6004=ORIENTED_EDGE('',*,*,#4589,.T.);
#6005=ORIENTED_EDGE('',*,*,#4590,.T.);
#6006=ORIENTED_EDGE('',*,*,#4591,.T.);
#6007=ORIENTED_EDGE('',*,*,#4592,.T.);
#6008=ORIENTED_EDGE('',*,*,#4593,.T.);
#6009=ORIENTED_EDGE('',*,*,#4594,.T.);
#6010=ORIENTED_EDGE('',*,*,#4595,.T.);
#6011=ORIENTED_EDGE('',*,*,#4596,.T.);
#6012=ORIENTED_EDGE('',*,*,#4597,.T.);
#6013=ORIENTED_EDGE('',*,*,#4598,.T.);
#6014=ORIENTED_EDGE('',*,*,#4599,.T.);
#6015=ORIENTED_EDGE('',*,*,#4600,.T.);
#6016=ORIENTED_EDGE('',*,*,#4601,.T.);
#6017=ORIENTED_EDGE('',*,*,#4602,.T.);
#6018=ORIENTED_EDGE('',*,*,#4603,.T.);
#6019=ORIENTED_EDGE('',*,*,#4604,.T.);
#6020=ORIENTED_EDGE('',*,*,#4605,.T.);
#6021=ORIENTED_EDGE('',*,*,#4606,.T.);
#6022=ORIENTED_EDGE('',*,*,#4607,.T.);
#6023=ORIENTED_EDGE('',*,*,#4608,.T.);
#6024=ORIENTED_EDGE('',*,*,#4609,.T.);
#6025=ORIENTED_EDGE('',*,*,#4610,.T.);
#6026=ORIENTED_EDGE('',*,*,#4611,.T.);
#6027=ORIENTED_EDGE('',*,*,#4612,.T.);
#6028=ORIENTED_EDGE('',*,*,#4613,.T.);
#6029=ORIENTED_EDGE('',*,*,#4614,.T.);
#6030=ORIENTED_EDGE('',*,*,#4615,.T.);
#6031=ORIENTED_EDGE('',*,*,#4616,.T.);
#6032=ORIENTED_EDGE('',*,*,#4617,.T.);
#6033=ORIENTED_EDGE('',*,*,#4618,.T.);
#6034=ORIENTED_EDGE('',*,*,#4619,.T.);
#6035=ORIENTED_EDGE('',*,*,#4620,.T.);
#6036=ORIENTED_EDGE('',*,*,#4621,.T.);
#6037=ORIENTED_EDGE('',*,*,#4622,.T.);
#6038=ORIENTED_EDGE('',*,*,#4623,.T.);
#6039=ORIENTED_EDGE('',*,*,#4624,.T.);
#6040=ORIENTED_EDGE('',*,*,#4625,.T.);
#6041=ORIENTED_EDGE('',*,*,#4626,.T.);
#6042=ORIENTED_EDGE('',*,*,#4627,.T.);
#6043=ORIENTED_EDGE('',*,*,#4628,.T.);
#6044=ORIENTED_EDGE('',*,*,#4629,.T.);
#6045=ORIENTED_EDGE('',*,*,#4630,.T.);
#6046=ORIENTED_EDGE('',*,*,#4631,.T.);
#6047=ORIENTED_EDGE('',*,*,#4632,.T.);
#6048=ORIENTED_EDGE('',*,*,#4633,.T.);
#6049=ORIENTED_EDGE('',*,*,#4477,.F.);
#6050=ORIENTED_EDGE('',*,*,#4634,.T.);
#6051=ORIENTED_EDGE('',*,*,#4635,.F.);
#6052=ORIENTED_EDGE('',*,*,#4550,.T.);
#6053=ORIENTED_EDGE('',*,*,#4412,.F.);
#6054=ORIENTED_EDGE('',*,*,#4636,.F.);
#6055=ORIENTED_EDGE('',*,*,#4637,.F.);
#6056=ORIENTED_EDGE('',*,*,#4634,.F.);
#6057=ORIENTED_EDGE('',*,*,#4409,.F.);
#6058=ORIENTED_EDGE('',*,*,#4638,.T.);
#6059=ORIENTED_EDGE('',*,*,#4639,.F.);
#6060=ORIENTED_EDGE('',*,*,#4636,.T.);
#6061=ORIENTED_EDGE('',*,*,#4640,.T.);
#6062=ORIENTED_EDGE('',*,*,#4641,.T.);
#6063=ORIENTED_EDGE('',*,*,#4642,.T.);
#6064=ORIENTED_EDGE('',*,*,#4217,.T.);
#6065=ORIENTED_EDGE('',*,*,#4215,.T.);
#6066=ORIENTED_EDGE('',*,*,#4643,.T.);
#6067=ORIENTED_EDGE('',*,*,#4644,.T.);
#6068=ORIENTED_EDGE('',*,*,#4645,.T.);
#6069=ORIENTED_EDGE('',*,*,#4183,.T.);
#6070=ORIENTED_EDGE('',*,*,#4646,.T.);
#6071=ORIENTED_EDGE('',*,*,#4639,.T.);
#6072=ORIENTED_EDGE('',*,*,#4647,.T.);
#6073=ORIENTED_EDGE('',*,*,#4182,.T.);
#6074=ORIENTED_EDGE('',*,*,#4648,.T.);
#6075=ORIENTED_EDGE('',*,*,#4637,.T.);
#6076=ORIENTED_EDGE('',*,*,#4646,.F.);
#6077=ORIENTED_EDGE('',*,*,#4649,.T.);
#6078=ORIENTED_EDGE('',*,*,#4650,.T.);
#6079=ORIENTED_EDGE('',*,*,#4184,.T.);
#6080=ORIENTED_EDGE('',*,*,#4647,.F.);
#6081=ORIENTED_EDGE('',*,*,#4650,.F.);
#6082=ORIENTED_EDGE('',*,*,#4651,.T.);
#6083=ORIENTED_EDGE('',*,*,#4652,.T.);
#6084=ORIENTED_EDGE('',*,*,#4185,.T.);
#6085=ORIENTED_EDGE('',*,*,#4652,.F.);
#6086=ORIENTED_EDGE('',*,*,#4653,.T.);
#6087=ORIENTED_EDGE('',*,*,#4654,.T.);
#6088=ORIENTED_EDGE('',*,*,#4186,.T.);
#6089=ORIENTED_EDGE('',*,*,#4654,.F.);
#6090=ORIENTED_EDGE('',*,*,#4655,.T.);
#6091=ORIENTED_EDGE('',*,*,#4656,.T.);
#6092=ORIENTED_EDGE('',*,*,#4187,.T.);
#6093=ORIENTED_EDGE('',*,*,#4656,.F.);
#6094=ORIENTED_EDGE('',*,*,#4657,.T.);
#6095=ORIENTED_EDGE('',*,*,#4658,.T.);
#6096=ORIENTED_EDGE('',*,*,#4188,.T.);
#6097=ORIENTED_EDGE('',*,*,#4658,.F.);
#6098=ORIENTED_EDGE('',*,*,#4659,.T.);
#6099=ORIENTED_EDGE('',*,*,#4660,.T.);
#6100=ORIENTED_EDGE('',*,*,#4189,.T.);
#6101=ORIENTED_EDGE('',*,*,#4661,.T.);
#6102=ORIENTED_EDGE('',*,*,#4190,.T.);
#6103=ORIENTED_EDGE('',*,*,#4660,.F.);
#6104=ORIENTED_EDGE('',*,*,#4662,.T.);
#6105=ORIENTED_EDGE('',*,*,#4661,.F.);
#6106=ORIENTED_EDGE('',*,*,#4663,.T.);
#6107=ORIENTED_EDGE('',*,*,#4664,.T.);
#6108=ORIENTED_EDGE('',*,*,#4191,.T.);
#6109=ORIENTED_EDGE('',*,*,#4665,.T.);
#6110=ORIENTED_EDGE('',*,*,#4192,.T.);
#6111=ORIENTED_EDGE('',*,*,#4664,.F.);
#6112=ORIENTED_EDGE('',*,*,#4666,.T.);
#6113=ORIENTED_EDGE('',*,*,#4665,.F.);
#6114=ORIENTED_EDGE('',*,*,#4667,.T.);
#6115=ORIENTED_EDGE('',*,*,#4668,.T.);
#6116=ORIENTED_EDGE('',*,*,#4193,.T.);
#6117=ORIENTED_EDGE('',*,*,#4669,.T.);
#6118=ORIENTED_EDGE('',*,*,#4194,.T.);
#6119=ORIENTED_EDGE('',*,*,#4668,.F.);
#6120=ORIENTED_EDGE('',*,*,#4670,.T.);
#6121=ORIENTED_EDGE('',*,*,#4671,.T.);
#6122=ORIENTED_EDGE('',*,*,#4195,.T.);
#6123=ORIENTED_EDGE('',*,*,#4669,.F.);
#6124=ORIENTED_EDGE('',*,*,#4672,.T.);
#6125=ORIENTED_EDGE('',*,*,#4673,.T.);
#6126=ORIENTED_EDGE('',*,*,#4196,.T.);
#6127=ORIENTED_EDGE('',*,*,#4671,.F.);
#6128=ORIENTED_EDGE('',*,*,#4674,.T.);
#6129=ORIENTED_EDGE('',*,*,#4675,.T.);
#6130=ORIENTED_EDGE('',*,*,#4197,.T.);
#6131=ORIENTED_EDGE('',*,*,#4673,.F.);
#6132=ORIENTED_EDGE('',*,*,#4676,.T.);
#6133=ORIENTED_EDGE('',*,*,#4675,.F.);
#6134=ORIENTED_EDGE('',*,*,#4677,.T.);
#6135=ORIENTED_EDGE('',*,*,#4678,.T.);
#6136=ORIENTED_EDGE('',*,*,#4198,.T.);
#6137=ORIENTED_EDGE('',*,*,#4678,.F.);
#6138=ORIENTED_EDGE('',*,*,#4679,.T.);
#6139=ORIENTED_EDGE('',*,*,#4680,.T.);
#6140=ORIENTED_EDGE('',*,*,#4199,.T.);
#6141=ORIENTED_EDGE('',*,*,#4680,.F.);
#6142=ORIENTED_EDGE('',*,*,#4681,.T.);
#6143=ORIENTED_EDGE('',*,*,#4682,.T.);
#6144=ORIENTED_EDGE('',*,*,#4200,.T.);
#6145=ORIENTED_EDGE('',*,*,#4683,.T.);
#6146=ORIENTED_EDGE('',*,*,#4201,.T.);
#6147=ORIENTED_EDGE('',*,*,#4682,.F.);
#6148=ORIENTED_EDGE('',*,*,#4684,.T.);
#6149=ORIENTED_EDGE('',*,*,#4685,.T.);
#6150=ORIENTED_EDGE('',*,*,#4202,.T.);
#6151=ORIENTED_EDGE('',*,*,#4683,.F.);
#6152=ORIENTED_EDGE('',*,*,#4686,.T.);
#6153=ORIENTED_EDGE('',*,*,#4687,.T.);
#6154=ORIENTED_EDGE('',*,*,#4203,.T.);
#6155=ORIENTED_EDGE('',*,*,#4685,.F.);
#6156=ORIENTED_EDGE('',*,*,#4688,.T.);
#6157=ORIENTED_EDGE('',*,*,#4689,.T.);
#6158=ORIENTED_EDGE('',*,*,#4204,.T.);
#6159=ORIENTED_EDGE('',*,*,#4687,.F.);
#6160=ORIENTED_EDGE('',*,*,#4690,.T.);
#6161=ORIENTED_EDGE('',*,*,#4689,.F.);
#6162=ORIENTED_EDGE('',*,*,#4691,.T.);
#6163=ORIENTED_EDGE('',*,*,#4692,.T.);
#6164=ORIENTED_EDGE('',*,*,#4205,.T.);
#6165=ORIENTED_EDGE('',*,*,#4693,.T.);
#6166=ORIENTED_EDGE('',*,*,#4206,.T.);
#6167=ORIENTED_EDGE('',*,*,#4692,.F.);
#6168=ORIENTED_EDGE('',*,*,#4694,.T.);
#6169=ORIENTED_EDGE('',*,*,#4693,.F.);
#6170=ORIENTED_EDGE('',*,*,#4695,.T.);
#6171=ORIENTED_EDGE('',*,*,#4696,.T.);
#6172=ORIENTED_EDGE('',*,*,#4207,.T.);
#6173=ORIENTED_EDGE('',*,*,#4697,.T.);
#6174=ORIENTED_EDGE('',*,*,#4208,.T.);
#6175=ORIENTED_EDGE('',*,*,#4696,.F.);
#6176=ORIENTED_EDGE('',*,*,#4698,.T.);
#6177=ORIENTED_EDGE('',*,*,#4697,.F.);
#6178=ORIENTED_EDGE('',*,*,#4699,.T.);
#6179=ORIENTED_EDGE('',*,*,#4700,.T.);
#6180=ORIENTED_EDGE('',*,*,#4209,.T.);
#6181=ORIENTED_EDGE('',*,*,#4701,.T.);
#6182=ORIENTED_EDGE('',*,*,#4210,.T.);
#6183=ORIENTED_EDGE('',*,*,#4700,.F.);
#6184=ORIENTED_EDGE('',*,*,#4702,.T.);
#6185=ORIENTED_EDGE('',*,*,#4703,.T.);
#6186=ORIENTED_EDGE('',*,*,#4211,.T.);
#6187=ORIENTED_EDGE('',*,*,#4701,.F.);
#6188=ORIENTED_EDGE('',*,*,#4704,.T.);
#6189=ORIENTED_EDGE('',*,*,#4705,.T.);
#6190=ORIENTED_EDGE('',*,*,#4212,.T.);
#6191=ORIENTED_EDGE('',*,*,#4703,.F.);
#6192=ORIENTED_EDGE('',*,*,#4706,.T.);
#6193=ORIENTED_EDGE('',*,*,#4705,.F.);
#6194=ORIENTED_EDGE('',*,*,#4707,.T.);
#6195=ORIENTED_EDGE('',*,*,#4708,.T.);
#6196=ORIENTED_EDGE('',*,*,#4213,.T.);
#6197=ORIENTED_EDGE('',*,*,#4214,.T.);
#6198=ORIENTED_EDGE('',*,*,#4708,.F.);
#6199=ORIENTED_EDGE('',*,*,#4709,.T.);
#6200=ORIENTED_EDGE('',*,*,#4643,.F.);
#6201=ORIENTED_EDGE('',*,*,#4710,.T.);
#6202=ORIENTED_EDGE('',*,*,#4711,.T.);
#6203=ORIENTED_EDGE('',*,*,#4216,.T.);
#6204=ORIENTED_EDGE('',*,*,#4645,.F.);
#6205=ORIENTED_EDGE('',*,*,#4712,.T.);
#6206=ORIENTED_EDGE('',*,*,#4551,.T.);
#6207=ORIENTED_EDGE('',*,*,#4713,.T.);
#6208=ORIENTED_EDGE('',*,*,#4181,.T.);
#6209=ORIENTED_EDGE('',*,*,#4714,.T.);
#6210=ORIENTED_EDGE('',*,*,#4715,.T.);
#6211=ORIENTED_EDGE('',*,*,#4219,.T.);
#6212=ORIENTED_EDGE('',*,*,#4716,.T.);
#6213=ORIENTED_EDGE('',*,*,#4545,.T.);
#6214=ORIENTED_EDGE('',*,*,#4717,.T.);
#6215=ORIENTED_EDGE('',*,*,#4179,.T.);
#6216=ORIENTED_EDGE('',*,*,#4718,.T.);
#6217=ORIENTED_EDGE('',*,*,#4547,.T.);
#6218=ORIENTED_EDGE('',*,*,#4719,.T.);
#6219=ORIENTED_EDGE('',*,*,#4180,.T.);
#6220=ORIENTED_EDGE('',*,*,#4717,.F.);
#6221=ORIENTED_EDGE('',*,*,#4482,.T.);
#6222=ORIENTED_EDGE('',*,*,#4720,.T.);
#6223=ORIENTED_EDGE('',*,*,#4220,.T.);
#6224=ORIENTED_EDGE('',*,*,#4715,.F.);
#6225=ORIENTED_EDGE('',*,*,#4720,.F.);
#6226=ORIENTED_EDGE('',*,*,#4485,.T.);
#6227=ORIENTED_EDGE('',*,*,#4721,.T.);
#6228=ORIENTED_EDGE('',*,*,#4221,.T.);
#6229=ORIENTED_EDGE('',*,*,#4721,.F.);
#6230=ORIENTED_EDGE('',*,*,#4487,.T.);
#6231=ORIENTED_EDGE('',*,*,#4722,.T.);
#6232=ORIENTED_EDGE('',*,*,#4222,.T.);
#6233=ORIENTED_EDGE('',*,*,#4722,.F.);
#6234=ORIENTED_EDGE('',*,*,#4489,.T.);
#6235=ORIENTED_EDGE('',*,*,#4723,.T.);
#6236=ORIENTED_EDGE('',*,*,#4223,.T.);
#6237=ORIENTED_EDGE('',*,*,#4723,.F.);
#6238=ORIENTED_EDGE('',*,*,#4491,.T.);
#6239=ORIENTED_EDGE('',*,*,#4724,.T.);
#6240=ORIENTED_EDGE('',*,*,#4224,.T.);
#6241=ORIENTED_EDGE('',*,*,#4724,.F.);
#6242=ORIENTED_EDGE('',*,*,#4493,.T.);
#6243=ORIENTED_EDGE('',*,*,#4725,.T.);
#6244=ORIENTED_EDGE('',*,*,#4225,.T.);
#6245=ORIENTED_EDGE('',*,*,#4726,.T.);
#6246=ORIENTED_EDGE('',*,*,#4226,.T.);
#6247=ORIENTED_EDGE('',*,*,#4725,.F.);
#6248=ORIENTED_EDGE('',*,*,#4495,.T.);
#6249=ORIENTED_EDGE('',*,*,#4726,.F.);
#6250=ORIENTED_EDGE('',*,*,#4497,.T.);
#6251=ORIENTED_EDGE('',*,*,#4727,.T.);
#6252=ORIENTED_EDGE('',*,*,#4227,.T.);
#6253=ORIENTED_EDGE('',*,*,#4728,.T.);
#6254=ORIENTED_EDGE('',*,*,#4228,.T.);
#6255=ORIENTED_EDGE('',*,*,#4727,.F.);
#6256=ORIENTED_EDGE('',*,*,#4499,.T.);
#6257=ORIENTED_EDGE('',*,*,#4728,.F.);
#6258=ORIENTED_EDGE('',*,*,#4501,.T.);
#6259=ORIENTED_EDGE('',*,*,#4729,.T.);
#6260=ORIENTED_EDGE('',*,*,#4229,.T.);
#6261=ORIENTED_EDGE('',*,*,#4730,.T.);
#6262=ORIENTED_EDGE('',*,*,#4230,.T.);
#6263=ORIENTED_EDGE('',*,*,#4729,.F.);
#6264=ORIENTED_EDGE('',*,*,#4503,.T.);
#6265=ORIENTED_EDGE('',*,*,#4731,.T.);
#6266=ORIENTED_EDGE('',*,*,#4231,.T.);
#6267=ORIENTED_EDGE('',*,*,#4730,.F.);
#6268=ORIENTED_EDGE('',*,*,#4505,.T.);
#6269=ORIENTED_EDGE('',*,*,#4732,.T.);
#6270=ORIENTED_EDGE('',*,*,#4232,.T.);
#6271=ORIENTED_EDGE('',*,*,#4731,.F.);
#6272=ORIENTED_EDGE('',*,*,#4507,.T.);
#6273=ORIENTED_EDGE('',*,*,#4733,.T.);
#6274=ORIENTED_EDGE('',*,*,#4233,.T.);
#6275=ORIENTED_EDGE('',*,*,#4732,.F.);
#6276=ORIENTED_EDGE('',*,*,#4509,.T.);
#6277=ORIENTED_EDGE('',*,*,#4733,.F.);
#6278=ORIENTED_EDGE('',*,*,#4511,.T.);
#6279=ORIENTED_EDGE('',*,*,#4734,.T.);
#6280=ORIENTED_EDGE('',*,*,#4234,.T.);
#6281=ORIENTED_EDGE('',*,*,#4734,.F.);
#6282=ORIENTED_EDGE('',*,*,#4513,.T.);
#6283=ORIENTED_EDGE('',*,*,#4735,.T.);
#6284=ORIENTED_EDGE('',*,*,#4235,.T.);
#6285=ORIENTED_EDGE('',*,*,#4735,.F.);
#6286=ORIENTED_EDGE('',*,*,#4515,.T.);
#6287=ORIENTED_EDGE('',*,*,#4736,.T.);
#6288=ORIENTED_EDGE('',*,*,#4236,.T.);
#6289=ORIENTED_EDGE('',*,*,#4737,.T.);
#6290=ORIENTED_EDGE('',*,*,#4237,.T.);
#6291=ORIENTED_EDGE('',*,*,#4736,.F.);
#6292=ORIENTED_EDGE('',*,*,#4517,.T.);
#6293=ORIENTED_EDGE('',*,*,#4738,.T.);
#6294=ORIENTED_EDGE('',*,*,#4238,.T.);
#6295=ORIENTED_EDGE('',*,*,#4737,.F.);
#6296=ORIENTED_EDGE('',*,*,#4519,.T.);
#6297=ORIENTED_EDGE('',*,*,#4739,.T.);
#6298=ORIENTED_EDGE('',*,*,#4239,.T.);
#6299=ORIENTED_EDGE('',*,*,#4738,.F.);
#6300=ORIENTED_EDGE('',*,*,#4521,.T.);
#6301=ORIENTED_EDGE('',*,*,#4740,.T.);
#6302=ORIENTED_EDGE('',*,*,#4240,.T.);
#6303=ORIENTED_EDGE('',*,*,#4739,.F.);
#6304=ORIENTED_EDGE('',*,*,#4523,.T.);
#6305=ORIENTED_EDGE('',*,*,#4740,.F.);
#6306=ORIENTED_EDGE('',*,*,#4525,.T.);
#6307=ORIENTED_EDGE('',*,*,#4741,.T.);
#6308=ORIENTED_EDGE('',*,*,#4241,.T.);
#6309=ORIENTED_EDGE('',*,*,#4742,.T.);
#6310=ORIENTED_EDGE('',*,*,#4242,.T.);
#6311=ORIENTED_EDGE('',*,*,#4741,.F.);
#6312=ORIENTED_EDGE('',*,*,#4527,.T.);
#6313=ORIENTED_EDGE('',*,*,#4742,.F.);
#6314=ORIENTED_EDGE('',*,*,#4529,.T.);
#6315=ORIENTED_EDGE('',*,*,#4743,.T.);
#6316=ORIENTED_EDGE('',*,*,#4243,.T.);
#6317=ORIENTED_EDGE('',*,*,#4744,.T.);
#6318=ORIENTED_EDGE('',*,*,#4244,.T.);
#6319=ORIENTED_EDGE('',*,*,#4743,.F.);
#6320=ORIENTED_EDGE('',*,*,#4531,.T.);
#6321=ORIENTED_EDGE('',*,*,#4744,.F.);
#6322=ORIENTED_EDGE('',*,*,#4533,.T.);
#6323=ORIENTED_EDGE('',*,*,#4745,.T.);
#6324=ORIENTED_EDGE('',*,*,#4245,.T.);
#6325=ORIENTED_EDGE('',*,*,#4746,.T.);
#6326=ORIENTED_EDGE('',*,*,#4246,.T.);
#6327=ORIENTED_EDGE('',*,*,#4745,.F.);
#6328=ORIENTED_EDGE('',*,*,#4535,.T.);
#6329=ORIENTED_EDGE('',*,*,#4747,.T.);
#6330=ORIENTED_EDGE('',*,*,#4247,.T.);
#6331=ORIENTED_EDGE('',*,*,#4746,.F.);
#6332=ORIENTED_EDGE('',*,*,#4537,.T.);
#6333=ORIENTED_EDGE('',*,*,#4748,.T.);
#6334=ORIENTED_EDGE('',*,*,#4248,.T.);
#6335=ORIENTED_EDGE('',*,*,#4747,.F.);
#6336=ORIENTED_EDGE('',*,*,#4539,.T.);
#6337=ORIENTED_EDGE('',*,*,#4748,.F.);
#6338=ORIENTED_EDGE('',*,*,#4541,.T.);
#6339=ORIENTED_EDGE('',*,*,#4749,.T.);
#6340=ORIENTED_EDGE('',*,*,#4249,.T.);
#6341=ORIENTED_EDGE('',*,*,#4250,.T.);
#6342=ORIENTED_EDGE('',*,*,#4749,.F.);
#6343=ORIENTED_EDGE('',*,*,#4543,.T.);
#6344=ORIENTED_EDGE('',*,*,#4718,.F.);
#6345=ORIENTED_EDGE('',*,*,#4218,.T.);
#6346=ORIENTED_EDGE('',*,*,#4750,.T.);
#6347=ORIENTED_EDGE('',*,*,#4751,.T.);
#6348=ORIENTED_EDGE('',*,*,#4716,.F.);
#6349=ORIENTED_EDGE('',*,*,#4719,.F.);
#6350=ORIENTED_EDGE('',*,*,#4549,.T.);
#6351=ORIENTED_EDGE('',*,*,#4712,.F.);
#6352=ORIENTED_EDGE('',*,*,#4713,.F.);
#6353=ORIENTED_EDGE('',*,*,#4635,.T.);
#6354=ORIENTED_EDGE('',*,*,#4648,.F.);
#6355=ORIENTED_EDGE('',*,*,#4711,.F.);
#6356=ORIENTED_EDGE('',*,*,#4752,.T.);
#6357=ORIENTED_EDGE('',*,*,#4640,.F.);
#6358=ORIENTED_EDGE('',*,*,#4642,.F.);
#6359=ORIENTED_EDGE('',*,*,#4753,.T.);
#6360=ORIENTED_EDGE('',*,*,#4750,.F.);
#6361=ORIENTED_EDGE('',*,*,#4414,.F.);
#6362=ORIENTED_EDGE('',*,*,#4754,.F.);
#6363=ORIENTED_EDGE('',*,*,#4709,.F.);
#6364=ORIENTED_EDGE('',*,*,#4755,.F.);
#6365=ORIENTED_EDGE('',*,*,#4416,.F.);
#6366=ORIENTED_EDGE('',*,*,#4755,.T.);
#6367=ORIENTED_EDGE('',*,*,#4707,.F.);
#6368=ORIENTED_EDGE('',*,*,#4756,.T.);
#6369=ORIENTED_EDGE('',*,*,#4418,.F.);
#6370=ORIENTED_EDGE('',*,*,#4756,.F.);
#6371=ORIENTED_EDGE('',*,*,#4706,.F.);
#6372=ORIENTED_EDGE('',*,*,#4757,.F.);
#6373=ORIENTED_EDGE('',*,*,#4420,.F.);
#6374=ORIENTED_EDGE('',*,*,#4757,.T.);
#6375=ORIENTED_EDGE('',*,*,#4704,.F.);
#6376=ORIENTED_EDGE('',*,*,#4758,.F.);
#6377=ORIENTED_EDGE('',*,*,#4422,.F.);
#6378=ORIENTED_EDGE('',*,*,#4758,.T.);
#6379=ORIENTED_EDGE('',*,*,#4702,.F.);
#6380=ORIENTED_EDGE('',*,*,#4759,.F.);
#6381=ORIENTED_EDGE('',*,*,#4424,.F.);
#6382=ORIENTED_EDGE('',*,*,#4759,.T.);
#6383=ORIENTED_EDGE('',*,*,#4699,.F.);
#6384=ORIENTED_EDGE('',*,*,#4760,.T.);
#6385=ORIENTED_EDGE('',*,*,#4427,.F.);
#6386=ORIENTED_EDGE('',*,*,#4760,.F.);
#6387=ORIENTED_EDGE('',*,*,#4698,.F.);
#6388=ORIENTED_EDGE('',*,*,#4761,.F.);
#6389=ORIENTED_EDGE('',*,*,#4428,.F.);
#6390=ORIENTED_EDGE('',*,*,#4761,.T.);
#6391=ORIENTED_EDGE('',*,*,#4695,.F.);
#6392=ORIENTED_EDGE('',*,*,#4762,.T.);
#6393=ORIENTED_EDGE('',*,*,#4431,.F.);
#6394=ORIENTED_EDGE('',*,*,#4762,.F.);
#6395=ORIENTED_EDGE('',*,*,#4694,.F.);
#6396=ORIENTED_EDGE('',*,*,#4763,.F.);
#6397=ORIENTED_EDGE('',*,*,#4432,.F.);
#6398=ORIENTED_EDGE('',*,*,#4763,.T.);
#6399=ORIENTED_EDGE('',*,*,#4691,.F.);
#6400=ORIENTED_EDGE('',*,*,#4764,.T.);
#6401=ORIENTED_EDGE('',*,*,#4435,.F.);
#6402=ORIENTED_EDGE('',*,*,#4764,.F.);
#6403=ORIENTED_EDGE('',*,*,#4690,.F.);
#6404=ORIENTED_EDGE('',*,*,#4765,.F.);
#6405=ORIENTED_EDGE('',*,*,#4437,.F.);
#6406=ORIENTED_EDGE('',*,*,#4765,.T.);
#6407=ORIENTED_EDGE('',*,*,#4688,.F.);
#6408=ORIENTED_EDGE('',*,*,#4766,.F.);
#6409=ORIENTED_EDGE('',*,*,#4439,.F.);
#6410=ORIENTED_EDGE('',*,*,#4766,.T.);
#6411=ORIENTED_EDGE('',*,*,#4686,.F.);
#6412=ORIENTED_EDGE('',*,*,#4767,.F.);
#6413=ORIENTED_EDGE('',*,*,#4441,.F.);
#6414=ORIENTED_EDGE('',*,*,#4767,.T.);
#6415=ORIENTED_EDGE('',*,*,#4684,.F.);
#6416=ORIENTED_EDGE('',*,*,#4768,.F.);
#6417=ORIENTED_EDGE('',*,*,#4442,.F.);
#6418=ORIENTED_EDGE('',*,*,#4768,.T.);
#6419=ORIENTED_EDGE('',*,*,#4681,.F.);
#6420=ORIENTED_EDGE('',*,*,#4769,.T.);
#6421=ORIENTED_EDGE('',*,*,#4445,.F.);
#6422=ORIENTED_EDGE('',*,*,#4769,.F.);
#6423=ORIENTED_EDGE('',*,*,#4679,.F.);
#6424=ORIENTED_EDGE('',*,*,#4770,.F.);
#6425=ORIENTED_EDGE('',*,*,#4771,.T.);
#6426=ORIENTED_EDGE('',*,*,#4772,.T.);
#6427=ORIENTED_EDGE('',*,*,#4773,.T.);
#6428=ORIENTED_EDGE('',*,*,#4774,.T.);
#6429=ORIENTED_EDGE('',*,*,#4775,.T.);
#6430=ORIENTED_EDGE('',*,*,#4776,.T.);
#6431=ORIENTED_EDGE('',*,*,#4777,.T.);
#6432=ORIENTED_EDGE('',*,*,#4778,.T.);
#6433=ORIENTED_EDGE('',*,*,#4779,.T.);
#6434=ORIENTED_EDGE('',*,*,#4780,.T.);
#6435=ORIENTED_EDGE('',*,*,#4781,.T.);
#6436=ORIENTED_EDGE('',*,*,#4782,.T.);
#6437=ORIENTED_EDGE('',*,*,#4783,.T.);
#6438=ORIENTED_EDGE('',*,*,#4784,.T.);
#6439=ORIENTED_EDGE('',*,*,#4785,.T.);
#6440=ORIENTED_EDGE('',*,*,#4786,.T.);
#6441=ORIENTED_EDGE('',*,*,#4787,.T.);
#6442=ORIENTED_EDGE('',*,*,#4788,.T.);
#6443=ORIENTED_EDGE('',*,*,#4789,.T.);
#6444=ORIENTED_EDGE('',*,*,#4790,.T.);
#6445=ORIENTED_EDGE('',*,*,#4791,.T.);
#6446=ORIENTED_EDGE('',*,*,#4792,.T.);
#6447=ORIENTED_EDGE('',*,*,#4793,.T.);
#6448=ORIENTED_EDGE('',*,*,#4794,.T.);
#6449=ORIENTED_EDGE('',*,*,#4795,.T.);
#6450=ORIENTED_EDGE('',*,*,#4796,.T.);
#6451=ORIENTED_EDGE('',*,*,#4797,.T.);
#6452=ORIENTED_EDGE('',*,*,#4798,.T.);
#6453=ORIENTED_EDGE('',*,*,#4799,.T.);
#6454=ORIENTED_EDGE('',*,*,#4800,.T.);
#6455=ORIENTED_EDGE('',*,*,#4801,.T.);
#6456=ORIENTED_EDGE('',*,*,#4802,.T.);
#6457=ORIENTED_EDGE('',*,*,#4803,.T.);
#6458=ORIENTED_EDGE('',*,*,#4804,.T.);
#6459=ORIENTED_EDGE('',*,*,#4805,.T.);
#6460=ORIENTED_EDGE('',*,*,#4806,.T.);
#6461=ORIENTED_EDGE('',*,*,#4807,.T.);
#6462=ORIENTED_EDGE('',*,*,#4808,.T.);
#6463=ORIENTED_EDGE('',*,*,#4809,.T.);
#6464=ORIENTED_EDGE('',*,*,#4810,.T.);
#6465=ORIENTED_EDGE('',*,*,#4811,.T.);
#6466=ORIENTED_EDGE('',*,*,#4812,.T.);
#6467=ORIENTED_EDGE('',*,*,#4813,.T.);
#6468=ORIENTED_EDGE('',*,*,#4814,.T.);
#6469=ORIENTED_EDGE('',*,*,#4815,.T.);
#6470=ORIENTED_EDGE('',*,*,#4816,.T.);
#6471=ORIENTED_EDGE('',*,*,#4817,.T.);
#6472=ORIENTED_EDGE('',*,*,#4818,.T.);
#6473=ORIENTED_EDGE('',*,*,#4819,.T.);
#6474=ORIENTED_EDGE('',*,*,#4820,.T.);
#6475=ORIENTED_EDGE('',*,*,#4821,.T.);
#6476=ORIENTED_EDGE('',*,*,#4822,.T.);
#6477=ORIENTED_EDGE('',*,*,#4823,.T.);
#6478=ORIENTED_EDGE('',*,*,#4824,.T.);
#6479=ORIENTED_EDGE('',*,*,#4825,.T.);
#6480=ORIENTED_EDGE('',*,*,#4826,.T.);
#6481=ORIENTED_EDGE('',*,*,#4827,.T.);
#6482=ORIENTED_EDGE('',*,*,#4828,.T.);
#6483=ORIENTED_EDGE('',*,*,#4829,.T.);
#6484=ORIENTED_EDGE('',*,*,#4830,.T.);
#6485=ORIENTED_EDGE('',*,*,#4831,.T.);
#6486=ORIENTED_EDGE('',*,*,#4832,.T.);
#6487=ORIENTED_EDGE('',*,*,#4833,.T.);
#6488=ORIENTED_EDGE('',*,*,#4834,.T.);
#6489=ORIENTED_EDGE('',*,*,#4835,.T.);
#6490=ORIENTED_EDGE('',*,*,#4836,.T.);
#6491=ORIENTED_EDGE('',*,*,#4837,.T.);
#6492=ORIENTED_EDGE('',*,*,#4838,.T.);
#6493=ORIENTED_EDGE('',*,*,#4839,.T.);
#6494=ORIENTED_EDGE('',*,*,#4840,.T.);
#6495=ORIENTED_EDGE('',*,*,#4841,.T.);
#6496=ORIENTED_EDGE('',*,*,#4842,.T.);
#6497=ORIENTED_EDGE('',*,*,#4843,.T.);
#6498=ORIENTED_EDGE('',*,*,#4844,.T.);
#6499=ORIENTED_EDGE('',*,*,#4845,.T.);
#6500=ORIENTED_EDGE('',*,*,#4846,.T.);
#6501=ORIENTED_EDGE('',*,*,#4847,.T.);
#6502=ORIENTED_EDGE('',*,*,#4848,.T.);
#6503=ORIENTED_EDGE('',*,*,#4849,.T.);
#6504=ORIENTED_EDGE('',*,*,#4850,.T.);
#6505=ORIENTED_EDGE('',*,*,#4851,.T.);
#6506=ORIENTED_EDGE('',*,*,#4852,.T.);
#6507=ORIENTED_EDGE('',*,*,#4853,.T.);
#6508=ORIENTED_EDGE('',*,*,#4854,.T.);
#6509=ORIENTED_EDGE('',*,*,#4855,.T.);
#6510=ORIENTED_EDGE('',*,*,#4856,.T.);
#6511=ORIENTED_EDGE('',*,*,#4857,.T.);
#6512=ORIENTED_EDGE('',*,*,#4858,.T.);
#6513=ORIENTED_EDGE('',*,*,#4859,.T.);
#6514=ORIENTED_EDGE('',*,*,#4860,.T.);
#6515=ORIENTED_EDGE('',*,*,#4861,.T.);
#6516=ORIENTED_EDGE('',*,*,#4862,.T.);
#6517=ORIENTED_EDGE('',*,*,#4863,.T.);
#6518=ORIENTED_EDGE('',*,*,#4864,.T.);
#6519=ORIENTED_EDGE('',*,*,#4865,.T.);
#6520=ORIENTED_EDGE('',*,*,#4866,.T.);
#6521=ORIENTED_EDGE('',*,*,#4867,.T.);
#6522=ORIENTED_EDGE('',*,*,#4868,.T.);
#6523=ORIENTED_EDGE('',*,*,#4869,.T.);
#6524=ORIENTED_EDGE('',*,*,#4870,.T.);
#6525=ORIENTED_EDGE('',*,*,#4871,.T.);
#6526=ORIENTED_EDGE('',*,*,#4872,.T.);
#6527=ORIENTED_EDGE('',*,*,#4446,.F.);
#6528=ORIENTED_EDGE('',*,*,#4770,.T.);
#6529=ORIENTED_EDGE('',*,*,#4677,.F.);
#6530=ORIENTED_EDGE('',*,*,#4873,.T.);
#6531=ORIENTED_EDGE('',*,*,#4449,.F.);
#6532=ORIENTED_EDGE('',*,*,#4873,.F.);
#6533=ORIENTED_EDGE('',*,*,#4676,.F.);
#6534=ORIENTED_EDGE('',*,*,#4874,.F.);
#6535=ORIENTED_EDGE('',*,*,#4451,.F.);
#6536=ORIENTED_EDGE('',*,*,#4874,.T.);
#6537=ORIENTED_EDGE('',*,*,#4674,.F.);
#6538=ORIENTED_EDGE('',*,*,#4875,.F.);
#6539=ORIENTED_EDGE('',*,*,#4453,.F.);
#6540=ORIENTED_EDGE('',*,*,#4875,.T.);
#6541=ORIENTED_EDGE('',*,*,#4672,.F.);
#6542=ORIENTED_EDGE('',*,*,#4876,.F.);
#6543=ORIENTED_EDGE('',*,*,#4455,.F.);
#6544=ORIENTED_EDGE('',*,*,#4876,.T.);
#6545=ORIENTED_EDGE('',*,*,#4670,.F.);
#6546=ORIENTED_EDGE('',*,*,#4877,.F.);
#6547=ORIENTED_EDGE('',*,*,#4456,.F.);
#6548=ORIENTED_EDGE('',*,*,#4877,.T.);
#6549=ORIENTED_EDGE('',*,*,#4667,.F.);
#6550=ORIENTED_EDGE('',*,*,#4878,.T.);
#6551=ORIENTED_EDGE('',*,*,#4459,.F.);
#6552=ORIENTED_EDGE('',*,*,#4878,.F.);
#6553=ORIENTED_EDGE('',*,*,#4666,.F.);
#6554=ORIENTED_EDGE('',*,*,#4879,.F.);
#6555=ORIENTED_EDGE('',*,*,#4460,.F.);
#6556=ORIENTED_EDGE('',*,*,#4879,.T.);
#6557=ORIENTED_EDGE('',*,*,#4663,.F.);
#6558=ORIENTED_EDGE('',*,*,#4880,.T.);
#6559=ORIENTED_EDGE('',*,*,#4463,.F.);
#6560=ORIENTED_EDGE('',*,*,#4880,.F.);
#6561=ORIENTED_EDGE('',*,*,#4662,.F.);
#6562=ORIENTED_EDGE('',*,*,#4881,.F.);
#6563=ORIENTED_EDGE('',*,*,#4464,.F.);
#6564=ORIENTED_EDGE('',*,*,#4881,.T.);
#6565=ORIENTED_EDGE('',*,*,#4659,.F.);
#6566=ORIENTED_EDGE('',*,*,#4882,.T.);
#6567=ORIENTED_EDGE('',*,*,#4467,.F.);
#6568=ORIENTED_EDGE('',*,*,#4882,.F.);
#6569=ORIENTED_EDGE('',*,*,#4657,.F.);
#6570=ORIENTED_EDGE('',*,*,#4883,.F.);
#6571=ORIENTED_EDGE('',*,*,#4469,.F.);
#6572=ORIENTED_EDGE('',*,*,#4883,.T.);
#6573=ORIENTED_EDGE('',*,*,#4655,.F.);
#6574=ORIENTED_EDGE('',*,*,#4884,.F.);
#6575=ORIENTED_EDGE('',*,*,#4471,.F.);
#6576=ORIENTED_EDGE('',*,*,#4884,.T.);
#6577=ORIENTED_EDGE('',*,*,#4653,.F.);
#6578=ORIENTED_EDGE('',*,*,#4885,.F.);
#6579=ORIENTED_EDGE('',*,*,#4472,.F.);
#6580=ORIENTED_EDGE('',*,*,#4885,.T.);
#6581=ORIENTED_EDGE('',*,*,#4651,.F.);
#6582=ORIENTED_EDGE('',*,*,#4886,.T.);
#6583=ORIENTED_EDGE('',*,*,#4474,.F.);
#6584=ORIENTED_EDGE('',*,*,#4886,.F.);
#6585=ORIENTED_EDGE('',*,*,#4649,.F.);
#6586=ORIENTED_EDGE('',*,*,#4638,.F.);
#6587=ORIENTED_EDGE('',*,*,#4479,.F.);
#6588=ORIENTED_EDGE('',*,*,#4887,.T.);
#6589=ORIENTED_EDGE('',*,*,#4753,.F.);
#6590=ORIENTED_EDGE('',*,*,#4888,.T.);
#6591=ORIENTED_EDGE('',*,*,#4331,.F.);
#6592=ORIENTED_EDGE('',*,*,#4888,.F.);
#6593=ORIENTED_EDGE('',*,*,#4641,.F.);
#6594=ORIENTED_EDGE('',*,*,#4889,.F.);
#6595=ORIENTED_EDGE('',*,*,#4480,.F.);
#6596=ORIENTED_EDGE('',*,*,#4889,.T.);
#6597=ORIENTED_EDGE('',*,*,#4752,.F.);
#6598=ORIENTED_EDGE('',*,*,#4890,.T.);
#6599=ORIENTED_EDGE('',*,*,#4891,.F.);
#6600=ORIENTED_EDGE('',*,*,#4892,.F.);
#6601=ORIENTED_EDGE('',*,*,#4893,.F.);
#6602=ORIENTED_EDGE('',*,*,#4894,.F.);
#6603=ORIENTED_EDGE('',*,*,#4895,.F.);
#6604=ORIENTED_EDGE('',*,*,#4896,.F.);
#6605=ORIENTED_EDGE('',*,*,#4897,.F.);
#6606=ORIENTED_EDGE('',*,*,#4898,.F.);
#6607=ORIENTED_EDGE('',*,*,#4899,.F.);
#6608=ORIENTED_EDGE('',*,*,#4900,.F.);
#6609=ORIENTED_EDGE('',*,*,#4901,.F.);
#6610=ORIENTED_EDGE('',*,*,#4902,.F.);
#6611=ORIENTED_EDGE('',*,*,#4903,.F.);
#6612=ORIENTED_EDGE('',*,*,#4904,.F.);
#6613=ORIENTED_EDGE('',*,*,#4905,.F.);
#6614=ORIENTED_EDGE('',*,*,#4906,.F.);
#6615=ORIENTED_EDGE('',*,*,#4907,.F.);
#6616=ORIENTED_EDGE('',*,*,#4908,.F.);
#6617=ORIENTED_EDGE('',*,*,#4909,.F.);
#6618=ORIENTED_EDGE('',*,*,#4910,.F.);
#6619=ORIENTED_EDGE('',*,*,#4911,.F.);
#6620=ORIENTED_EDGE('',*,*,#4912,.F.);
#6621=ORIENTED_EDGE('',*,*,#4891,.T.);
#6622=ORIENTED_EDGE('',*,*,#4913,.T.);
#6623=ORIENTED_EDGE('',*,*,#4771,.F.);
#6624=ORIENTED_EDGE('',*,*,#4914,.F.);
#6625=ORIENTED_EDGE('',*,*,#4892,.T.);
#6626=ORIENTED_EDGE('',*,*,#4914,.T.);
#6627=ORIENTED_EDGE('',*,*,#4792,.F.);
#6628=ORIENTED_EDGE('',*,*,#4915,.F.);
#6629=ORIENTED_EDGE('',*,*,#4893,.T.);
#6630=ORIENTED_EDGE('',*,*,#4915,.T.);
#6631=ORIENTED_EDGE('',*,*,#4791,.F.);
#6632=ORIENTED_EDGE('',*,*,#4916,.F.);
#6633=ORIENTED_EDGE('',*,*,#4894,.T.);
#6634=ORIENTED_EDGE('',*,*,#4916,.T.);
#6635=ORIENTED_EDGE('',*,*,#4790,.F.);
#6636=ORIENTED_EDGE('',*,*,#4917,.F.);
#6637=ORIENTED_EDGE('',*,*,#4895,.T.);
#6638=ORIENTED_EDGE('',*,*,#4917,.T.);
#6639=ORIENTED_EDGE('',*,*,#4789,.F.);
#6640=ORIENTED_EDGE('',*,*,#4918,.F.);
#6641=ORIENTED_EDGE('',*,*,#4896,.T.);
#6642=ORIENTED_EDGE('',*,*,#4918,.T.);
#6643=ORIENTED_EDGE('',*,*,#4788,.F.);
#6644=ORIENTED_EDGE('',*,*,#4919,.F.);
#6645=ORIENTED_EDGE('',*,*,#4897,.T.);
#6646=ORIENTED_EDGE('',*,*,#4919,.T.);
#6647=ORIENTED_EDGE('',*,*,#4787,.F.);
#6648=ORIENTED_EDGE('',*,*,#4920,.F.);
#6649=ORIENTED_EDGE('',*,*,#4898,.T.);
#6650=ORIENTED_EDGE('',*,*,#4920,.T.);
#6651=ORIENTED_EDGE('',*,*,#4786,.F.);
#6652=ORIENTED_EDGE('',*,*,#4921,.F.);
#6653=ORIENTED_EDGE('',*,*,#4899,.T.);
#6654=ORIENTED_EDGE('',*,*,#4921,.T.);
#6655=ORIENTED_EDGE('',*,*,#4785,.F.);
#6656=ORIENTED_EDGE('',*,*,#4922,.F.);
#6657=ORIENTED_EDGE('',*,*,#4900,.T.);
#6658=ORIENTED_EDGE('',*,*,#4922,.T.);
#6659=ORIENTED_EDGE('',*,*,#4784,.F.);
#6660=ORIENTED_EDGE('',*,*,#4923,.F.);
#6661=ORIENTED_EDGE('',*,*,#4901,.T.);
#6662=ORIENTED_EDGE('',*,*,#4923,.T.);
#6663=ORIENTED_EDGE('',*,*,#4783,.F.);
#6664=ORIENTED_EDGE('',*,*,#4924,.F.);
#6665=ORIENTED_EDGE('',*,*,#4902,.T.);
#6666=ORIENTED_EDGE('',*,*,#4924,.T.);
#6667=ORIENTED_EDGE('',*,*,#4782,.F.);
#6668=ORIENTED_EDGE('',*,*,#4925,.F.);
#6669=ORIENTED_EDGE('',*,*,#4903,.T.);
#6670=ORIENTED_EDGE('',*,*,#4925,.T.);
#6671=ORIENTED_EDGE('',*,*,#4781,.F.);
#6672=ORIENTED_EDGE('',*,*,#4926,.F.);
#6673=ORIENTED_EDGE('',*,*,#4904,.T.);
#6674=ORIENTED_EDGE('',*,*,#4926,.T.);
#6675=ORIENTED_EDGE('',*,*,#4780,.F.);
#6676=ORIENTED_EDGE('',*,*,#4927,.F.);
#6677=ORIENTED_EDGE('',*,*,#4905,.T.);
#6678=ORIENTED_EDGE('',*,*,#4927,.T.);
#6679=ORIENTED_EDGE('',*,*,#4779,.F.);
#6680=ORIENTED_EDGE('',*,*,#4928,.F.);
#6681=ORIENTED_EDGE('',*,*,#4906,.T.);
#6682=ORIENTED_EDGE('',*,*,#4928,.T.);
#6683=ORIENTED_EDGE('',*,*,#4778,.F.);
#6684=ORIENTED_EDGE('',*,*,#4929,.F.);
#6685=ORIENTED_EDGE('',*,*,#4907,.T.);
#6686=ORIENTED_EDGE('',*,*,#4929,.T.);
#6687=ORIENTED_EDGE('',*,*,#4777,.F.);
#6688=ORIENTED_EDGE('',*,*,#4930,.F.);
#6689=ORIENTED_EDGE('',*,*,#4908,.T.);
#6690=ORIENTED_EDGE('',*,*,#4930,.T.);
#6691=ORIENTED_EDGE('',*,*,#4776,.F.);
#6692=ORIENTED_EDGE('',*,*,#4931,.F.);
#6693=ORIENTED_EDGE('',*,*,#4909,.T.);
#6694=ORIENTED_EDGE('',*,*,#4931,.T.);
#6695=ORIENTED_EDGE('',*,*,#4775,.F.);
#6696=ORIENTED_EDGE('',*,*,#4932,.F.);
#6697=ORIENTED_EDGE('',*,*,#4910,.T.);
#6698=ORIENTED_EDGE('',*,*,#4932,.T.);
#6699=ORIENTED_EDGE('',*,*,#4774,.F.);
#6700=ORIENTED_EDGE('',*,*,#4933,.F.);
#6701=ORIENTED_EDGE('',*,*,#4911,.T.);
#6702=ORIENTED_EDGE('',*,*,#4933,.T.);
#6703=ORIENTED_EDGE('',*,*,#4773,.F.);
#6704=ORIENTED_EDGE('',*,*,#4934,.F.);
#6705=ORIENTED_EDGE('',*,*,#4912,.T.);
#6706=ORIENTED_EDGE('',*,*,#4934,.T.);
#6707=ORIENTED_EDGE('',*,*,#4772,.F.);
#6708=ORIENTED_EDGE('',*,*,#4913,.F.);
#6709=ORIENTED_EDGE('',*,*,#4935,.T.);
#6710=ORIENTED_EDGE('',*,*,#4936,.T.);
#6711=ORIENTED_EDGE('',*,*,#4937,.F.);
#6712=ORIENTED_EDGE('',*,*,#4938,.F.);
#6713=ORIENTED_EDGE('',*,*,#4939,.T.);
#6714=ORIENTED_EDGE('',*,*,#4940,.T.);
#6715=ORIENTED_EDGE('',*,*,#4941,.F.);
#6716=ORIENTED_EDGE('',*,*,#4936,.F.);
#6717=ORIENTED_EDGE('',*,*,#4942,.T.);
#6718=ORIENTED_EDGE('',*,*,#4943,.T.);
#6719=ORIENTED_EDGE('',*,*,#4944,.F.);
#6720=ORIENTED_EDGE('',*,*,#4940,.F.);
#6721=ORIENTED_EDGE('',*,*,#4945,.T.);
#6722=ORIENTED_EDGE('',*,*,#4938,.T.);
#6723=ORIENTED_EDGE('',*,*,#4946,.F.);
#6724=ORIENTED_EDGE('',*,*,#4943,.F.);
#6725=ORIENTED_EDGE('',*,*,#4947,.F.);
#6726=ORIENTED_EDGE('',*,*,#4948,.F.);
#6727=ORIENTED_EDGE('',*,*,#4949,.F.);
#6728=ORIENTED_EDGE('',*,*,#4950,.F.);
#6729=ORIENTED_EDGE('',*,*,#4951,.F.);
#6730=ORIENTED_EDGE('',*,*,#4952,.F.);
#6731=ORIENTED_EDGE('',*,*,#4953,.F.);
#6732=ORIENTED_EDGE('',*,*,#4954,.F.);
#6733=ORIENTED_EDGE('',*,*,#4935,.F.);
#6734=ORIENTED_EDGE('',*,*,#4945,.F.);
#6735=ORIENTED_EDGE('',*,*,#4942,.F.);
#6736=ORIENTED_EDGE('',*,*,#4939,.F.);
#6737=ORIENTED_EDGE('',*,*,#4947,.T.);
#6738=ORIENTED_EDGE('',*,*,#4955,.T.);
#6739=ORIENTED_EDGE('',*,*,#4793,.F.);
#6740=ORIENTED_EDGE('',*,*,#4956,.F.);
#6741=ORIENTED_EDGE('',*,*,#4948,.T.);
#6742=ORIENTED_EDGE('',*,*,#4956,.T.);
#6743=ORIENTED_EDGE('',*,*,#4800,.F.);
#6744=ORIENTED_EDGE('',*,*,#4957,.F.);
#6745=ORIENTED_EDGE('',*,*,#4949,.T.);
#6746=ORIENTED_EDGE('',*,*,#4957,.T.);
#6747=ORIENTED_EDGE('',*,*,#4799,.F.);
#6748=ORIENTED_EDGE('',*,*,#4958,.F.);
#6749=ORIENTED_EDGE('',*,*,#4950,.T.);
#6750=ORIENTED_EDGE('',*,*,#4958,.T.);
#6751=ORIENTED_EDGE('',*,*,#4798,.F.);
#6752=ORIENTED_EDGE('',*,*,#4959,.F.);
#6753=ORIENTED_EDGE('',*,*,#4951,.T.);
#6754=ORIENTED_EDGE('',*,*,#4959,.T.);
#6755=ORIENTED_EDGE('',*,*,#4797,.F.);
#6756=ORIENTED_EDGE('',*,*,#4960,.F.);
#6757=ORIENTED_EDGE('',*,*,#4952,.T.);
#6758=ORIENTED_EDGE('',*,*,#4960,.T.);
#6759=ORIENTED_EDGE('',*,*,#4796,.F.);
#6760=ORIENTED_EDGE('',*,*,#4961,.F.);
#6761=ORIENTED_EDGE('',*,*,#4953,.T.);
#6762=ORIENTED_EDGE('',*,*,#4961,.T.);
#6763=ORIENTED_EDGE('',*,*,#4795,.F.);
#6764=ORIENTED_EDGE('',*,*,#4962,.F.);
#6765=ORIENTED_EDGE('',*,*,#4954,.T.);
#6766=ORIENTED_EDGE('',*,*,#4962,.T.);
#6767=ORIENTED_EDGE('',*,*,#4794,.F.);
#6768=ORIENTED_EDGE('',*,*,#4955,.F.);
#6769=ORIENTED_EDGE('',*,*,#4963,.F.);
#6770=ORIENTED_EDGE('',*,*,#4964,.F.);
#6771=ORIENTED_EDGE('',*,*,#4965,.F.);
#6772=ORIENTED_EDGE('',*,*,#4966,.F.);
#6773=ORIENTED_EDGE('',*,*,#4963,.T.);
#6774=ORIENTED_EDGE('',*,*,#4967,.T.);
#6775=ORIENTED_EDGE('',*,*,#4801,.F.);
#6776=ORIENTED_EDGE('',*,*,#4968,.F.);
#6777=ORIENTED_EDGE('',*,*,#4964,.T.);
#6778=ORIENTED_EDGE('',*,*,#4968,.T.);
#6779=ORIENTED_EDGE('',*,*,#4804,.F.);
#6780=ORIENTED_EDGE('',*,*,#4969,.F.);
#6781=ORIENTED_EDGE('',*,*,#4965,.T.);
#6782=ORIENTED_EDGE('',*,*,#4969,.T.);
#6783=ORIENTED_EDGE('',*,*,#4803,.F.);
#6784=ORIENTED_EDGE('',*,*,#4970,.F.);
#6785=ORIENTED_EDGE('',*,*,#4966,.T.);
#6786=ORIENTED_EDGE('',*,*,#4970,.T.);
#6787=ORIENTED_EDGE('',*,*,#4802,.F.);
#6788=ORIENTED_EDGE('',*,*,#4967,.F.);
#6789=ORIENTED_EDGE('',*,*,#4971,.F.);
#6790=ORIENTED_EDGE('',*,*,#4972,.F.);
#6791=ORIENTED_EDGE('',*,*,#4973,.F.);
#6792=ORIENTED_EDGE('',*,*,#4974,.F.);
#6793=ORIENTED_EDGE('',*,*,#4971,.T.);
#6794=ORIENTED_EDGE('',*,*,#4975,.T.);
#6795=ORIENTED_EDGE('',*,*,#4805,.F.);
#6796=ORIENTED_EDGE('',*,*,#4976,.F.);
#6797=ORIENTED_EDGE('',*,*,#4972,.T.);
#6798=ORIENTED_EDGE('',*,*,#4976,.T.);
#6799=ORIENTED_EDGE('',*,*,#4808,.F.);
#6800=ORIENTED_EDGE('',*,*,#4977,.F.);
#6801=ORIENTED_EDGE('',*,*,#4973,.T.);
#6802=ORIENTED_EDGE('',*,*,#4977,.T.);
#6803=ORIENTED_EDGE('',*,*,#4807,.F.);
#6804=ORIENTED_EDGE('',*,*,#4978,.F.);
#6805=ORIENTED_EDGE('',*,*,#4974,.T.);
#6806=ORIENTED_EDGE('',*,*,#4978,.T.);
#6807=ORIENTED_EDGE('',*,*,#4806,.F.);
#6808=ORIENTED_EDGE('',*,*,#4975,.F.);
#6809=ORIENTED_EDGE('',*,*,#4979,.F.);
#6810=ORIENTED_EDGE('',*,*,#4980,.F.);
#6811=ORIENTED_EDGE('',*,*,#4981,.F.);
#6812=ORIENTED_EDGE('',*,*,#4982,.F.);
#6813=ORIENTED_EDGE('',*,*,#4983,.F.);
#6814=ORIENTED_EDGE('',*,*,#4984,.F.);
#6815=ORIENTED_EDGE('',*,*,#4985,.F.);
#6816=ORIENTED_EDGE('',*,*,#4986,.F.);
#6817=ORIENTED_EDGE('',*,*,#4987,.F.);
#6818=ORIENTED_EDGE('',*,*,#4988,.F.);
#6819=ORIENTED_EDGE('',*,*,#4989,.F.);
#6820=ORIENTED_EDGE('',*,*,#4990,.F.);
#6821=ORIENTED_EDGE('',*,*,#4991,.F.);
#6822=ORIENTED_EDGE('',*,*,#4992,.F.);
#6823=ORIENTED_EDGE('',*,*,#4993,.F.);
#6824=ORIENTED_EDGE('',*,*,#4994,.F.);
#6825=ORIENTED_EDGE('',*,*,#4995,.F.);
#6826=ORIENTED_EDGE('',*,*,#4979,.T.);
#6827=ORIENTED_EDGE('',*,*,#4996,.T.);
#6828=ORIENTED_EDGE('',*,*,#4809,.F.);
#6829=ORIENTED_EDGE('',*,*,#4997,.F.);
#6830=ORIENTED_EDGE('',*,*,#4980,.T.);
#6831=ORIENTED_EDGE('',*,*,#4997,.T.);
#6832=ORIENTED_EDGE('',*,*,#4825,.F.);
#6833=ORIENTED_EDGE('',*,*,#4998,.F.);
#6834=ORIENTED_EDGE('',*,*,#4981,.T.);
#6835=ORIENTED_EDGE('',*,*,#4998,.T.);
#6836=ORIENTED_EDGE('',*,*,#4824,.F.);
#6837=ORIENTED_EDGE('',*,*,#4999,.F.);
#6838=ORIENTED_EDGE('',*,*,#4982,.T.);
#6839=ORIENTED_EDGE('',*,*,#4999,.T.);
#6840=ORIENTED_EDGE('',*,*,#4823,.F.);
#6841=ORIENTED_EDGE('',*,*,#5000,.F.);
#6842=ORIENTED_EDGE('',*,*,#4983,.T.);
#6843=ORIENTED_EDGE('',*,*,#5000,.T.);
#6844=ORIENTED_EDGE('',*,*,#4822,.F.);
#6845=ORIENTED_EDGE('',*,*,#5001,.F.);
#6846=ORIENTED_EDGE('',*,*,#4984,.T.);
#6847=ORIENTED_EDGE('',*,*,#5001,.T.);
#6848=ORIENTED_EDGE('',*,*,#4821,.F.);
#6849=ORIENTED_EDGE('',*,*,#5002,.F.);
#6850=ORIENTED_EDGE('',*,*,#4985,.T.);
#6851=ORIENTED_EDGE('',*,*,#5002,.T.);
#6852=ORIENTED_EDGE('',*,*,#4820,.F.);
#6853=ORIENTED_EDGE('',*,*,#5003,.F.);
#6854=ORIENTED_EDGE('',*,*,#4986,.T.);
#6855=ORIENTED_EDGE('',*,*,#5003,.T.);
#6856=ORIENTED_EDGE('',*,*,#4819,.F.);
#6857=ORIENTED_EDGE('',*,*,#5004,.F.);
#6858=ORIENTED_EDGE('',*,*,#4987,.T.);
#6859=ORIENTED_EDGE('',*,*,#5004,.T.);
#6860=ORIENTED_EDGE('',*,*,#4818,.F.);
#6861=ORIENTED_EDGE('',*,*,#5005,.F.);
#6862=ORIENTED_EDGE('',*,*,#4988,.T.);
#6863=ORIENTED_EDGE('',*,*,#5005,.T.);
#6864=ORIENTED_EDGE('',*,*,#4817,.F.);
#6865=ORIENTED_EDGE('',*,*,#5006,.F.);
#6866=ORIENTED_EDGE('',*,*,#4989,.T.);
#6867=ORIENTED_EDGE('',*,*,#5006,.T.);
#6868=ORIENTED_EDGE('',*,*,#4816,.F.);
#6869=ORIENTED_EDGE('',*,*,#5007,.F.);
#6870=ORIENTED_EDGE('',*,*,#4990,.T.);
#6871=ORIENTED_EDGE('',*,*,#5007,.T.);
#6872=ORIENTED_EDGE('',*,*,#4815,.F.);
#6873=ORIENTED_EDGE('',*,*,#5008,.F.);
#6874=ORIENTED_EDGE('',*,*,#4991,.T.);
#6875=ORIENTED_EDGE('',*,*,#5008,.T.);
#6876=ORIENTED_EDGE('',*,*,#4814,.F.);
#6877=ORIENTED_EDGE('',*,*,#5009,.F.);
#6878=ORIENTED_EDGE('',*,*,#4992,.T.);
#6879=ORIENTED_EDGE('',*,*,#5009,.T.);
#6880=ORIENTED_EDGE('',*,*,#4813,.F.);
#6881=ORIENTED_EDGE('',*,*,#5010,.F.);
#6882=ORIENTED_EDGE('',*,*,#4993,.T.);
#6883=ORIENTED_EDGE('',*,*,#5010,.T.);
#6884=ORIENTED_EDGE('',*,*,#4812,.F.);
#6885=ORIENTED_EDGE('',*,*,#5011,.F.);
#6886=ORIENTED_EDGE('',*,*,#4994,.T.);
#6887=ORIENTED_EDGE('',*,*,#5011,.T.);
#6888=ORIENTED_EDGE('',*,*,#4811,.F.);
#6889=ORIENTED_EDGE('',*,*,#5012,.F.);
#6890=ORIENTED_EDGE('',*,*,#4995,.T.);
#6891=ORIENTED_EDGE('',*,*,#5012,.T.);
#6892=ORIENTED_EDGE('',*,*,#4810,.F.);
#6893=ORIENTED_EDGE('',*,*,#4996,.F.);
#6894=ORIENTED_EDGE('',*,*,#5013,.F.);
#6895=ORIENTED_EDGE('',*,*,#5014,.F.);
#6896=ORIENTED_EDGE('',*,*,#5015,.F.);
#6897=ORIENTED_EDGE('',*,*,#5016,.F.);
#6898=ORIENTED_EDGE('',*,*,#5013,.T.);
#6899=ORIENTED_EDGE('',*,*,#5017,.T.);
#6900=ORIENTED_EDGE('',*,*,#4826,.F.);
#6901=ORIENTED_EDGE('',*,*,#5018,.F.);
#6902=ORIENTED_EDGE('',*,*,#5014,.T.);
#6903=ORIENTED_EDGE('',*,*,#5018,.T.);
#6904=ORIENTED_EDGE('',*,*,#4829,.F.);
#6905=ORIENTED_EDGE('',*,*,#5019,.F.);
#6906=ORIENTED_EDGE('',*,*,#5015,.T.);
#6907=ORIENTED_EDGE('',*,*,#5019,.T.);
#6908=ORIENTED_EDGE('',*,*,#4828,.F.);
#6909=ORIENTED_EDGE('',*,*,#5020,.F.);
#6910=ORIENTED_EDGE('',*,*,#5016,.T.);
#6911=ORIENTED_EDGE('',*,*,#5020,.T.);
#6912=ORIENTED_EDGE('',*,*,#4827,.F.);
#6913=ORIENTED_EDGE('',*,*,#5017,.F.);
#6914=ORIENTED_EDGE('',*,*,#5021,.F.);
#6915=ORIENTED_EDGE('',*,*,#5022,.F.);
#6916=ORIENTED_EDGE('',*,*,#5023,.F.);
#6917=ORIENTED_EDGE('',*,*,#5024,.F.);
#6918=ORIENTED_EDGE('',*,*,#5025,.F.);
#6919=ORIENTED_EDGE('',*,*,#5026,.F.);
#6920=ORIENTED_EDGE('',*,*,#5027,.F.);
#6921=ORIENTED_EDGE('',*,*,#5028,.F.);
#6922=ORIENTED_EDGE('',*,*,#5029,.F.);
#6923=ORIENTED_EDGE('',*,*,#5030,.F.);
#6924=ORIENTED_EDGE('',*,*,#5031,.F.);
#6925=ORIENTED_EDGE('',*,*,#5032,.F.);
#6926=ORIENTED_EDGE('',*,*,#5033,.F.);
#6927=ORIENTED_EDGE('',*,*,#5034,.F.);
#6928=ORIENTED_EDGE('',*,*,#5035,.F.);
#6929=ORIENTED_EDGE('',*,*,#5036,.F.);
#6930=ORIENTED_EDGE('',*,*,#5037,.F.);
#6931=ORIENTED_EDGE('',*,*,#5038,.F.);
#6932=ORIENTED_EDGE('',*,*,#5039,.F.);
#6933=ORIENTED_EDGE('',*,*,#5040,.F.);
#6934=ORIENTED_EDGE('',*,*,#5041,.F.);
#6935=ORIENTED_EDGE('',*,*,#5021,.T.);
#6936=ORIENTED_EDGE('',*,*,#5042,.T.);
#6937=ORIENTED_EDGE('',*,*,#4830,.F.);
#6938=ORIENTED_EDGE('',*,*,#5043,.F.);
#6939=ORIENTED_EDGE('',*,*,#5022,.T.);
#6940=ORIENTED_EDGE('',*,*,#5043,.T.);
#6941=ORIENTED_EDGE('',*,*,#4850,.F.);
#6942=ORIENTED_EDGE('',*,*,#5044,.F.);
#6943=ORIENTED_EDGE('',*,*,#5023,.T.);
#6944=ORIENTED_EDGE('',*,*,#5044,.T.);
#6945=ORIENTED_EDGE('',*,*,#4849,.F.);
#6946=ORIENTED_EDGE('',*,*,#5045,.F.);
#6947=ORIENTED_EDGE('',*,*,#5024,.T.);
#6948=ORIENTED_EDGE('',*,*,#5045,.T.);
#6949=ORIENTED_EDGE('',*,*,#4848,.F.);
#6950=ORIENTED_EDGE('',*,*,#5046,.F.);
#6951=ORIENTED_EDGE('',*,*,#5025,.T.);
#6952=ORIENTED_EDGE('',*,*,#5046,.T.);
#6953=ORIENTED_EDGE('',*,*,#4847,.F.);
#6954=ORIENTED_EDGE('',*,*,#5047,.F.);
#6955=ORIENTED_EDGE('',*,*,#5026,.T.);
#6956=ORIENTED_EDGE('',*,*,#5047,.T.);
#6957=ORIENTED_EDGE('',*,*,#4846,.F.);
#6958=ORIENTED_EDGE('',*,*,#5048,.F.);
#6959=ORIENTED_EDGE('',*,*,#5027,.T.);
#6960=ORIENTED_EDGE('',*,*,#5048,.T.);
#6961=ORIENTED_EDGE('',*,*,#4845,.F.);
#6962=ORIENTED_EDGE('',*,*,#5049,.F.);
#6963=ORIENTED_EDGE('',*,*,#5028,.T.);
#6964=ORIENTED_EDGE('',*,*,#5049,.T.);
#6965=ORIENTED_EDGE('',*,*,#4844,.F.);
#6966=ORIENTED_EDGE('',*,*,#5050,.F.);
#6967=ORIENTED_EDGE('',*,*,#5029,.T.);
#6968=ORIENTED_EDGE('',*,*,#5050,.T.);
#6969=ORIENTED_EDGE('',*,*,#4843,.F.);
#6970=ORIENTED_EDGE('',*,*,#5051,.F.);
#6971=ORIENTED_EDGE('',*,*,#5030,.T.);
#6972=ORIENTED_EDGE('',*,*,#5051,.T.);
#6973=ORIENTED_EDGE('',*,*,#4842,.F.);
#6974=ORIENTED_EDGE('',*,*,#5052,.F.);
#6975=ORIENTED_EDGE('',*,*,#5031,.T.);
#6976=ORIENTED_EDGE('',*,*,#5052,.T.);
#6977=ORIENTED_EDGE('',*,*,#4841,.F.);
#6978=ORIENTED_EDGE('',*,*,#5053,.F.);
#6979=ORIENTED_EDGE('',*,*,#5032,.T.);
#6980=ORIENTED_EDGE('',*,*,#5053,.T.);
#6981=ORIENTED_EDGE('',*,*,#4840,.F.);
#6982=ORIENTED_EDGE('',*,*,#5054,.F.);
#6983=ORIENTED_EDGE('',*,*,#5033,.T.);
#6984=ORIENTED_EDGE('',*,*,#5054,.T.);
#6985=ORIENTED_EDGE('',*,*,#4839,.F.);
#6986=ORIENTED_EDGE('',*,*,#5055,.F.);
#6987=ORIENTED_EDGE('',*,*,#5034,.T.);
#6988=ORIENTED_EDGE('',*,*,#5055,.T.);
#6989=ORIENTED_EDGE('',*,*,#4838,.F.);
#6990=ORIENTED_EDGE('',*,*,#5056,.F.);
#6991=ORIENTED_EDGE('',*,*,#5035,.T.);
#6992=ORIENTED_EDGE('',*,*,#5056,.T.);
#6993=ORIENTED_EDGE('',*,*,#4837,.F.);
#6994=ORIENTED_EDGE('',*,*,#5057,.F.);
#6995=ORIENTED_EDGE('',*,*,#5036,.T.);
#6996=ORIENTED_EDGE('',*,*,#5057,.T.);
#6997=ORIENTED_EDGE('',*,*,#4836,.F.);
#6998=ORIENTED_EDGE('',*,*,#5058,.F.);
#6999=ORIENTED_EDGE('',*,*,#5037,.T.);
#7000=ORIENTED_EDGE('',*,*,#5058,.T.);
#7001=ORIENTED_EDGE('',*,*,#4835,.F.);
#7002=ORIENTED_EDGE('',*,*,#5059,.F.);
#7003=ORIENTED_EDGE('',*,*,#5038,.T.);
#7004=ORIENTED_EDGE('',*,*,#5059,.T.);
#7005=ORIENTED_EDGE('',*,*,#4834,.F.);
#7006=ORIENTED_EDGE('',*,*,#5060,.F.);
#7007=ORIENTED_EDGE('',*,*,#5039,.T.);
#7008=ORIENTED_EDGE('',*,*,#5060,.T.);
#7009=ORIENTED_EDGE('',*,*,#4833,.F.);
#7010=ORIENTED_EDGE('',*,*,#5061,.F.);
#7011=ORIENTED_EDGE('',*,*,#5040,.T.);
#7012=ORIENTED_EDGE('',*,*,#5061,.T.);
#7013=ORIENTED_EDGE('',*,*,#4832,.F.);
#7014=ORIENTED_EDGE('',*,*,#5062,.F.);
#7015=ORIENTED_EDGE('',*,*,#5041,.T.);
#7016=ORIENTED_EDGE('',*,*,#5062,.T.);
#7017=ORIENTED_EDGE('',*,*,#4831,.F.);
#7018=ORIENTED_EDGE('',*,*,#5042,.F.);
#7019=ORIENTED_EDGE('',*,*,#5063,.F.);
#7020=ORIENTED_EDGE('',*,*,#5064,.F.);
#7021=ORIENTED_EDGE('',*,*,#5065,.F.);
#7022=ORIENTED_EDGE('',*,*,#5066,.F.);
#7023=ORIENTED_EDGE('',*,*,#5067,.F.);
#7024=ORIENTED_EDGE('',*,*,#5068,.F.);
#7025=ORIENTED_EDGE('',*,*,#5069,.F.);
#7026=ORIENTED_EDGE('',*,*,#5070,.F.);
#7027=ORIENTED_EDGE('',*,*,#5071,.F.);
#7028=ORIENTED_EDGE('',*,*,#5072,.F.);
#7029=ORIENTED_EDGE('',*,*,#5073,.F.);
#7030=ORIENTED_EDGE('',*,*,#5074,.F.);
#7031=ORIENTED_EDGE('',*,*,#5075,.F.);
#7032=ORIENTED_EDGE('',*,*,#5076,.F.);
#7033=ORIENTED_EDGE('',*,*,#5077,.F.);
#7034=ORIENTED_EDGE('',*,*,#5078,.F.);
#7035=ORIENTED_EDGE('',*,*,#5079,.F.);
#7036=ORIENTED_EDGE('',*,*,#5080,.F.);
#7037=ORIENTED_EDGE('',*,*,#5081,.F.);
#7038=ORIENTED_EDGE('',*,*,#5082,.F.);
#7039=ORIENTED_EDGE('',*,*,#5083,.F.);
#7040=ORIENTED_EDGE('',*,*,#5084,.F.);
#7041=ORIENTED_EDGE('',*,*,#5063,.T.);
#7042=ORIENTED_EDGE('',*,*,#5085,.T.);
#7043=ORIENTED_EDGE('',*,*,#4851,.F.);
#7044=ORIENTED_EDGE('',*,*,#5086,.F.);
#7045=ORIENTED_EDGE('',*,*,#5064,.T.);
#7046=ORIENTED_EDGE('',*,*,#5086,.T.);
#7047=ORIENTED_EDGE('',*,*,#4872,.F.);
#7048=ORIENTED_EDGE('',*,*,#5087,.F.);
#7049=ORIENTED_EDGE('',*,*,#5065,.T.);
#7050=ORIENTED_EDGE('',*,*,#5087,.T.);
#7051=ORIENTED_EDGE('',*,*,#4871,.F.);
#7052=ORIENTED_EDGE('',*,*,#5088,.F.);
#7053=ORIENTED_EDGE('',*,*,#5066,.T.);
#7054=ORIENTED_EDGE('',*,*,#5088,.T.);
#7055=ORIENTED_EDGE('',*,*,#4870,.F.);
#7056=ORIENTED_EDGE('',*,*,#5089,.F.);
#7057=ORIENTED_EDGE('',*,*,#5067,.T.);
#7058=ORIENTED_EDGE('',*,*,#5089,.T.);
#7059=ORIENTED_EDGE('',*,*,#4869,.F.);
#7060=ORIENTED_EDGE('',*,*,#5090,.F.);
#7061=ORIENTED_EDGE('',*,*,#5068,.T.);
#7062=ORIENTED_EDGE('',*,*,#5090,.T.);
#7063=ORIENTED_EDGE('',*,*,#4868,.F.);
#7064=ORIENTED_EDGE('',*,*,#5091,.F.);
#7065=ORIENTED_EDGE('',*,*,#5069,.T.);
#7066=ORIENTED_EDGE('',*,*,#5091,.T.);
#7067=ORIENTED_EDGE('',*,*,#4867,.F.);
#7068=ORIENTED_EDGE('',*,*,#5092,.F.);
#7069=ORIENTED_EDGE('',*,*,#5070,.T.);
#7070=ORIENTED_EDGE('',*,*,#5092,.T.);
#7071=ORIENTED_EDGE('',*,*,#4866,.F.);
#7072=ORIENTED_EDGE('',*,*,#5093,.F.);
#7073=ORIENTED_EDGE('',*,*,#5071,.T.);
#7074=ORIENTED_EDGE('',*,*,#5093,.T.);
#7075=ORIENTED_EDGE('',*,*,#4865,.F.);
#7076=ORIENTED_EDGE('',*,*,#5094,.F.);
#7077=ORIENTED_EDGE('',*,*,#5072,.T.);
#7078=ORIENTED_EDGE('',*,*,#5094,.T.);
#7079=ORIENTED_EDGE('',*,*,#4864,.F.);
#7080=ORIENTED_EDGE('',*,*,#5095,.F.);
#7081=ORIENTED_EDGE('',*,*,#5073,.T.);
#7082=ORIENTED_EDGE('',*,*,#5095,.T.);
#7083=ORIENTED_EDGE('',*,*,#4863,.F.);
#7084=ORIENTED_EDGE('',*,*,#5096,.F.);
#7085=ORIENTED_EDGE('',*,*,#5074,.T.);
#7086=ORIENTED_EDGE('',*,*,#5096,.T.);
#7087=ORIENTED_EDGE('',*,*,#4862,.F.);
#7088=ORIENTED_EDGE('',*,*,#5097,.F.);
#7089=ORIENTED_EDGE('',*,*,#5075,.T.);
#7090=ORIENTED_EDGE('',*,*,#5097,.T.);
#7091=ORIENTED_EDGE('',*,*,#4861,.F.);
#7092=ORIENTED_EDGE('',*,*,#5098,.F.);
#7093=ORIENTED_EDGE('',*,*,#5076,.T.);
#7094=ORIENTED_EDGE('',*,*,#5098,.T.);
#7095=ORIENTED_EDGE('',*,*,#4860,.F.);
#7096=ORIENTED_EDGE('',*,*,#5099,.F.);
#7097=ORIENTED_EDGE('',*,*,#5077,.T.);
#7098=ORIENTED_EDGE('',*,*,#5099,.T.);
#7099=ORIENTED_EDGE('',*,*,#4859,.F.);
#7100=ORIENTED_EDGE('',*,*,#5100,.F.);
#7101=ORIENTED_EDGE('',*,*,#5078,.T.);
#7102=ORIENTED_EDGE('',*,*,#5100,.T.);
#7103=ORIENTED_EDGE('',*,*,#4858,.F.);
#7104=ORIENTED_EDGE('',*,*,#5101,.F.);
#7105=ORIENTED_EDGE('',*,*,#5079,.T.);
#7106=ORIENTED_EDGE('',*,*,#5101,.T.);
#7107=ORIENTED_EDGE('',*,*,#4857,.F.);
#7108=ORIENTED_EDGE('',*,*,#5102,.F.);
#7109=ORIENTED_EDGE('',*,*,#5080,.T.);
#7110=ORIENTED_EDGE('',*,*,#5102,.T.);
#7111=ORIENTED_EDGE('',*,*,#4856,.F.);
#7112=ORIENTED_EDGE('',*,*,#5103,.F.);
#7113=ORIENTED_EDGE('',*,*,#5081,.T.);
#7114=ORIENTED_EDGE('',*,*,#5103,.T.);
#7115=ORIENTED_EDGE('',*,*,#4855,.F.);
#7116=ORIENTED_EDGE('',*,*,#5104,.F.);
#7117=ORIENTED_EDGE('',*,*,#5082,.T.);
#7118=ORIENTED_EDGE('',*,*,#5104,.T.);
#7119=ORIENTED_EDGE('',*,*,#4854,.F.);
#7120=ORIENTED_EDGE('',*,*,#5105,.F.);
#7121=ORIENTED_EDGE('',*,*,#5083,.T.);
#7122=ORIENTED_EDGE('',*,*,#5105,.T.);
#7123=ORIENTED_EDGE('',*,*,#4853,.F.);
#7124=ORIENTED_EDGE('',*,*,#5106,.F.);
#7125=ORIENTED_EDGE('',*,*,#5084,.T.);
#7126=ORIENTED_EDGE('',*,*,#5106,.T.);
#7127=ORIENTED_EDGE('',*,*,#4852,.F.);
#7128=ORIENTED_EDGE('',*,*,#5085,.F.);
#7129=ORIENTED_EDGE('',*,*,#5107,.F.);
#7130=ORIENTED_EDGE('',*,*,#5108,.F.);
#7131=ORIENTED_EDGE('',*,*,#5109,.F.);
#7132=ORIENTED_EDGE('',*,*,#5110,.F.);
#7133=ORIENTED_EDGE('',*,*,#5111,.F.);
#7134=ORIENTED_EDGE('',*,*,#5112,.F.);
#7135=ORIENTED_EDGE('',*,*,#5113,.F.);
#7136=ORIENTED_EDGE('',*,*,#5114,.F.);
#7137=ORIENTED_EDGE('',*,*,#5115,.F.);
#7138=ORIENTED_EDGE('',*,*,#5116,.F.);
#7139=ORIENTED_EDGE('',*,*,#5117,.F.);
#7140=ORIENTED_EDGE('',*,*,#5118,.F.);
#7141=ORIENTED_EDGE('',*,*,#5119,.F.);
#7142=ORIENTED_EDGE('',*,*,#5120,.F.);
#7143=ORIENTED_EDGE('',*,*,#5121,.F.);
#7144=ORIENTED_EDGE('',*,*,#5122,.F.);
#7145=ORIENTED_EDGE('',*,*,#5123,.F.);
#7146=ORIENTED_EDGE('',*,*,#5124,.F.);
#7147=ORIENTED_EDGE('',*,*,#5107,.T.);
#7148=ORIENTED_EDGE('',*,*,#5125,.T.);
#7149=ORIENTED_EDGE('',*,*,#4616,.F.);
#7150=ORIENTED_EDGE('',*,*,#5126,.F.);
#7151=ORIENTED_EDGE('',*,*,#5108,.T.);
#7152=ORIENTED_EDGE('',*,*,#5126,.T.);
#7153=ORIENTED_EDGE('',*,*,#4633,.F.);
#7154=ORIENTED_EDGE('',*,*,#5127,.F.);
#7155=ORIENTED_EDGE('',*,*,#5109,.T.);
#7156=ORIENTED_EDGE('',*,*,#5127,.T.);
#7157=ORIENTED_EDGE('',*,*,#4632,.F.);
#7158=ORIENTED_EDGE('',*,*,#5128,.F.);
#7159=ORIENTED_EDGE('',*,*,#5110,.T.);
#7160=ORIENTED_EDGE('',*,*,#5128,.T.);
#7161=ORIENTED_EDGE('',*,*,#4631,.F.);
#7162=ORIENTED_EDGE('',*,*,#5129,.F.);
#7163=ORIENTED_EDGE('',*,*,#5111,.T.);
#7164=ORIENTED_EDGE('',*,*,#5129,.T.);
#7165=ORIENTED_EDGE('',*,*,#4630,.F.);
#7166=ORIENTED_EDGE('',*,*,#5130,.F.);
#7167=ORIENTED_EDGE('',*,*,#5112,.T.);
#7168=ORIENTED_EDGE('',*,*,#5130,.T.);
#7169=ORIENTED_EDGE('',*,*,#4629,.F.);
#7170=ORIENTED_EDGE('',*,*,#5131,.F.);
#7171=ORIENTED_EDGE('',*,*,#5113,.T.);
#7172=ORIENTED_EDGE('',*,*,#5131,.T.);
#7173=ORIENTED_EDGE('',*,*,#4628,.F.);
#7174=ORIENTED_EDGE('',*,*,#5132,.F.);
#7175=ORIENTED_EDGE('',*,*,#5114,.T.);
#7176=ORIENTED_EDGE('',*,*,#5132,.T.);
#7177=ORIENTED_EDGE('',*,*,#4627,.F.);
#7178=ORIENTED_EDGE('',*,*,#5133,.F.);
#7179=ORIENTED_EDGE('',*,*,#5115,.T.);
#7180=ORIENTED_EDGE('',*,*,#5133,.T.);
#7181=ORIENTED_EDGE('',*,*,#4626,.F.);
#7182=ORIENTED_EDGE('',*,*,#5134,.F.);
#7183=ORIENTED_EDGE('',*,*,#5116,.T.);
#7184=ORIENTED_EDGE('',*,*,#5134,.T.);
#7185=ORIENTED_EDGE('',*,*,#4625,.F.);
#7186=ORIENTED_EDGE('',*,*,#5135,.F.);
#7187=ORIENTED_EDGE('',*,*,#5117,.T.);
#7188=ORIENTED_EDGE('',*,*,#5135,.T.);
#7189=ORIENTED_EDGE('',*,*,#4624,.F.);
#7190=ORIENTED_EDGE('',*,*,#5136,.F.);
#7191=ORIENTED_EDGE('',*,*,#5118,.T.);
#7192=ORIENTED_EDGE('',*,*,#5136,.T.);
#7193=ORIENTED_EDGE('',*,*,#4623,.F.);
#7194=ORIENTED_EDGE('',*,*,#5137,.F.);
#7195=ORIENTED_EDGE('',*,*,#5119,.T.);
#7196=ORIENTED_EDGE('',*,*,#5137,.T.);
#7197=ORIENTED_EDGE('',*,*,#4622,.F.);
#7198=ORIENTED_EDGE('',*,*,#5138,.F.);
#7199=ORIENTED_EDGE('',*,*,#5120,.T.);
#7200=ORIENTED_EDGE('',*,*,#5138,.T.);
#7201=ORIENTED_EDGE('',*,*,#4621,.F.);
#7202=ORIENTED_EDGE('',*,*,#5139,.F.);
#7203=ORIENTED_EDGE('',*,*,#5121,.T.);
#7204=ORIENTED_EDGE('',*,*,#5139,.T.);
#7205=ORIENTED_EDGE('',*,*,#4620,.F.);
#7206=ORIENTED_EDGE('',*,*,#5140,.F.);
#7207=ORIENTED_EDGE('',*,*,#5122,.T.);
#7208=ORIENTED_EDGE('',*,*,#5140,.T.);
#7209=ORIENTED_EDGE('',*,*,#4619,.F.);
#7210=ORIENTED_EDGE('',*,*,#5141,.F.);
#7211=ORIENTED_EDGE('',*,*,#5123,.T.);
#7212=ORIENTED_EDGE('',*,*,#5141,.T.);
#7213=ORIENTED_EDGE('',*,*,#4618,.F.);
#7214=ORIENTED_EDGE('',*,*,#5142,.F.);
#7215=ORIENTED_EDGE('',*,*,#5124,.T.);
#7216=ORIENTED_EDGE('',*,*,#5142,.T.);
#7217=ORIENTED_EDGE('',*,*,#4617,.F.);
#7218=ORIENTED_EDGE('',*,*,#5125,.F.);
#7219=ORIENTED_EDGE('',*,*,#5143,.F.);
#7220=ORIENTED_EDGE('',*,*,#5144,.F.);
#7221=ORIENTED_EDGE('',*,*,#5145,.F.);
#7222=ORIENTED_EDGE('',*,*,#5146,.F.);
#7223=ORIENTED_EDGE('',*,*,#5147,.F.);
#7224=ORIENTED_EDGE('',*,*,#5148,.F.);
#7225=ORIENTED_EDGE('',*,*,#5149,.F.);
#7226=ORIENTED_EDGE('',*,*,#5150,.F.);
#7227=ORIENTED_EDGE('',*,*,#5151,.F.);
#7228=ORIENTED_EDGE('',*,*,#5152,.F.);
#7229=ORIENTED_EDGE('',*,*,#5153,.F.);
#7230=ORIENTED_EDGE('',*,*,#5154,.F.);
#7231=ORIENTED_EDGE('',*,*,#5155,.F.);
#7232=ORIENTED_EDGE('',*,*,#5143,.T.);
#7233=ORIENTED_EDGE('',*,*,#5156,.T.);
#7234=ORIENTED_EDGE('',*,*,#4603,.F.);
#7235=ORIENTED_EDGE('',*,*,#5157,.F.);
#7236=ORIENTED_EDGE('',*,*,#5144,.T.);
#7237=ORIENTED_EDGE('',*,*,#5157,.T.);
#7238=ORIENTED_EDGE('',*,*,#4615,.F.);
#7239=ORIENTED_EDGE('',*,*,#5158,.F.);
#7240=ORIENTED_EDGE('',*,*,#5145,.T.);
#7241=ORIENTED_EDGE('',*,*,#5158,.T.);
#7242=ORIENTED_EDGE('',*,*,#4614,.F.);
#7243=ORIENTED_EDGE('',*,*,#5159,.F.);
#7244=ORIENTED_EDGE('',*,*,#5146,.T.);
#7245=ORIENTED_EDGE('',*,*,#5159,.T.);
#7246=ORIENTED_EDGE('',*,*,#4613,.F.);
#7247=ORIENTED_EDGE('',*,*,#5160,.F.);
#7248=ORIENTED_EDGE('',*,*,#5147,.T.);
#7249=ORIENTED_EDGE('',*,*,#5160,.T.);
#7250=ORIENTED_EDGE('',*,*,#4612,.F.);
#7251=ORIENTED_EDGE('',*,*,#5161,.F.);
#7252=ORIENTED_EDGE('',*,*,#5148,.T.);
#7253=ORIENTED_EDGE('',*,*,#5161,.T.);
#7254=ORIENTED_EDGE('',*,*,#4611,.F.);
#7255=ORIENTED_EDGE('',*,*,#5162,.F.);
#7256=ORIENTED_EDGE('',*,*,#5149,.T.);
#7257=ORIENTED_EDGE('',*,*,#5162,.T.);
#7258=ORIENTED_EDGE('',*,*,#4610,.F.);
#7259=ORIENTED_EDGE('',*,*,#5163,.F.);
#7260=ORIENTED_EDGE('',*,*,#5150,.T.);
#7261=ORIENTED_EDGE('',*,*,#5163,.T.);
#7262=ORIENTED_EDGE('',*,*,#4609,.F.);
#7263=ORIENTED_EDGE('',*,*,#5164,.F.);
#7264=ORIENTED_EDGE('',*,*,#5151,.T.);
#7265=ORIENTED_EDGE('',*,*,#5164,.T.);
#7266=ORIENTED_EDGE('',*,*,#4608,.F.);
#7267=ORIENTED_EDGE('',*,*,#5165,.F.);
#7268=ORIENTED_EDGE('',*,*,#5152,.T.);
#7269=ORIENTED_EDGE('',*,*,#5165,.T.);
#7270=ORIENTED_EDGE('',*,*,#4607,.F.);
#7271=ORIENTED_EDGE('',*,*,#5166,.F.);
#7272=ORIENTED_EDGE('',*,*,#5153,.T.);
#7273=ORIENTED_EDGE('',*,*,#5166,.T.);
#7274=ORIENTED_EDGE('',*,*,#4606,.F.);
#7275=ORIENTED_EDGE('',*,*,#5167,.F.);
#7276=ORIENTED_EDGE('',*,*,#5154,.T.);
#7277=ORIENTED_EDGE('',*,*,#5167,.T.);
#7278=ORIENTED_EDGE('',*,*,#4605,.F.);
#7279=ORIENTED_EDGE('',*,*,#5168,.F.);
#7280=ORIENTED_EDGE('',*,*,#5155,.T.);
#7281=ORIENTED_EDGE('',*,*,#5168,.T.);
#7282=ORIENTED_EDGE('',*,*,#4604,.F.);
#7283=ORIENTED_EDGE('',*,*,#5156,.F.);
#7284=ORIENTED_EDGE('',*,*,#5169,.T.);
#7285=ORIENTED_EDGE('',*,*,#5170,.T.);
#7286=ORIENTED_EDGE('',*,*,#5171,.F.);
#7287=ORIENTED_EDGE('',*,*,#5172,.F.);
#7288=ORIENTED_EDGE('',*,*,#5173,.T.);
#7289=ORIENTED_EDGE('',*,*,#5174,.T.);
#7290=ORIENTED_EDGE('',*,*,#5175,.F.);
#7291=ORIENTED_EDGE('',*,*,#5170,.F.);
#7292=ORIENTED_EDGE('',*,*,#5176,.T.);
#7293=ORIENTED_EDGE('',*,*,#5172,.T.);
#7294=ORIENTED_EDGE('',*,*,#5177,.F.);
#7295=ORIENTED_EDGE('',*,*,#5174,.F.);
#7296=ORIENTED_EDGE('',*,*,#5178,.F.);
#7297=ORIENTED_EDGE('',*,*,#5179,.F.);
#7298=ORIENTED_EDGE('',*,*,#5180,.F.);
#7299=ORIENTED_EDGE('',*,*,#5181,.F.);
#7300=ORIENTED_EDGE('',*,*,#5182,.F.);
#7301=ORIENTED_EDGE('',*,*,#5183,.F.);
#7302=ORIENTED_EDGE('',*,*,#5184,.F.);
#7303=ORIENTED_EDGE('',*,*,#5185,.F.);
#7304=ORIENTED_EDGE('',*,*,#5186,.F.);
#7305=ORIENTED_EDGE('',*,*,#5187,.F.);
#7306=ORIENTED_EDGE('',*,*,#5188,.F.);
#7307=ORIENTED_EDGE('',*,*,#5189,.F.);
#7308=ORIENTED_EDGE('',*,*,#5190,.F.);
#7309=ORIENTED_EDGE('',*,*,#5169,.F.);
#7310=ORIENTED_EDGE('',*,*,#5176,.F.);
#7311=ORIENTED_EDGE('',*,*,#5173,.F.);
#7312=ORIENTED_EDGE('',*,*,#5178,.T.);
#7313=ORIENTED_EDGE('',*,*,#5191,.T.);
#7314=ORIENTED_EDGE('',*,*,#4590,.F.);
#7315=ORIENTED_EDGE('',*,*,#5192,.F.);
#7316=ORIENTED_EDGE('',*,*,#5179,.T.);
#7317=ORIENTED_EDGE('',*,*,#5192,.T.);
#7318=ORIENTED_EDGE('',*,*,#4602,.F.);
#7319=ORIENTED_EDGE('',*,*,#5193,.F.);
#7320=ORIENTED_EDGE('',*,*,#5180,.T.);
#7321=ORIENTED_EDGE('',*,*,#5193,.T.);
#7322=ORIENTED_EDGE('',*,*,#4601,.F.);
#7323=ORIENTED_EDGE('',*,*,#5194,.F.);
#7324=ORIENTED_EDGE('',*,*,#5181,.T.);
#7325=ORIENTED_EDGE('',*,*,#5194,.T.);
#7326=ORIENTED_EDGE('',*,*,#4600,.F.);
#7327=ORIENTED_EDGE('',*,*,#5195,.F.);
#7328=ORIENTED_EDGE('',*,*,#5182,.T.);
#7329=ORIENTED_EDGE('',*,*,#5195,.T.);
#7330=ORIENTED_EDGE('',*,*,#4599,.F.);
#7331=ORIENTED_EDGE('',*,*,#5196,.F.);
#7332=ORIENTED_EDGE('',*,*,#5183,.T.);
#7333=ORIENTED_EDGE('',*,*,#5196,.T.);
#7334=ORIENTED_EDGE('',*,*,#4598,.F.);
#7335=ORIENTED_EDGE('',*,*,#5197,.F.);
#7336=ORIENTED_EDGE('',*,*,#5184,.T.);
#7337=ORIENTED_EDGE('',*,*,#5197,.T.);
#7338=ORIENTED_EDGE('',*,*,#4597,.F.);
#7339=ORIENTED_EDGE('',*,*,#5198,.F.);
#7340=ORIENTED_EDGE('',*,*,#5185,.T.);
#7341=ORIENTED_EDGE('',*,*,#5198,.T.);
#7342=ORIENTED_EDGE('',*,*,#4596,.F.);
#7343=ORIENTED_EDGE('',*,*,#5199,.F.);
#7344=ORIENTED_EDGE('',*,*,#5186,.T.);
#7345=ORIENTED_EDGE('',*,*,#5199,.T.);
#7346=ORIENTED_EDGE('',*,*,#4595,.F.);
#7347=ORIENTED_EDGE('',*,*,#5200,.F.);
#7348=ORIENTED_EDGE('',*,*,#5187,.T.);
#7349=ORIENTED_EDGE('',*,*,#5200,.T.);
#7350=ORIENTED_EDGE('',*,*,#4594,.F.);
#7351=ORIENTED_EDGE('',*,*,#5201,.F.);
#7352=ORIENTED_EDGE('',*,*,#5188,.T.);
#7353=ORIENTED_EDGE('',*,*,#5201,.T.);
#7354=ORIENTED_EDGE('',*,*,#4593,.F.);
#7355=ORIENTED_EDGE('',*,*,#5202,.F.);
#7356=ORIENTED_EDGE('',*,*,#5189,.T.);
#7357=ORIENTED_EDGE('',*,*,#5202,.T.);
#7358=ORIENTED_EDGE('',*,*,#4592,.F.);
#7359=ORIENTED_EDGE('',*,*,#5203,.F.);
#7360=ORIENTED_EDGE('',*,*,#5190,.T.);
#7361=ORIENTED_EDGE('',*,*,#5203,.T.);
#7362=ORIENTED_EDGE('',*,*,#4591,.F.);
#7363=ORIENTED_EDGE('',*,*,#5191,.F.);
#7364=ORIENTED_EDGE('',*,*,#5204,.T.);
#7365=ORIENTED_EDGE('',*,*,#5205,.T.);
#7366=ORIENTED_EDGE('',*,*,#5206,.F.);
#7367=ORIENTED_EDGE('',*,*,#5207,.F.);
#7368=ORIENTED_EDGE('',*,*,#5208,.T.);
#7369=ORIENTED_EDGE('',*,*,#5209,.T.);
#7370=ORIENTED_EDGE('',*,*,#5210,.F.);
#7371=ORIENTED_EDGE('',*,*,#5205,.F.);
#7372=ORIENTED_EDGE('',*,*,#5211,.T.);
#7373=ORIENTED_EDGE('',*,*,#5212,.T.);
#7374=ORIENTED_EDGE('',*,*,#5213,.F.);
#7375=ORIENTED_EDGE('',*,*,#5209,.F.);
#7376=ORIENTED_EDGE('',*,*,#5214,.T.);
#7377=ORIENTED_EDGE('',*,*,#5215,.T.);
#7378=ORIENTED_EDGE('',*,*,#5216,.F.);
#7379=ORIENTED_EDGE('',*,*,#5212,.F.);
#7380=ORIENTED_EDGE('',*,*,#5217,.T.);
#7381=ORIENTED_EDGE('',*,*,#5207,.T.);
#7382=ORIENTED_EDGE('',*,*,#5218,.F.);
#7383=ORIENTED_EDGE('',*,*,#5215,.F.);
#7384=ORIENTED_EDGE('',*,*,#5219,.F.);
#7385=ORIENTED_EDGE('',*,*,#5220,.F.);
#7386=ORIENTED_EDGE('',*,*,#5221,.F.);
#7387=ORIENTED_EDGE('',*,*,#5222,.F.);
#7388=ORIENTED_EDGE('',*,*,#5223,.F.);
#7389=ORIENTED_EDGE('',*,*,#5224,.F.);
#7390=ORIENTED_EDGE('',*,*,#5225,.F.);
#7391=ORIENTED_EDGE('',*,*,#5226,.F.);
#7392=ORIENTED_EDGE('',*,*,#5227,.F.);
#7393=ORIENTED_EDGE('',*,*,#5204,.F.);
#7394=ORIENTED_EDGE('',*,*,#5217,.F.);
#7395=ORIENTED_EDGE('',*,*,#5214,.F.);
#7396=ORIENTED_EDGE('',*,*,#5211,.F.);
#7397=ORIENTED_EDGE('',*,*,#5208,.F.);
#7398=ORIENTED_EDGE('',*,*,#5219,.T.);
#7399=ORIENTED_EDGE('',*,*,#5228,.T.);
#7400=ORIENTED_EDGE('',*,*,#4581,.F.);
#7401=ORIENTED_EDGE('',*,*,#5229,.F.);
#7402=ORIENTED_EDGE('',*,*,#5220,.T.);
#7403=ORIENTED_EDGE('',*,*,#5229,.T.);
#7404=ORIENTED_EDGE('',*,*,#4589,.F.);
#7405=ORIENTED_EDGE('',*,*,#5230,.F.);
#7406=ORIENTED_EDGE('',*,*,#5221,.T.);
#7407=ORIENTED_EDGE('',*,*,#5230,.T.);
#7408=ORIENTED_EDGE('',*,*,#4588,.F.);
#7409=ORIENTED_EDGE('',*,*,#5231,.F.);
#7410=ORIENTED_EDGE('',*,*,#5222,.T.);
#7411=ORIENTED_EDGE('',*,*,#5231,.T.);
#7412=ORIENTED_EDGE('',*,*,#4587,.F.);
#7413=ORIENTED_EDGE('',*,*,#5232,.F.);
#7414=ORIENTED_EDGE('',*,*,#5223,.T.);
#7415=ORIENTED_EDGE('',*,*,#5232,.T.);
#7416=ORIENTED_EDGE('',*,*,#4586,.F.);
#7417=ORIENTED_EDGE('',*,*,#5233,.F.);
#7418=ORIENTED_EDGE('',*,*,#5224,.T.);
#7419=ORIENTED_EDGE('',*,*,#5233,.T.);
#7420=ORIENTED_EDGE('',*,*,#4585,.F.);
#7421=ORIENTED_EDGE('',*,*,#5234,.F.);
#7422=ORIENTED_EDGE('',*,*,#5225,.T.);
#7423=ORIENTED_EDGE('',*,*,#5234,.T.);
#7424=ORIENTED_EDGE('',*,*,#4584,.F.);
#7425=ORIENTED_EDGE('',*,*,#5235,.F.);
#7426=ORIENTED_EDGE('',*,*,#5226,.T.);
#7427=ORIENTED_EDGE('',*,*,#5235,.T.);
#7428=ORIENTED_EDGE('',*,*,#4583,.F.);
#7429=ORIENTED_EDGE('',*,*,#5236,.F.);
#7430=ORIENTED_EDGE('',*,*,#5227,.T.);
#7431=ORIENTED_EDGE('',*,*,#5236,.T.);
#7432=ORIENTED_EDGE('',*,*,#4582,.F.);
#7433=ORIENTED_EDGE('',*,*,#5228,.F.);
#7434=ORIENTED_EDGE('',*,*,#5237,.T.);
#7435=ORIENTED_EDGE('',*,*,#5238,.T.);
#7436=ORIENTED_EDGE('',*,*,#5239,.F.);
#7437=ORIENTED_EDGE('',*,*,#5240,.F.);
#7438=ORIENTED_EDGE('',*,*,#5241,.T.);
#7439=ORIENTED_EDGE('',*,*,#5242,.T.);
#7440=ORIENTED_EDGE('',*,*,#5243,.F.);
#7441=ORIENTED_EDGE('',*,*,#5238,.F.);
#7442=ORIENTED_EDGE('',*,*,#5244,.T.);
#7443=ORIENTED_EDGE('',*,*,#5245,.T.);
#7444=ORIENTED_EDGE('',*,*,#5246,.F.);
#7445=ORIENTED_EDGE('',*,*,#5242,.F.);
#7446=ORIENTED_EDGE('',*,*,#5247,.T.);
#7447=ORIENTED_EDGE('',*,*,#5248,.T.);
#7448=ORIENTED_EDGE('',*,*,#5249,.F.);
#7449=ORIENTED_EDGE('',*,*,#5245,.F.);
#7450=ORIENTED_EDGE('',*,*,#5250,.T.);
#7451=ORIENTED_EDGE('',*,*,#5251,.T.);
#7452=ORIENTED_EDGE('',*,*,#5252,.F.);
#7453=ORIENTED_EDGE('',*,*,#5248,.F.);
#7454=ORIENTED_EDGE('',*,*,#5253,.T.);
#7455=ORIENTED_EDGE('',*,*,#5254,.T.);
#7456=ORIENTED_EDGE('',*,*,#5255,.F.);
#7457=ORIENTED_EDGE('',*,*,#5251,.F.);
#7458=ORIENTED_EDGE('',*,*,#5256,.T.);
#7459=ORIENTED_EDGE('',*,*,#5257,.T.);
#7460=ORIENTED_EDGE('',*,*,#5258,.F.);
#7461=ORIENTED_EDGE('',*,*,#5254,.F.);
#7462=ORIENTED_EDGE('',*,*,#5259,.T.);
#7463=ORIENTED_EDGE('',*,*,#5240,.T.);
#7464=ORIENTED_EDGE('',*,*,#5260,.F.);
#7465=ORIENTED_EDGE('',*,*,#5257,.F.);
#7466=ORIENTED_EDGE('',*,*,#5261,.F.);
#7467=ORIENTED_EDGE('',*,*,#5262,.F.);
#7468=ORIENTED_EDGE('',*,*,#5263,.F.);
#7469=ORIENTED_EDGE('',*,*,#5264,.F.);
#7470=ORIENTED_EDGE('',*,*,#5237,.F.);
#7471=ORIENTED_EDGE('',*,*,#5259,.F.);
#7472=ORIENTED_EDGE('',*,*,#5256,.F.);
#7473=ORIENTED_EDGE('',*,*,#5253,.F.);
#7474=ORIENTED_EDGE('',*,*,#5250,.F.);
#7475=ORIENTED_EDGE('',*,*,#5247,.F.);
#7476=ORIENTED_EDGE('',*,*,#5244,.F.);
#7477=ORIENTED_EDGE('',*,*,#5241,.F.);
#7478=ORIENTED_EDGE('',*,*,#5261,.T.);
#7479=ORIENTED_EDGE('',*,*,#5265,.T.);
#7480=ORIENTED_EDGE('',*,*,#4577,.F.);
#7481=ORIENTED_EDGE('',*,*,#5266,.F.);
#7482=ORIENTED_EDGE('',*,*,#5262,.T.);
#7483=ORIENTED_EDGE('',*,*,#5266,.T.);
#7484=ORIENTED_EDGE('',*,*,#4580,.F.);
#7485=ORIENTED_EDGE('',*,*,#5267,.F.);
#7486=ORIENTED_EDGE('',*,*,#5263,.T.);
#7487=ORIENTED_EDGE('',*,*,#5267,.T.);
#7488=ORIENTED_EDGE('',*,*,#4579,.F.);
#7489=ORIENTED_EDGE('',*,*,#5268,.F.);
#7490=ORIENTED_EDGE('',*,*,#5264,.T.);
#7491=ORIENTED_EDGE('',*,*,#5268,.T.);
#7492=ORIENTED_EDGE('',*,*,#4578,.F.);
#7493=ORIENTED_EDGE('',*,*,#5265,.F.);
#7494=ORIENTED_EDGE('',*,*,#5269,.F.);
#7495=ORIENTED_EDGE('',*,*,#5270,.F.);
#7496=ORIENTED_EDGE('',*,*,#5271,.F.);
#7497=ORIENTED_EDGE('',*,*,#5272,.F.);
#7498=ORIENTED_EDGE('',*,*,#5273,.F.);
#7499=ORIENTED_EDGE('',*,*,#5274,.F.);
#7500=ORIENTED_EDGE('',*,*,#5275,.F.);
#7501=ORIENTED_EDGE('',*,*,#5276,.F.);
#7502=ORIENTED_EDGE('',*,*,#5277,.F.);
#7503=ORIENTED_EDGE('',*,*,#5278,.F.);
#7504=ORIENTED_EDGE('',*,*,#5269,.T.);
#7505=ORIENTED_EDGE('',*,*,#5279,.T.);
#7506=ORIENTED_EDGE('',*,*,#4567,.F.);
#7507=ORIENTED_EDGE('',*,*,#5280,.F.);
#7508=ORIENTED_EDGE('',*,*,#5270,.T.);
#7509=ORIENTED_EDGE('',*,*,#5280,.T.);
#7510=ORIENTED_EDGE('',*,*,#4576,.F.);
#7511=ORIENTED_EDGE('',*,*,#5281,.F.);
#7512=ORIENTED_EDGE('',*,*,#5271,.T.);
#7513=ORIENTED_EDGE('',*,*,#5281,.T.);
#7514=ORIENTED_EDGE('',*,*,#4575,.F.);
#7515=ORIENTED_EDGE('',*,*,#5282,.F.);
#7516=ORIENTED_EDGE('',*,*,#5272,.T.);
#7517=ORIENTED_EDGE('',*,*,#5282,.T.);
#7518=ORIENTED_EDGE('',*,*,#4574,.F.);
#7519=ORIENTED_EDGE('',*,*,#5283,.F.);
#7520=ORIENTED_EDGE('',*,*,#5273,.T.);
#7521=ORIENTED_EDGE('',*,*,#5283,.T.);
#7522=ORIENTED_EDGE('',*,*,#4573,.F.);
#7523=ORIENTED_EDGE('',*,*,#5284,.F.);
#7524=ORIENTED_EDGE('',*,*,#5274,.T.);
#7525=ORIENTED_EDGE('',*,*,#5284,.T.);
#7526=ORIENTED_EDGE('',*,*,#4572,.F.);
#7527=ORIENTED_EDGE('',*,*,#5285,.F.);
#7528=ORIENTED_EDGE('',*,*,#5275,.T.);
#7529=ORIENTED_EDGE('',*,*,#5285,.T.);
#7530=ORIENTED_EDGE('',*,*,#4571,.F.);
#7531=ORIENTED_EDGE('',*,*,#5286,.F.);
#7532=ORIENTED_EDGE('',*,*,#5276,.T.);
#7533=ORIENTED_EDGE('',*,*,#5286,.T.);
#7534=ORIENTED_EDGE('',*,*,#4570,.F.);
#7535=ORIENTED_EDGE('',*,*,#5287,.F.);
#7536=ORIENTED_EDGE('',*,*,#5277,.T.);
#7537=ORIENTED_EDGE('',*,*,#5287,.T.);
#7538=ORIENTED_EDGE('',*,*,#4569,.F.);
#7539=ORIENTED_EDGE('',*,*,#5288,.F.);
#7540=ORIENTED_EDGE('',*,*,#5278,.T.);
#7541=ORIENTED_EDGE('',*,*,#5288,.T.);
#7542=ORIENTED_EDGE('',*,*,#4568,.F.);
#7543=ORIENTED_EDGE('',*,*,#5279,.F.);
#7544=ORIENTED_EDGE('',*,*,#5289,.F.);
#7545=ORIENTED_EDGE('',*,*,#5290,.F.);
#7546=ORIENTED_EDGE('',*,*,#5291,.F.);
#7547=ORIENTED_EDGE('',*,*,#5292,.F.);
#7548=ORIENTED_EDGE('',*,*,#5293,.F.);
#7549=ORIENTED_EDGE('',*,*,#5294,.F.);
#7550=ORIENTED_EDGE('',*,*,#5295,.F.);
#7551=ORIENTED_EDGE('',*,*,#5296,.F.);
#7552=ORIENTED_EDGE('',*,*,#5297,.F.);
#7553=ORIENTED_EDGE('',*,*,#5298,.F.);
#7554=ORIENTED_EDGE('',*,*,#5299,.F.);
#7555=ORIENTED_EDGE('',*,*,#5300,.F.);
#7556=ORIENTED_EDGE('',*,*,#5301,.F.);
#7557=ORIENTED_EDGE('',*,*,#5302,.F.);
#7558=ORIENTED_EDGE('',*,*,#5303,.F.);
#7559=ORIENTED_EDGE('',*,*,#5289,.T.);
#7560=ORIENTED_EDGE('',*,*,#5304,.T.);
#7561=ORIENTED_EDGE('',*,*,#4552,.F.);
#7562=ORIENTED_EDGE('',*,*,#5305,.F.);
#7563=ORIENTED_EDGE('',*,*,#5290,.T.);
#7564=ORIENTED_EDGE('',*,*,#5305,.T.);
#7565=ORIENTED_EDGE('',*,*,#4566,.F.);
#7566=ORIENTED_EDGE('',*,*,#5306,.F.);
#7567=ORIENTED_EDGE('',*,*,#5291,.T.);
#7568=ORIENTED_EDGE('',*,*,#5306,.T.);
#7569=ORIENTED_EDGE('',*,*,#4565,.F.);
#7570=ORIENTED_EDGE('',*,*,#5307,.F.);
#7571=ORIENTED_EDGE('',*,*,#5292,.T.);
#7572=ORIENTED_EDGE('',*,*,#5307,.T.);
#7573=ORIENTED_EDGE('',*,*,#4564,.F.);
#7574=ORIENTED_EDGE('',*,*,#5308,.F.);
#7575=ORIENTED_EDGE('',*,*,#5293,.T.);
#7576=ORIENTED_EDGE('',*,*,#5308,.T.);
#7577=ORIENTED_EDGE('',*,*,#4563,.F.);
#7578=ORIENTED_EDGE('',*,*,#5309,.F.);
#7579=ORIENTED_EDGE('',*,*,#5294,.T.);
#7580=ORIENTED_EDGE('',*,*,#5309,.T.);
#7581=ORIENTED_EDGE('',*,*,#4562,.F.);
#7582=ORIENTED_EDGE('',*,*,#5310,.F.);
#7583=ORIENTED_EDGE('',*,*,#5295,.T.);
#7584=ORIENTED_EDGE('',*,*,#5310,.T.);
#7585=ORIENTED_EDGE('',*,*,#4561,.F.);
#7586=ORIENTED_EDGE('',*,*,#5311,.F.);
#7587=ORIENTED_EDGE('',*,*,#5296,.T.);
#7588=ORIENTED_EDGE('',*,*,#5311,.T.);
#7589=ORIENTED_EDGE('',*,*,#4560,.F.);
#7590=ORIENTED_EDGE('',*,*,#5312,.F.);
#7591=ORIENTED_EDGE('',*,*,#5297,.T.);
#7592=ORIENTED_EDGE('',*,*,#5312,.T.);
#7593=ORIENTED_EDGE('',*,*,#4559,.F.);
#7594=ORIENTED_EDGE('',*,*,#5313,.F.);
#7595=ORIENTED_EDGE('',*,*,#5298,.T.);
#7596=ORIENTED_EDGE('',*,*,#5313,.T.);
#7597=ORIENTED_EDGE('',*,*,#4558,.F.);
#7598=ORIENTED_EDGE('',*,*,#5314,.F.);
#7599=ORIENTED_EDGE('',*,*,#5299,.T.);
#7600=ORIENTED_EDGE('',*,*,#5314,.T.);
#7601=ORIENTED_EDGE('',*,*,#4557,.F.);
#7602=ORIENTED_EDGE('',*,*,#5315,.F.);
#7603=ORIENTED_EDGE('',*,*,#5300,.T.);
#7604=ORIENTED_EDGE('',*,*,#5315,.T.);
#7605=ORIENTED_EDGE('',*,*,#4556,.F.);
#7606=ORIENTED_EDGE('',*,*,#5316,.F.);
#7607=ORIENTED_EDGE('',*,*,#5301,.T.);
#7608=ORIENTED_EDGE('',*,*,#5316,.T.);
#7609=ORIENTED_EDGE('',*,*,#4555,.F.);
#7610=ORIENTED_EDGE('',*,*,#5317,.F.);
#7611=ORIENTED_EDGE('',*,*,#5302,.T.);
#7612=ORIENTED_EDGE('',*,*,#5317,.T.);
#7613=ORIENTED_EDGE('',*,*,#4554,.F.);
#7614=ORIENTED_EDGE('',*,*,#5318,.F.);
#7615=ORIENTED_EDGE('',*,*,#5303,.T.);
#7616=ORIENTED_EDGE('',*,*,#5318,.T.);
#7617=ORIENTED_EDGE('',*,*,#4553,.F.);
#7618=ORIENTED_EDGE('',*,*,#5304,.F.);
#7619=ORIENTED_EDGE('',*,*,#5239,.T.);
#7620=ORIENTED_EDGE('',*,*,#5243,.T.);
#7621=ORIENTED_EDGE('',*,*,#5246,.T.);
#7622=ORIENTED_EDGE('',*,*,#5249,.T.);
#7623=ORIENTED_EDGE('',*,*,#5252,.T.);
#7624=ORIENTED_EDGE('',*,*,#5255,.T.);
#7625=ORIENTED_EDGE('',*,*,#5258,.T.);
#7626=ORIENTED_EDGE('',*,*,#5260,.T.);
#7627=ORIENTED_EDGE('',*,*,#5206,.T.);
#7628=ORIENTED_EDGE('',*,*,#5210,.T.);
#7629=ORIENTED_EDGE('',*,*,#5213,.T.);
#7630=ORIENTED_EDGE('',*,*,#5216,.T.);
#7631=ORIENTED_EDGE('',*,*,#5218,.T.);
#7632=ORIENTED_EDGE('',*,*,#4177,.F.);
#7633=ORIENTED_EDGE('',*,*,#5319,.F.);
#7634=ORIENTED_EDGE('',*,*,#5320,.T.);
#7635=ORIENTED_EDGE('',*,*,#4176,.F.);
#7636=ORIENTED_EDGE('',*,*,#5321,.F.);
#7637=ORIENTED_EDGE('',*,*,#4157,.T.);
#7638=ORIENTED_EDGE('',*,*,#5319,.T.);
#7639=ORIENTED_EDGE('',*,*,#4175,.F.);
#7640=ORIENTED_EDGE('',*,*,#5322,.T.);
#7641=ORIENTED_EDGE('',*,*,#5321,.T.);
#7642=ORIENTED_EDGE('',*,*,#4169,.F.);
#7643=ORIENTED_EDGE('',*,*,#5323,.F.);
#7644=ORIENTED_EDGE('',*,*,#5324,.T.);
#7645=ORIENTED_EDGE('',*,*,#4168,.F.);
#7646=ORIENTED_EDGE('',*,*,#5325,.F.);
#7647=ORIENTED_EDGE('',*,*,#4153,.T.);
#7648=ORIENTED_EDGE('',*,*,#5323,.T.);
#7649=ORIENTED_EDGE('',*,*,#4167,.F.);
#7650=ORIENTED_EDGE('',*,*,#5326,.T.);
#7651=ORIENTED_EDGE('',*,*,#5325,.T.);
#7652=ORIENTED_EDGE('',*,*,#5326,.F.);
#7653=ORIENTED_EDGE('',*,*,#4166,.F.);
#7654=ORIENTED_EDGE('',*,*,#4178,.F.);
#7655=ORIENTED_EDGE('',*,*,#4161,.F.);
#7656=ORIENTED_EDGE('',*,*,#5320,.F.);
#7657=ORIENTED_EDGE('',*,*,#4156,.F.);
#7658=ORIENTED_EDGE('',*,*,#5327,.F.);
#7659=ORIENTED_EDGE('',*,*,#4154,.F.);
#7660=ORIENTED_EDGE('',*,*,#4155,.T.);
#7661=ORIENTED_EDGE('',*,*,#5328,.F.);
#7662=ORIENTED_EDGE('',*,*,#4151,.F.);
#7663=ORIENTED_EDGE('',*,*,#5327,.T.);
#7664=ORIENTED_EDGE('',*,*,#5324,.F.);
#7665=ORIENTED_EDGE('',*,*,#4152,.T.);
#7666=ORIENTED_EDGE('',*,*,#5328,.T.);
#7667=ORIENTED_EDGE('',*,*,#4158,.T.);
#7668=ORIENTED_EDGE('',*,*,#5322,.F.);
#7669=ORIENTED_EDGE('',*,*,#4174,.F.);
#7670=ORIENTED_EDGE('',*,*,#4164,.F.);
#7671=ORIENTED_EDGE('',*,*,#4170,.F.);
#7672=ORIENTED_EDGE('',*,*,#4328,.F.);
#7673=ORIENTED_EDGE('',*,*,#5329,.T.);
#7674=ORIENTED_EDGE('',*,*,#5330,.T.);
#7675=ORIENTED_EDGE('',*,*,#5329,.F.);
#7676=ORIENTED_EDGE('',*,*,#5331,.T.);
#7677=ORIENTED_EDGE('',*,*,#5330,.F.);
#7678=ORIENTED_EDGE('',*,*,#5331,.F.);
#7679=ORIENTED_EDGE('',*,*,#5332,.T.);
#7680=ORIENTED_EDGE('',*,*,#5333,.T.);
#7681=ORIENTED_EDGE('',*,*,#5332,.F.);
#7682=ORIENTED_EDGE('',*,*,#5333,.F.);
#7683=ORIENTED_EDGE('',*,*,#5334,.T.);
#7684=ORIENTED_EDGE('',*,*,#4162,.T.);
#7685=ORIENTED_EDGE('',*,*,#5334,.F.);
#7686=ORIENTED_EDGE('',*,*,#4937,.T.);
#7687=ORIENTED_EDGE('',*,*,#4941,.T.);
#7688=ORIENTED_EDGE('',*,*,#4944,.T.);
#7689=ORIENTED_EDGE('',*,*,#4946,.T.);
#7690=ORIENTED_EDGE('',*,*,#4333,.F.);
#7691=ORIENTED_EDGE('',*,*,#4483,.T.);
#7692=ORIENTED_EDGE('',*,*,#4714,.F.);
#7693=ORIENTED_EDGE('',*,*,#5335,.T.);
#7694=ORIENTED_EDGE('',*,*,#4401,.F.);
#7695=ORIENTED_EDGE('',*,*,#5335,.F.);
#7696=ORIENTED_EDGE('',*,*,#4751,.F.);
#7697=ORIENTED_EDGE('',*,*,#4887,.F.);
#7698=ORIENTED_EDGE('',*,*,#4406,.F.);
#7699=ORIENTED_EDGE('',*,*,#5336,.T.);
#7700=ORIENTED_EDGE('',*,*,#4644,.F.);
#7701=ORIENTED_EDGE('',*,*,#4754,.T.);
#7702=ORIENTED_EDGE('',*,*,#4476,.F.);
#7703=ORIENTED_EDGE('',*,*,#4890,.F.);
#7704=ORIENTED_EDGE('',*,*,#4710,.F.);
#7705=ORIENTED_EDGE('',*,*,#5336,.F.);
#7706=ORIENTED_EDGE('',*,*,#5171,.T.);
#7707=ORIENTED_EDGE('',*,*,#5175,.T.);
#7708=ORIENTED_EDGE('',*,*,#5177,.T.);
#7709=CYLINDRICAL_SURFACE('',#8725,21.9);
#7710=CYLINDRICAL_SURFACE('',#8726,21.9);
#7711=CYLINDRICAL_SURFACE('',#8727,22.6);
#7712=CYLINDRICAL_SURFACE('',#8729,22.6);
#7713=CYLINDRICAL_SURFACE('',#8736,22.6);
#7714=CYLINDRICAL_SURFACE('',#8809,19.5);
#7715=CYLINDRICAL_SURFACE('',#8924,0.2);
#7716=CYLINDRICAL_SURFACE('',#8927,0.50000000000001);
#7717=CYLINDRICAL_SURFACE('',#8930,0.5);
#7718=CYLINDRICAL_SURFACE('',#8933,0.5);
#7719=CYLINDRICAL_SURFACE('',#8936,1.);
#7720=CYLINDRICAL_SURFACE('',#8938,0.750000000000002);
#7721=CYLINDRICAL_SURFACE('',#8941,0.75);
#7722=CYLINDRICAL_SURFACE('',#8944,0.5);
#7723=CYLINDRICAL_SURFACE('',#8947,0.5);
#7724=CYLINDRICAL_SURFACE('',#8950,0.75);
#7725=CYLINDRICAL_SURFACE('',#8953,0.750000000000002);
#7726=CYLINDRICAL_SURFACE('',#8955,1.);
#7727=CYLINDRICAL_SURFACE('',#8958,0.5);
#7728=CYLINDRICAL_SURFACE('',#8961,0.5);
#7729=CYLINDRICAL_SURFACE('',#8964,0.50000000000001);
#7730=CYLINDRICAL_SURFACE('',#8967,0.2);
#7731=CYLINDRICAL_SURFACE('',#8972,0.4);
#7732=CYLINDRICAL_SURFACE('',#8975,0.4);
#7733=CYLINDRICAL_SURFACE('',#9074,0.2);
#7734=CYLINDRICAL_SURFACE('',#9076,0.50000000000001);
#7735=CYLINDRICAL_SURFACE('',#9078,0.5);
#7736=CYLINDRICAL_SURFACE('',#9080,0.5);
#7737=CYLINDRICAL_SURFACE('',#9082,1.);
#7738=CYLINDRICAL_SURFACE('',#9083,0.750000000000002);
#7739=CYLINDRICAL_SURFACE('',#9085,0.75);
#7740=CYLINDRICAL_SURFACE('',#9087,0.5);
#7741=CYLINDRICAL_SURFACE('',#9089,0.5);
#7742=CYLINDRICAL_SURFACE('',#9091,0.75);
#7743=CYLINDRICAL_SURFACE('',#9093,0.750000000000002);
#7744=CYLINDRICAL_SURFACE('',#9094,1.);
#7745=CYLINDRICAL_SURFACE('',#9096,0.5);
#7746=CYLINDRICAL_SURFACE('',#9098,0.5);
#7747=CYLINDRICAL_SURFACE('',#9100,0.50000000000001);
#7748=CYLINDRICAL_SURFACE('',#9102,0.2);
#7749=CYLINDRICAL_SURFACE('',#9104,0.4);
#7750=CYLINDRICAL_SURFACE('',#9106,0.4);
#7751=CYLINDRICAL_SURFACE('',#9220,21.9);
#7752=CYLINDRICAL_SURFACE('',#9225,21.7);
#7753=STYLED_ITEM('',(#15361),#8228);
#7754=STYLED_ITEM('',(#15361),#8229);
#7755=STYLED_ITEM('',(#15361),#8230);
#7756=STYLED_ITEM('',(#15361),#8231);
#7757=STYLED_ITEM('',(#15361),#8232);
#7758=STYLED_ITEM('',(#15361),#8233);
#7759=STYLED_ITEM('',(#15361),#8234);
#7760=STYLED_ITEM('',(#15361),#8235);
#7761=STYLED_ITEM('',(#15361),#8236);
#7762=STYLED_ITEM('',(#15361),#8237);
#7763=STYLED_ITEM('',(#15361),#8238);
#7764=STYLED_ITEM('',(#15361),#8239);
#7765=STYLED_ITEM('',(#15361),#8240);
#7766=STYLED_ITEM('',(#15361),#8241);
#7767=STYLED_ITEM('',(#15361),#8242);
#7768=STYLED_ITEM('',(#15361),#8243);
#7769=STYLED_ITEM('',(#15361),#8244);
#7770=STYLED_ITEM('',(#15361),#8245);
#7771=STYLED_ITEM('',(#15361),#8246);
#7772=STYLED_ITEM('',(#15361),#8247);
#7773=STYLED_ITEM('',(#15361),#8248);
#7774=STYLED_ITEM('',(#15361),#8249);
#7775=STYLED_ITEM('',(#15361),#8250);
#7776=STYLED_ITEM('',(#15361),#8251);
#7777=STYLED_ITEM('',(#15361),#8252);
#7778=STYLED_ITEM('',(#15361),#8253);
#7779=STYLED_ITEM('',(#15361),#8254);
#7780=STYLED_ITEM('',(#15361),#8255);
#7781=STYLED_ITEM('',(#15361),#8256);
#7782=STYLED_ITEM('',(#15361),#8257);
#7783=STYLED_ITEM('',(#15361),#8258);
#7784=STYLED_ITEM('',(#15361),#8259);
#7785=STYLED_ITEM('',(#15361),#8260);
#7786=STYLED_ITEM('',(#15361),#8261);
#7787=STYLED_ITEM('',(#15361),#8262);
#7788=STYLED_ITEM('',(#15361),#8263);
#7789=STYLED_ITEM('',(#15361),#8264);
#7790=STYLED_ITEM('',(#15361),#8265);
#7791=STYLED_ITEM('',(#15361),#8266);
#7792=STYLED_ITEM('',(#15361),#8267);
#7793=STYLED_ITEM('',(#15361),#8268);
#7794=STYLED_ITEM('',(#15361),#8269);
#7795=STYLED_ITEM('',(#15361),#8270);
#7796=STYLED_ITEM('',(#15361),#8271);
#7797=STYLED_ITEM('',(#15361),#8272);
#7798=STYLED_ITEM('',(#15361),#8273);
#7799=STYLED_ITEM('',(#15361),#8274);
#7800=STYLED_ITEM('',(#15361),#8275);
#7801=STYLED_ITEM('',(#15361),#8276);
#7802=STYLED_ITEM('',(#15361),#8277);
#7803=STYLED_ITEM('',(#15361),#8278);
#7804=STYLED_ITEM('',(#15361),#8279);
#7805=STYLED_ITEM('',(#15361),#8280);
#7806=STYLED_ITEM('',(#15361),#8281);
#7807=STYLED_ITEM('',(#15361),#8282);
#7808=STYLED_ITEM('',(#15361),#8283);
#7809=STYLED_ITEM('',(#15361),#8284);
#7810=STYLED_ITEM('',(#15361),#8285);
#7811=STYLED_ITEM('',(#15361),#8286);
#7812=STYLED_ITEM('',(#15361),#8287);
#7813=STYLED_ITEM('',(#15361),#8288);
#7814=STYLED_ITEM('',(#15361),#8289);
#7815=STYLED_ITEM('',(#15361),#8290);
#7816=STYLED_ITEM('',(#15361),#8291);
#7817=STYLED_ITEM('',(#15361),#8292);
#7818=STYLED_ITEM('',(#15361),#8293);
#7819=STYLED_ITEM('',(#15361),#8294);
#7820=STYLED_ITEM('',(#15361),#8295);
#7821=STYLED_ITEM('',(#15361),#8296);
#7822=STYLED_ITEM('',(#15361),#8297);
#7823=STYLED_ITEM('',(#15361),#8298);
#7824=STYLED_ITEM('',(#15361),#8299);
#7825=STYLED_ITEM('',(#15361),#8300);
#7826=STYLED_ITEM('',(#15361),#8301);
#7827=STYLED_ITEM('',(#15361),#8302);
#7828=STYLED_ITEM('',(#15361),#8303);
#7829=STYLED_ITEM('',(#15361),#8304);
#7830=STYLED_ITEM('',(#15361),#8305);
#7831=STYLED_ITEM('',(#15361),#8306);
#7832=STYLED_ITEM('',(#15361),#8307);
#7833=STYLED_ITEM('',(#15361),#8308);
#7834=STYLED_ITEM('',(#15361),#8309);
#7835=STYLED_ITEM('',(#15361),#8310);
#7836=STYLED_ITEM('',(#15361),#8311);
#7837=STYLED_ITEM('',(#15361),#8312);
#7838=STYLED_ITEM('',(#15361),#8313);
#7839=STYLED_ITEM('',(#15361),#8314);
#7840=STYLED_ITEM('',(#15361),#8315);
#7841=STYLED_ITEM('',(#15361),#8316);
#7842=STYLED_ITEM('',(#15361),#8317);
#7843=STYLED_ITEM('',(#15361),#8318);
#7844=STYLED_ITEM('',(#15361),#8319);
#7845=STYLED_ITEM('',(#15361),#8320);
#7846=STYLED_ITEM('',(#15361),#8321);
#7847=STYLED_ITEM('',(#15361),#8322);
#7848=STYLED_ITEM('',(#15361),#8323);
#7849=STYLED_ITEM('',(#15361),#8324);
#7850=STYLED_ITEM('',(#15361),#8325);
#7851=STYLED_ITEM('',(#15361),#8326);
#7852=STYLED_ITEM('',(#15361),#8327);
#7853=STYLED_ITEM('',(#15361),#8328);
#7854=STYLED_ITEM('',(#15361),#8329);
#7855=STYLED_ITEM('',(#15361),#8330);
#7856=STYLED_ITEM('',(#15361),#8331);
#7857=STYLED_ITEM('',(#15361),#8332);
#7858=STYLED_ITEM('',(#15361),#8333);
#7859=STYLED_ITEM('',(#15361),#8334);
#7860=STYLED_ITEM('',(#15361),#8335);
#7861=STYLED_ITEM('',(#15361),#8336);
#7862=STYLED_ITEM('',(#15361),#8337);
#7863=STYLED_ITEM('',(#15361),#8338);
#7864=STYLED_ITEM('',(#15361),#8339);
#7865=STYLED_ITEM('',(#15361),#8340);
#7866=STYLED_ITEM('',(#15361),#8341);
#7867=STYLED_ITEM('',(#15361),#8342);
#7868=STYLED_ITEM('',(#15361),#8343);
#7869=STYLED_ITEM('',(#15361),#8344);
#7870=STYLED_ITEM('',(#15361),#8345);
#7871=STYLED_ITEM('',(#15361),#8346);
#7872=STYLED_ITEM('',(#15361),#8347);
#7873=STYLED_ITEM('',(#15361),#8348);
#7874=STYLED_ITEM('',(#15361),#8349);
#7875=STYLED_ITEM('',(#15361),#8350);
#7876=STYLED_ITEM('',(#15361),#8351);
#7877=STYLED_ITEM('',(#15361),#8352);
#7878=STYLED_ITEM('',(#15361),#8353);
#7879=STYLED_ITEM('',(#15361),#8354);
#7880=STYLED_ITEM('',(#15361),#8355);
#7881=STYLED_ITEM('',(#15361),#8356);
#7882=STYLED_ITEM('',(#15361),#8357);
#7883=STYLED_ITEM('',(#15361),#8358);
#7884=STYLED_ITEM('',(#15361),#8359);
#7885=STYLED_ITEM('',(#15361),#8360);
#7886=STYLED_ITEM('',(#15361),#8361);
#7887=STYLED_ITEM('',(#15361),#8362);
#7888=STYLED_ITEM('',(#15361),#8363);
#7889=STYLED_ITEM('',(#15361),#8364);
#7890=STYLED_ITEM('',(#15361),#8365);
#7891=STYLED_ITEM('',(#15361),#8366);
#7892=STYLED_ITEM('',(#15361),#8367);
#7893=STYLED_ITEM('',(#15361),#8368);
#7894=STYLED_ITEM('',(#15361),#8369);
#7895=STYLED_ITEM('',(#15361),#8370);
#7896=STYLED_ITEM('',(#15361),#8371);
#7897=STYLED_ITEM('',(#15361),#8372);
#7898=STYLED_ITEM('',(#15361),#8373);
#7899=STYLED_ITEM('',(#15361),#8374);
#7900=STYLED_ITEM('',(#15361),#8375);
#7901=STYLED_ITEM('',(#15361),#8376);
#7902=STYLED_ITEM('',(#15361),#8377);
#7903=STYLED_ITEM('',(#15361),#8378);
#7904=STYLED_ITEM('',(#15361),#8379);
#7905=STYLED_ITEM('',(#15361),#8380);
#7906=STYLED_ITEM('',(#15361),#8381);
#7907=STYLED_ITEM('',(#15361),#8382);
#7908=STYLED_ITEM('',(#15361),#8383);
#7909=STYLED_ITEM('',(#15361),#8384);
#7910=STYLED_ITEM('',(#15361),#8385);
#7911=STYLED_ITEM('',(#15361),#8386);
#7912=STYLED_ITEM('',(#15361),#8387);
#7913=STYLED_ITEM('',(#15361),#8388);
#7914=STYLED_ITEM('',(#15361),#8389);
#7915=STYLED_ITEM('',(#15361),#8390);
#7916=STYLED_ITEM('',(#15361),#8391);
#7917=STYLED_ITEM('',(#15361),#8392);
#7918=STYLED_ITEM('',(#15361),#8393);
#7919=STYLED_ITEM('',(#15361),#8394);
#7920=STYLED_ITEM('',(#15361),#8395);
#7921=STYLED_ITEM('',(#15361),#8396);
#7922=STYLED_ITEM('',(#15361),#8397);
#7923=STYLED_ITEM('',(#15361),#8398);
#7924=STYLED_ITEM('',(#15361),#8399);
#7925=STYLED_ITEM('',(#15361),#8400);
#7926=STYLED_ITEM('',(#15361),#8401);
#7927=STYLED_ITEM('',(#15361),#8402);
#7928=STYLED_ITEM('',(#15361),#8403);
#7929=STYLED_ITEM('',(#15361),#8404);
#7930=STYLED_ITEM('',(#15361),#8405);
#7931=STYLED_ITEM('',(#15361),#8406);
#7932=STYLED_ITEM('',(#15361),#8407);
#7933=STYLED_ITEM('',(#15361),#8408);
#7934=STYLED_ITEM('',(#15361),#8409);
#7935=STYLED_ITEM('',(#15361),#8410);
#7936=STYLED_ITEM('',(#15361),#8411);
#7937=STYLED_ITEM('',(#15361),#8412);
#7938=STYLED_ITEM('',(#15361),#8413);
#7939=STYLED_ITEM('',(#15361),#8414);
#7940=STYLED_ITEM('',(#15361),#8415);
#7941=STYLED_ITEM('',(#15361),#8416);
#7942=STYLED_ITEM('',(#15361),#8417);
#7943=STYLED_ITEM('',(#15361),#8418);
#7944=STYLED_ITEM('',(#15361),#8419);
#7945=STYLED_ITEM('',(#15361),#8420);
#7946=STYLED_ITEM('',(#15361),#8421);
#7947=STYLED_ITEM('',(#15361),#8422);
#7948=STYLED_ITEM('',(#15361),#8423);
#7949=STYLED_ITEM('',(#15361),#8424);
#7950=STYLED_ITEM('',(#15361),#8425);
#7951=STYLED_ITEM('',(#15361),#8426);
#7952=STYLED_ITEM('',(#15361),#8427);
#7953=STYLED_ITEM('',(#15361),#8428);
#7954=STYLED_ITEM('',(#15361),#8429);
#7955=STYLED_ITEM('',(#15361),#8430);
#7956=STYLED_ITEM('',(#15361),#8431);
#7957=STYLED_ITEM('',(#15361),#8432);
#7958=STYLED_ITEM('',(#15361),#8433);
#7959=STYLED_ITEM('',(#15361),#8434);
#7960=STYLED_ITEM('',(#15361),#8435);
#7961=STYLED_ITEM('',(#15361),#8436);
#7962=STYLED_ITEM('',(#15361),#8437);
#7963=STYLED_ITEM('',(#15361),#8438);
#7964=STYLED_ITEM('',(#15361),#8439);
#7965=STYLED_ITEM('',(#15361),#8440);
#7966=STYLED_ITEM('',(#15361),#8441);
#7967=STYLED_ITEM('',(#15361),#8442);
#7968=STYLED_ITEM('',(#15361),#8443);
#7969=STYLED_ITEM('',(#15361),#8444);
#7970=STYLED_ITEM('',(#15361),#8445);
#7971=STYLED_ITEM('',(#15361),#8446);
#7972=STYLED_ITEM('',(#15361),#8447);
#7973=STYLED_ITEM('',(#15361),#8448);
#7974=STYLED_ITEM('',(#15361),#8449);
#7975=STYLED_ITEM('',(#15361),#8450);
#7976=STYLED_ITEM('',(#15361),#8451);
#7977=STYLED_ITEM('',(#15361),#8452);
#7978=STYLED_ITEM('',(#15361),#8453);
#7979=STYLED_ITEM('',(#15361),#8454);
#7980=STYLED_ITEM('',(#15361),#8455);
#7981=STYLED_ITEM('',(#15361),#8456);
#7982=STYLED_ITEM('',(#15361),#8457);
#7983=STYLED_ITEM('',(#15361),#8458);
#7984=STYLED_ITEM('',(#15361),#8459);
#7985=STYLED_ITEM('',(#15361),#8460);
#7986=STYLED_ITEM('',(#15361),#8461);
#7987=STYLED_ITEM('',(#15362),#8462);
#7988=STYLED_ITEM('',(#15361),#8463);
#7989=STYLED_ITEM('',(#15361),#8464);
#7990=STYLED_ITEM('',(#15361),#8465);
#7991=STYLED_ITEM('',(#15361),#8466);
#7992=STYLED_ITEM('',(#15361),#8467);
#7993=STYLED_ITEM('',(#15361),#8468);
#7994=STYLED_ITEM('',(#15361),#8469);
#7995=STYLED_ITEM('',(#15361),#8470);
#7996=STYLED_ITEM('',(#15361),#8471);
#7997=STYLED_ITEM('',(#15361),#8472);
#7998=STYLED_ITEM('',(#15361),#8473);
#7999=STYLED_ITEM('',(#15361),#8474);
#8000=STYLED_ITEM('',(#15361),#8475);
#8001=STYLED_ITEM('',(#15361),#8476);
#8002=STYLED_ITEM('',(#15361),#8477);
#8003=STYLED_ITEM('',(#15361),#8478);
#8004=STYLED_ITEM('',(#15361),#8479);
#8005=STYLED_ITEM('',(#15361),#8480);
#8006=STYLED_ITEM('',(#15361),#8481);
#8007=STYLED_ITEM('',(#15361),#8482);
#8008=STYLED_ITEM('',(#15361),#8483);
#8009=STYLED_ITEM('',(#15361),#8484);
#8010=STYLED_ITEM('',(#15361),#8485);
#8011=STYLED_ITEM('',(#15361),#8486);
#8012=STYLED_ITEM('',(#15361),#8487);
#8013=STYLED_ITEM('',(#15361),#8488);
#8014=STYLED_ITEM('',(#15362),#8489);
#8015=STYLED_ITEM('',(#15361),#8490);
#8016=STYLED_ITEM('',(#15361),#8491);
#8017=STYLED_ITEM('',(#15361),#8492);
#8018=STYLED_ITEM('',(#15361),#8493);
#8019=STYLED_ITEM('',(#15361),#8494);
#8020=STYLED_ITEM('',(#15361),#8495);
#8021=STYLED_ITEM('',(#15361),#8496);
#8022=STYLED_ITEM('',(#15361),#8497);
#8023=STYLED_ITEM('',(#15362),#8498);
#8024=STYLED_ITEM('',(#15361),#8499);
#8025=STYLED_ITEM('',(#15361),#8500);
#8026=STYLED_ITEM('',(#15361),#8501);
#8027=STYLED_ITEM('',(#15361),#8502);
#8028=STYLED_ITEM('',(#15362),#8503);
#8029=STYLED_ITEM('',(#15361),#8504);
#8030=STYLED_ITEM('',(#15361),#8505);
#8031=STYLED_ITEM('',(#15361),#8506);
#8032=STYLED_ITEM('',(#15361),#8507);
#8033=STYLED_ITEM('',(#15362),#8508);
#8034=STYLED_ITEM('',(#15361),#8509);
#8035=STYLED_ITEM('',(#15361),#8510);
#8036=STYLED_ITEM('',(#15361),#8511);
#8037=STYLED_ITEM('',(#15361),#8512);
#8038=STYLED_ITEM('',(#15361),#8513);
#8039=STYLED_ITEM('',(#15361),#8514);
#8040=STYLED_ITEM('',(#15361),#8515);
#8041=STYLED_ITEM('',(#15361),#8516);
#8042=STYLED_ITEM('',(#15361),#8517);
#8043=STYLED_ITEM('',(#15361),#8518);
#8044=STYLED_ITEM('',(#15361),#8519);
#8045=STYLED_ITEM('',(#15361),#8520);
#8046=STYLED_ITEM('',(#15361),#8521);
#8047=STYLED_ITEM('',(#15361),#8522);
#8048=STYLED_ITEM('',(#15361),#8523);
#8049=STYLED_ITEM('',(#15361),#8524);
#8050=STYLED_ITEM('',(#15361),#8525);
#8051=STYLED_ITEM('',(#15362),#8526);
#8052=STYLED_ITEM('',(#15361),#8527);
#8053=STYLED_ITEM('',(#15361),#8528);
#8054=STYLED_ITEM('',(#15361),#8529);
#8055=STYLED_ITEM('',(#15361),#8530);
#8056=STYLED_ITEM('',(#15362),#8531);
#8057=STYLED_ITEM('',(#15361),#8532);
#8058=STYLED_ITEM('',(#15361),#8533);
#8059=STYLED_ITEM('',(#15361),#8534);
#8060=STYLED_ITEM('',(#15361),#8535);
#8061=STYLED_ITEM('',(#15361),#8536);
#8062=STYLED_ITEM('',(#15361),#8537);
#8063=STYLED_ITEM('',(#15361),#8538);
#8064=STYLED_ITEM('',(#15361),#8539);
#8065=STYLED_ITEM('',(#15361),#8540);
#8066=STYLED_ITEM('',(#15361),#8541);
#8067=STYLED_ITEM('',(#15361),#8542);
#8068=STYLED_ITEM('',(#15361),#8543);
#8069=STYLED_ITEM('',(#15361),#8544);
#8070=STYLED_ITEM('',(#15361),#8545);
#8071=STYLED_ITEM('',(#15361),#8546);
#8072=STYLED_ITEM('',(#15361),#8547);
#8073=STYLED_ITEM('',(#15361),#8548);
#8074=STYLED_ITEM('',(#15361),#8549);
#8075=STYLED_ITEM('',(#15361),#8550);
#8076=STYLED_ITEM('',(#15361),#8551);
#8077=STYLED_ITEM('',(#15361),#8552);
#8078=STYLED_ITEM('',(#15362),#8553);
#8079=STYLED_ITEM('',(#15361),#8554);
#8080=STYLED_ITEM('',(#15361),#8555);
#8081=STYLED_ITEM('',(#15361),#8556);
#8082=STYLED_ITEM('',(#15361),#8557);
#8083=STYLED_ITEM('',(#15361),#8558);
#8084=STYLED_ITEM('',(#15361),#8559);
#8085=STYLED_ITEM('',(#15361),#8560);
#8086=STYLED_ITEM('',(#15361),#8561);
#8087=STYLED_ITEM('',(#15361),#8562);
#8088=STYLED_ITEM('',(#15361),#8563);
#8089=STYLED_ITEM('',(#15361),#8564);
#8090=STYLED_ITEM('',(#15361),#8565);
#8091=STYLED_ITEM('',(#15361),#8566);
#8092=STYLED_ITEM('',(#15361),#8567);
#8093=STYLED_ITEM('',(#15361),#8568);
#8094=STYLED_ITEM('',(#15361),#8569);
#8095=STYLED_ITEM('',(#15361),#8570);
#8096=STYLED_ITEM('',(#15361),#8571);
#8097=STYLED_ITEM('',(#15361),#8572);
#8098=STYLED_ITEM('',(#15361),#8573);
#8099=STYLED_ITEM('',(#15361),#8574);
#8100=STYLED_ITEM('',(#15361),#8575);
#8101=STYLED_ITEM('',(#15362),#8576);
#8102=STYLED_ITEM('',(#15361),#8577);
#8103=STYLED_ITEM('',(#15361),#8578);
#8104=STYLED_ITEM('',(#15361),#8579);
#8105=STYLED_ITEM('',(#15361),#8580);
#8106=STYLED_ITEM('',(#15361),#8581);
#8107=STYLED_ITEM('',(#15361),#8582);
#8108=STYLED_ITEM('',(#15361),#8583);
#8109=STYLED_ITEM('',(#15361),#8584);
#8110=STYLED_ITEM('',(#15361),#8585);
#8111=STYLED_ITEM('',(#15361),#8586);
#8112=STYLED_ITEM('',(#15361),#8587);
#8113=STYLED_ITEM('',(#15361),#8588);
#8114=STYLED_ITEM('',(#15361),#8589);
#8115=STYLED_ITEM('',(#15361),#8590);
#8116=STYLED_ITEM('',(#15361),#8591);
#8117=STYLED_ITEM('',(#15361),#8592);
#8118=STYLED_ITEM('',(#15361),#8593);
#8119=STYLED_ITEM('',(#15361),#8594);
#8120=STYLED_ITEM('',(#15362),#8595);
#8121=STYLED_ITEM('',(#15361),#8596);
#8122=STYLED_ITEM('',(#15361),#8597);
#8123=STYLED_ITEM('',(#15361),#8598);
#8124=STYLED_ITEM('',(#15361),#8599);
#8125=STYLED_ITEM('',(#15361),#8600);
#8126=STYLED_ITEM('',(#15361),#8601);
#8127=STYLED_ITEM('',(#15361),#8602);
#8128=STYLED_ITEM('',(#15361),#8603);
#8129=STYLED_ITEM('',(#15361),#8604);
#8130=STYLED_ITEM('',(#15361),#8605);
#8131=STYLED_ITEM('',(#15361),#8606);
#8132=STYLED_ITEM('',(#15361),#8607);
#8133=STYLED_ITEM('',(#15361),#8608);
#8134=STYLED_ITEM('',(#15361),#8609);
#8135=STYLED_ITEM('',(#15361),#8610);
#8136=STYLED_ITEM('',(#15361),#8611);
#8137=STYLED_ITEM('',(#15362),#8612);
#8138=STYLED_ITEM('',(#15361),#8613);
#8139=STYLED_ITEM('',(#15361),#8614);
#8140=STYLED_ITEM('',(#15361),#8615);
#8141=STYLED_ITEM('',(#15361),#8616);
#8142=STYLED_ITEM('',(#15361),#8617);
#8143=STYLED_ITEM('',(#15361),#8618);
#8144=STYLED_ITEM('',(#15361),#8619);
#8145=STYLED_ITEM('',(#15361),#8620);
#8146=STYLED_ITEM('',(#15361),#8621);
#8147=STYLED_ITEM('',(#15361),#8622);
#8148=STYLED_ITEM('',(#15361),#8623);
#8149=STYLED_ITEM('',(#15361),#8624);
#8150=STYLED_ITEM('',(#15361),#8625);
#8151=STYLED_ITEM('',(#15361),#8626);
#8152=STYLED_ITEM('',(#15361),#8627);
#8153=STYLED_ITEM('',(#15361),#8628);
#8154=STYLED_ITEM('',(#15361),#8629);
#8155=STYLED_ITEM('',(#15361),#8630);
#8156=STYLED_ITEM('',(#15362),#8631);
#8157=STYLED_ITEM('',(#15361),#8632);
#8158=STYLED_ITEM('',(#15361),#8633);
#8159=STYLED_ITEM('',(#15361),#8634);
#8160=STYLED_ITEM('',(#15361),#8635);
#8161=STYLED_ITEM('',(#15361),#8636);
#8162=STYLED_ITEM('',(#15361),#8637);
#8163=STYLED_ITEM('',(#15361),#8638);
#8164=STYLED_ITEM('',(#15361),#8639);
#8165=STYLED_ITEM('',(#15361),#8640);
#8166=STYLED_ITEM('',(#15361),#8641);
#8167=STYLED_ITEM('',(#15361),#8642);
#8168=STYLED_ITEM('',(#15361),#8643);
#8169=STYLED_ITEM('',(#15361),#8644);
#8170=STYLED_ITEM('',(#15361),#8645);
#8171=STYLED_ITEM('',(#15361),#8646);
#8172=STYLED_ITEM('',(#15361),#8647);
#8173=STYLED_ITEM('',(#15361),#8648);
#8174=STYLED_ITEM('',(#15362),#8649);
#8175=STYLED_ITEM('',(#15361),#8650);
#8176=STYLED_ITEM('',(#15361),#8651);
#8177=STYLED_ITEM('',(#15361),#8652);
#8178=STYLED_ITEM('',(#15361),#8653);
#8179=STYLED_ITEM('',(#15362),#8654);
#8180=STYLED_ITEM('',(#15361),#8655);
#8181=STYLED_ITEM('',(#15361),#8656);
#8182=STYLED_ITEM('',(#15361),#8657);
#8183=STYLED_ITEM('',(#15361),#8658);
#8184=STYLED_ITEM('',(#15361),#8659);
#8185=STYLED_ITEM('',(#15361),#8660);
#8186=STYLED_ITEM('',(#15361),#8661);
#8187=STYLED_ITEM('',(#15361),#8662);
#8188=STYLED_ITEM('',(#15361),#8663);
#8189=STYLED_ITEM('',(#15361),#8664);
#8190=STYLED_ITEM('',(#15362),#8665);
#8191=STYLED_ITEM('',(#15361),#8666);
#8192=STYLED_ITEM('',(#15361),#8667);
#8193=STYLED_ITEM('',(#15361),#8668);
#8194=STYLED_ITEM('',(#15361),#8669);
#8195=STYLED_ITEM('',(#15361),#8670);
#8196=STYLED_ITEM('',(#15361),#8671);
#8197=STYLED_ITEM('',(#15361),#8672);
#8198=STYLED_ITEM('',(#15361),#8673);
#8199=STYLED_ITEM('',(#15361),#8674);
#8200=STYLED_ITEM('',(#15361),#8675);
#8201=STYLED_ITEM('',(#15361),#8676);
#8202=STYLED_ITEM('',(#15361),#8677);
#8203=STYLED_ITEM('',(#15361),#8678);
#8204=STYLED_ITEM('',(#15361),#8679);
#8205=STYLED_ITEM('',(#15361),#8680);
#8206=STYLED_ITEM('',(#15361),#8681);
#8207=STYLED_ITEM('',(#15361),#8682);
#8208=STYLED_ITEM('',(#15361),#8683);
#8209=STYLED_ITEM('',(#15361),#8684);
#8210=STYLED_ITEM('',(#15361),#8685);
#8211=STYLED_ITEM('',(#15361),#8686);
#8212=STYLED_ITEM('',(#15361),#8687);
#8213=STYLED_ITEM('',(#15361),#8688);
#8214=STYLED_ITEM('',(#15361),#8689);
#8215=STYLED_ITEM('',(#15361),#8690);
#8216=STYLED_ITEM('',(#15361),#8691);
#8217=STYLED_ITEM('',(#15361),#8692);
#8218=STYLED_ITEM('',(#15361),#8693);
#8219=STYLED_ITEM('',(#15361),#8694);
#8220=STYLED_ITEM('',(#15361),#8695);
#8221=STYLED_ITEM('',(#15361),#8696);
#8222=STYLED_ITEM('',(#15361),#8697);
#8223=STYLED_ITEM('',(#15361),#8698);
#8224=STYLED_ITEM('',(#15361),#8699);
#8225=STYLED_ITEM('',(#15361),#8700);
#8226=STYLED_ITEM('',(#15361),#8701);
#8227=STYLED_ITEM('',(#15361),#13);
#8228=ADVANCED_FACE('',(#617),#7709,.F.);
#8229=ADVANCED_FACE('',(#618),#7710,.F.);
#8230=ADVANCED_FACE('',(#619),#7711,.F.);
#8231=ADVANCED_FACE('',(#620),#7712,.F.);
#8232=ADVANCED_FACE('',(#621),#390,.F.);
#8233=ADVANCED_FACE('',(#622),#7713,.F.);
#8234=ADVANCED_FACE('',(#623,#130),#152,.T.);
#8235=ADVANCED_FACE('',(#624),#391,.F.);
#8236=ADVANCED_FACE('',(#625,#131),#153,.F.);
#8237=ADVANCED_FACE('',(#626),#7714,.F.);
#8238=ADVANCED_FACE('',(#627),#154,.T.);
#8239=ADVANCED_FACE('',(#628),#155,.T.);
#8240=ADVANCED_FACE('',(#629),#156,.T.);
#8241=ADVANCED_FACE('',(#630),#157,.T.);
#8242=ADVANCED_FACE('',(#631),#158,.T.);
#8243=ADVANCED_FACE('',(#632),#392,.F.);
#8244=ADVANCED_FACE('',(#633),#159,.T.);
#8245=ADVANCED_FACE('',(#634),#393,.T.);
#8246=ADVANCED_FACE('',(#635),#160,.T.);
#8247=ADVANCED_FACE('',(#636),#394,.T.);
#8248=ADVANCED_FACE('',(#637),#161,.T.);
#8249=ADVANCED_FACE('',(#638),#395,.T.);
#8250=ADVANCED_FACE('',(#639),#162,.T.);
#8251=ADVANCED_FACE('',(#640),#396,.T.);
#8252=ADVANCED_FACE('',(#641),#397,.F.);
#8253=ADVANCED_FACE('',(#642),#163,.T.);
#8254=ADVANCED_FACE('',(#643),#398,.F.);
#8255=ADVANCED_FACE('',(#644),#164,.T.);
#8256=ADVANCED_FACE('',(#645),#399,.T.);
#8257=ADVANCED_FACE('',(#646),#165,.T.);
#8258=ADVANCED_FACE('',(#647),#400,.T.);
#8259=ADVANCED_FACE('',(#648),#166,.T.);
#8260=ADVANCED_FACE('',(#649),#401,.F.);
#8261=ADVANCED_FACE('',(#650),#167,.T.);
#8262=ADVANCED_FACE('',(#651),#402,.F.);
#8263=ADVANCED_FACE('',(#652),#403,.T.);
#8264=ADVANCED_FACE('',(#653),#168,.T.);
#8265=ADVANCED_FACE('',(#654),#404,.T.);
#8266=ADVANCED_FACE('',(#655),#169,.T.);
#8267=ADVANCED_FACE('',(#656),#405,.T.);
#8268=ADVANCED_FACE('',(#657),#170,.T.);
#8269=ADVANCED_FACE('',(#658),#406,.T.);
#8270=ADVANCED_FACE('',(#659),#171,.T.);
#8271=ADVANCED_FACE('',(#660),#407,.F.);
#8272=ADVANCED_FACE('',(#661),#172,.T.);
#8273=ADVANCED_FACE('',(#662),#173,.T.);
#8274=ADVANCED_FACE('',(#663),#174,.T.);
#8275=ADVANCED_FACE('',(#664),#175,.T.);
#8276=ADVANCED_FACE('',(#665),#176,.T.);
#8277=ADVANCED_FACE('',(#666),#177,.T.);
#8278=ADVANCED_FACE('',(#667),#178,.T.);
#8279=ADVANCED_FACE('',(#668),#408,.F.);
#8280=ADVANCED_FACE('',(#669),#179,.T.);
#8281=ADVANCED_FACE('',(#670),#409,.T.);
#8282=ADVANCED_FACE('',(#671),#180,.T.);
#8283=ADVANCED_FACE('',(#672),#410,.T.);
#8284=ADVANCED_FACE('',(#673),#181,.T.);
#8285=ADVANCED_FACE('',(#674),#411,.T.);
#8286=ADVANCED_FACE('',(#675),#182,.T.);
#8287=ADVANCED_FACE('',(#676),#412,.T.);
#8288=ADVANCED_FACE('',(#677),#413,.F.);
#8289=ADVANCED_FACE('',(#678),#183,.T.);
#8290=ADVANCED_FACE('',(#679),#414,.F.);
#8291=ADVANCED_FACE('',(#680),#184,.T.);
#8292=ADVANCED_FACE('',(#681),#415,.T.);
#8293=ADVANCED_FACE('',(#682),#185,.T.);
#8294=ADVANCED_FACE('',(#683),#416,.T.);
#8295=ADVANCED_FACE('',(#684),#186,.T.);
#8296=ADVANCED_FACE('',(#685),#417,.F.);
#8297=ADVANCED_FACE('',(#686),#187,.T.);
#8298=ADVANCED_FACE('',(#687),#418,.F.);
#8299=ADVANCED_FACE('',(#688),#419,.T.);
#8300=ADVANCED_FACE('',(#689),#188,.T.);
#8301=ADVANCED_FACE('',(#690),#420,.T.);
#8302=ADVANCED_FACE('',(#691),#189,.T.);
#8303=ADVANCED_FACE('',(#692),#421,.T.);
#8304=ADVANCED_FACE('',(#693),#190,.T.);
#8305=ADVANCED_FACE('',(#694),#422,.T.);
#8306=ADVANCED_FACE('',(#695),#191,.T.);
#8307=ADVANCED_FACE('',(#696),#423,.F.);
#8308=ADVANCED_FACE('',(#697),#192,.T.);
#8309=ADVANCED_FACE('',(#698),#193,.T.);
#8310=ADVANCED_FACE('',(#699),#424,.T.);
#8311=ADVANCED_FACE('',(#700),#425,.T.);
#8312=ADVANCED_FACE('',(#701),#426,.T.);
#8313=ADVANCED_FACE('',(#702),#427,.T.);
#8314=ADVANCED_FACE('',(#703),#194,.F.);
#8315=ADVANCED_FACE('',(#704),#7715,.F.);
#8316=ADVANCED_FACE('',(#705),#195,.T.);
#8317=ADVANCED_FACE('',(#706),#7716,.T.);
#8318=ADVANCED_FACE('',(#707),#196,.T.);
#8319=ADVANCED_FACE('',(#708),#7717,.T.);
#8320=ADVANCED_FACE('',(#709),#197,.T.);
#8321=ADVANCED_FACE('',(#710),#7718,.T.);
#8322=ADVANCED_FACE('',(#711),#198,.F.);
#8323=ADVANCED_FACE('',(#712),#7719,.T.);
#8324=ADVANCED_FACE('',(#713),#7720,.F.);
#8325=ADVANCED_FACE('',(#714),#199,.F.);
#8326=ADVANCED_FACE('',(#715),#7721,.F.);
#8327=ADVANCED_FACE('',(#716),#200,.F.);
#8328=ADVANCED_FACE('',(#717),#7722,.T.);
#8329=ADVANCED_FACE('',(#718),#201,.T.);
#8330=ADVANCED_FACE('',(#719),#7723,.T.);
#8331=ADVANCED_FACE('',(#720),#202,.T.);
#8332=ADVANCED_FACE('',(#721),#7724,.F.);
#8333=ADVANCED_FACE('',(#722),#203,.T.);
#8334=ADVANCED_FACE('',(#723),#7725,.F.);
#8335=ADVANCED_FACE('',(#724),#7726,.T.);
#8336=ADVANCED_FACE('',(#725),#204,.T.);
#8337=ADVANCED_FACE('',(#726),#7727,.T.);
#8338=ADVANCED_FACE('',(#727),#205,.F.);
#8339=ADVANCED_FACE('',(#728),#7728,.T.);
#8340=ADVANCED_FACE('',(#729),#206,.F.);
#8341=ADVANCED_FACE('',(#730),#7729,.T.);
#8342=ADVANCED_FACE('',(#731),#207,.F.);
#8343=ADVANCED_FACE('',(#732),#7730,.F.);
#8344=ADVANCED_FACE('',(#733),#208,.F.);
#8345=ADVANCED_FACE('',(#734),#209,.F.);
#8346=ADVANCED_FACE('',(#735),#210,.F.);
#8347=ADVANCED_FACE('',(#736),#7731,.T.);
#8348=ADVANCED_FACE('',(#737,#132,#133,#134,#135,#136,#137,#138),#211,.T.);
#8349=ADVANCED_FACE('',(#738),#7732,.T.);
#8350=ADVANCED_FACE('',(#739),#212,.F.);
#8351=ADVANCED_FACE('',(#740),#213,.F.);
#8352=ADVANCED_FACE('',(#741),#214,.T.);
#8353=ADVANCED_FACE('',(#742),#215,.T.);
#8354=ADVANCED_FACE('',(#743),#216,.T.);
#8355=ADVANCED_FACE('',(#744),#217,.T.);
#8356=ADVANCED_FACE('',(#745),#218,.T.);
#8357=ADVANCED_FACE('',(#746),#428,.F.);
#8358=ADVANCED_FACE('',(#747),#219,.T.);
#8359=ADVANCED_FACE('',(#748),#429,.T.);
#8360=ADVANCED_FACE('',(#749),#220,.T.);
#8361=ADVANCED_FACE('',(#750),#430,.T.);
#8362=ADVANCED_FACE('',(#751),#221,.T.);
#8363=ADVANCED_FACE('',(#752),#431,.T.);
#8364=ADVANCED_FACE('',(#753),#222,.T.);
#8365=ADVANCED_FACE('',(#754),#432,.T.);
#8366=ADVANCED_FACE('',(#755),#433,.F.);
#8367=ADVANCED_FACE('',(#756),#223,.T.);
#8368=ADVANCED_FACE('',(#757),#434,.F.);
#8369=ADVANCED_FACE('',(#758),#224,.T.);
#8370=ADVANCED_FACE('',(#759),#435,.T.);
#8371=ADVANCED_FACE('',(#760),#225,.T.);
#8372=ADVANCED_FACE('',(#761),#436,.T.);
#8373=ADVANCED_FACE('',(#762),#226,.T.);
#8374=ADVANCED_FACE('',(#763),#437,.F.);
#8375=ADVANCED_FACE('',(#764),#227,.T.);
#8376=ADVANCED_FACE('',(#765),#438,.F.);
#8377=ADVANCED_FACE('',(#766),#439,.T.);
#8378=ADVANCED_FACE('',(#767),#228,.T.);
#8379=ADVANCED_FACE('',(#768),#440,.T.);
#8380=ADVANCED_FACE('',(#769),#229,.T.);
#8381=ADVANCED_FACE('',(#770),#441,.T.);
#8382=ADVANCED_FACE('',(#771),#230,.T.);
#8383=ADVANCED_FACE('',(#772),#442,.T.);
#8384=ADVANCED_FACE('',(#773),#231,.T.);
#8385=ADVANCED_FACE('',(#774),#443,.F.);
#8386=ADVANCED_FACE('',(#775),#232,.T.);
#8387=ADVANCED_FACE('',(#776),#233,.T.);
#8388=ADVANCED_FACE('',(#777),#234,.T.);
#8389=ADVANCED_FACE('',(#778),#235,.T.);
#8390=ADVANCED_FACE('',(#779),#236,.T.);
#8391=ADVANCED_FACE('',(#780),#237,.T.);
#8392=ADVANCED_FACE('',(#781),#238,.T.);
#8393=ADVANCED_FACE('',(#782),#444,.F.);
#8394=ADVANCED_FACE('',(#783),#239,.T.);
#8395=ADVANCED_FACE('',(#784),#445,.T.);
#8396=ADVANCED_FACE('',(#785),#240,.T.);
#8397=ADVANCED_FACE('',(#786),#446,.T.);
#8398=ADVANCED_FACE('',(#787),#241,.T.);
#8399=ADVANCED_FACE('',(#788),#447,.T.);
#8400=ADVANCED_FACE('',(#789),#242,.T.);
#8401=ADVANCED_FACE('',(#790),#448,.T.);
#8402=ADVANCED_FACE('',(#791),#449,.F.);
#8403=ADVANCED_FACE('',(#792),#243,.T.);
#8404=ADVANCED_FACE('',(#793),#450,.F.);
#8405=ADVANCED_FACE('',(#794),#244,.T.);
#8406=ADVANCED_FACE('',(#795),#451,.T.);
#8407=ADVANCED_FACE('',(#796),#245,.T.);
#8408=ADVANCED_FACE('',(#797),#452,.T.);
#8409=ADVANCED_FACE('',(#798),#246,.T.);
#8410=ADVANCED_FACE('',(#799),#453,.F.);
#8411=ADVANCED_FACE('',(#800),#247,.T.);
#8412=ADVANCED_FACE('',(#801),#454,.F.);
#8413=ADVANCED_FACE('',(#802),#455,.T.);
#8414=ADVANCED_FACE('',(#803),#248,.T.);
#8415=ADVANCED_FACE('',(#804),#456,.T.);
#8416=ADVANCED_FACE('',(#805),#249,.T.);
#8417=ADVANCED_FACE('',(#806),#457,.T.);
#8418=ADVANCED_FACE('',(#807),#250,.T.);
#8419=ADVANCED_FACE('',(#808),#458,.T.);
#8420=ADVANCED_FACE('',(#809),#251,.T.);
#8421=ADVANCED_FACE('',(#810),#459,.F.);
#8422=ADVANCED_FACE('',(#811),#252,.T.);
#8423=ADVANCED_FACE('',(#812),#253,.T.);
#8424=ADVANCED_FACE('',(#813),#460,.T.);
#8425=ADVANCED_FACE('',(#814),#461,.T.);
#8426=ADVANCED_FACE('',(#815),#462,.T.);
#8427=ADVANCED_FACE('',(#816),#463,.T.);
#8428=ADVANCED_FACE('',(#817),#254,.F.);
#8429=ADVANCED_FACE('',(#818),#7733,.F.);
#8430=ADVANCED_FACE('',(#819),#255,.F.);
#8431=ADVANCED_FACE('',(#820),#7734,.T.);
#8432=ADVANCED_FACE('',(#821),#256,.F.);
#8433=ADVANCED_FACE('',(#822),#7735,.T.);
#8434=ADVANCED_FACE('',(#823),#257,.F.);
#8435=ADVANCED_FACE('',(#824),#7736,.T.);
#8436=ADVANCED_FACE('',(#825),#258,.T.);
#8437=ADVANCED_FACE('',(#826),#7737,.T.);
#8438=ADVANCED_FACE('',(#827),#7738,.F.);
#8439=ADVANCED_FACE('',(#828),#259,.T.);
#8440=ADVANCED_FACE('',(#829),#7739,.F.);
#8441=ADVANCED_FACE('',(#830),#260,.T.);
#8442=ADVANCED_FACE('',(#831),#7740,.T.);
#8443=ADVANCED_FACE('',(#832,#139,#140,#141,#142,#143,#144,#145,#146),#261,
 .T.);
#8444=ADVANCED_FACE('',(#833),#7741,.T.);
#8445=ADVANCED_FACE('',(#834),#262,.F.);
#8446=ADVANCED_FACE('',(#835),#7742,.F.);
#8447=ADVANCED_FACE('',(#836),#263,.F.);
#8448=ADVANCED_FACE('',(#837),#7743,.F.);
#8449=ADVANCED_FACE('',(#838),#7744,.T.);
#8450=ADVANCED_FACE('',(#839),#264,.F.);
#8451=ADVANCED_FACE('',(#840),#7745,.T.);
#8452=ADVANCED_FACE('',(#841),#265,.T.);
#8453=ADVANCED_FACE('',(#842),#7746,.T.);
#8454=ADVANCED_FACE('',(#843),#266,.T.);
#8455=ADVANCED_FACE('',(#844),#7747,.T.);
#8456=ADVANCED_FACE('',(#845),#267,.T.);
#8457=ADVANCED_FACE('',(#846),#7748,.F.);
#8458=ADVANCED_FACE('',(#847),#268,.F.);
#8459=ADVANCED_FACE('',(#848),#7749,.T.);
#8460=ADVANCED_FACE('',(#849),#269,.T.);
#8461=ADVANCED_FACE('',(#850),#7750,.T.);
#8462=ADVANCED_FACE('',(#851),#270,.T.);
#8463=ADVANCED_FACE('',(#852),#271,.T.);
#8464=ADVANCED_FACE('',(#853),#272,.T.);
#8465=ADVANCED_FACE('',(#854),#273,.T.);
#8466=ADVANCED_FACE('',(#855),#14,.T.);
#8467=ADVANCED_FACE('',(#856),#15,.T.);
#8468=ADVANCED_FACE('',(#857),#16,.T.);
#8469=ADVANCED_FACE('',(#858),#17,.T.);
#8470=ADVANCED_FACE('',(#859),#18,.T.);
#8471=ADVANCED_FACE('',(#860),#274,.T.);
#8472=ADVANCED_FACE('',(#861),#275,.T.);
#8473=ADVANCED_FACE('',(#862),#276,.T.);
#8474=ADVANCED_FACE('',(#863),#277,.T.);
#8475=ADVANCED_FACE('',(#864),#278,.T.);
#8476=ADVANCED_FACE('',(#865),#19,.T.);
#8477=ADVANCED_FACE('',(#866),#20,.T.);
#8478=ADVANCED_FACE('',(#867),#21,.T.);
#8479=ADVANCED_FACE('',(#868),#279,.T.);
#8480=ADVANCED_FACE('',(#869),#280,.T.);
#8481=ADVANCED_FACE('',(#870),#281,.T.);
#8482=ADVANCED_FACE('',(#871),#22,.T.);
#8483=ADVANCED_FACE('',(#872),#23,.T.);
#8484=ADVANCED_FACE('',(#873),#24,.T.);
#8485=ADVANCED_FACE('',(#874),#25,.T.);
#8486=ADVANCED_FACE('',(#875),#26,.T.);
#8487=ADVANCED_FACE('',(#876),#27,.T.);
#8488=ADVANCED_FACE('',(#877),#28,.T.);
#8489=ADVANCED_FACE('',(#878,#147),#282,.T.);
#8490=ADVANCED_FACE('',(#879),#29,.T.);
#8491=ADVANCED_FACE('',(#880),#30,.T.);
#8492=ADVANCED_FACE('',(#881),#31,.T.);
#8493=ADVANCED_FACE('',(#882),#32,.T.);
#8494=ADVANCED_FACE('',(#883),#33,.T.);
#8495=ADVANCED_FACE('',(#884),#34,.T.);
#8496=ADVANCED_FACE('',(#885),#35,.T.);
#8497=ADVANCED_FACE('',(#886),#36,.T.);
#8498=ADVANCED_FACE('',(#887),#283,.T.);
#8499=ADVANCED_FACE('',(#888),#284,.T.);
#8500=ADVANCED_FACE('',(#889),#285,.T.);
#8501=ADVANCED_FACE('',(#890),#286,.T.);
#8502=ADVANCED_FACE('',(#891),#287,.T.);
#8503=ADVANCED_FACE('',(#892),#288,.T.);
#8504=ADVANCED_FACE('',(#893),#289,.T.);
#8505=ADVANCED_FACE('',(#894),#290,.T.);
#8506=ADVANCED_FACE('',(#895),#291,.T.);
#8507=ADVANCED_FACE('',(#896),#292,.T.);
#8508=ADVANCED_FACE('',(#897),#293,.T.);
#8509=ADVANCED_FACE('',(#898),#294,.T.);
#8510=ADVANCED_FACE('',(#899),#295,.T.);
#8511=ADVANCED_FACE('',(#900),#37,.T.);
#8512=ADVANCED_FACE('',(#901),#38,.T.);
#8513=ADVANCED_FACE('',(#902),#296,.T.);
#8514=ADVANCED_FACE('',(#903),#297,.T.);
#8515=ADVANCED_FACE('',(#904),#298,.T.);
#8516=ADVANCED_FACE('',(#905),#299,.T.);
#8517=ADVANCED_FACE('',(#906),#300,.T.);
#8518=ADVANCED_FACE('',(#907),#301,.T.);
#8519=ADVANCED_FACE('',(#908),#302,.T.);
#8520=ADVANCED_FACE('',(#909),#303,.T.);
#8521=ADVANCED_FACE('',(#910),#304,.T.);
#8522=ADVANCED_FACE('',(#911),#305,.T.);
#8523=ADVANCED_FACE('',(#912),#306,.T.);
#8524=ADVANCED_FACE('',(#913),#39,.T.);
#8525=ADVANCED_FACE('',(#914),#40,.T.);
#8526=ADVANCED_FACE('',(#915),#307,.T.);
#8527=ADVANCED_FACE('',(#916),#308,.T.);
#8528=ADVANCED_FACE('',(#917),#309,.T.);
#8529=ADVANCED_FACE('',(#918),#310,.T.);
#8530=ADVANCED_FACE('',(#919),#311,.T.);
#8531=ADVANCED_FACE('',(#920),#312,.T.);
#8532=ADVANCED_FACE('',(#921),#41,.T.);
#8533=ADVANCED_FACE('',(#922),#42,.T.);
#8534=ADVANCED_FACE('',(#923),#43,.T.);
#8535=ADVANCED_FACE('',(#924),#44,.T.);
#8536=ADVANCED_FACE('',(#925),#313,.T.);
#8537=ADVANCED_FACE('',(#926),#314,.T.);
#8538=ADVANCED_FACE('',(#927),#315,.T.);
#8539=ADVANCED_FACE('',(#928),#316,.T.);
#8540=ADVANCED_FACE('',(#929),#317,.T.);
#8541=ADVANCED_FACE('',(#930),#318,.T.);
#8542=ADVANCED_FACE('',(#931),#45,.T.);
#8543=ADVANCED_FACE('',(#932),#46,.T.);
#8544=ADVANCED_FACE('',(#933),#47,.T.);
#8545=ADVANCED_FACE('',(#934),#48,.T.);
#8546=ADVANCED_FACE('',(#935),#49,.T.);
#8547=ADVANCED_FACE('',(#936),#50,.T.);
#8548=ADVANCED_FACE('',(#937),#51,.T.);
#8549=ADVANCED_FACE('',(#938),#319,.T.);
#8550=ADVANCED_FACE('',(#939),#320,.T.);
#8551=ADVANCED_FACE('',(#940),#52,.T.);
#8552=ADVANCED_FACE('',(#941),#53,.T.);
#8553=ADVANCED_FACE('',(#942),#321,.T.);
#8554=ADVANCED_FACE('',(#943),#322,.T.);
#8555=ADVANCED_FACE('',(#944),#323,.T.);
#8556=ADVANCED_FACE('',(#945),#324,.T.);
#8557=ADVANCED_FACE('',(#946),#54,.T.);
#8558=ADVANCED_FACE('',(#947),#55,.T.);
#8559=ADVANCED_FACE('',(#948),#56,.T.);
#8560=ADVANCED_FACE('',(#949),#57,.T.);
#8561=ADVANCED_FACE('',(#950),#58,.T.);
#8562=ADVANCED_FACE('',(#951),#325,.T.);
#8563=ADVANCED_FACE('',(#952),#326,.T.);
#8564=ADVANCED_FACE('',(#953),#327,.T.);
#8565=ADVANCED_FACE('',(#954),#328,.T.);
#8566=ADVANCED_FACE('',(#955),#329,.T.);
#8567=ADVANCED_FACE('',(#956),#59,.T.);
#8568=ADVANCED_FACE('',(#957),#60,.T.);
#8569=ADVANCED_FACE('',(#958),#61,.T.);
#8570=ADVANCED_FACE('',(#959),#330,.T.);
#8571=ADVANCED_FACE('',(#960),#331,.T.);
#8572=ADVANCED_FACE('',(#961),#332,.T.);
#8573=ADVANCED_FACE('',(#962),#62,.T.);
#8574=ADVANCED_FACE('',(#963),#63,.T.);
#8575=ADVANCED_FACE('',(#964),#64,.T.);
#8576=ADVANCED_FACE('',(#965),#333,.T.);
#8577=ADVANCED_FACE('',(#966),#65,.T.);
#8578=ADVANCED_FACE('',(#967),#66,.T.);
#8579=ADVANCED_FACE('',(#968),#67,.T.);
#8580=ADVANCED_FACE('',(#969),#334,.T.);
#8581=ADVANCED_FACE('',(#970),#335,.T.);
#8582=ADVANCED_FACE('',(#971),#68,.T.);
#8583=ADVANCED_FACE('',(#972),#69,.T.);
#8584=ADVANCED_FACE('',(#973),#70,.T.);
#8585=ADVANCED_FACE('',(#974),#71,.T.);
#8586=ADVANCED_FACE('',(#975),#72,.T.);
#8587=ADVANCED_FACE('',(#976),#73,.T.);
#8588=ADVANCED_FACE('',(#977),#74,.T.);
#8589=ADVANCED_FACE('',(#978),#75,.T.);
#8590=ADVANCED_FACE('',(#979),#336,.T.);
#8591=ADVANCED_FACE('',(#980),#337,.T.);
#8592=ADVANCED_FACE('',(#981),#76,.T.);
#8593=ADVANCED_FACE('',(#982),#77,.T.);
#8594=ADVANCED_FACE('',(#983),#78,.T.);
#8595=ADVANCED_FACE('',(#984),#338,.T.);
#8596=ADVANCED_FACE('',(#985),#339,.T.);
#8597=ADVANCED_FACE('',(#986),#340,.T.);
#8598=ADVANCED_FACE('',(#987),#79,.T.);
#8599=ADVANCED_FACE('',(#988),#80,.T.);
#8600=ADVANCED_FACE('',(#989),#341,.T.);
#8601=ADVANCED_FACE('',(#990),#342,.T.);
#8602=ADVANCED_FACE('',(#991),#343,.T.);
#8603=ADVANCED_FACE('',(#992),#344,.T.);
#8604=ADVANCED_FACE('',(#993),#345,.T.);
#8605=ADVANCED_FACE('',(#994),#81,.T.);
#8606=ADVANCED_FACE('',(#995),#82,.T.);
#8607=ADVANCED_FACE('',(#996),#83,.T.);
#8608=ADVANCED_FACE('',(#997),#346,.T.);
#8609=ADVANCED_FACE('',(#998),#84,.T.);
#8610=ADVANCED_FACE('',(#999),#85,.T.);
#8611=ADVANCED_FACE('',(#1000),#347,.F.);
#8612=ADVANCED_FACE('',(#1001,#148),#348,.T.);
#8613=ADVANCED_FACE('',(#1002),#86,.T.);
#8614=ADVANCED_FACE('',(#1003),#87,.T.);
#8615=ADVANCED_FACE('',(#1004),#88,.T.);
#8616=ADVANCED_FACE('',(#1005),#349,.T.);
#8617=ADVANCED_FACE('',(#1006),#350,.T.);
#8618=ADVANCED_FACE('',(#1007),#89,.T.);
#8619=ADVANCED_FACE('',(#1008),#90,.T.);
#8620=ADVANCED_FACE('',(#1009),#91,.T.);
#8621=ADVANCED_FACE('',(#1010),#92,.T.);
#8622=ADVANCED_FACE('',(#1011),#351,.T.);
#8623=ADVANCED_FACE('',(#1012),#352,.T.);
#8624=ADVANCED_FACE('',(#1013),#93,.T.);
#8625=ADVANCED_FACE('',(#1014),#94,.T.);
#8626=ADVANCED_FACE('',(#1015),#95,.T.);
#8627=ADVANCED_FACE('',(#1016),#96,.T.);
#8628=ADVANCED_FACE('',(#1017),#353,.F.);
#8629=ADVANCED_FACE('',(#1018),#97,.T.);
#8630=ADVANCED_FACE('',(#1019),#98,.T.);
#8631=ADVANCED_FACE('',(#1020,#149),#354,.T.);
#8632=ADVANCED_FACE('',(#1021),#99,.T.);
#8633=ADVANCED_FACE('',(#1022),#100,.T.);
#8634=ADVANCED_FACE('',(#1023),#101,.T.);
#8635=ADVANCED_FACE('',(#1024),#355,.T.);
#8636=ADVANCED_FACE('',(#1025),#356,.T.);
#8637=ADVANCED_FACE('',(#1026),#357,.T.);
#8638=ADVANCED_FACE('',(#1027),#358,.T.);
#8639=ADVANCED_FACE('',(#1028),#359,.T.);
#8640=ADVANCED_FACE('',(#1029),#102,.T.);
#8641=ADVANCED_FACE('',(#1030),#103,.T.);
#8642=ADVANCED_FACE('',(#1031),#104,.T.);
#8643=ADVANCED_FACE('',(#1032),#105,.T.);
#8644=ADVANCED_FACE('',(#1033),#106,.T.);
#8645=ADVANCED_FACE('',(#1034),#107,.T.);
#8646=ADVANCED_FACE('',(#1035),#108,.T.);
#8647=ADVANCED_FACE('',(#1036),#109,.T.);
#8648=ADVANCED_FACE('',(#1037),#110,.T.);
#8649=ADVANCED_FACE('',(#1038,#150),#360,.T.);
#8650=ADVANCED_FACE('',(#1039),#111,.T.);
#8651=ADVANCED_FACE('',(#1040),#112,.T.);
#8652=ADVANCED_FACE('',(#1041),#113,.T.);
#8653=ADVANCED_FACE('',(#1042),#114,.T.);
#8654=ADVANCED_FACE('',(#1043),#361,.T.);
#8655=ADVANCED_FACE('',(#1044),#115,.T.);
#8656=ADVANCED_FACE('',(#1045),#116,.T.);
#8657=ADVANCED_FACE('',(#1046),#362,.T.);
#8658=ADVANCED_FACE('',(#1047),#363,.T.);
#8659=ADVANCED_FACE('',(#1048),#364,.T.);
#8660=ADVANCED_FACE('',(#1049),#117,.T.);
#8661=ADVANCED_FACE('',(#1050),#118,.T.);
#8662=ADVANCED_FACE('',(#1051),#365,.T.);
#8663=ADVANCED_FACE('',(#1052),#366,.T.);
#8664=ADVANCED_FACE('',(#1053),#367,.T.);
#8665=ADVANCED_FACE('',(#1054),#368,.T.);
#8666=ADVANCED_FACE('',(#1055),#369,.T.);
#8667=ADVANCED_FACE('',(#1056),#370,.T.);
#8668=ADVANCED_FACE('',(#1057),#371,.T.);
#8669=ADVANCED_FACE('',(#1058),#119,.T.);
#8670=ADVANCED_FACE('',(#1059),#120,.T.);
#8671=ADVANCED_FACE('',(#1060),#121,.T.);
#8672=ADVANCED_FACE('',(#1061),#122,.T.);
#8673=ADVANCED_FACE('',(#1062),#372,.T.);
#8674=ADVANCED_FACE('',(#1063),#373,.T.);
#8675=ADVANCED_FACE('',(#1064),#123,.T.);
#8676=ADVANCED_FACE('',(#1065),#124,.T.);
#8677=ADVANCED_FACE('',(#1066),#125,.T.);
#8678=ADVANCED_FACE('',(#1067),#126,.T.);
#8679=ADVANCED_FACE('',(#1068),#127,.T.);
#8680=ADVANCED_FACE('',(#1069),#374,.T.);
#8681=ADVANCED_FACE('',(#1070),#375,.T.);
#8682=ADVANCED_FACE('',(#1071),#376,.T.);
#8683=ADVANCED_FACE('',(#1072),#377,.T.);
#8684=ADVANCED_FACE('',(#1073),#378,.T.);
#8685=ADVANCED_FACE('',(#1074),#379,.T.);
#8686=ADVANCED_FACE('',(#1075),#380,.T.);
#8687=ADVANCED_FACE('',(#1076),#381,.T.);
#8688=ADVANCED_FACE('',(#1077),#382,.T.);
#8689=ADVANCED_FACE('',(#1078),#128,.T.);
#8690=ADVANCED_FACE('',(#1079),#7751,.F.);
#8691=ADVANCED_FACE('',(#1080),#129,.T.);
#8692=ADVANCED_FACE('',(#1081),#464,.F.);
#8693=ADVANCED_FACE('',(#1082,#151),#383,.F.);
#8694=ADVANCED_FACE('',(#1083),#7752,.F.);
#8695=ADVANCED_FACE('',(#1084),#465,.F.);
#8696=ADVANCED_FACE('',(#1085),#384,.T.);
#8697=ADVANCED_FACE('',(#1086),#385,.F.);
#8698=ADVANCED_FACE('',(#1087),#386,.F.);
#8699=ADVANCED_FACE('',(#1088),#387,.F.);
#8700=ADVANCED_FACE('',(#1089),#388,.F.);
#8701=ADVANCED_FACE('',(#1090),#389,.T.);
#8702=CLOSED_SHELL('',(#8228,#8229,#8230,#8231,#8232,#8233,#8234,#8235,
#8236,#8237,#8238,#8239,#8240,#8241,#8242,#8243,#8244,#8245,#8246,#8247,
#8248,#8249,#8250,#8251,#8252,#8253,#8254,#8255,#8256,#8257,#8258,#8259,
#8260,#8261,#8262,#8263,#8264,#8265,#8266,#8267,#8268,#8269,#8270,#8271,
#8272,#8273,#8274,#8275,#8276,#8277,#8278,#8279,#8280,#8281,#8282,#8283,
#8284,#8285,#8286,#8287,#8288,#8289,#8290,#8291,#8292,#8293,#8294,#8295,
#8296,#8297,#8298,#8299,#8300,#8301,#8302,#8303,#8304,#8305,#8306,#8307,
#8308,#8309,#8310,#8311,#8312,#8313,#8314,#8315,#8316,#8317,#8318,#8319,
#8320,#8321,#8322,#8323,#8324,#8325,#8326,#8327,#8328,#8329,#8330,#8331,
#8332,#8333,#8334,#8335,#8336,#8337,#8338,#8339,#8340,#8341,#8342,#8343,
#8344,#8345,#8346,#8347,#8348,#8349,#8350,#8351,#8352,#8353,#8354,#8355,
#8356,#8357,#8358,#8359,#8360,#8361,#8362,#8363,#8364,#8365,#8366,#8367,
#8368,#8369,#8370,#8371,#8372,#8373,#8374,#8375,#8376,#8377,#8378,#8379,
#8380,#8381,#8382,#8383,#8384,#8385,#8386,#8387,#8388,#8389,#8390,#8391,
#8392,#8393,#8394,#8395,#8396,#8397,#8398,#8399,#8400,#8401,#8402,#8403,
#8404,#8405,#8406,#8407,#8408,#8409,#8410,#8411,#8412,#8413,#8414,#8415,
#8416,#8417,#8418,#8419,#8420,#8421,#8422,#8423,#8424,#8425,#8426,#8427,
#8428,#8429,#8430,#8431,#8432,#8433,#8434,#8435,#8436,#8437,#8438,#8439,
#8440,#8441,#8442,#8443,#8444,#8445,#8446,#8447,#8448,#8449,#8450,#8451,
#8452,#8453,#8454,#8455,#8456,#8457,#8458,#8459,#8460,#8461,#8462,#8463,
#8464,#8465,#8466,#8467,#8468,#8469,#8470,#8471,#8472,#8473,#8474,#8475,
#8476,#8477,#8478,#8479,#8480,#8481,#8482,#8483,#8484,#8485,#8486,#8487,
#8488,#8489,#8490,#8491,#8492,#8493,#8494,#8495,#8496,#8497,#8498,#8499,
#8500,#8501,#8502,#8503,#8504,#8505,#8506,#8507,#8508,#8509,#8510,#8511,
#8512,#8513,#8514,#8515,#8516,#8517,#8518,#8519,#8520,#8521,#8522,#8523,
#8524,#8525,#8526,#8527,#8528,#8529,#8530,#8531,#8532,#8533,#8534,#8535,
#8536,#8537,#8538,#8539,#8540,#8541,#8542,#8543,#8544,#8545,#8546,#8547,
#8548,#8549,#8550,#8551,#8552,#8553,#8554,#8555,#8556,#8557,#8558,#8559,
#8560,#8561,#8562,#8563,#8564,#8565,#8566,#8567,#8568,#8569,#8570,#8571,
#8572,#8573,#8574,#8575,#8576,#8577,#8578,#8579,#8580,#8581,#8582,#8583,
#8584,#8585,#8586,#8587,#8588,#8589,#8590,#8591,#8592,#8593,#8594,#8595,
#8596,#8597,#8598,#8599,#8600,#8601,#8602,#8603,#8604,#8605,#8606,#8607,
#8608,#8609,#8610,#8611,#8612,#8613,#8614,#8615,#8616,#8617,#8618,#8619,
#8620,#8621,#8622,#8623,#8624,#8625,#8626,#8627,#8628,#8629,#8630,#8631,
#8632,#8633,#8634,#8635,#8636,#8637,#8638,#8639,#8640,#8641,#8642,#8643,
#8644,#8645,#8646,#8647,#8648,#8649,#8650,#8651,#8652,#8653,#8654,#8655,
#8656,#8657,#8658,#8659,#8660,#8661,#8662,#8663,#8664,#8665,#8666,#8667,
#8668,#8669,#8670,#8671,#8672,#8673,#8674,#8675,#8676,#8677,#8678,#8679,
#8680,#8681,#8682,#8683,#8684,#8685,#8686,#8687,#8688,#8689,#8690,#8691,
#8692,#8693,#8694,#8695,#8696,#8697,#8698,#8699,#8700,#8701));
#8703=DERIVED_UNIT_ELEMENT(#8706,1.);
#8704=DERIVED_UNIT_ELEMENT(#15347,-3.);
#8705=DIMENSIONAL_EXPONENTS(0.,1.,0.,0.,0.,0.,0.);
#8706=(
CONVERSION_BASED_UNIT('gram',#8708)
MASS_UNIT()
NAMED_UNIT(#8705)
);
#8707=(
MASS_UNIT()
NAMED_UNIT(*)
SI_UNIT(.KILO.,.GRAM.)
);
#8708=MASS_MEASURE_WITH_UNIT(MASS_MEASURE(0.001),#8707);
#8709=DERIVED_UNIT((#8703,#8704));
#8710=MEASURE_REPRESENTATION_ITEM('density measure',
POSITIVE_RATIO_MEASURE(1.06),#8709);
#8711=PROPERTY_DEFINITION_REPRESENTATION(#8716,#8713);
#8712=PROPERTY_DEFINITION_REPRESENTATION(#8717,#8714);
#8713=REPRESENTATION('material name',(#8715),#15344);
#8714=REPRESENTATION('density',(#8710),#15344);
#8715=DESCRIPTIVE_REPRESENTATION_ITEM('ABS-Kunststoff','ABS-Kunststoff');
#8716=PROPERTY_DEFINITION('material property','material name',#15354);
#8717=PROPERTY_DEFINITION('material property','density of part',#15354);
#8718=DATE_TIME_ROLE('creation_date');
#8719=APPLIED_DATE_AND_TIME_ASSIGNMENT(#8720,#8718,(#15354));
#8720=DATE_AND_TIME(#8721,#8722);
#8721=CALENDAR_DATE(2024,9,12);
#8722=LOCAL_TIME(0,0,0.,#8723);
#8723=COORDINATED_UNIVERSAL_TIME_OFFSET(0,0,.BEHIND.);
#8724=AXIS2_PLACEMENT_3D('',#11049,#9234,#9235);
#8725=AXIS2_PLACEMENT_3D('',#11050,#9236,#9237);
#8726=AXIS2_PLACEMENT_3D('',#11077,#9240,#9241);
#8727=AXIS2_PLACEMENT_3D('',#11104,#9244,#9245);
#8728=AXIS2_PLACEMENT_3D('',#11109,#9247,#9248);
#8729=AXIS2_PLACEMENT_3D('',#11132,#9249,#9250);
#8730=AXIS2_PLACEMENT_3D('',#11134,#9251,#9252);
#8731=AXIS2_PLACEMENT_3D('',#11181,#9255,#9256);
#8732=AXIS2_PLACEMENT_3D('',#11185,#9258,#9259);
#8733=AXIS2_PLACEMENT_3D('',#11196,#9260,#9261);
#8734=AXIS2_PLACEMENT_3D('',#11198,#9262,#9263);
#8735=AXIS2_PLACEMENT_3D('',#11200,#9265,#9266);
#8736=AXIS2_PLACEMENT_3D('',#11201,#9267,#9268);
#8737=AXIS2_PLACEMENT_3D('',#11214,#9269,#9270);
#8738=AXIS2_PLACEMENT_3D('',#11217,#9272,#9273);
#8739=AXIS2_PLACEMENT_3D('',#11261,#9274,#9275);
#8740=AXIS2_PLACEMENT_3D('',#11276,#9282,#9283);
#8741=AXIS2_PLACEMENT_3D('',#11280,#9285,#9286);
#8742=AXIS2_PLACEMENT_3D('',#11284,#9288,#9289);
#8743=AXIS2_PLACEMENT_3D('',#11288,#9291,#9292);
#8744=AXIS2_PLACEMENT_3D('',#11292,#9294,#9295);
#8745=AXIS2_PLACEMENT_3D('',#11294,#9296,#9297);
#8746=AXIS2_PLACEMENT_3D('',#11298,#9299,#9300);
#8747=AXIS2_PLACEMENT_3D('',#11302,#9302,#9303);
#8748=AXIS2_PLACEMENT_3D('',#11306,#9305,#9306);
#8749=AXIS2_PLACEMENT_3D('',#11310,#9308,#9309);
#8750=AXIS2_PLACEMENT_3D('',#11314,#9311,#9312);
#8751=AXIS2_PLACEMENT_3D('',#11316,#9313,#9314);
#8752=AXIS2_PLACEMENT_3D('',#11320,#9316,#9317);
#8753=AXIS2_PLACEMENT_3D('',#11324,#9319,#9320);
#8754=AXIS2_PLACEMENT_3D('',#11328,#9322,#9323);
#8755=AXIS2_PLACEMENT_3D('',#11332,#9325,#9326);
#8756=AXIS2_PLACEMENT_3D('',#11348,#9334,#9335);
#8757=AXIS2_PLACEMENT_3D('',#11352,#9337,#9338);
#8758=AXIS2_PLACEMENT_3D('',#11356,#9340,#9341);
#8759=AXIS2_PLACEMENT_3D('',#11360,#9343,#9344);
#8760=AXIS2_PLACEMENT_3D('',#11364,#9346,#9347);
#8761=AXIS2_PLACEMENT_3D('',#11366,#9348,#9349);
#8762=AXIS2_PLACEMENT_3D('',#11370,#9351,#9352);
#8763=AXIS2_PLACEMENT_3D('',#11374,#9354,#9355);
#8764=AXIS2_PLACEMENT_3D('',#11378,#9357,#9358);
#8765=AXIS2_PLACEMENT_3D('',#11382,#9360,#9361);
#8766=AXIS2_PLACEMENT_3D('',#11386,#9363,#9364);
#8767=AXIS2_PLACEMENT_3D('',#11388,#9365,#9366);
#8768=AXIS2_PLACEMENT_3D('',#11392,#9368,#9369);
#8769=AXIS2_PLACEMENT_3D('',#11396,#9371,#9372);
#8770=AXIS2_PLACEMENT_3D('',#11400,#9374,#9375);
#8771=AXIS2_PLACEMENT_3D('',#11404,#9377,#9378);
#8772=AXIS2_PLACEMENT_3D('',#11406,#9380,#9381);
#8773=AXIS2_PLACEMENT_3D('',#11408,#9382,#9383);
#8774=AXIS2_PLACEMENT_3D('',#11412,#9385,#9386);
#8775=AXIS2_PLACEMENT_3D('',#11413,#9387,#9388);
#8776=AXIS2_PLACEMENT_3D('',#11414,#9389,#9390);
#8777=AXIS2_PLACEMENT_3D('',#11429,#9397,#9398);
#8778=AXIS2_PLACEMENT_3D('',#11433,#9400,#9401);
#8779=AXIS2_PLACEMENT_3D('',#11437,#9403,#9404);
#8780=AXIS2_PLACEMENT_3D('',#11441,#9406,#9407);
#8781=AXIS2_PLACEMENT_3D('',#11445,#9409,#9410);
#8782=AXIS2_PLACEMENT_3D('',#11447,#9411,#9412);
#8783=AXIS2_PLACEMENT_3D('',#11451,#9414,#9415);
#8784=AXIS2_PLACEMENT_3D('',#11455,#9417,#9418);
#8785=AXIS2_PLACEMENT_3D('',#11459,#9420,#9421);
#8786=AXIS2_PLACEMENT_3D('',#11463,#9423,#9424);
#8787=AXIS2_PLACEMENT_3D('',#11467,#9426,#9427);
#8788=AXIS2_PLACEMENT_3D('',#11469,#9428,#9429);
#8789=AXIS2_PLACEMENT_3D('',#11473,#9431,#9432);
#8790=AXIS2_PLACEMENT_3D('',#11477,#9434,#9435);
#8791=AXIS2_PLACEMENT_3D('',#11481,#9437,#9438);
#8792=AXIS2_PLACEMENT_3D('',#11485,#9440,#9441);
#8793=AXIS2_PLACEMENT_3D('',#11501,#9449,#9450);
#8794=AXIS2_PLACEMENT_3D('',#11505,#9452,#9453);
#8795=AXIS2_PLACEMENT_3D('',#11509,#9455,#9456);
#8796=AXIS2_PLACEMENT_3D('',#11513,#9458,#9459);
#8797=AXIS2_PLACEMENT_3D('',#11517,#9461,#9462);
#8798=AXIS2_PLACEMENT_3D('',#11519,#9463,#9464);
#8799=AXIS2_PLACEMENT_3D('',#11523,#9466,#9467);
#8800=AXIS2_PLACEMENT_3D('',#11527,#9469,#9470);
#8801=AXIS2_PLACEMENT_3D('',#11531,#9472,#9473);
#8802=AXIS2_PLACEMENT_3D('',#11535,#9475,#9476);
#8803=AXIS2_PLACEMENT_3D('',#11539,#9478,#9479);
#8804=AXIS2_PLACEMENT_3D('',#11541,#9480,#9481);
#8805=AXIS2_PLACEMENT_3D('',#11545,#9483,#9484);
#8806=AXIS2_PLACEMENT_3D('',#11549,#9486,#9487);
#8807=AXIS2_PLACEMENT_3D('',#11553,#9489,#9490);
#8808=AXIS2_PLACEMENT_3D('',#11557,#9492,#9493);
#8809=AXIS2_PLACEMENT_3D('',#11559,#9495,#9496);
#8810=AXIS2_PLACEMENT_3D('',#11562,#9498,#9499);
#8811=AXIS2_PLACEMENT_3D('',#11563,#9500,#9501);
#8812=AXIS2_PLACEMENT_3D('',#11569,#9505,#9506);
#8813=AXIS2_PLACEMENT_3D('',#11575,#9510,#9511);
#8814=AXIS2_PLACEMENT_3D('',#11581,#9515,#9516);
#8815=AXIS2_PLACEMENT_3D('',#11585,#9519,#9520);
#8816=AXIS2_PLACEMENT_3D('',#11589,#9523,#9524);
#8817=AXIS2_PLACEMENT_3D('',#11591,#9525,#9526);
#8818=AXIS2_PLACEMENT_3D('',#11593,#9528,#9529);
#8819=AXIS2_PLACEMENT_3D('',#11597,#9532,#9533);
#8820=AXIS2_PLACEMENT_3D('',#11599,#9534,#9535);
#8821=AXIS2_PLACEMENT_3D('',#11601,#9537,#9538);
#8822=AXIS2_PLACEMENT_3D('',#11605,#9541,#9542);
#8823=AXIS2_PLACEMENT_3D('',#11607,#9543,#9544);
#8824=AXIS2_PLACEMENT_3D('',#11609,#9546,#9547);
#8825=AXIS2_PLACEMENT_3D('',#11613,#9550,#9551);
#8826=AXIS2_PLACEMENT_3D('',#11615,#9552,#9553);
#8827=AXIS2_PLACEMENT_3D('',#11617,#9555,#9556);
#8828=AXIS2_PLACEMENT_3D('',#11621,#9559,#9560);
#8829=AXIS2_PLACEMENT_3D('',#11623,#9561,#9562);
#8830=AXIS2_PLACEMENT_3D('',#11625,#9564,#9565);
#8831=AXIS2_PLACEMENT_3D('',#11628,#9567,#9568);
#8832=AXIS2_PLACEMENT_3D('',#11629,#9569,#9570);
#8833=AXIS2_PLACEMENT_3D('',#11633,#9573,#9574);
#8834=AXIS2_PLACEMENT_3D('',#11636,#9576,#9577);
#8835=AXIS2_PLACEMENT_3D('',#11637,#9578,#9579);
#8836=AXIS2_PLACEMENT_3D('',#11641,#9582,#9583);
#8837=AXIS2_PLACEMENT_3D('',#11643,#9584,#9585);
#8838=AXIS2_PLACEMENT_3D('',#11645,#9587,#9588);
#8839=AXIS2_PLACEMENT_3D('',#11649,#9591,#9592);
#8840=AXIS2_PLACEMENT_3D('',#11651,#9593,#9594);
#8841=AXIS2_PLACEMENT_3D('',#11653,#9596,#9597);
#8842=AXIS2_PLACEMENT_3D('',#11657,#9600,#9601);
#8843=AXIS2_PLACEMENT_3D('',#11660,#9603,#9604);
#8844=AXIS2_PLACEMENT_3D('',#11661,#9605,#9606);
#8845=AXIS2_PLACEMENT_3D('',#11665,#9609,#9610);
#8846=AXIS2_PLACEMENT_3D('',#11668,#9612,#9613);
#8847=AXIS2_PLACEMENT_3D('',#11669,#9614,#9615);
#8848=AXIS2_PLACEMENT_3D('',#11671,#9616,#9617);
#8849=AXIS2_PLACEMENT_3D('',#11673,#9619,#9620);
#8850=AXIS2_PLACEMENT_3D('',#11677,#9623,#9624);
#8851=AXIS2_PLACEMENT_3D('',#11679,#9625,#9626);
#8852=AXIS2_PLACEMENT_3D('',#11681,#9628,#9629);
#8853=AXIS2_PLACEMENT_3D('',#11685,#9632,#9633);
#8854=AXIS2_PLACEMENT_3D('',#11687,#9634,#9635);
#8855=AXIS2_PLACEMENT_3D('',#11689,#9637,#9638);
#8856=AXIS2_PLACEMENT_3D('',#11693,#9641,#9642);
#8857=AXIS2_PLACEMENT_3D('',#11696,#9644,#9645);
#8858=AXIS2_PLACEMENT_3D('',#11697,#9646,#9647);
#8859=AXIS2_PLACEMENT_3D('',#11701,#9650,#9651);
#8860=AXIS2_PLACEMENT_3D('',#11703,#9652,#9653);
#8861=AXIS2_PLACEMENT_3D('',#11705,#9655,#9656);
#8862=AXIS2_PLACEMENT_3D('',#11707,#9658,#9659);
#8863=AXIS2_PLACEMENT_3D('',#11711,#9662,#9663);
#8864=AXIS2_PLACEMENT_3D('',#11717,#9667,#9668);
#8865=AXIS2_PLACEMENT_3D('',#11723,#9672,#9673);
#8866=AXIS2_PLACEMENT_3D('',#11729,#9677,#9678);
#8867=AXIS2_PLACEMENT_3D('',#11733,#9681,#9682);
#8868=AXIS2_PLACEMENT_3D('',#11737,#9685,#9686);
#8869=AXIS2_PLACEMENT_3D('',#11739,#9687,#9688);
#8870=AXIS2_PLACEMENT_3D('',#11741,#9690,#9691);
#8871=AXIS2_PLACEMENT_3D('',#11745,#9694,#9695);
#8872=AXIS2_PLACEMENT_3D('',#11747,#9696,#9697);
#8873=AXIS2_PLACEMENT_3D('',#11749,#9699,#9700);
#8874=AXIS2_PLACEMENT_3D('',#11753,#9703,#9704);
#8875=AXIS2_PLACEMENT_3D('',#11755,#9705,#9706);
#8876=AXIS2_PLACEMENT_3D('',#11757,#9708,#9709);
#8877=AXIS2_PLACEMENT_3D('',#11761,#9712,#9713);
#8878=AXIS2_PLACEMENT_3D('',#11763,#9714,#9715);
#8879=AXIS2_PLACEMENT_3D('',#11765,#9717,#9718);
#8880=AXIS2_PLACEMENT_3D('',#11769,#9721,#9722);
#8881=AXIS2_PLACEMENT_3D('',#11771,#9723,#9724);
#8882=AXIS2_PLACEMENT_3D('',#11773,#9726,#9727);
#8883=AXIS2_PLACEMENT_3D('',#11776,#9729,#9730);
#8884=AXIS2_PLACEMENT_3D('',#11777,#9731,#9732);
#8885=AXIS2_PLACEMENT_3D('',#11781,#9735,#9736);
#8886=AXIS2_PLACEMENT_3D('',#11784,#9738,#9739);
#8887=AXIS2_PLACEMENT_3D('',#11785,#9740,#9741);
#8888=AXIS2_PLACEMENT_3D('',#11789,#9744,#9745);
#8889=AXIS2_PLACEMENT_3D('',#11791,#9746,#9747);
#8890=AXIS2_PLACEMENT_3D('',#11793,#9749,#9750);
#8891=AXIS2_PLACEMENT_3D('',#11797,#9753,#9754);
#8892=AXIS2_PLACEMENT_3D('',#11799,#9755,#9756);
#8893=AXIS2_PLACEMENT_3D('',#11801,#9758,#9759);
#8894=AXIS2_PLACEMENT_3D('',#11805,#9762,#9763);
#8895=AXIS2_PLACEMENT_3D('',#11808,#9765,#9766);
#8896=AXIS2_PLACEMENT_3D('',#11809,#9767,#9768);
#8897=AXIS2_PLACEMENT_3D('',#11813,#9771,#9772);
#8898=AXIS2_PLACEMENT_3D('',#11816,#9774,#9775);
#8899=AXIS2_PLACEMENT_3D('',#11817,#9776,#9777);
#8900=AXIS2_PLACEMENT_3D('',#11819,#9778,#9779);
#8901=AXIS2_PLACEMENT_3D('',#11821,#9781,#9782);
#8902=AXIS2_PLACEMENT_3D('',#11825,#9785,#9786);
#8903=AXIS2_PLACEMENT_3D('',#11827,#9787,#9788);
#8904=AXIS2_PLACEMENT_3D('',#11829,#9790,#9791);
#8905=AXIS2_PLACEMENT_3D('',#11833,#9794,#9795);
#8906=AXIS2_PLACEMENT_3D('',#11835,#9796,#9797);
#8907=AXIS2_PLACEMENT_3D('',#11837,#9799,#9800);
#8908=AXIS2_PLACEMENT_3D('',#11841,#9803,#9804);
#8909=AXIS2_PLACEMENT_3D('',#11844,#9806,#9807);
#8910=AXIS2_PLACEMENT_3D('',#11845,#9808,#9809);
#8911=AXIS2_PLACEMENT_3D('',#11849,#9812,#9813);
#8912=AXIS2_PLACEMENT_3D('',#11851,#9814,#9815);
#8913=AXIS2_PLACEMENT_3D('',#11853,#9817,#9818);
#8914=AXIS2_PLACEMENT_3D('',#11855,#9820,#9821);
#8915=AXIS2_PLACEMENT_3D('',#11859,#9824,#9825);
#8916=AXIS2_PLACEMENT_3D('',#11860,#9826,#9827);
#8917=AXIS2_PLACEMENT_3D('',#11861,#9828,#9829);
#8918=AXIS2_PLACEMENT_3D('',#11862,#9830,#9831);
#8919=AXIS2_PLACEMENT_3D('',#11863,#9832,#9833);
#8920=AXIS2_PLACEMENT_3D('',#11864,#9834,#9835);
#8921=AXIS2_PLACEMENT_3D('',#11865,#9836,#9837);
#8922=AXIS2_PLACEMENT_3D('',#11866,#9838,#9839);
#8923=AXIS2_PLACEMENT_3D('',#11867,#9840,#9841);
#8924=AXIS2_PLACEMENT_3D('',#11873,#9845,#9846);
#8925=AXIS2_PLACEMENT_3D('',#11876,#9848,#9849);
#8926=AXIS2_PLACEMENT_3D('',#11877,#9850,#9851);
#8927=AXIS2_PLACEMENT_3D('',#11881,#9854,#9855);
#8928=AXIS2_PLACEMENT_3D('',#11884,#9857,#9858);
#8929=AXIS2_PLACEMENT_3D('',#11885,#9859,#9860);
#8930=AXIS2_PLACEMENT_3D('',#11889,#9863,#9864);
#8931=AXIS2_PLACEMENT_3D('',#11892,#9866,#9867);
#8932=AXIS2_PLACEMENT_3D('',#11893,#9868,#9869);
#8933=AXIS2_PLACEMENT_3D('',#11897,#9872,#9873);
#8934=AXIS2_PLACEMENT_3D('',#11900,#9875,#9876);
#8935=AXIS2_PLACEMENT_3D('',#11901,#9877,#9878);
#8936=AXIS2_PLACEMENT_3D('',#11905,#9881,#9882);
#8937=AXIS2_PLACEMENT_3D('',#11908,#9884,#9885);
#8938=AXIS2_PLACEMENT_3D('',#11909,#9886,#9887);
#8939=AXIS2_PLACEMENT_3D('',#11912,#9889,#9890);
#8940=AXIS2_PLACEMENT_3D('',#11913,#9891,#9892);
#8941=AXIS2_PLACEMENT_3D('',#11917,#9895,#9896);
#8942=AXIS2_PLACEMENT_3D('',#11920,#9898,#9899);
#8943=AXIS2_PLACEMENT_3D('',#11921,#9900,#9901);
#8944=AXIS2_PLACEMENT_3D('',#11925,#9904,#9905);
#8945=AXIS2_PLACEMENT_3D('',#11928,#9907,#9908);
#8946=AXIS2_PLACEMENT_3D('',#11929,#9909,#9910);
#8947=AXIS2_PLACEMENT_3D('',#11933,#9913,#9914);
#8948=AXIS2_PLACEMENT_3D('',#11936,#9916,#9917);
#8949=AXIS2_PLACEMENT_3D('',#11937,#9918,#9919);
#8950=AXIS2_PLACEMENT_3D('',#11941,#9922,#9923);
#8951=AXIS2_PLACEMENT_3D('',#11944,#9925,#9926);
#8952=AXIS2_PLACEMENT_3D('',#11945,#9927,#9928);
#8953=AXIS2_PLACEMENT_3D('',#11949,#9931,#9932);
#8954=AXIS2_PLACEMENT_3D('',#11952,#9934,#9935);
#8955=AXIS2_PLACEMENT_3D('',#11953,#9936,#9937);
#8956=AXIS2_PLACEMENT_3D('',#11956,#9939,#9940);
#8957=AXIS2_PLACEMENT_3D('',#11957,#9941,#9942);
#8958=AXIS2_PLACEMENT_3D('',#11961,#9945,#9946);
#8959=AXIS2_PLACEMENT_3D('',#11964,#9948,#9949);
#8960=AXIS2_PLACEMENT_3D('',#11965,#9950,#9951);
#8961=AXIS2_PLACEMENT_3D('',#11969,#9954,#9955);
#8962=AXIS2_PLACEMENT_3D('',#11972,#9957,#9958);
#8963=AXIS2_PLACEMENT_3D('',#11973,#9959,#9960);
#8964=AXIS2_PLACEMENT_3D('',#11977,#9963,#9964);
#8965=AXIS2_PLACEMENT_3D('',#11980,#9966,#9967);
#8966=AXIS2_PLACEMENT_3D('',#11981,#9968,#9969);
#8967=AXIS2_PLACEMENT_3D('',#11985,#9972,#9973);
#8968=AXIS2_PLACEMENT_3D('',#11988,#9975,#9976);
#8969=AXIS2_PLACEMENT_3D('',#11989,#9977,#9978);
#8970=AXIS2_PLACEMENT_3D('',#11993,#9981,#9982);
#8971=AXIS2_PLACEMENT_3D('',#11997,#9985,#9986);
#8972=AXIS2_PLACEMENT_3D('',#12001,#9989,#9990);
#8973=AXIS2_PLACEMENT_3D('',#12004,#9992,#9993);
#8974=AXIS2_PLACEMENT_3D('',#12005,#9994,#9995);
#8975=AXIS2_PLACEMENT_3D('',#12320,#10031,#10032);
#8976=AXIS2_PLACEMENT_3D('',#12323,#10034,#10035);
#8977=AXIS2_PLACEMENT_3D('',#12324,#10036,#10037);
#8978=AXIS2_PLACEMENT_3D('',#12328,#10040,#10041);
#8979=AXIS2_PLACEMENT_3D('',#12332,#10044,#10045);
#8980=AXIS2_PLACEMENT_3D('',#12338,#10049,#10050);
#8981=AXIS2_PLACEMENT_3D('',#12344,#10054,#10055);
#8982=AXIS2_PLACEMENT_3D('',#12347,#10058,#10059);
#8983=AXIS2_PLACEMENT_3D('',#12349,#10061,#10062);
#8984=AXIS2_PLACEMENT_3D('',#12353,#10065,#10066);
#8985=AXIS2_PLACEMENT_3D('',#12355,#10067,#10068);
#8986=AXIS2_PLACEMENT_3D('',#12357,#10070,#10071);
#8987=AXIS2_PLACEMENT_3D('',#12361,#10074,#10075);
#8988=AXIS2_PLACEMENT_3D('',#12363,#10076,#10077);
#8989=AXIS2_PLACEMENT_3D('',#12365,#10079,#10080);
#8990=AXIS2_PLACEMENT_3D('',#12369,#10083,#10084);
#8991=AXIS2_PLACEMENT_3D('',#12371,#10085,#10086);
#8992=AXIS2_PLACEMENT_3D('',#12373,#10088,#10089);
#8993=AXIS2_PLACEMENT_3D('',#12377,#10092,#10093);
#8994=AXIS2_PLACEMENT_3D('',#12379,#10094,#10095);
#8995=AXIS2_PLACEMENT_3D('',#12381,#10097,#10098);
#8996=AXIS2_PLACEMENT_3D('',#12385,#10101,#10102);
#8997=AXIS2_PLACEMENT_3D('',#12387,#10103,#10104);
#8998=AXIS2_PLACEMENT_3D('',#12389,#10106,#10107);
#8999=AXIS2_PLACEMENT_3D('',#12392,#10109,#10110);
#9000=AXIS2_PLACEMENT_3D('',#12393,#10111,#10112);
#9001=AXIS2_PLACEMENT_3D('',#12397,#10115,#10116);
#9002=AXIS2_PLACEMENT_3D('',#12400,#10118,#10119);
#9003=AXIS2_PLACEMENT_3D('',#12401,#10120,#10121);
#9004=AXIS2_PLACEMENT_3D('',#12405,#10124,#10125);
#9005=AXIS2_PLACEMENT_3D('',#12407,#10126,#10127);
#9006=AXIS2_PLACEMENT_3D('',#12409,#10129,#10130);
#9007=AXIS2_PLACEMENT_3D('',#12413,#10133,#10134);
#9008=AXIS2_PLACEMENT_3D('',#12415,#10135,#10136);
#9009=AXIS2_PLACEMENT_3D('',#12417,#10138,#10139);
#9010=AXIS2_PLACEMENT_3D('',#12421,#10142,#10143);
#9011=AXIS2_PLACEMENT_3D('',#12424,#10145,#10146);
#9012=AXIS2_PLACEMENT_3D('',#12425,#10147,#10148);
#9013=AXIS2_PLACEMENT_3D('',#12429,#10151,#10152);
#9014=AXIS2_PLACEMENT_3D('',#12432,#10154,#10155);
#9015=AXIS2_PLACEMENT_3D('',#12433,#10156,#10157);
#9016=AXIS2_PLACEMENT_3D('',#12435,#10158,#10159);
#9017=AXIS2_PLACEMENT_3D('',#12437,#10161,#10162);
#9018=AXIS2_PLACEMENT_3D('',#12441,#10165,#10166);
#9019=AXIS2_PLACEMENT_3D('',#12443,#10167,#10168);
#9020=AXIS2_PLACEMENT_3D('',#12445,#10170,#10171);
#9021=AXIS2_PLACEMENT_3D('',#12449,#10174,#10175);
#9022=AXIS2_PLACEMENT_3D('',#12451,#10176,#10177);
#9023=AXIS2_PLACEMENT_3D('',#12453,#10179,#10180);
#9024=AXIS2_PLACEMENT_3D('',#12457,#10183,#10184);
#9025=AXIS2_PLACEMENT_3D('',#12460,#10186,#10187);
#9026=AXIS2_PLACEMENT_3D('',#12461,#10188,#10189);
#9027=AXIS2_PLACEMENT_3D('',#12465,#10192,#10193);
#9028=AXIS2_PLACEMENT_3D('',#12467,#10194,#10195);
#9029=AXIS2_PLACEMENT_3D('',#12469,#10197,#10198);
#9030=AXIS2_PLACEMENT_3D('',#12471,#10200,#10201);
#9031=AXIS2_PLACEMENT_3D('',#12475,#10204,#10205);
#9032=AXIS2_PLACEMENT_3D('',#12478,#10208,#10209);
#9033=AXIS2_PLACEMENT_3D('',#12483,#10213,#10214);
#9034=AXIS2_PLACEMENT_3D('',#12486,#10217,#10218);
#9035=AXIS2_PLACEMENT_3D('',#12488,#10220,#10221);
#9036=AXIS2_PLACEMENT_3D('',#12490,#10223,#10224);
#9037=AXIS2_PLACEMENT_3D('',#12492,#10226,#10227);
#9038=AXIS2_PLACEMENT_3D('',#12494,#10229,#10230);
#9039=AXIS2_PLACEMENT_3D('',#12496,#10232,#10233);
#9040=AXIS2_PLACEMENT_3D('',#12498,#10235,#10236);
#9041=AXIS2_PLACEMENT_3D('',#12500,#10238,#10239);
#9042=AXIS2_PLACEMENT_3D('',#12502,#10241,#10242);
#9043=AXIS2_PLACEMENT_3D('',#12504,#10244,#10245);
#9044=AXIS2_PLACEMENT_3D('',#12506,#10247,#10248);
#9045=AXIS2_PLACEMENT_3D('',#12508,#10250,#10251);
#9046=AXIS2_PLACEMENT_3D('',#12510,#10253,#10254);
#9047=AXIS2_PLACEMENT_3D('',#12512,#10256,#10257);
#9048=AXIS2_PLACEMENT_3D('',#12514,#10259,#10260);
#9049=AXIS2_PLACEMENT_3D('',#12516,#10262,#10263);
#9050=AXIS2_PLACEMENT_3D('',#12518,#10265,#10266);
#9051=AXIS2_PLACEMENT_3D('',#12520,#10268,#10269);
#9052=AXIS2_PLACEMENT_3D('',#12522,#10271,#10272);
#9053=AXIS2_PLACEMENT_3D('',#12524,#10274,#10275);
#9054=AXIS2_PLACEMENT_3D('',#12526,#10277,#10278);
#9055=AXIS2_PLACEMENT_3D('',#12528,#10280,#10281);
#9056=AXIS2_PLACEMENT_3D('',#12530,#10283,#10284);
#9057=AXIS2_PLACEMENT_3D('',#12532,#10286,#10287);
#9058=AXIS2_PLACEMENT_3D('',#12534,#10289,#10290);
#9059=AXIS2_PLACEMENT_3D('',#12536,#10292,#10293);
#9060=AXIS2_PLACEMENT_3D('',#12538,#10295,#10296);
#9061=AXIS2_PLACEMENT_3D('',#12540,#10298,#10299);
#9062=AXIS2_PLACEMENT_3D('',#12542,#10301,#10302);
#9063=AXIS2_PLACEMENT_3D('',#12544,#10304,#10305);
#9064=AXIS2_PLACEMENT_3D('',#12546,#10307,#10308);
#9065=AXIS2_PLACEMENT_3D('',#12548,#10310,#10311);
#9066=AXIS2_PLACEMENT_3D('',#12549,#10312,#10313);
#9067=AXIS2_PLACEMENT_3D('',#12553,#10316,#10317);
#9068=AXIS2_PLACEMENT_3D('',#12554,#10318,#10319);
#9069=AXIS2_PLACEMENT_3D('',#12555,#10320,#10321);
#9070=AXIS2_PLACEMENT_3D('',#12556,#10322,#10323);
#9071=AXIS2_PLACEMENT_3D('',#12557,#10324,#10325);
#9072=AXIS2_PLACEMENT_3D('',#12558,#10326,#10327);
#9073=AXIS2_PLACEMENT_3D('',#12559,#10328,#10329);
#9074=AXIS2_PLACEMENT_3D('',#12562,#10332,#10333);
#9075=AXIS2_PLACEMENT_3D('',#12564,#10335,#10336);
#9076=AXIS2_PLACEMENT_3D('',#12566,#10338,#10339);
#9077=AXIS2_PLACEMENT_3D('',#12568,#10341,#10342);
#9078=AXIS2_PLACEMENT_3D('',#12570,#10344,#10345);
#9079=AXIS2_PLACEMENT_3D('',#12572,#10347,#10348);
#9080=AXIS2_PLACEMENT_3D('',#12574,#10350,#10351);
#9081=AXIS2_PLACEMENT_3D('',#12576,#10353,#10354);
#9082=AXIS2_PLACEMENT_3D('',#12578,#10356,#10357);
#9083=AXIS2_PLACEMENT_3D('',#12580,#10359,#10360);
#9084=AXIS2_PLACEMENT_3D('',#12582,#10362,#10363);
#9085=AXIS2_PLACEMENT_3D('',#12584,#10365,#10366);
#9086=AXIS2_PLACEMENT_3D('',#12586,#10368,#10369);
#9087=AXIS2_PLACEMENT_3D('',#12588,#10371,#10372);
#9088=AXIS2_PLACEMENT_3D('',#12590,#10374,#10375);
#9089=AXIS2_PLACEMENT_3D('',#12937,#10432,#10433);
#9090=AXIS2_PLACEMENT_3D('',#12939,#10435,#10436);
#9091=AXIS2_PLACEMENT_3D('',#12941,#10438,#10439);
#9092=AXIS2_PLACEMENT_3D('',#12943,#10441,#10442);
#9093=AXIS2_PLACEMENT_3D('',#12945,#10444,#10445);
#9094=AXIS2_PLACEMENT_3D('',#12947,#10447,#10448);
#9095=AXIS2_PLACEMENT_3D('',#12949,#10450,#10451);
#9096=AXIS2_PLACEMENT_3D('',#12951,#10453,#10454);
#9097=AXIS2_PLACEMENT_3D('',#12953,#10456,#10457);
#9098=AXIS2_PLACEMENT_3D('',#12955,#10459,#10460);
#9099=AXIS2_PLACEMENT_3D('',#12957,#10462,#10463);
#9100=AXIS2_PLACEMENT_3D('',#12959,#10465,#10466);
#9101=AXIS2_PLACEMENT_3D('',#12961,#10468,#10469);
#9102=AXIS2_PLACEMENT_3D('',#12963,#10471,#10472);
#9103=AXIS2_PLACEMENT_3D('',#12965,#10474,#10475);
#9104=AXIS2_PLACEMENT_3D('',#12966,#10476,#10477);
#9105=AXIS2_PLACEMENT_3D('',#12969,#10480,#10481);
#9106=AXIS2_PLACEMENT_3D('',#12971,#10483,#10484);
#9107=AXIS2_PLACEMENT_3D('',#12973,#10486,#10487);
#9108=AXIS2_PLACEMENT_3D('',#13051,#10499,#10500);
#9109=AXIS2_PLACEMENT_3D('',#13054,#10503,#10504);
#9110=AXIS2_PLACEMENT_3D('',#13056,#10506,#10507);
#9111=AXIS2_PLACEMENT_3D('',#13103,#10514,#10515);
#9112=AXIS2_PLACEMENT_3D('',#13105,#10517,#10518);
#9113=AXIS2_PLACEMENT_3D('',#13107,#10520,#10521);
#9114=AXIS2_PLACEMENT_3D('',#13109,#10523,#10524);
#9115=AXIS2_PLACEMENT_3D('',#13111,#10526,#10527);
#9116=AXIS2_PLACEMENT_3D('',#13140,#10532,#10533);
#9117=AXIS2_PLACEMENT_3D('',#13142,#10535,#10536);
#9118=AXIS2_PLACEMENT_3D('',#13144,#10538,#10539);
#9119=AXIS2_PLACEMENT_3D('',#13248,#10547,#10548);
#9120=AXIS2_PLACEMENT_3D('',#13361,#10557,#10558);
#9121=AXIS2_PLACEMENT_3D('',#13370,#10563,#10564);
#9122=AXIS2_PLACEMENT_3D('',#13373,#10567,#10568);
#9123=AXIS2_PLACEMENT_3D('',#13375,#10570,#10571);
#9124=AXIS2_PLACEMENT_3D('',#13377,#10573,#10574);
#9125=AXIS2_PLACEMENT_3D('',#13378,#10575,#10576);
#9126=AXIS2_PLACEMENT_3D('',#13387,#10581,#10582);
#9127=AXIS2_PLACEMENT_3D('',#13390,#10585,#10586);
#9128=AXIS2_PLACEMENT_3D('',#13392,#10588,#10589);
#9129=AXIS2_PLACEMENT_3D('',#13394,#10591,#10592);
#9130=AXIS2_PLACEMENT_3D('',#13395,#10593,#10594);
#9131=AXIS2_PLACEMENT_3D('',#13442,#10608,#10609);
#9132=AXIS2_PLACEMENT_3D('',#13445,#10612,#10613);
#9133=AXIS2_PLACEMENT_3D('',#13465,#10617,#10618);
#9134=AXIS2_PLACEMENT_3D('',#13467,#10620,#10621);
#9135=AXIS2_PLACEMENT_3D('',#13469,#10623,#10624);
#9136=AXIS2_PLACEMENT_3D('',#13471,#10626,#10627);
#9137=AXIS2_PLACEMENT_3D('',#13473,#10629,#10630);
#9138=AXIS2_PLACEMENT_3D('',#13475,#10632,#10633);
#9139=AXIS2_PLACEMENT_3D('',#13477,#10635,#10636);
#9140=AXIS2_PLACEMENT_3D('',#13479,#10638,#10639);
#9141=AXIS2_PLACEMENT_3D('',#13481,#10641,#10642);
#9142=AXIS2_PLACEMENT_3D('',#13483,#10644,#10645);
#9143=AXIS2_PLACEMENT_3D('',#13485,#10647,#10648);
#9144=AXIS2_PLACEMENT_3D('',#13504,#10651,#10652);
#9145=AXIS2_PLACEMENT_3D('',#13513,#10657,#10658);
#9146=AXIS2_PLACEMENT_3D('',#13516,#10661,#10662);
#9147=AXIS2_PLACEMENT_3D('',#13518,#10664,#10665);
#9148=AXIS2_PLACEMENT_3D('',#13520,#10667,#10668);
#9149=AXIS2_PLACEMENT_3D('',#13521,#10669,#10670);
#9150=AXIS2_PLACEMENT_3D('',#13640,#10684,#10685);
#9151=AXIS2_PLACEMENT_3D('',#13642,#10687,#10688);
#9152=AXIS2_PLACEMENT_3D('',#13644,#10690,#10691);
#9153=AXIS2_PLACEMENT_3D('',#13646,#10693,#10694);
#9154=AXIS2_PLACEMENT_3D('',#13648,#10696,#10697);
#9155=AXIS2_PLACEMENT_3D('',#13650,#10699,#10700);
#9156=AXIS2_PLACEMENT_3D('',#13715,#10709,#10710);
#9157=AXIS2_PLACEMENT_3D('',#13717,#10712,#10713);
#9158=AXIS2_PLACEMENT_3D('',#13736,#10716,#10717);
#9159=AXIS2_PLACEMENT_3D('',#13814,#10729,#10730);
#9160=AXIS2_PLACEMENT_3D('',#13817,#10733,#10734);
#9161=AXIS2_PLACEMENT_3D('',#13819,#10736,#10737);
#9162=AXIS2_PLACEMENT_3D('',#13866,#10744,#10745);
#9163=AXIS2_PLACEMENT_3D('',#13868,#10747,#10748);
#9164=AXIS2_PLACEMENT_3D('',#13870,#10750,#10751);
#9165=AXIS2_PLACEMENT_3D('',#13872,#10753,#10754);
#9166=AXIS2_PLACEMENT_3D('',#13874,#10756,#10757);
#9167=AXIS2_PLACEMENT_3D('',#13903,#10762,#10763);
#9168=AXIS2_PLACEMENT_3D('',#13905,#10765,#10766);
#9169=AXIS2_PLACEMENT_3D('',#13907,#10768,#10769);
#9170=AXIS2_PLACEMENT_3D('',#13935,#10773,#10774);
#9171=AXIS2_PLACEMENT_3D('',#14042,#10783,#10784);
#9172=AXIS2_PLACEMENT_3D('',#14044,#10786,#10787);
#9173=AXIS2_PLACEMENT_3D('',#14118,#10797,#10798);
#9174=AXIS2_PLACEMENT_3D('',#14120,#10800,#10801);
#9175=AXIS2_PLACEMENT_3D('',#14148,#10805,#10806);
#9176=AXIS2_PLACEMENT_3D('',#14190,#10815,#10816);
#9177=AXIS2_PLACEMENT_3D('',#14193,#10819,#10820);
#9178=AXIS2_PLACEMENT_3D('',#14213,#10824,#10825);
#9179=AXIS2_PLACEMENT_3D('',#14215,#10827,#10828);
#9180=AXIS2_PLACEMENT_3D('',#14217,#10830,#10831);
#9181=AXIS2_PLACEMENT_3D('',#14219,#10833,#10834);
#9182=AXIS2_PLACEMENT_3D('',#14221,#10836,#10837);
#9183=AXIS2_PLACEMENT_3D('',#14250,#10842,#10843);
#9184=AXIS2_PLACEMENT_3D('',#14292,#10847,#10848);
#9185=AXIS2_PLACEMENT_3D('',#14295,#10851,#10852);
#9186=AXIS2_PLACEMENT_3D('',#14377,#10861,#10862);
#9187=AXIS2_PLACEMENT_3D('',#14379,#10864,#10865);
#9188=AXIS2_PLACEMENT_3D('',#14417,#10871,#10872);
#9189=AXIS2_PLACEMENT_3D('',#14419,#10874,#10875);
#9190=AXIS2_PLACEMENT_3D('',#14479,#10881,#10882);
#9191=AXIS2_PLACEMENT_3D('',#14520,#10887,#10888);
#9192=AXIS2_PLACEMENT_3D('',#14579,#10898,#10899);
#9193=AXIS2_PLACEMENT_3D('',#14581,#10901,#10902);
#9194=AXIS2_PLACEMENT_3D('',#14583,#10904,#10905);
#9195=AXIS2_PLACEMENT_3D('',#14585,#10907,#10908);
#9196=AXIS2_PLACEMENT_3D('',#14587,#10910,#10911);
#9197=AXIS2_PLACEMENT_3D('',#14749,#10921,#10922);
#9198=AXIS2_PLACEMENT_3D('',#14806,#10927,#10928);
#9199=AXIS2_PLACEMENT_3D('',#14858,#10938,#10939);
#9200=AXIS2_PLACEMENT_3D('',#14860,#10941,#10942);
#9201=AXIS2_PLACEMENT_3D('',#14862,#10944,#10945);
#9202=AXIS2_PLACEMENT_3D('',#14882,#10949,#10950);
#9203=AXIS2_PLACEMENT_3D('',#14884,#10952,#10953);
#9204=AXIS2_PLACEMENT_3D('',#14886,#10955,#10956);
#9205=AXIS2_PLACEMENT_3D('',#14887,#10957,#10958);
#9206=AXIS2_PLACEMENT_3D('',#14945,#10965,#10966);
#9207=AXIS2_PLACEMENT_3D('',#14948,#10969,#10970);
#9208=AXIS2_PLACEMENT_3D('',#14950,#10972,#10973);
#9209=AXIS2_PLACEMENT_3D('',#14988,#10979,#10980);
#9210=AXIS2_PLACEMENT_3D('',#14990,#10982,#10983);
#9211=AXIS2_PLACEMENT_3D('',#15037,#10990,#10991);
#9212=AXIS2_PLACEMENT_3D('',#15038,#10992,#10993);
#9213=AXIS2_PLACEMENT_3D('',#15039,#10994,#10995);
#9214=AXIS2_PLACEMENT_3D('',#15040,#10996,#10997);
#9215=AXIS2_PLACEMENT_3D('',#15043,#11000,#11001);
#9216=AXIS2_PLACEMENT_3D('',#15045,#11003,#11004);
#9217=AXIS2_PLACEMENT_3D('',#15047,#11006,#11007);
#9218=AXIS2_PLACEMENT_3D('',#15050,#11010,#11011);
#9219=AXIS2_PLACEMENT_3D('',#15052,#11013,#11014);
#9220=AXIS2_PLACEMENT_3D('',#15187,#11016,#11017);
#9221=AXIS2_PLACEMENT_3D('',#15321,#11018,#11019);
#9222=AXIS2_PLACEMENT_3D('',#15324,#11021,#11022);
#9223=AXIS2_PLACEMENT_3D('',#15325,#11023,#11024);
#9224=AXIS2_PLACEMENT_3D('',#15327,#11025,#11026);
#9225=AXIS2_PLACEMENT_3D('',#15328,#11027,#11028);
#9226=AXIS2_PLACEMENT_3D('',#15331,#11030,#11031);
#9227=AXIS2_PLACEMENT_3D('',#15332,#11032,#11033);
#9228=AXIS2_PLACEMENT_3D('',#15334,#11035,#11036);
#9229=AXIS2_PLACEMENT_3D('',#15335,#11037,#11038);
#9230=AXIS2_PLACEMENT_3D('',#15337,#11040,#11041);
#9231=AXIS2_PLACEMENT_3D('',#15338,#11042,#11043);
#9232=AXIS2_PLACEMENT_3D('',#15340,#11045,#11046);
#9233=AXIS2_PLACEMENT_3D('',#15341,#11047,#11048);
#9234=DIRECTION('axis',(0.,0.,1.));
#9235=DIRECTION('refdir',(1.,0.,0.));
#9236=DIRECTION('center_axis',(1.83696605075786E-16,0.,1.));
#9237=DIRECTION('ref_axis',(-1.,0.,1.77432903478906E-16));
#9238=DIRECTION('',(-3.67393210151572E-16,-2.24963459420297E-32,-1.));
#9239=DIRECTION('',(2.18427314679829E-83,0.,-1.));
#9240=DIRECTION('center_axis',(1.83696605075786E-16,0.,1.));
#9241=DIRECTION('ref_axis',(-1.,0.,1.77432903478906E-16));
#9242=DIRECTION('',(-3.67393210151572E-16,-2.24963459420297E-32,-1.));
#9243=DIRECTION('',(-4.36854629359657E-83,8.99853837681188E-32,1.));
#9244=DIRECTION('center_axis',(1.83696605075786E-16,0.,1.));
#9245=DIRECTION('ref_axis',(-1.,0.,2.01028040937973E-16));
#9246=DIRECTION('',(1.83696605075786E-16,0.,1.));
#9247=DIRECTION('center_axis',(0.,0.,-1.));
#9248=DIRECTION('ref_axis',(1.,0.,-2.01028040937973E-16));
#9249=DIRECTION('center_axis',(1.83696605075786E-16,0.,1.));
#9250=DIRECTION('ref_axis',(-1.,0.,2.01028040937973E-16));
#9251=DIRECTION('center_axis',(1.83696605075786E-16,0.,1.));
#9252=DIRECTION('ref_axis',(1.,0.,-1.83696605075786E-16));
#9253=DIRECTION('',(1.83696605075786E-16,0.,1.));
#9254=DIRECTION('',(1.83696605075786E-16,0.,1.));
#9255=DIRECTION('center_axis',(-0.707106781186546,0.,-0.707106781186549));
#9256=DIRECTION('ref_axis',(-0.707106781186549,0.,0.707106781186546));
#9257=DIRECTION('',(-1.83696605075786E-16,0.,-1.));
#9258=DIRECTION('center_axis',(-0.707106781186546,0.,0.707106781186549));
#9259=DIRECTION('ref_axis',(-0.707106781186549,0.,-0.707106781186546));
#9260=DIRECTION('center_axis',(0.,0.,1.));
#9261=DIRECTION('ref_axis',(1.,0.,-9.9632318535048E-17));
#9262=DIRECTION('center_axis',(0.,0.,1.));
#9263=DIRECTION('ref_axis',(1.,0.,0.));
#9264=DIRECTION('',(0.707106781186544,8.65956056235488E-17,-0.707106781186551));
#9265=DIRECTION('center_axis',(0.,0.,-1.));
#9266=DIRECTION('ref_axis',(1.,0.,-2.01028040937973E-16));
#9267=DIRECTION('center_axis',(1.83696605075786E-16,0.,1.));
#9268=DIRECTION('ref_axis',(-1.,0.,2.01028040937973E-16));
#9269=DIRECTION('center_axis',(-0.707106781186543,3.70523294084664E-16,
0.707106781186552));
#9270=DIRECTION('ref_axis',(-0.707106781186552,0.,-0.707106781186543));
#9271=DIRECTION('',(1.83696605075786E-16,0.,1.));
#9272=DIRECTION('center_axis',(-0.707106781186545,3.70523294084665E-16,
-0.70710678118655));
#9273=DIRECTION('ref_axis',(-0.70710678118655,0.,0.707106781186545));
#9274=DIRECTION('center_axis',(0.,0.,1.));
#9275=DIRECTION('ref_axis',(1.,0.,0.));
#9276=DIRECTION('',(0.707106781186548,0.707106781186547,0.));
#9277=DIRECTION('',(1.,0.,0.));
#9278=DIRECTION('',(2.15751842842136E-15,1.,0.));
#9279=DIRECTION('',(-1.,1.81814464135123E-15,0.));
#9280=DIRECTION('',(-0.707106781186547,0.707106781186548,0.));
#9281=DIRECTION('',(6.12323399573677E-17,1.,0.));
#9282=DIRECTION('center_axis',(0.,0.,1.));
#9283=DIRECTION('ref_axis',(0.892978943411142,-0.450098441037424,0.));
#9284=DIRECTION('',(0.80385686061722,0.594822786751337,0.));
#9285=DIRECTION('center_axis',(0.,0.,-1.));
#9286=DIRECTION('ref_axis',(-0.594822786751339,0.803856860617219,0.));
#9287=DIRECTION('',(0.0610485395348604,0.998134798421867,0.));
#9288=DIRECTION('center_axis',(0.,0.,-1.));
#9289=DIRECTION('ref_axis',(-0.748955720789006,-0.662620048215733,0.));
#9290=DIRECTION('',(-0.998134798421867,0.0610485395348567,0.));
#9291=DIRECTION('center_axis',(0.,0.,-1.));
#9292=DIRECTION('ref_axis',(0.639439001980585,-0.768841832073459,0.));
#9293=DIRECTION('',(-0.121869343405147,-0.992546151641322,0.));
#9294=DIRECTION('center_axis',(0.,0.,-1.));
#9295=DIRECTION('ref_axis',(0.992546151641322,-0.121869343405145,0.));
#9296=DIRECTION('center_axis',(0.,0.,1.));
#9297=DIRECTION('ref_axis',(0.819152044288993,0.573576436351044,0.));
#9298=DIRECTION('',(-0.57357643635105,0.819152044288989,0.));
#9299=DIRECTION('center_axis',(0.,0.,1.));
#9300=DIRECTION('ref_axis',(1.,-1.22464679914735E-16,0.));
#9301=DIRECTION('',(1.0114471901541E-14,1.,0.));
#9302=DIRECTION('center_axis',(0.,0.,-1.));
#9303=DIRECTION('ref_axis',(-0.707106781186547,-0.707106781186547,0.));
#9304=DIRECTION('',(-1.,-2.24741502960558E-15,0.));
#9305=DIRECTION('center_axis',(0.,0.,-1.));
#9306=DIRECTION('ref_axis',(0.707106781186551,-0.707106781186544,0.));
#9307=DIRECTION('',(9.86954254171158E-15,-1.,0.));
#9308=DIRECTION('center_axis',(0.,0.,1.));
#9309=DIRECTION('ref_axis',(-1.,1.22464679914735E-16,0.));
#9310=DIRECTION('',(-0.57357643635105,-0.819152044288989,0.));
#9311=DIRECTION('center_axis',(0.,0.,1.));
#9312=DIRECTION('ref_axis',(-0.819152044288993,0.573576436351044,0.));
#9313=DIRECTION('center_axis',(0.,0.,-1.));
#9314=DIRECTION('ref_axis',(-0.992546151641322,-0.121869343405145,0.));
#9315=DIRECTION('',(-0.121869343405147,0.992546151641322,0.));
#9316=DIRECTION('center_axis',(0.,0.,-1.));
#9317=DIRECTION('ref_axis',(-0.639439001980589,-0.768841832073456,0.));
#9318=DIRECTION('',(-0.998134798421867,-0.0610485395348565,0.));
#9319=DIRECTION('center_axis',(0.,0.,-1.));
#9320=DIRECTION('ref_axis',(0.748955720789009,-0.662620048215729,0.));
#9321=DIRECTION('',(0.0610485395348601,-0.998134798421867,0.));
#9322=DIRECTION('center_axis',(0.,0.,-1.));
#9323=DIRECTION('ref_axis',(0.59482278675134,0.803856860617219,0.));
#9324=DIRECTION('',(0.80385686061722,-0.594822786751337,0.));
#9325=DIRECTION('center_axis',(0.,0.,1.));
#9326=DIRECTION('ref_axis',(-0.892978943411132,-0.450098441037444,0.));
#9327=DIRECTION('',(-1.8793769813086E-15,-1.,0.));
#9328=DIRECTION('',(-0.707106781186548,-0.707106781186547,0.));
#9329=DIRECTION('',(-1.,1.22464679914735E-16,0.));
#9330=DIRECTION('',(-2.15751842842136E-15,-1.,0.));
#9331=DIRECTION('',(1.,-1.94060932126597E-15,0.));
#9332=DIRECTION('',(0.707106781186547,-0.707106781186548,0.));
#9333=DIRECTION('',(-1.83697019872103E-16,-1.,0.));
#9334=DIRECTION('center_axis',(0.,0.,1.));
#9335=DIRECTION('ref_axis',(-0.89297894341113,0.450098441037449,0.));
#9336=DIRECTION('',(-0.80385686061722,-0.594822786751337,0.));
#9337=DIRECTION('center_axis',(0.,0.,-1.));
#9338=DIRECTION('ref_axis',(0.59482278675134,-0.803856860617219,0.));
#9339=DIRECTION('',(-0.0610485395348603,-0.998134798421867,0.));
#9340=DIRECTION('center_axis',(0.,0.,-1.));
#9341=DIRECTION('ref_axis',(0.748955720789006,0.662620048215733,0.));
#9342=DIRECTION('',(0.998134798421867,-0.0610485395348566,0.));
#9343=DIRECTION('center_axis',(0.,0.,-1.));
#9344=DIRECTION('ref_axis',(-0.639439001980589,0.768841832073456,0.));
#9345=DIRECTION('',(0.121869343405147,0.992546151641322,0.));
#9346=DIRECTION('center_axis',(0.,0.,-1.));
#9347=DIRECTION('ref_axis',(-0.992546151641322,0.121869343405145,0.));
#9348=DIRECTION('center_axis',(0.,0.,1.));
#9349=DIRECTION('ref_axis',(-0.819152044288993,-0.573576436351044,0.));
#9350=DIRECTION('',(0.57357643635105,-0.819152044288989,0.));
#9351=DIRECTION('center_axis',(0.,0.,1.));
#9352=DIRECTION('ref_axis',(-1.,0.,0.));
#9353=DIRECTION('',(-9.99200722162631E-15,-1.,0.));
#9354=DIRECTION('center_axis',(0.,0.,-1.));
#9355=DIRECTION('ref_axis',(0.707106781186554,0.707106781186541,0.));
#9356=DIRECTION('',(1.,1.88782862486869E-15,0.));
#9357=DIRECTION('center_axis',(0.,0.,-1.));
#9358=DIRECTION('ref_axis',(-0.707106781186551,0.707106781186544,0.));
#9359=DIRECTION('',(-9.99200722162631E-15,1.,0.));
#9360=DIRECTION('center_axis',(0.,0.,1.));
#9361=DIRECTION('ref_axis',(1.,0.,0.));
#9362=DIRECTION('',(0.57357643635105,0.819152044288989,0.));
#9363=DIRECTION('center_axis',(0.,0.,1.));
#9364=DIRECTION('ref_axis',(0.819152044288993,-0.573576436351044,0.));
#9365=DIRECTION('center_axis',(0.,0.,-1.));
#9366=DIRECTION('ref_axis',(0.992546151641322,0.121869343405145,0.));
#9367=DIRECTION('',(0.121869343405147,-0.992546151641322,0.));
#9368=DIRECTION('center_axis',(0.,0.,-1.));
#9369=DIRECTION('ref_axis',(0.639439001980589,0.768841832073456,0.));
#9370=DIRECTION('',(0.998134798421867,0.0610485395348566,0.));
#9371=DIRECTION('center_axis',(0.,0.,-1.));
#9372=DIRECTION('ref_axis',(-0.748955720789012,0.662620048215726,0.));
#9373=DIRECTION('',(-0.0610485395348603,0.998134798421867,0.));
#9374=DIRECTION('center_axis',(0.,0.,-1.));
#9375=DIRECTION('ref_axis',(-0.59482278675134,-0.803856860617219,0.));
#9376=DIRECTION('',(-0.80385686061722,0.594822786751337,0.));
#9377=DIRECTION('center_axis',(0.,0.,1.));
#9378=DIRECTION('ref_axis',(0.892978943411132,0.450098441037444,0.));
#9379=DIRECTION('',(1.75691230139386E-15,1.,0.));
#9380=DIRECTION('center_axis',(0.,0.,-1.));
#9381=DIRECTION('ref_axis',(1.,0.,-9.94935735606719E-17));
#9382=DIRECTION('center_axis',(0.,0.,-1.));
#9383=DIRECTION('ref_axis',(1.,0.,0.));
#9384=DIRECTION('',(0.707106781186551,-8.65956056235498E-17,0.707106781186544));
#9385=DIRECTION('center_axis',(0.,0.,1.));
#9386=DIRECTION('ref_axis',(1.,0.,-2.01028040937973E-16));
#9387=DIRECTION('center_axis',(0.,0.,1.));
#9388=DIRECTION('ref_axis',(1.,0.,-2.01028040937973E-16));
#9389=DIRECTION('center_axis',(0.,0.,1.));
#9390=DIRECTION('ref_axis',(1.,0.,0.));
#9391=DIRECTION('',(0.707106781186547,-0.707106781186548,0.));
#9392=DIRECTION('',(1.,-1.81814464135123E-15,0.));
#9393=DIRECTION('',(-2.15751842842136E-15,-1.,0.));
#9394=DIRECTION('',(-1.,0.,0.));
#9395=DIRECTION('',(-0.707106781186548,-0.707106781186547,0.));
#9396=DIRECTION('',(-1.75691230139386E-15,-1.,0.));
#9397=DIRECTION('center_axis',(0.,0.,-1.));
#9398=DIRECTION('ref_axis',(0.892978943411132,0.450098441037444,0.));
#9399=DIRECTION('',(0.80385686061722,-0.594822786751337,0.));
#9400=DIRECTION('center_axis',(0.,0.,1.));
#9401=DIRECTION('ref_axis',(-0.59482278675134,-0.803856860617219,0.));
#9402=DIRECTION('',(0.0610485395348603,-0.998134798421867,0.));
#9403=DIRECTION('center_axis',(0.,0.,1.));
#9404=DIRECTION('ref_axis',(-0.748955720789012,0.662620048215726,0.));
#9405=DIRECTION('',(-0.998134798421867,-0.0610485395348566,0.));
#9406=DIRECTION('center_axis',(0.,0.,1.));
#9407=DIRECTION('ref_axis',(0.639439001980589,0.768841832073456,0.));
#9408=DIRECTION('',(-0.121869343405147,0.992546151641322,0.));
#9409=DIRECTION('center_axis',(0.,0.,1.));
#9410=DIRECTION('ref_axis',(0.992546151641322,0.121869343405145,0.));
#9411=DIRECTION('center_axis',(0.,0.,-1.));
#9412=DIRECTION('ref_axis',(0.819152044288993,-0.573576436351044,0.));
#9413=DIRECTION('',(-0.57357643635105,-0.819152044288989,0.));
#9414=DIRECTION('center_axis',(0.,0.,-1.));
#9415=DIRECTION('ref_axis',(1.,0.,0.));
#9416=DIRECTION('',(9.99200722162631E-15,-1.,0.));
#9417=DIRECTION('center_axis',(0.,0.,1.));
#9418=DIRECTION('ref_axis',(-0.707106781186551,0.707106781186544,0.));
#9419=DIRECTION('',(-1.,-1.88782862486869E-15,0.));
#9420=DIRECTION('center_axis',(0.,0.,1.));
#9421=DIRECTION('ref_axis',(0.707106781186554,0.707106781186541,0.));
#9422=DIRECTION('',(9.99200722162631E-15,1.,0.));
#9423=DIRECTION('center_axis',(0.,0.,-1.));
#9424=DIRECTION('ref_axis',(-1.,0.,0.));
#9425=DIRECTION('',(-0.57357643635105,0.819152044288989,0.));
#9426=DIRECTION('center_axis',(0.,0.,-1.));
#9427=DIRECTION('ref_axis',(-0.819152044288993,-0.573576436351044,0.));
#9428=DIRECTION('center_axis',(0.,0.,1.));
#9429=DIRECTION('ref_axis',(-0.992546151641322,0.121869343405145,0.));
#9430=DIRECTION('',(-0.121869343405147,-0.992546151641322,0.));
#9431=DIRECTION('center_axis',(0.,0.,1.));
#9432=DIRECTION('ref_axis',(-0.639439001980589,0.768841832073456,0.));
#9433=DIRECTION('',(-0.998134798421867,0.0610485395348566,0.));
#9434=DIRECTION('center_axis',(0.,0.,1.));
#9435=DIRECTION('ref_axis',(0.748955720789006,0.662620048215733,0.));
#9436=DIRECTION('',(0.0610485395348603,0.998134798421867,0.));
#9437=DIRECTION('center_axis',(0.,0.,1.));
#9438=DIRECTION('ref_axis',(0.59482278675134,-0.803856860617219,0.));
#9439=DIRECTION('',(0.80385686061722,0.594822786751337,0.));
#9440=DIRECTION('center_axis',(0.,0.,-1.));
#9441=DIRECTION('ref_axis',(-0.89297894341113,0.450098441037449,0.));
#9442=DIRECTION('',(1.83697019872103E-16,1.,0.));
#9443=DIRECTION('',(-0.707106781186547,0.707106781186548,0.));
#9444=DIRECTION('',(-1.,1.94060932126597E-15,0.));
#9445=DIRECTION('',(2.15751842842136E-15,1.,0.));
#9446=DIRECTION('',(1.,-1.22464679914735E-16,0.));
#9447=DIRECTION('',(0.707106781186548,0.707106781186547,0.));
#9448=DIRECTION('',(1.8793769813086E-15,1.,0.));
#9449=DIRECTION('center_axis',(0.,0.,-1.));
#9450=DIRECTION('ref_axis',(-0.892978943411132,-0.450098441037444,0.));
#9451=DIRECTION('',(-0.80385686061722,0.594822786751337,0.));
#9452=DIRECTION('center_axis',(0.,0.,1.));
#9453=DIRECTION('ref_axis',(0.59482278675134,0.803856860617219,0.));
#9454=DIRECTION('',(-0.0610485395348601,0.998134798421867,0.));
#9455=DIRECTION('center_axis',(0.,0.,1.));
#9456=DIRECTION('ref_axis',(0.74895572078901,-0.662620048215729,0.));
#9457=DIRECTION('',(0.998134798421867,0.0610485395348565,0.));
#9458=DIRECTION('center_axis',(0.,0.,1.));
#9459=DIRECTION('ref_axis',(-0.639439001980589,-0.768841832073456,0.));
#9460=DIRECTION('',(0.121869343405147,-0.992546151641322,0.));
#9461=DIRECTION('center_axis',(0.,0.,1.));
#9462=DIRECTION('ref_axis',(-0.992546151641322,-0.121869343405145,0.));
#9463=DIRECTION('center_axis',(0.,0.,-1.));
#9464=DIRECTION('ref_axis',(-0.819152044288993,0.573576436351044,0.));
#9465=DIRECTION('',(0.57357643635105,0.819152044288989,0.));
#9466=DIRECTION('center_axis',(0.,0.,-1.));
#9467=DIRECTION('ref_axis',(-1.,1.22464679914735E-16,0.));
#9468=DIRECTION('',(-9.86954254171158E-15,1.,0.));
#9469=DIRECTION('center_axis',(0.,0.,1.));
#9470=DIRECTION('ref_axis',(0.707106781186551,-0.707106781186544,0.));
#9471=DIRECTION('',(1.,2.24741502960558E-15,0.));
#9472=DIRECTION('center_axis',(0.,0.,1.));
#9473=DIRECTION('ref_axis',(-0.707106781186547,-0.707106781186547,0.));
#9474=DIRECTION('',(-1.0114471901541E-14,-1.,0.));
#9475=DIRECTION('center_axis',(0.,0.,-1.));
#9476=DIRECTION('ref_axis',(1.,-1.22464679914735E-16,0.));
#9477=DIRECTION('',(0.57357643635105,-0.819152044288989,0.));
#9478=DIRECTION('center_axis',(0.,0.,-1.));
#9479=DIRECTION('ref_axis',(0.819152044288993,0.573576436351044,0.));
#9480=DIRECTION('center_axis',(0.,0.,1.));
#9481=DIRECTION('ref_axis',(0.992546151641322,-0.121869343405145,0.));
#9482=DIRECTION('',(0.121869343405147,0.992546151641322,0.));
#9483=DIRECTION('center_axis',(0.,0.,1.));
#9484=DIRECTION('ref_axis',(0.639439001980585,-0.768841832073459,0.));
#9485=DIRECTION('',(0.998134798421867,-0.0610485395348567,0.));
#9486=DIRECTION('center_axis',(0.,0.,1.));
#9487=DIRECTION('ref_axis',(-0.748955720789006,-0.662620048215733,0.));
#9488=DIRECTION('',(-0.0610485395348604,-0.998134798421867,0.));
#9489=DIRECTION('center_axis',(0.,0.,1.));
#9490=DIRECTION('ref_axis',(-0.594822786751339,0.803856860617219,0.));
#9491=DIRECTION('',(-0.80385686061722,-0.594822786751337,0.));
#9492=DIRECTION('center_axis',(0.,0.,-1.));
#9493=DIRECTION('ref_axis',(0.892978943411142,-0.450098441037424,0.));
#9494=DIRECTION('',(-6.12323399573677E-17,-1.,0.));
#9495=DIRECTION('center_axis',(1.83696605075786E-16,0.,1.));
#9496=DIRECTION('ref_axis',(-1.,0.,2.01028040937973E-16));
#9497=DIRECTION('',(1.83696605075786E-16,0.,1.));
#9498=DIRECTION('center_axis',(1.83696605075786E-16,0.,1.));
#9499=DIRECTION('ref_axis',(1.,0.,-1.83696605075786E-16));
#9500=DIRECTION('center_axis',(0.707106781186548,-1.52559591127168E-15,
-0.707106781186548));
#9501=DIRECTION('ref_axis',(-0.707106781186548,0.,-0.707106781186548));
#9502=DIRECTION('',(-0.707106781186548,0.,-0.707106781186548));
#9503=DIRECTION('',(0.707106781186548,0.,0.707106781186548));
#9504=DIRECTION('',(-2.15751842842136E-15,-1.,0.));
#9505=DIRECTION('center_axis',(0.499999999999997,0.499999999999997,-0.707106781186552));
#9506=DIRECTION('ref_axis',(-0.816496580927729,0.,-0.577350269189622));
#9507=DIRECTION('',(0.678598344545845,0.28108463771483,0.678598344545845));
#9508=DIRECTION('',(0.707106781186547,-0.707106781186548,0.));
#9509=DIRECTION('',(-0.281084637714816,-0.67859834454585,-0.678598344545846));
#9510=DIRECTION('center_axis',(-0.500000000000001,0.500000000000001,-0.707106781186546));
#9511=DIRECTION('ref_axis',(-0.816496580927725,0.,0.577350269189627));
#9512=DIRECTION('',(-0.281084637714816,0.678598344545848,0.678598344545848));
#9513=DIRECTION('',(0.707106781186548,0.707106781186547,0.));
#9514=DIRECTION('',(0.678598344545844,-0.281084637714824,-0.678598344545848));
#9515=DIRECTION('center_axis',(0.,0.707106781186548,-0.707106781186548));
#9516=DIRECTION('ref_axis',(-1.,0.,0.));
#9517=DIRECTION('',(0.,0.707106781186548,0.707106781186548));
#9518=DIRECTION('',(1.,0.,0.));
#9519=DIRECTION('center_axis',(-0.70710678118655,1.24232460226567E-15,-0.707106781186546));
#9520=DIRECTION('ref_axis',(-0.707106781186545,0.,0.707106781186549));
#9521=DIRECTION('',(1.75691230139386E-15,1.,0.));
#9522=DIRECTION('',(0.707106781186545,0.,-0.70710678118655));
#9523=DIRECTION('center_axis',(0.,0.,-1.));
#9524=DIRECTION('ref_axis',(0.892978943411132,0.450098441037444,0.));
#9525=DIRECTION('center_axis',(0.,0.,1.));
#9526=DIRECTION('ref_axis',(0.892978943411132,0.450098441037444,0.));
#9527=DIRECTION('',(0.420603226116152,0.568412637245767,-0.707106781186546));
#9528=DIRECTION('center_axis',(-0.420603226116151,-0.568412637245767,-0.707106781186547));
#9529=DIRECTION('ref_axis',(-0.859449722853876,0.,0.511220279220608));
#9530=DIRECTION('',(-0.80385686061722,0.594822786751337,0.));
#9531=DIRECTION('',(0.420603226116151,0.568412637245763,-0.70710678118655));
#9532=DIRECTION('center_axis',(0.,0.,1.));
#9533=DIRECTION('ref_axis',(-0.59482278675134,-0.803856860617219,0.));
#9534=DIRECTION('center_axis',(0.,0.,-1.));
#9535=DIRECTION('ref_axis',(-0.59482278675134,-0.803856860617219,0.));
#9536=DIRECTION('',(0.70578788450236,0.0431678362866259,-0.707106781186557));
#9537=DIRECTION('center_axis',(-0.70578788450237,-0.0431678362866347,-0.707106781186548));
#9538=DIRECTION('ref_axis',(-0.707766536742013,0.,0.706446409480731));
#9539=DIRECTION('',(-0.0610485395348603,0.998134798421867,0.));
#9540=DIRECTION('',(0.70578788450237,0.0431678362866332,-0.707106781186547));
#9541=DIRECTION('center_axis',(0.,0.,1.));
#9542=DIRECTION('ref_axis',(-0.748955720789012,0.662620048215726,0.));
#9543=DIRECTION('center_axis',(0.,0.,-1.));
#9544=DIRECTION('ref_axis',(-0.748955720789012,0.662620048215726,0.));
#9545=DIRECTION('',(0.0431678362866334,-0.705787884502366,-0.707106781186551));
#9546=DIRECTION('center_axis',(-0.0431678362866324,0.705787884502374,-0.707106781186544));
#9547=DIRECTION('ref_axis',(-0.99814173052221,0.,0.060935094897176));
#9548=DIRECTION('',(0.0431678362866295,-0.705787884502366,-0.707106781186551));
#9549=DIRECTION('',(0.998134798421867,0.0610485395348566,0.));
#9550=DIRECTION('center_axis',(0.,0.,1.));
#9551=DIRECTION('ref_axis',(0.639439001980589,0.768841832073456,0.));
#9552=DIRECTION('center_axis',(0.,0.,-1.));
#9553=DIRECTION('ref_axis',(0.639439001980589,0.768841832073456,0.));
#9554=DIRECTION('',(-0.701836114466187,-0.0861746391405384,-0.70710678118655));
#9555=DIRECTION('center_axis',(0.701836114466191,0.0861746391405314,-0.707106781186547));
#9556=DIRECTION('ref_axis',(-0.709747006865423,0.,-0.704456660303224));
#9557=DIRECTION('',(-0.70183611446619,-0.0861746391405304,-0.707106781186548));
#9558=DIRECTION('',(0.121869343405147,-0.992546151641322,0.));
#9559=DIRECTION('center_axis',(0.,0.,1.));
#9560=DIRECTION('ref_axis',(0.992546151641322,0.121869343405145,0.));
#9561=DIRECTION('center_axis',(0.,0.,-1.));
#9562=DIRECTION('ref_axis',(0.992546151641322,0.121869343405145,0.));
#9563=DIRECTION('',(-0.618334524173343,0.34301955660768,-0.707106781186545));
#9564=DIRECTION('center_axis',(0.,0.,-1.));
#9565=DIRECTION('ref_axis',(0.819152044288993,-0.573576436351044,0.));
#9566=DIRECTION('',(0.57922796533957,-0.405579787672639,-0.707106781186546));
#9567=DIRECTION('center_axis',(0.,0.,1.));
#9568=DIRECTION('ref_axis',(0.819152044288993,-0.573576436351044,0.));
#9569=DIRECTION('center_axis',(-0.579227965339567,0.405579787672642,-0.707106781186548));
#9570=DIRECTION('ref_axis',(-0.773589321594957,0.,0.63368727422464));
#9571=DIRECTION('',(0.579227965339567,-0.405579787672643,-0.707106781186547));
#9572=DIRECTION('',(0.57357643635105,0.819152044288989,0.));
#9573=DIRECTION('center_axis',(0.,0.,-1.));
#9574=DIRECTION('ref_axis',(1.,0.,0.));
#9575=DIRECTION('',(0.707106781186549,0.,-0.707106781186546));
#9576=DIRECTION('center_axis',(0.,0.,1.));
#9577=DIRECTION('ref_axis',(1.,0.,0.));
#9578=DIRECTION('center_axis',(-0.707106781186548,-7.06541606407692E-15,
-0.707106781186548));
#9579=DIRECTION('ref_axis',(-0.707106781186548,0.,0.707106781186548));
#9580=DIRECTION('',(0.707106781186549,7.85046229341885E-15,-0.707106781186546));
#9581=DIRECTION('',(-9.99200722162631E-15,1.,0.));
#9582=DIRECTION('center_axis',(0.,0.,1.));
#9583=DIRECTION('ref_axis',(-0.707106781186551,0.707106781186544,0.));
#9584=DIRECTION('center_axis',(0.,0.,-1.));
#9585=DIRECTION('ref_axis',(-0.707106781186551,0.707106781186544,0.));
#9586=DIRECTION('',(0.,-0.707106781186548,-0.707106781186548));
#9587=DIRECTION('center_axis',(-1.33489642236272E-15,0.707106781186548,
-0.707106781186548));
#9588=DIRECTION('ref_axis',(-1.,0.,1.88782862486869E-15));
#9589=DIRECTION('',(-3.92523114670943E-15,-0.707106781186548,-0.707106781186548));
#9590=DIRECTION('',(1.,1.88782862486869E-15,0.));
#9591=DIRECTION('center_axis',(0.,0.,1.));
#9592=DIRECTION('ref_axis',(0.707106781186554,0.707106781186541,0.));
#9593=DIRECTION('center_axis',(0.,0.,-1.));
#9594=DIRECTION('ref_axis',(0.707106781186554,0.707106781186541,0.));
#9595=DIRECTION('',(-0.707106781186545,7.85046229341889E-15,-0.70710678118655));
#9596=DIRECTION('center_axis',(0.707106781186548,-7.06541606407692E-15,
-0.707106781186548));
#9597=DIRECTION('ref_axis',(-0.707106781186548,0.,-0.707106781186548));
#9598=DIRECTION('',(-0.707106781186548,7.85046229341887E-15,-0.707106781186548));
#9599=DIRECTION('',(-9.99200722162631E-15,-1.,0.));
#9600=DIRECTION('center_axis',(0.,0.,-1.));
#9601=DIRECTION('ref_axis',(-1.,0.,0.));
#9602=DIRECTION('',(-0.579227965339564,-0.405579787672644,-0.707106781186549));
#9603=DIRECTION('center_axis',(0.,0.,1.));
#9604=DIRECTION('ref_axis',(-1.,0.,0.));
#9605=DIRECTION('center_axis',(0.579227965339567,0.405579787672642,-0.707106781186548));
#9606=DIRECTION('ref_axis',(-0.773589321594957,0.,-0.63368727422464));
#9607=DIRECTION('',(-0.579227965339568,-0.40557978767264,-0.707106781186548));
#9608=DIRECTION('',(0.57357643635105,-0.819152044288989,0.));
#9609=DIRECTION('center_axis',(0.,0.,-1.));
#9610=DIRECTION('ref_axis',(-0.819152044288993,-0.573576436351044,0.));
#9611=DIRECTION('',(0.618334524173338,0.343019556607681,-0.707106781186548));
#9612=DIRECTION('center_axis',(0.,0.,1.));
#9613=DIRECTION('ref_axis',(-0.819152044288993,-0.573576436351044,0.));
#9614=DIRECTION('center_axis',(0.,0.,1.));
#9615=DIRECTION('ref_axis',(-0.992546151641322,0.121869343405145,0.));
#9616=DIRECTION('center_axis',(0.,0.,-1.));
#9617=DIRECTION('ref_axis',(-0.992546151641322,0.121869343405145,0.));
#9618=DIRECTION('',(0.701836114466192,-0.0861746391405302,-0.707106781186546));
#9619=DIRECTION('center_axis',(-0.701836114466187,0.0861746391405309,-0.707106781186551));
#9620=DIRECTION('ref_axis',(-0.709747006865427,0.,0.70445666030322));
#9621=DIRECTION('',(0.701836114466194,-0.0861746391405299,-0.707106781186544));
#9622=DIRECTION('',(0.121869343405147,0.992546151641322,0.));
#9623=DIRECTION('center_axis',(0.,0.,1.));
#9624=DIRECTION('ref_axis',(-0.639439001980589,0.768841832073456,0.));
#9625=DIRECTION('center_axis',(0.,0.,-1.));
#9626=DIRECTION('ref_axis',(-0.639439001980589,0.768841832073456,0.));
#9627=DIRECTION('',(-0.0431678362866336,-0.705787884502362,-0.707106781186555));
#9628=DIRECTION('center_axis',(0.0431678362866324,0.705787884502374,-0.707106781186544));
#9629=DIRECTION('ref_axis',(-0.99814173052221,0.,-0.060935094897176));
#9630=DIRECTION('',(-0.0431678362866295,-0.705787884502366,-0.707106781186551));
#9631=DIRECTION('',(0.998134798421867,-0.0610485395348566,0.));
#9632=DIRECTION('center_axis',(0.,0.,1.));
#9633=DIRECTION('ref_axis',(0.748955720789006,0.662620048215733,0.));
#9634=DIRECTION('center_axis',(0.,0.,-1.));
#9635=DIRECTION('ref_axis',(0.748955720789006,0.662620048215733,0.));
#9636=DIRECTION('',(-0.70578788450237,0.0431678362866332,-0.707106781186547));
#9637=DIRECTION('center_axis',(0.70578788450237,-0.0431678362866347,-0.707106781186548));
#9638=DIRECTION('ref_axis',(-0.707766536742013,0.,-0.706446409480731));
#9639=DIRECTION('',(-0.70578788450237,0.043167836286641,-0.707106781186547));
#9640=DIRECTION('',(-0.0610485395348603,-0.998134798421867,0.));
#9641=DIRECTION('center_axis',(0.,0.,1.));
#9642=DIRECTION('ref_axis',(0.59482278675134,-0.803856860617219,0.));
#9643=DIRECTION('',(-0.420603226116151,0.568412637245763,-0.70710678118655));
#9644=DIRECTION('center_axis',(0.,0.,-1.));
#9645=DIRECTION('ref_axis',(0.59482278675134,-0.803856860617219,0.));
#9646=DIRECTION('center_axis',(0.420603226116151,-0.568412637245767,-0.707106781186547));
#9647=DIRECTION('ref_axis',(-0.859449722853876,0.,-0.511220279220608));
#9648=DIRECTION('',(-0.420603226116146,0.568412637245769,-0.707106781186548));
#9649=DIRECTION('',(-0.80385686061722,-0.594822786751337,0.));
#9650=DIRECTION('center_axis',(0.,0.,-1.));
#9651=DIRECTION('ref_axis',(-0.89297894341113,0.450098441037449,0.));
#9652=DIRECTION('center_axis',(0.,0.,1.));
#9653=DIRECTION('ref_axis',(-0.89297894341113,0.450098441037449,0.));
#9654=DIRECTION('',(-0.707106781186548,0.,-0.707106781186548));
#9655=DIRECTION('center_axis',(0.707106781186548,-1.29893408435324E-16,
-0.707106781186548));
#9656=DIRECTION('ref_axis',(-0.707106781186548,0.,-0.707106781186548));
#9657=DIRECTION('',(-1.83697019872103E-16,-1.,0.));
#9658=DIRECTION('center_axis',(1.37221801070099E-15,0.707106781186546,-0.707106781186549));
#9659=DIRECTION('ref_axis',(-1.,0.,-1.94060932126596E-15));
#9660=DIRECTION('',(1.,-1.94060932126597E-15,0.));
#9661=DIRECTION('',(0.,-0.707106781186549,-0.707106781186546));
#9662=DIRECTION('center_axis',(-0.707106781186548,1.52559591127168E-15,
-0.707106781186548));
#9663=DIRECTION('ref_axis',(-0.707106781186548,0.,0.707106781186548));
#9664=DIRECTION('',(0.707106781186548,-3.92523114670943E-15,-0.707106781186548));
#9665=DIRECTION('',(-0.707106781186548,0.,0.707106781186548));
#9666=DIRECTION('',(2.15751842842136E-15,1.,0.));
#9667=DIRECTION('center_axis',(0.500000000000003,-0.500000000000003,-0.707106781186543));
#9668=DIRECTION('ref_axis',(-0.816496580927723,0.,-0.57735026918963));
#9669=DIRECTION('',(-0.707106781186548,-0.707106781186547,0.));
#9670=DIRECTION('',(-0.678598344545852,0.281084637714796,-0.678598344545852));
#9671=DIRECTION('',(0.281084637714809,-0.678598344545849,0.678598344545849));
#9672=DIRECTION('center_axis',(-0.500000000000003,-0.500000000000003,-0.707106781186543));
#9673=DIRECTION('ref_axis',(-0.816496580927723,0.,0.577350269189631));
#9674=DIRECTION('',(-0.707106781186547,0.707106781186548,0.));
#9675=DIRECTION('',(0.281084637714802,0.678598344545851,-0.678598344545851));
#9676=DIRECTION('',(-0.678598344545853,-0.281084637714802,0.678598344545849));
#9677=DIRECTION('center_axis',(-1.28562240507744E-15,-0.707106781186546,
-0.707106781186549));
#9678=DIRECTION('ref_axis',(-1.,0.,1.81814464135122E-15));
#9679=DIRECTION('',(-1.,1.81814464135123E-15,0.));
#9680=DIRECTION('',(0.,0.707106781186548,-0.707106781186548));
#9681=DIRECTION('center_axis',(0.707106781186548,-1.32892020788921E-15,
-0.707106781186548));
#9682=DIRECTION('ref_axis',(-0.707106781186548,0.,-0.707106781186548));
#9683=DIRECTION('',(-1.8793769813086E-15,-1.,0.));
#9684=DIRECTION('',(-0.707106781186548,0.,-0.707106781186548));
#9685=DIRECTION('center_axis',(0.,0.,-1.));
#9686=DIRECTION('ref_axis',(-0.892978943411132,-0.450098441037444,0.));
#9687=DIRECTION('center_axis',(0.,0.,1.));
#9688=DIRECTION('ref_axis',(-0.892978943411132,-0.450098441037444,0.));
#9689=DIRECTION('',(-0.42060322611615,-0.568412637245772,-0.707106781186542));
#9690=DIRECTION('center_axis',(0.420603226116149,0.568412637245765,-0.707106781186549));
#9691=DIRECTION('ref_axis',(-0.859449722853877,0.,-0.511220279220606));
#9692=DIRECTION('',(0.80385686061722,-0.594822786751337,0.));
#9693=DIRECTION('',(-0.420603226116149,-0.568412637245768,-0.707106781186547));
#9694=DIRECTION('center_axis',(0.,0.,1.));
#9695=DIRECTION('ref_axis',(0.59482278675134,0.803856860617218,0.));
#9696=DIRECTION('center_axis',(0.,0.,-1.));
#9697=DIRECTION('ref_axis',(0.59482278675134,0.803856860617219,0.));
#9698=DIRECTION('',(-0.70578788450236,-0.0431678362866259,-0.707106781186557));
#9699=DIRECTION('center_axis',(0.70578788450237,0.0431678362866346,-0.707106781186548));
#9700=DIRECTION('ref_axis',(-0.707766536742013,0.,-0.706446409480731));
#9701=DIRECTION('',(0.0610485395348601,-0.998134798421867,0.));
#9702=DIRECTION('',(-0.70578788450237,-0.0431678362866332,-0.707106781186547));
#9703=DIRECTION('center_axis',(0.,0.,1.));
#9704=DIRECTION('ref_axis',(0.74895572078901,-0.662620048215729,0.));
#9705=DIRECTION('center_axis',(0.,0.,-1.));
#9706=DIRECTION('ref_axis',(0.748955720789009,-0.662620048215729,0.));
#9707=DIRECTION('',(-0.0431678362866334,0.705787884502366,-0.707106781186551));
#9708=DIRECTION('center_axis',(0.0431678362866323,-0.705787884502374,-0.707106781186544));
#9709=DIRECTION('ref_axis',(-0.99814173052221,0.,-0.0609350948971759));
#9710=DIRECTION('',(-0.0431678362866334,0.705787884502366,-0.707106781186551));
#9711=DIRECTION('',(-0.998134798421867,-0.0610485395348565,0.));
#9712=DIRECTION('center_axis',(0.,0.,1.));
#9713=DIRECTION('ref_axis',(-0.639439001980589,-0.768841832073456,0.));
#9714=DIRECTION('center_axis',(0.,0.,-1.));
#9715=DIRECTION('ref_axis',(-0.639439001980589,-0.768841832073456,0.));
#9716=DIRECTION('',(0.701836114466189,0.0861746391405382,-0.707106781186548));
#9717=DIRECTION('center_axis',(-0.701836114466191,-0.0861746391405313,-0.707106781186547));
#9718=DIRECTION('ref_axis',(-0.709747006865423,0.,0.704456660303224));
#9719=DIRECTION('',(0.70183611446619,0.0861746391405304,-0.707106781186548));
#9720=DIRECTION('',(-0.121869343405147,0.992546151641322,0.));
#9721=DIRECTION('center_axis',(0.,0.,1.));
#9722=DIRECTION('ref_axis',(-0.992546151641322,-0.121869343405145,0.));
#9723=DIRECTION('center_axis',(0.,0.,-1.));
#9724=DIRECTION('ref_axis',(-0.992546151641322,-0.121869343405145,0.));
#9725=DIRECTION('',(0.618334524173343,-0.34301955660768,-0.707106781186545));
#9726=DIRECTION('center_axis',(0.,0.,-1.));
#9727=DIRECTION('ref_axis',(-0.819152044288993,0.573576436351044,0.));
#9728=DIRECTION('',(-0.579227965339576,0.405579787672637,-0.707106781186543));
#9729=DIRECTION('center_axis',(0.,0.,1.));
#9730=DIRECTION('ref_axis',(-0.819152044288993,0.573576436351044,0.));
#9731=DIRECTION('center_axis',(0.579227965339567,-0.405579787672642,-0.707106781186548));
#9732=DIRECTION('ref_axis',(-0.773589321594957,0.,-0.63368727422464));
#9733=DIRECTION('',(-0.579227965339567,0.405579787672643,-0.707106781186547));
#9734=DIRECTION('',(-0.57357643635105,-0.819152044288989,0.));
#9735=DIRECTION('center_axis',(0.,0.,-1.));
#9736=DIRECTION('ref_axis',(-1.,1.22464679914735E-16,0.));
#9737=DIRECTION('',(-0.707106781186549,0.,-0.707106781186546));
#9738=DIRECTION('center_axis',(0.,0.,1.));
#9739=DIRECTION('ref_axis',(-1.,1.22464679914735E-16,0.));
#9740=DIRECTION('center_axis',(0.707106781186548,6.97882045845337E-15,-0.707106781186548));
#9741=DIRECTION('ref_axis',(-0.707106781186548,0.,-0.707106781186548));
#9742=DIRECTION('',(-0.707106781186548,-7.85046229341887E-15,-0.707106781186548));
#9743=DIRECTION('',(9.86954254171158E-15,-1.,0.));
#9744=DIRECTION('center_axis',(0.,0.,1.));
#9745=DIRECTION('ref_axis',(0.707106781186551,-0.707106781186544,0.));
#9746=DIRECTION('center_axis',(0.,0.,-1.));
#9747=DIRECTION('ref_axis',(0.707106781186551,-0.707106781186544,0.));
#9748=DIRECTION('',(-3.92523114670941E-15,0.707106781186551,-0.707106781186544));
#9749=DIRECTION('center_axis',(1.58916240757467E-15,-0.707106781186548,
-0.707106781186548));
#9750=DIRECTION('ref_axis',(-1.,0.,-2.24741502960558E-15));
#9751=DIRECTION('',(0.,0.707106781186548,-0.707106781186548));
#9752=DIRECTION('',(-1.,-2.24741502960558E-15,0.));
#9753=DIRECTION('center_axis',(0.,0.,1.));
#9754=DIRECTION('ref_axis',(-0.707106781186547,-0.707106781186547,0.));
#9755=DIRECTION('center_axis',(0.,0.,-1.));
#9756=DIRECTION('ref_axis',(-0.707106781186548,-0.707106781186548,0.));
#9757=DIRECTION('',(0.707106781186549,-7.85046229341885E-15,-0.707106781186546));
#9758=DIRECTION('center_axis',(-0.707106781186546,7.15201166970045E-15,
-0.707106781186549));
#9759=DIRECTION('ref_axis',(-0.707106781186549,0.,0.707106781186546));
#9760=DIRECTION('',(0.707106781186549,-7.85046229341885E-15,-0.707106781186546));
#9761=DIRECTION('',(1.0114471901541E-14,1.,0.));
#9762=DIRECTION('center_axis',(0.,0.,-1.));
#9763=DIRECTION('ref_axis',(1.,-1.22464679914735E-16,0.));
#9764=DIRECTION('',(0.579227965339564,0.405579787672644,-0.707106781186549));
#9765=DIRECTION('center_axis',(0.,0.,1.));
#9766=DIRECTION('ref_axis',(1.,-1.22464679914735E-16,0.));
#9767=DIRECTION('center_axis',(-0.579227965339565,-0.405579787672641,-0.70710678118655));
#9768=DIRECTION('ref_axis',(-0.773589321594958,0.,0.633687274224638));
#9769=DIRECTION('',(0.57922796533957,0.405579787672642,-0.707106781186545));
#9770=DIRECTION('',(-0.57357643635105,0.819152044288989,0.));
#9771=DIRECTION('center_axis',(0.,0.,-1.));
#9772=DIRECTION('ref_axis',(0.819152044288993,0.573576436351044,0.));
#9773=DIRECTION('',(-0.618334524173338,-0.343019556607681,-0.707106781186548));
#9774=DIRECTION('center_axis',(0.,0.,1.));
#9775=DIRECTION('ref_axis',(0.819152044288993,0.573576436351044,0.));
#9776=DIRECTION('center_axis',(0.,0.,1.));
#9777=DIRECTION('ref_axis',(0.992546151641322,-0.121869343405145,0.));
#9778=DIRECTION('center_axis',(0.,0.,-1.));
#9779=DIRECTION('ref_axis',(0.992546151641322,-0.121869343405145,0.));
#9780=DIRECTION('',(-0.701836114466192,0.0861746391405302,-0.707106781186546));
#9781=DIRECTION('center_axis',(0.701836114466189,-0.0861746391405312,-0.707106781186549));
#9782=DIRECTION('ref_axis',(-0.709747006865426,0.,-0.704456660303222));
#9783=DIRECTION('',(-0.701836114466192,0.0861746391405302,-0.707106781186546));
#9784=DIRECTION('',(-0.121869343405147,-0.992546151641322,0.));
#9785=DIRECTION('center_axis',(0.,0.,1.));
#9786=DIRECTION('ref_axis',(0.639439001980585,-0.768841832073459,0.));
#9787=DIRECTION('center_axis',(0.,0.,-1.));
#9788=DIRECTION('ref_axis',(0.639439001980585,-0.768841832073459,0.));
#9789=DIRECTION('',(0.0431678362866334,0.705787884502366,-0.707106781186551));
#9790=DIRECTION('center_axis',(-0.0431678362866322,-0.70578788450237,-0.707106781186548));
#9791=DIRECTION('ref_axis',(-0.99814173052221,0.,0.0609350948971754));
#9792=DIRECTION('',(0.0431678362866292,0.70578788450237,-0.707106781186548));
#9793=DIRECTION('',(-0.998134798421867,0.0610485395348567,0.));
#9794=DIRECTION('center_axis',(0.,0.,1.));
#9795=DIRECTION('ref_axis',(-0.748955720789006,-0.662620048215733,0.));
#9796=DIRECTION('center_axis',(0.,0.,-1.));
#9797=DIRECTION('ref_axis',(-0.748955720789006,-0.662620048215733,0.));
#9798=DIRECTION('',(0.705787884502368,-0.0431678362866333,-0.707106781186549));
#9799=DIRECTION('center_axis',(-0.70578788450237,0.0431678362866348,-0.707106781186548));
#9800=DIRECTION('ref_axis',(-0.707766536742013,0.,0.706446409480731));
#9801=DIRECTION('',(0.70578788450237,-0.043167836286641,-0.707106781186547));
#9802=DIRECTION('',(0.0610485395348604,0.998134798421867,0.));
#9803=DIRECTION('center_axis',(0.,0.,1.));
#9804=DIRECTION('ref_axis',(-0.594822786751339,0.803856860617219,0.));
#9805=DIRECTION('',(0.420603226116151,-0.568412637245763,-0.70710678118655));
#9806=DIRECTION('center_axis',(0.,0.,-1.));
#9807=DIRECTION('ref_axis',(-0.594822786751339,0.803856860617219,0.));
#9808=DIRECTION('center_axis',(-0.420603226116149,0.568412637245765,-0.707106781186549));
#9809=DIRECTION('ref_axis',(-0.859449722853877,0.,0.511220279220606));
#9810=DIRECTION('',(0.420603226116152,-0.568412637245767,-0.707106781186546));
#9811=DIRECTION('',(0.80385686061722,0.594822786751337,0.));
#9812=DIRECTION('center_axis',(0.,0.,-1.));
#9813=DIRECTION('ref_axis',(0.892978943411142,-0.450098441037424,0.));
#9814=DIRECTION('center_axis',(0.,0.,1.));
#9815=DIRECTION('ref_axis',(0.892978943411142,-0.450098441037424,0.));
#9816=DIRECTION('',(0.707106781186549,0.,-0.707106781186546));
#9817=DIRECTION('center_axis',(-0.707106781186546,4.32978028117745E-17,
-0.707106781186549));
#9818=DIRECTION('ref_axis',(-0.707106781186549,0.,0.707106781186546));
#9819=DIRECTION('',(6.12323399573677E-17,1.,0.));
#9820=DIRECTION('center_axis',(-8.65956056235496E-17,-0.70710678118655,
-0.707106781186546));
#9821=DIRECTION('ref_axis',(-1.,0.,1.22464679914736E-16));
#9822=DIRECTION('',(0.,-0.707106781186545,0.70710678118655));
#9823=DIRECTION('',(-1.,1.22464679914735E-16,0.));
#9824=DIRECTION('center_axis',(0.,0.,1.));
#9825=DIRECTION('ref_axis',(-0.707106781186553,-0.707106781186542,0.));
#9826=DIRECTION('center_axis',(0.,0.,-1.));
#9827=DIRECTION('ref_axis',(-0.707106781186553,-0.707106781186542,0.));
#9828=DIRECTION('center_axis',(0.,0.,1.));
#9829=DIRECTION('ref_axis',(-0.707106781186561,0.707106781186534,0.));
#9830=DIRECTION('center_axis',(0.,0.,-1.));
#9831=DIRECTION('ref_axis',(-0.707106781186561,0.707106781186534,0.));
#9832=DIRECTION('center_axis',(0.,0.,1.));
#9833=DIRECTION('ref_axis',(0.707106781186553,0.707106781186542,0.));
#9834=DIRECTION('center_axis',(0.,0.,-1.));
#9835=DIRECTION('ref_axis',(0.707106781186553,0.707106781186542,0.));
#9836=DIRECTION('center_axis',(0.,0.,1.));
#9837=DIRECTION('ref_axis',(0.707106781186553,-0.707106781186542,0.));
#9838=DIRECTION('center_axis',(0.,0.,-1.));
#9839=DIRECTION('ref_axis',(0.707106781186553,-0.707106781186542,0.));
#9840=DIRECTION('center_axis',(-1.,1.83697019872103E-16,0.));
#9841=DIRECTION('ref_axis',(-1.83697019872103E-16,-1.,0.));
#9842=DIRECTION('',(0.,0.,-1.));
#9843=DIRECTION('',(1.83697019872103E-16,1.,0.));
#9844=DIRECTION('',(0.,0.,1.));
#9845=DIRECTION('center_axis',(0.,0.,1.));
#9846=DIRECTION('ref_axis',(-0.89297894341113,0.450098441037449,0.));
#9847=DIRECTION('',(0.,0.,1.));
#9848=DIRECTION('center_axis',(0.,0.,-1.));
#9849=DIRECTION('ref_axis',(-0.89297894341113,0.450098441037449,0.));
#9850=DIRECTION('center_axis',(0.594822786751337,-0.80385686061722,0.));
#9851=DIRECTION('ref_axis',(-0.80385686061722,-0.594822786751337,0.));
#9852=DIRECTION('',(0.,0.,1.));
#9853=DIRECTION('',(0.80385686061722,0.594822786751337,0.));
#9854=DIRECTION('center_axis',(0.,0.,-1.));
#9855=DIRECTION('ref_axis',(0.59482278675134,-0.803856860617219,0.));
#9856=DIRECTION('',(0.,0.,1.));
#9857=DIRECTION('center_axis',(0.,0.,1.));
#9858=DIRECTION('ref_axis',(0.59482278675134,-0.803856860617219,0.));
#9859=DIRECTION('center_axis',(0.998134798421867,-0.0610485395348603,0.));
#9860=DIRECTION('ref_axis',(-0.0610485395348603,-0.998134798421867,0.));
#9861=DIRECTION('',(0.,0.,-1.));
#9862=DIRECTION('',(0.0610485395348603,0.998134798421867,0.));
#9863=DIRECTION('center_axis',(0.,0.,1.));
#9864=DIRECTION('ref_axis',(0.748955720789006,0.662620048215733,0.));
#9865=DIRECTION('',(0.,0.,1.));
#9866=DIRECTION('center_axis',(0.,0.,1.));
#9867=DIRECTION('ref_axis',(0.748955720789006,0.662620048215733,0.));
#9868=DIRECTION('center_axis',(0.0610485395348566,0.998134798421867,0.));
#9869=DIRECTION('ref_axis',(0.998134798421867,-0.0610485395348566,0.));
#9870=DIRECTION('',(0.,0.,-1.));
#9871=DIRECTION('',(-0.998134798421867,0.0610485395348566,0.));
#9872=DIRECTION('center_axis',(0.,0.,1.));
#9873=DIRECTION('ref_axis',(-0.639439001980589,0.768841832073456,0.));
#9874=DIRECTION('',(0.,0.,1.));
#9875=DIRECTION('center_axis',(0.,0.,1.));
#9876=DIRECTION('ref_axis',(-0.639439001980589,0.768841832073456,0.));
#9877=DIRECTION('center_axis',(0.992546151641322,-0.121869343405147,0.));
#9878=DIRECTION('ref_axis',(0.121869343405147,0.992546151641322,0.));
#9879=DIRECTION('',(0.,0.,-1.));
#9880=DIRECTION('',(-0.121869343405147,-0.992546151641322,0.));
#9881=DIRECTION('center_axis',(0.,0.,1.));
#9882=DIRECTION('ref_axis',(0.992546151641322,-0.121869343405145,0.));
#9883=DIRECTION('',(0.,0.,1.));
#9884=DIRECTION('center_axis',(0.,0.,1.));
#9885=DIRECTION('ref_axis',(-0.992546151641322,0.121869343405145,0.));
#9886=DIRECTION('center_axis',(0.,0.,1.));
#9887=DIRECTION('ref_axis',(-0.819152044288993,-0.573576436351044,0.));
#9888=DIRECTION('',(0.,0.,1.));
#9889=DIRECTION('center_axis',(0.,0.,-1.));
#9890=DIRECTION('ref_axis',(-0.819152044288993,-0.573576436351044,0.));
#9891=DIRECTION('center_axis',(-0.819152044288989,-0.57357643635105,0.));
#9892=DIRECTION('ref_axis',(0.57357643635105,-0.819152044288989,0.));
#9893=DIRECTION('',(0.,0.,1.));
#9894=DIRECTION('',(-0.57357643635105,0.819152044288989,0.));
#9895=DIRECTION('center_axis',(0.,0.,1.));
#9896=DIRECTION('ref_axis',(-1.,0.,0.));
#9897=DIRECTION('',(0.,0.,1.));
#9898=DIRECTION('center_axis',(0.,0.,-1.));
#9899=DIRECTION('ref_axis',(-1.,0.,0.));
#9900=DIRECTION('center_axis',(-1.,9.99200722162631E-15,0.));
#9901=DIRECTION('ref_axis',(-9.99200722162631E-15,-1.,0.));
#9902=DIRECTION('',(0.,0.,-1.));
#9903=DIRECTION('',(9.99200722162631E-15,1.,0.));
#9904=DIRECTION('center_axis',(0.,0.,-1.));
#9905=DIRECTION('ref_axis',(0.707106781186554,0.707106781186541,0.));
#9906=DIRECTION('',(0.,0.,1.));
#9907=DIRECTION('center_axis',(0.,0.,1.));
#9908=DIRECTION('ref_axis',(0.707106781186554,0.707106781186541,0.));
#9909=DIRECTION('center_axis',(-1.88782862486869E-15,1.,0.));
#9910=DIRECTION('ref_axis',(1.,1.88782862486869E-15,0.));
#9911=DIRECTION('',(0.,0.,-1.));
#9912=DIRECTION('',(-1.,-1.88782862486869E-15,0.));
#9913=DIRECTION('center_axis',(0.,0.,1.));
#9914=DIRECTION('ref_axis',(-0.707106781186551,0.707106781186544,0.));
#9915=DIRECTION('',(0.,0.,1.));
#9916=DIRECTION('center_axis',(0.,0.,1.));
#9917=DIRECTION('ref_axis',(-0.707106781186551,0.707106781186544,0.));
#9918=DIRECTION('center_axis',(-1.,-9.99200722162631E-15,0.));
#9919=DIRECTION('ref_axis',(9.99200722162631E-15,-1.,0.));
#9920=DIRECTION('',(0.,0.,1.));
#9921=DIRECTION('',(9.99200722162631E-15,-1.,0.));
#9922=DIRECTION('center_axis',(0.,0.,-1.));
#9923=DIRECTION('ref_axis',(1.,0.,0.));
#9924=DIRECTION('',(0.,0.,1.));
#9925=DIRECTION('center_axis',(0.,0.,-1.));
#9926=DIRECTION('ref_axis',(1.,0.,0.));
#9927=DIRECTION('center_axis',(-0.819152044288989,0.57357643635105,0.));
#9928=DIRECTION('ref_axis',(-0.57357643635105,-0.819152044288989,0.));
#9929=DIRECTION('',(0.,0.,1.));
#9930=DIRECTION('',(-0.57357643635105,-0.819152044288989,0.));
#9931=DIRECTION('center_axis',(0.,0.,-1.));
#9932=DIRECTION('ref_axis',(0.819152044288993,-0.573576436351044,0.));
#9933=DIRECTION('',(0.,0.,-1.));
#9934=DIRECTION('center_axis',(0.,0.,-1.));
#9935=DIRECTION('ref_axis',(0.819152044288993,-0.573576436351044,0.));
#9936=DIRECTION('center_axis',(0.,0.,-1.));
#9937=DIRECTION('ref_axis',(-0.992546151641322,-0.121869343405145,0.));
#9938=DIRECTION('',(0.,0.,1.));
#9939=DIRECTION('center_axis',(0.,0.,1.));
#9940=DIRECTION('ref_axis',(0.992546151641322,0.121869343405145,0.));
#9941=DIRECTION('center_axis',(0.992546151641322,0.121869343405147,0.));
#9942=DIRECTION('ref_axis',(-0.121869343405147,0.992546151641322,0.));
#9943=DIRECTION('',(0.,0.,-1.));
#9944=DIRECTION('',(-0.121869343405147,0.992546151641322,0.));
#9945=DIRECTION('center_axis',(0.,0.,1.));
#9946=DIRECTION('ref_axis',(0.639439001980589,0.768841832073456,0.));
#9947=DIRECTION('',(0.,0.,1.));
#9948=DIRECTION('center_axis',(0.,0.,1.));
#9949=DIRECTION('ref_axis',(0.639439001980589,0.768841832073456,0.));
#9950=DIRECTION('center_axis',(0.0610485395348566,-0.998134798421867,0.));
#9951=DIRECTION('ref_axis',(-0.998134798421867,-0.0610485395348566,0.));
#9952=DIRECTION('',(0.,0.,-1.));
#9953=DIRECTION('',(-0.998134798421867,-0.0610485395348566,0.));
#9954=DIRECTION('center_axis',(0.,0.,1.));
#9955=DIRECTION('ref_axis',(-0.748955720789012,0.662620048215726,0.));
#9956=DIRECTION('',(0.,0.,1.));
#9957=DIRECTION('center_axis',(0.,0.,1.));
#9958=DIRECTION('ref_axis',(-0.748955720789012,0.662620048215726,0.));
#9959=DIRECTION('center_axis',(0.998134798421867,0.0610485395348603,0.));
#9960=DIRECTION('ref_axis',(0.0610485395348603,-0.998134798421867,0.));
#9961=DIRECTION('',(0.,0.,1.));
#9962=DIRECTION('',(0.0610485395348603,-0.998134798421867,0.));
#9963=DIRECTION('center_axis',(0.,0.,1.));
#9964=DIRECTION('ref_axis',(-0.59482278675134,-0.803856860617219,0.));
#9965=DIRECTION('',(0.,0.,1.));
#9966=DIRECTION('center_axis',(0.,0.,1.));
#9967=DIRECTION('ref_axis',(-0.59482278675134,-0.803856860617219,0.));
#9968=DIRECTION('center_axis',(0.594822786751337,0.80385686061722,0.));
#9969=DIRECTION('ref_axis',(0.80385686061722,-0.594822786751337,0.));
#9970=DIRECTION('',(0.,0.,-1.));
#9971=DIRECTION('',(0.80385686061722,-0.594822786751337,0.));
#9972=DIRECTION('center_axis',(0.,0.,-1.));
#9973=DIRECTION('ref_axis',(0.892978943411132,0.450098441037444,0.));
#9974=DIRECTION('',(0.,0.,1.));
#9975=DIRECTION('center_axis',(0.,0.,-1.));
#9976=DIRECTION('ref_axis',(0.892978943411132,0.450098441037444,0.));
#9977=DIRECTION('center_axis',(1.,-1.75691230139386E-15,0.));
#9978=DIRECTION('ref_axis',(1.75691230139386E-15,1.,0.));
#9979=DIRECTION('',(0.,0.,-1.));
#9980=DIRECTION('',(-1.75691230139386E-15,-1.,0.));
#9981=DIRECTION('center_axis',(0.707106781186547,-0.707106781186548,0.));
#9982=DIRECTION('ref_axis',(0.707106781186548,0.707106781186547,0.));
#9983=DIRECTION('',(0.,0.,1.));
#9984=DIRECTION('',(-0.707106781186548,-0.707106781186547,0.));
#9985=DIRECTION('center_axis',(0.,-1.,0.));
#9986=DIRECTION('ref_axis',(1.,0.,0.));
#9987=DIRECTION('',(0.,0.,-1.));
#9988=DIRECTION('',(-1.,0.,0.));
#9989=DIRECTION('center_axis',(0.,0.,-1.));
#9990=DIRECTION('ref_axis',(-0.707106781186559,0.707106781186536,0.));
#9991=DIRECTION('',(0.,0.,1.));
#9992=DIRECTION('center_axis',(0.,0.,1.));
#9993=DIRECTION('ref_axis',(-0.707106781186561,0.707106781186534,0.));
#9994=DIRECTION('center_axis',(-1.,2.15751842842136E-15,0.));
#9995=DIRECTION('ref_axis',(2.15751842842136E-15,1.,0.));
#9996=DIRECTION('',(0.,0.,-1.));
#9997=DIRECTION('',(-2.15751842842136E-15,-1.,0.));
#9998=DIRECTION('',(2.15751842842136E-15,1.,0.));
#9999=DIRECTION('',(0.,0.,1.));
#10000=DIRECTION('',(2.15751842842136E-15,1.,0.));
#10001=DIRECTION('',(0.,0.,1.));
#10002=DIRECTION('',(-2.15751842842136E-15,-1.,0.));
#10003=DIRECTION('',(0.,0.,-1.));
#10004=DIRECTION('',(0.,0.,1.));
#10005=DIRECTION('',(-2.15751842842136E-15,-1.,0.));
#10006=DIRECTION('',(0.,0.,-1.));
#10007=DIRECTION('',(0.,0.,1.));
#10008=DIRECTION('',(-2.15751842842136E-15,-1.,0.));
#10009=DIRECTION('',(0.,0.,-1.));
#10010=DIRECTION('',(0.,0.,-1.));
#10011=DIRECTION('',(2.15751842842136E-15,1.,0.));
#10012=DIRECTION('',(0.,0.,1.));
#10013=DIRECTION('',(-2.15751842842136E-15,-1.,0.));
#10014=DIRECTION('',(0.,0.,-1.));
#10015=DIRECTION('',(0.,0.,-1.));
#10016=DIRECTION('',(2.15751842842136E-15,1.,0.));
#10017=DIRECTION('',(-2.15751842842136E-15,-1.,0.));
#10018=DIRECTION('',(0.,0.,-1.));
#10019=DIRECTION('',(2.15751842842136E-15,1.,0.));
#10020=DIRECTION('',(0.,0.,1.));
#10021=DIRECTION('',(0.,0.,-1.));
#10022=DIRECTION('',(2.15751842842136E-15,1.,0.));
#10023=DIRECTION('',(0.,0.,1.));
#10024=DIRECTION('',(-2.15751842842136E-15,-1.,0.));
#10025=DIRECTION('',(0.,0.,-1.));
#10026=DIRECTION('',(0.,0.,-1.));
#10027=DIRECTION('',(0.,0.,-1.));
#10028=DIRECTION('',(2.15751842842136E-15,1.,0.));
#10029=DIRECTION('',(-2.15751842842136E-15,-1.,0.));
#10030=DIRECTION('',(0.,0.,-1.));
#10031=DIRECTION('center_axis',(0.,0.,1.));
#10032=DIRECTION('ref_axis',(-0.707106781186555,-0.70710678118654,0.));
#10033=DIRECTION('',(0.,0.,1.));
#10034=DIRECTION('center_axis',(0.,0.,1.));
#10035=DIRECTION('ref_axis',(-0.707106781186553,-0.707106781186542,0.));
#10036=DIRECTION('center_axis',(1.81814464135123E-15,1.,0.));
#10037=DIRECTION('ref_axis',(-1.,1.81814464135123E-15,0.));
#10038=DIRECTION('',(0.,0.,-1.));
#10039=DIRECTION('',(1.,-1.81814464135123E-15,0.));
#10040=DIRECTION('center_axis',(0.707106781186548,0.707106781186547,0.));
#10041=DIRECTION('ref_axis',(-0.707106781186547,0.707106781186548,0.));
#10042=DIRECTION('',(0.,0.,1.));
#10043=DIRECTION('',(0.707106781186547,-0.707106781186548,0.));
#10044=DIRECTION('center_axis',(0.707106781186548,-1.52559591127168E-15,
0.707106781186548));
#10045=DIRECTION('ref_axis',(0.707106781186548,0.,-0.707106781186548));
#10046=DIRECTION('',(0.707106781186548,0.,-0.707106781186548));
#10047=DIRECTION('',(2.15751842842136E-15,1.,0.));
#10048=DIRECTION('',(-0.707106781186548,0.,0.707106781186548));
#10049=DIRECTION('center_axis',(0.500000000000003,-0.500000000000003,0.707106781186543));
#10050=DIRECTION('ref_axis',(0.816496580927723,0.,-0.57735026918963));
#10051=DIRECTION('',(0.678598344545852,-0.281084637714796,-0.678598344545852));
#10052=DIRECTION('',(0.707106781186548,0.707106781186547,0.));
#10053=DIRECTION('',(-0.281084637714809,0.678598344545849,0.678598344545849));
#10054=DIRECTION('center_axis',(-0.500000000000003,-0.500000000000003,0.707106781186543));
#10055=DIRECTION('ref_axis',(0.816496580927723,0.,0.577350269189631));
#10056=DIRECTION('',(-0.281084637714802,-0.678598344545851,-0.678598344545851));
#10057=DIRECTION('',(0.678598344545853,0.281084637714802,0.678598344545849));
#10058=DIRECTION('center_axis',(-1.28562240507744E-15,-0.707106781186546,
0.707106781186549));
#10059=DIRECTION('ref_axis',(1.,0.,1.81814464135122E-15));
#10060=DIRECTION('',(0.,-0.707106781186548,-0.707106781186548));
#10061=DIRECTION('center_axis',(-0.707106781186546,4.32978028117745E-17,
0.707106781186549));
#10062=DIRECTION('ref_axis',(0.707106781186549,0.,0.707106781186546));
#10063=DIRECTION('',(-6.12323399573677E-17,-1.,0.));
#10064=DIRECTION('',(0.707106781186549,0.,0.707106781186546));
#10065=DIRECTION('center_axis',(0.,0.,1.));
#10066=DIRECTION('ref_axis',(0.892978943411142,-0.450098441037424,0.));
#10067=DIRECTION('center_axis',(0.,0.,-1.));
#10068=DIRECTION('ref_axis',(0.892978943411142,-0.450098441037424,0.));
#10069=DIRECTION('',(0.420603226116152,-0.568412637245767,0.707106781186546));
#10070=DIRECTION('center_axis',(-0.420603226116149,0.568412637245765,0.707106781186549));
#10071=DIRECTION('ref_axis',(0.859449722853877,0.,0.511220279220606));
#10072=DIRECTION('',(-0.80385686061722,-0.594822786751337,0.));
#10073=DIRECTION('',(0.420603226116152,-0.568412637245767,0.707106781186546));
#10074=DIRECTION('center_axis',(0.,0.,-1.));
#10075=DIRECTION('ref_axis',(-0.594822786751339,0.803856860617219,0.));
#10076=DIRECTION('center_axis',(0.,0.,1.));
#10077=DIRECTION('ref_axis',(-0.594822786751339,0.803856860617219,0.));
#10078=DIRECTION('',(0.70578788450236,-0.0431678362866259,0.707106781186557));
#10079=DIRECTION('center_axis',(-0.705787884502372,0.0431678362866349,0.707106781186546));
#10080=DIRECTION('ref_axis',(0.707766536742011,0.,0.706446409480733));
#10081=DIRECTION('',(-0.0610485395348604,-0.998134798421867,0.));
#10082=DIRECTION('',(0.705787884502368,-0.0431678362866333,0.707106781186549));
#10083=DIRECTION('center_axis',(0.,0.,-1.));
#10084=DIRECTION('ref_axis',(-0.748955720789006,-0.662620048215733,0.));
#10085=DIRECTION('center_axis',(0.,0.,1.));
#10086=DIRECTION('ref_axis',(-0.748955720789006,-0.662620048215733,0.));
#10087=DIRECTION('',(0.0431678362866332,0.70578788450237,0.707106781186547));
#10088=DIRECTION('center_axis',(-0.0431678362866323,-0.705787884502371,
0.707106781186547));
#10089=DIRECTION('ref_axis',(0.99814173052221,0.,0.0609350948971756));
#10090=DIRECTION('',(0.0431678362866331,0.705787884502369,0.707106781186548));
#10091=DIRECTION('',(0.998134798421867,-0.0610485395348567,0.));
#10092=DIRECTION('center_axis',(0.,0.,-1.));
#10093=DIRECTION('ref_axis',(0.639439001980585,-0.768841832073459,0.));
#10094=DIRECTION('center_axis',(0.,0.,1.));
#10095=DIRECTION('ref_axis',(0.639439001980585,-0.768841832073459,0.));
#10096=DIRECTION('',(-0.701836114466192,0.0861746391405302,0.707106781186546));
#10097=DIRECTION('center_axis',(0.701836114466189,-0.0861746391405312,0.707106781186549));
#10098=DIRECTION('ref_axis',(0.709747006865426,0.,-0.704456660303222));
#10099=DIRECTION('',(-0.701836114466192,0.0861746391405224,0.707106781186547));
#10100=DIRECTION('',(0.121869343405147,0.992546151641322,0.));
#10101=DIRECTION('center_axis',(0.,0.,-1.));
#10102=DIRECTION('ref_axis',(0.992546151641322,-0.121869343405145,0.));
#10103=DIRECTION('center_axis',(0.,0.,1.));
#10104=DIRECTION('ref_axis',(0.992546151641322,-0.121869343405145,0.));
#10105=DIRECTION('',(-0.618334524173343,-0.34301955660768,0.707106781186545));
#10106=DIRECTION('center_axis',(0.,0.,1.));
#10107=DIRECTION('ref_axis',(0.819152044288993,0.573576436351044,0.));
#10108=DIRECTION('',(0.579227965339568,0.40557978767264,0.707106781186548));
#10109=DIRECTION('center_axis',(0.,0.,-1.));
#10110=DIRECTION('ref_axis',(0.819152044288993,0.573576436351044,0.));
#10111=DIRECTION('center_axis',(-0.579227965339565,-0.405579787672641,0.70710678118655));
#10112=DIRECTION('ref_axis',(0.773589321594958,0.,0.633687274224638));
#10113=DIRECTION('',(0.57922796533957,0.405579787672642,0.707106781186545));
#10114=DIRECTION('',(0.57357643635105,-0.819152044288989,0.));
#10115=DIRECTION('center_axis',(0.,0.,1.));
#10116=DIRECTION('ref_axis',(1.,-1.22464679914735E-16,0.));
#10117=DIRECTION('',(0.707106781186549,0.,0.707106781186546));
#10118=DIRECTION('center_axis',(0.,0.,-1.));
#10119=DIRECTION('ref_axis',(1.,-1.22464679914735E-16,0.));
#10120=DIRECTION('center_axis',(-0.707106781186546,7.15201166970045E-15,
0.707106781186549));
#10121=DIRECTION('ref_axis',(0.707106781186549,0.,0.707106781186546));
#10122=DIRECTION('',(0.707106781186549,-7.85046229341885E-15,0.707106781186546));
#10123=DIRECTION('',(-1.0114471901541E-14,-1.,0.));
#10124=DIRECTION('center_axis',(0.,0.,-1.));
#10125=DIRECTION('ref_axis',(-0.707106781186547,-0.707106781186547,0.));
#10126=DIRECTION('center_axis',(0.,0.,1.));
#10127=DIRECTION('ref_axis',(-0.707106781186548,-0.707106781186548,0.));
#10128=DIRECTION('',(-3.92523114670943E-15,0.707106781186548,0.707106781186548));
#10129=DIRECTION('center_axis',(1.58916240757467E-15,-0.707106781186548,
0.707106781186548));
#10130=DIRECTION('ref_axis',(1.,0.,-2.24741502960558E-15));
#10131=DIRECTION('',(1.,2.24741502960558E-15,0.));
#10132=DIRECTION('',(0.,0.707106781186551,0.707106781186544));
#10133=DIRECTION('center_axis',(0.,0.,-1.));
#10134=DIRECTION('ref_axis',(0.707106781186551,-0.707106781186544,0.));
#10135=DIRECTION('center_axis',(0.,0.,1.));
#10136=DIRECTION('ref_axis',(0.707106781186551,-0.707106781186544,0.));
#10137=DIRECTION('',(-0.707106781186545,-7.85046229341889E-15,0.70710678118655));
#10138=DIRECTION('center_axis',(0.707106781186548,6.97882045845337E-15,
0.707106781186548));
#10139=DIRECTION('ref_axis',(0.707106781186548,0.,-0.707106781186548));
#10140=DIRECTION('',(-0.707106781186548,-7.85046229341887E-15,0.707106781186548));
#10141=DIRECTION('',(-9.86954254171158E-15,1.,0.));
#10142=DIRECTION('center_axis',(0.,0.,1.));
#10143=DIRECTION('ref_axis',(-1.,1.22464679914735E-16,0.));
#10144=DIRECTION('',(-0.579227965339564,0.405579787672644,0.707106781186549));
#10145=DIRECTION('center_axis',(0.,0.,-1.));
#10146=DIRECTION('ref_axis',(-1.,1.22464679914735E-16,0.));
#10147=DIRECTION('center_axis',(0.579227965339567,-0.405579787672642,0.707106781186548));
#10148=DIRECTION('ref_axis',(0.773589321594957,0.,-0.63368727422464));
#10149=DIRECTION('',(-0.579227965339567,0.405579787672643,0.707106781186547));
#10150=DIRECTION('',(0.57357643635105,0.819152044288989,0.));
#10151=DIRECTION('center_axis',(0.,0.,1.));
#10152=DIRECTION('ref_axis',(-0.819152044288993,0.573576436351044,0.));
#10153=DIRECTION('',(0.618334524173343,-0.34301955660768,0.707106781186545));
#10154=DIRECTION('center_axis',(0.,0.,-1.));
#10155=DIRECTION('ref_axis',(-0.819152044288993,0.573576436351044,0.));
#10156=DIRECTION('center_axis',(0.,0.,-1.));
#10157=DIRECTION('ref_axis',(-0.992546151641322,-0.121869343405145,0.));
#10158=DIRECTION('center_axis',(0.,0.,1.));
#10159=DIRECTION('ref_axis',(-0.992546151641322,-0.121869343405145,0.));
#10160=DIRECTION('',(0.701836114466192,0.0861746391405302,0.707106781186546));
#10161=DIRECTION('center_axis',(-0.701836114466191,-0.0861746391405313,
0.707106781186547));
#10162=DIRECTION('ref_axis',(0.709747006865423,0.,0.704456660303224));
#10163=DIRECTION('',(0.70183611446619,0.0861746391405304,0.707106781186548));
#10164=DIRECTION('',(0.121869343405147,-0.992546151641322,0.));
#10165=DIRECTION('center_axis',(0.,0.,-1.));
#10166=DIRECTION('ref_axis',(-0.639439001980589,-0.768841832073456,0.));
#10167=DIRECTION('center_axis',(0.,0.,1.));
#10168=DIRECTION('ref_axis',(-0.639439001980589,-0.768841832073456,0.));
#10169=DIRECTION('',(-0.0431678362866334,0.705787884502366,0.707106781186551));
#10170=DIRECTION('center_axis',(0.0431678362866321,-0.70578788450237,0.707106781186548));
#10171=DIRECTION('ref_axis',(0.99814173052221,0.,-0.0609350948971752));
#10172=DIRECTION('',(-0.0431678362866295,0.705787884502366,0.707106781186551));
#10173=DIRECTION('',(0.998134798421867,0.0610485395348565,0.));
#10174=DIRECTION('center_axis',(0.,0.,-1.));
#10175=DIRECTION('ref_axis',(0.748955720789009,-0.662620048215729,0.));
#10176=DIRECTION('center_axis',(0.,0.,1.));
#10177=DIRECTION('ref_axis',(0.748955720789009,-0.662620048215729,0.));
#10178=DIRECTION('',(-0.70578788450237,-0.043167836286641,0.707106781186547));
#10179=DIRECTION('center_axis',(0.70578788450237,0.0431678362866346,0.707106781186548));
#10180=DIRECTION('ref_axis',(0.707766536742013,0.,-0.706446409480731));
#10181=DIRECTION('',(-0.70578788450237,-0.043167836286641,0.707106781186547));
#10182=DIRECTION('',(-0.0610485395348601,0.998134798421867,0.));
#10183=DIRECTION('center_axis',(0.,0.,-1.));
#10184=DIRECTION('ref_axis',(0.59482278675134,0.803856860617218,0.));
#10185=DIRECTION('',(-0.420603226116151,-0.568412637245763,0.70710678118655));
#10186=DIRECTION('center_axis',(0.,0.,1.));
#10187=DIRECTION('ref_axis',(0.59482278675134,0.803856860617219,0.));
#10188=DIRECTION('center_axis',(0.420603226116149,0.568412637245764,0.707106781186549));
#10189=DIRECTION('ref_axis',(0.859449722853877,0.,-0.511220279220605));
#10190=DIRECTION('',(-0.420603226116147,-0.568412637245773,0.707106781186544));
#10191=DIRECTION('',(-0.80385686061722,0.594822786751337,0.));
#10192=DIRECTION('center_axis',(0.,0.,1.));
#10193=DIRECTION('ref_axis',(-0.892978943411132,-0.450098441037444,0.));
#10194=DIRECTION('center_axis',(0.,0.,-1.));
#10195=DIRECTION('ref_axis',(-0.892978943411132,-0.450098441037444,0.));
#10196=DIRECTION('',(-0.707106781186549,0.,0.707106781186546));
#10197=DIRECTION('center_axis',(0.707106781186548,-1.32892020788921E-15,
0.707106781186548));
#10198=DIRECTION('ref_axis',(0.707106781186548,0.,-0.707106781186548));
#10199=DIRECTION('',(1.8793769813086E-15,1.,0.));
#10200=DIRECTION('center_axis',(-8.65956056235496E-17,-0.70710678118655,
0.707106781186546));
#10201=DIRECTION('ref_axis',(1.,0.,1.22464679914736E-16));
#10202=DIRECTION('',(1.,-1.22464679914735E-16,0.));
#10203=DIRECTION('',(0.,0.707106781186545,0.70710678118655));
#10204=DIRECTION('center_axis',(-0.707106781186548,1.52559591127168E-15,
0.707106781186548));
#10205=DIRECTION('ref_axis',(0.707106781186548,0.,0.707106781186548));
#10206=DIRECTION('',(-0.707106781186548,3.92523114670943E-15,-0.707106781186548));
#10207=DIRECTION('',(0.707106781186548,0.,0.707106781186548));
#10208=DIRECTION('center_axis',(0.499999999999997,0.499999999999997,0.707106781186552));
#10209=DIRECTION('ref_axis',(0.816496580927729,0.,-0.577350269189622));
#10210=DIRECTION('',(-0.707106781186547,0.707106781186548,0.));
#10211=DIRECTION('',(-0.678598344545845,-0.28108463771483,0.678598344545845));
#10212=DIRECTION('',(0.281084637714816,0.67859834454585,-0.678598344545846));
#10213=DIRECTION('center_axis',(-0.500000000000001,0.500000000000001,0.707106781186546));
#10214=DIRECTION('ref_axis',(0.816496580927725,0.,0.577350269189627));
#10215=DIRECTION('',(0.281084637714816,-0.678598344545848,0.678598344545848));
#10216=DIRECTION('',(-0.678598344545844,0.281084637714824,-0.678598344545848));
#10217=DIRECTION('center_axis',(0.,0.707106781186548,0.707106781186548));
#10218=DIRECTION('ref_axis',(1.,0.,0.));
#10219=DIRECTION('',(0.,-0.707106781186548,0.707106781186548));
#10220=DIRECTION('center_axis',(0.707106781186548,-1.29893408435324E-16,
0.707106781186548));
#10221=DIRECTION('ref_axis',(0.707106781186548,0.,-0.707106781186548));
#10222=DIRECTION('',(-0.707106781186548,0.,0.707106781186548));
#10223=DIRECTION('center_axis',(0.,0.,1.));
#10224=DIRECTION('ref_axis',(-0.89297894341113,0.450098441037449,0.));
#10225=DIRECTION('',(-0.420603226116147,0.568412637245773,0.707106781186544));
#10226=DIRECTION('center_axis',(0.420603226116151,-0.568412637245767,0.707106781186547));
#10227=DIRECTION('ref_axis',(0.859449722853876,0.,-0.511220279220608));
#10228=DIRECTION('',(-0.420603226116151,0.568412637245763,0.70710678118655));
#10229=DIRECTION('center_axis',(0.,0.,-1.));
#10230=DIRECTION('ref_axis',(0.59482278675134,-0.803856860617219,0.));
#10231=DIRECTION('',(-0.70578788450236,0.0431678362866259,0.707106781186557));
#10232=DIRECTION('center_axis',(0.70578788450237,-0.0431678362866347,0.707106781186548));
#10233=DIRECTION('ref_axis',(0.707766536742013,0.,-0.706446409480731));
#10234=DIRECTION('',(-0.705787884502372,0.0431678362866331,0.707106781186546));
#10235=DIRECTION('center_axis',(0.,0.,-1.));
#10236=DIRECTION('ref_axis',(0.748955720789006,0.662620048215733,0.));
#10237=DIRECTION('',(-0.0431678362866334,-0.705787884502366,0.707106781186551));
#10238=DIRECTION('center_axis',(0.0431678362866324,0.705787884502374,0.707106781186544));
#10239=DIRECTION('ref_axis',(0.99814173052221,0.,-0.060935094897176));
#10240=DIRECTION('',(-0.0431678362866295,-0.705787884502366,0.707106781186551));
#10241=DIRECTION('center_axis',(0.,0.,-1.));
#10242=DIRECTION('ref_axis',(-0.639439001980589,0.768841832073456,0.));
#10243=DIRECTION('',(0.701836114466187,-0.0861746391405384,0.70710678118655));
#10244=DIRECTION('center_axis',(-0.701836114466187,0.0861746391405309,0.707106781186551));
#10245=DIRECTION('ref_axis',(0.709747006865427,0.,0.70445666030322));
#10246=DIRECTION('',(0.701836114466194,-0.0861746391405299,0.707106781186544));
#10247=DIRECTION('center_axis',(0.,0.,-1.));
#10248=DIRECTION('ref_axis',(-0.992546151641322,0.121869343405145,0.));
#10249=DIRECTION('',(0.618334524173343,0.34301955660768,0.707106781186545));
#10250=DIRECTION('center_axis',(0.,0.,1.));
#10251=DIRECTION('ref_axis',(-0.819152044288993,-0.573576436351044,0.));
#10252=DIRECTION('',(-0.57922796533957,-0.405579787672639,0.707106781186546));
#10253=DIRECTION('center_axis',(0.579227965339567,0.405579787672642,0.707106781186548));
#10254=DIRECTION('ref_axis',(0.773589321594957,0.,-0.63368727422464));
#10255=DIRECTION('',(-0.579227965339567,-0.405579787672643,0.707106781186547));
#10256=DIRECTION('center_axis',(0.,0.,1.));
#10257=DIRECTION('ref_axis',(-1.,0.,0.));
#10258=DIRECTION('',(-0.707106781186549,0.,0.707106781186546));
#10259=DIRECTION('center_axis',(0.707106781186548,-7.06541606407692E-15,
0.707106781186548));
#10260=DIRECTION('ref_axis',(0.707106781186548,0.,-0.707106781186548));
#10261=DIRECTION('',(-0.707106781186549,7.85046229341885E-15,0.707106781186546));
#10262=DIRECTION('center_axis',(0.,0.,-1.));
#10263=DIRECTION('ref_axis',(0.707106781186554,0.707106781186541,0.));
#10264=DIRECTION('',(0.,-0.707106781186544,0.707106781186551));
#10265=DIRECTION('center_axis',(-1.33489642236272E-15,0.707106781186548,
0.707106781186548));
#10266=DIRECTION('ref_axis',(1.,0.,1.88782862486869E-15));
#10267=DIRECTION('',(0.,-0.707106781186548,0.707106781186548));
#10268=DIRECTION('center_axis',(0.,0.,-1.));
#10269=DIRECTION('ref_axis',(-0.707106781186551,0.707106781186544,0.));
#10270=DIRECTION('',(0.707106781186548,7.85046229341887E-15,0.707106781186548));
#10271=DIRECTION('center_axis',(-0.707106781186548,-7.06541606407692E-15,
0.707106781186548));
#10272=DIRECTION('ref_axis',(0.707106781186548,0.,0.707106781186548));
#10273=DIRECTION('',(0.707106781186548,7.85046229341887E-15,0.707106781186548));
#10274=DIRECTION('center_axis',(0.,0.,1.));
#10275=DIRECTION('ref_axis',(1.,0.,0.));
#10276=DIRECTION('',(0.579227965339564,-0.405579787672644,0.707106781186549));
#10277=DIRECTION('center_axis',(-0.579227965339567,0.405579787672642,0.707106781186548));
#10278=DIRECTION('ref_axis',(0.773589321594957,0.,0.63368727422464));
#10279=DIRECTION('',(0.579227965339568,-0.40557978767264,0.707106781186548));
#10280=DIRECTION('center_axis',(0.,0.,1.));
#10281=DIRECTION('ref_axis',(0.819152044288993,-0.573576436351044,0.));
#10282=DIRECTION('',(-0.618334524173338,0.343019556607681,0.707106781186548));
#10283=DIRECTION('center_axis',(0.,0.,-1.));
#10284=DIRECTION('ref_axis',(0.992546151641322,0.121869343405145,0.));
#10285=DIRECTION('',(-0.701836114466192,-0.0861746391405302,0.707106781186546));
#10286=DIRECTION('center_axis',(0.701836114466191,0.0861746391405314,0.707106781186547));
#10287=DIRECTION('ref_axis',(0.709747006865423,0.,-0.704456660303224));
#10288=DIRECTION('',(-0.701836114466188,-0.0861746391405306,0.70710678118655));
#10289=DIRECTION('center_axis',(0.,0.,-1.));
#10290=DIRECTION('ref_axis',(0.639439001980589,0.768841832073456,0.));
#10291=DIRECTION('',(0.0431678362866334,-0.705787884502366,0.707106781186551));
#10292=DIRECTION('center_axis',(-0.0431678362866324,0.705787884502374,0.707106781186544));
#10293=DIRECTION('ref_axis',(0.99814173052221,0.,0.060935094897176));
#10294=DIRECTION('',(0.0431678362866295,-0.705787884502366,0.707106781186551));
#10295=DIRECTION('center_axis',(0.,0.,-1.));
#10296=DIRECTION('ref_axis',(-0.748955720789012,0.662620048215726,0.));
#10297=DIRECTION('',(0.70578788450237,0.043167836286641,0.707106781186547));
#10298=DIRECTION('center_axis',(-0.70578788450237,-0.0431678362866347,0.707106781186548));
#10299=DIRECTION('ref_axis',(0.707766536742013,0.,0.706446409480731));
#10300=DIRECTION('',(0.70578788450237,0.043167836286641,0.707106781186547));
#10301=DIRECTION('center_axis',(0.,0.,-1.));
#10302=DIRECTION('ref_axis',(-0.59482278675134,-0.803856860617219,0.));
#10303=DIRECTION('',(0.420603226116151,0.568412637245763,0.70710678118655));
#10304=DIRECTION('center_axis',(-0.420603226116151,-0.568412637245767,0.707106781186547));
#10305=DIRECTION('ref_axis',(0.859449722853876,0.,0.511220279220608));
#10306=DIRECTION('',(0.420603226116146,0.568412637245769,0.707106781186548));
#10307=DIRECTION('center_axis',(0.,0.,1.));
#10308=DIRECTION('ref_axis',(0.892978943411132,0.450098441037444,0.));
#10309=DIRECTION('',(0.707106781186549,0.,0.707106781186546));
#10310=DIRECTION('center_axis',(-0.70710678118655,1.24232460226567E-15,
0.707106781186546));
#10311=DIRECTION('ref_axis',(0.707106781186545,0.,0.707106781186549));
#10312=DIRECTION('center_axis',(1.37221801070099E-15,0.707106781186546,
0.707106781186549));
#10313=DIRECTION('ref_axis',(1.,0.,-1.94060932126596E-15));
#10314=DIRECTION('',(0.,0.707106781186549,-0.707106781186546));
#10315=DIRECTION('',(-1.,1.94060932126597E-15,0.));
#10316=DIRECTION('center_axis',(0.,0.,-1.));
#10317=DIRECTION('ref_axis',(-0.707106781186561,0.707106781186534,0.));
#10318=DIRECTION('center_axis',(0.,0.,-1.));
#10319=DIRECTION('ref_axis',(-0.707106781186553,-0.707106781186542,0.));
#10320=DIRECTION('center_axis',(0.,0.,-1.));
#10321=DIRECTION('ref_axis',(0.707106781186553,-0.707106781186542,0.));
#10322=DIRECTION('center_axis',(0.,0.,1.));
#10323=DIRECTION('ref_axis',(0.707106781186553,-0.707106781186542,0.));
#10324=DIRECTION('center_axis',(0.,0.,-1.));
#10325=DIRECTION('ref_axis',(0.707106781186553,0.707106781186542,0.));
#10326=DIRECTION('center_axis',(0.,0.,1.));
#10327=DIRECTION('ref_axis',(0.707106781186553,0.707106781186542,0.));
#10328=DIRECTION('center_axis',(-1.,1.8793769813086E-15,0.));
#10329=DIRECTION('ref_axis',(-1.8793769813086E-15,-1.,0.));
#10330=DIRECTION('',(0.,0.,-1.));
#10331=DIRECTION('',(0.,0.,1.));
#10332=DIRECTION('center_axis',(0.,0.,-1.));
#10333=DIRECTION('ref_axis',(-0.892978943411132,-0.450098441037444,0.));
#10334=DIRECTION('',(0.,0.,-1.));
#10335=DIRECTION('center_axis',(-0.594822786751337,-0.80385686061722,0.));
#10336=DIRECTION('ref_axis',(-0.80385686061722,0.594822786751337,0.));
#10337=DIRECTION('',(0.,0.,1.));
#10338=DIRECTION('center_axis',(0.,0.,1.));
#10339=DIRECTION('ref_axis',(0.59482278675134,0.803856860617219,0.));
#10340=DIRECTION('',(0.,0.,1.));
#10341=DIRECTION('center_axis',(-0.998134798421867,-0.0610485395348601,
0.));
#10342=DIRECTION('ref_axis',(-0.0610485395348601,0.998134798421867,0.));
#10343=DIRECTION('',(0.,0.,1.));
#10344=DIRECTION('center_axis',(0.,0.,1.));
#10345=DIRECTION('ref_axis',(0.748955720789009,-0.662620048215729,0.));
#10346=DIRECTION('',(0.,0.,-1.));
#10347=DIRECTION('center_axis',(-0.0610485395348565,0.998134798421867,0.));
#10348=DIRECTION('ref_axis',(0.998134798421867,0.0610485395348565,0.));
#10349=DIRECTION('',(0.,0.,1.));
#10350=DIRECTION('center_axis',(0.,0.,1.));
#10351=DIRECTION('ref_axis',(-0.639439001980589,-0.768841832073456,0.));
#10352=DIRECTION('',(0.,0.,-1.));
#10353=DIRECTION('center_axis',(-0.992546151641322,-0.121869343405147,0.));
#10354=DIRECTION('ref_axis',(0.121869343405147,-0.992546151641322,0.));
#10355=DIRECTION('',(0.,0.,1.));
#10356=DIRECTION('center_axis',(0.,0.,-1.));
#10357=DIRECTION('ref_axis',(0.992546151641322,0.121869343405145,0.));
#10358=DIRECTION('',(0.,0.,-1.));
#10359=DIRECTION('center_axis',(0.,0.,-1.));
#10360=DIRECTION('ref_axis',(-0.819152044288993,0.573576436351044,0.));
#10361=DIRECTION('',(0.,0.,1.));
#10362=DIRECTION('center_axis',(0.819152044288989,-0.57357643635105,0.));
#10363=DIRECTION('ref_axis',(0.57357643635105,0.819152044288989,0.));
#10364=DIRECTION('',(0.,0.,1.));
#10365=DIRECTION('center_axis',(0.,0.,-1.));
#10366=DIRECTION('ref_axis',(-1.,1.22464679914735E-16,0.));
#10367=DIRECTION('',(0.,0.,1.));
#10368=DIRECTION('center_axis',(1.,9.86954254171158E-15,0.));
#10369=DIRECTION('ref_axis',(-9.86954254171158E-15,1.,0.));
#10370=DIRECTION('',(0.,0.,1.));
#10371=DIRECTION('center_axis',(0.,0.,1.));
#10372=DIRECTION('ref_axis',(0.707106781186551,-0.707106781186544,0.));
#10373=DIRECTION('',(0.,0.,-1.));
#10374=DIRECTION('center_axis',(2.24741502960558E-15,-1.,0.));
#10375=DIRECTION('ref_axis',(-1.,-2.24741502960558E-15,0.));
#10376=DIRECTION('',(0.,0.,1.));
#10377=DIRECTION('',(0.,0.,1.));
#10378=DIRECTION('',(0.,0.,-1.));
#10379=DIRECTION('',(-1.,-2.24741502960558E-15,-2.99653378976477E-16));
#10380=DIRECTION('',(0.,0.,1.));
#10381=DIRECTION('',(0.,0.,-1.));
#10382=DIRECTION('',(-1.,-2.24741502960558E-15,0.));
#10383=DIRECTION('',(0.,0.,1.));
#10384=DIRECTION('',(1.,2.24741502960558E-15,1.51015790198463E-16));
#10385=DIRECTION('',(0.,0.,-1.));
#10386=DIRECTION('',(0.,0.,-1.));
#10387=DIRECTION('',(-1.,-2.24741502960558E-15,-2.99653378976477E-16));
#10388=DIRECTION('',(-1.,-2.24741502960558E-15,-7.96150191004447E-17));
#10389=DIRECTION('',(0.,0.,1.));
#10390=DIRECTION('',(1.,2.24741502960558E-15,1.19422528650667E-16));
#10391=DIRECTION('',(0.,0.,-1.));
#10392=DIRECTION('',(-1.,-2.24741502960558E-15,-8.60995002941461E-17));
#10393=DIRECTION('',(0.,0.,1.));
#10394=DIRECTION('',(1.,2.24741502960558E-15,1.29149250441219E-16));
#10395=DIRECTION('',(0.,0.,-1.));
#10396=DIRECTION('',(-1.,-2.24741502960558E-15,0.));
#10397=DIRECTION('',(0.,0.,-1.));
#10398=DIRECTION('',(1.,2.24741502960558E-15,0.));
#10399=DIRECTION('',(0.,0.,-1.));
#10400=DIRECTION('',(-1.,-2.24741502960558E-15,-1.98208224635482E-16));
#10401=DIRECTION('',(0.,0.,-1.));
#10402=DIRECTION('',(-1.,-2.24741502960558E-15,0.));
#10403=DIRECTION('',(0.,0.,1.));
#10404=DIRECTION('',(-1.,-2.24741502960558E-15,-1.88395936287191E-16));
#10405=DIRECTION('',(0.,0.,1.));
#10406=DIRECTION('',(1.,2.24741502960558E-15,0.));
#10407=DIRECTION('',(0.,0.,1.));
#10408=DIRECTION('',(0.,0.,-1.));
#10409=DIRECTION('',(-1.,-2.24741502960558E-15,-1.23768031672835E-16));
#10410=DIRECTION('',(0.,0.,1.));
#10411=DIRECTION('',(1.,2.24741502960558E-15,1.29149250441219E-16));
#10412=DIRECTION('',(0.,0.,-1.));
#10413=DIRECTION('',(0.,0.,1.));
#10414=DIRECTION('',(1.,2.24741502960558E-15,0.));
#10415=DIRECTION('',(-1.,-2.24741502960558E-15,0.));
#10416=DIRECTION('',(-2.19659331197764E-16,-4.93665682326964E-31,1.));
#10417=DIRECTION('',(1.,2.24741502960558E-15,2.14399882422606E-16));
#10418=DIRECTION('',(0.,0.,-1.));
#10419=DIRECTION('',(-1.,-2.24741502960558E-15,-1.66912189166722E-16));
#10420=DIRECTION('',(0.,0.,-1.));
#10421=DIRECTION('',(0.,0.,1.));
#10422=DIRECTION('',(0.,0.,-1.));
#10423=DIRECTION('',(-1.,-2.24741502960558E-15,-2.99653378976477E-16));
#10424=DIRECTION('',(0.,0.,1.));
#10425=DIRECTION('',(0.,0.,-1.));
#10426=DIRECTION('',(-1.,-2.24741502960558E-15,-3.02031580396925E-16));
#10427=DIRECTION('',(0.,0.,1.));
#10428=DIRECTION('',(1.,2.24741502960558E-15,1.51015790198463E-16));
#10429=DIRECTION('',(0.,0.,-1.));
#10430=DIRECTION('',(0.,0.,-1.));
#10431=DIRECTION('',(-1.,-2.24741502960558E-15,0.));
#10432=DIRECTION('center_axis',(0.,0.,-1.));
#10433=DIRECTION('ref_axis',(-0.707106781186548,-0.707106781186548,0.));
#10434=DIRECTION('',(0.,0.,-1.));
#10435=DIRECTION('center_axis',(1.,-1.0114471901541E-14,0.));
#10436=DIRECTION('ref_axis',(1.0114471901541E-14,1.,0.));
#10437=DIRECTION('',(0.,0.,1.));
#10438=DIRECTION('center_axis',(0.,0.,1.));
#10439=DIRECTION('ref_axis',(1.,-1.22464679914735E-16,0.));
#10440=DIRECTION('',(0.,0.,1.));
#10441=DIRECTION('center_axis',(0.819152044288989,0.57357643635105,0.));
#10442=DIRECTION('ref_axis',(-0.57357643635105,0.819152044288989,0.));
#10443=DIRECTION('',(0.,0.,1.));
#10444=DIRECTION('center_axis',(0.,0.,1.));
#10445=DIRECTION('ref_axis',(0.819152044288993,0.573576436351044,0.));
#10446=DIRECTION('',(0.,0.,1.));
#10447=DIRECTION('center_axis',(0.,0.,1.));
#10448=DIRECTION('ref_axis',(-0.992546151641322,0.121869343405145,0.));
#10449=DIRECTION('',(0.,0.,-1.));
#10450=DIRECTION('center_axis',(-0.992546151641322,0.121869343405147,0.));
#10451=DIRECTION('ref_axis',(-0.121869343405147,-0.992546151641322,0.));
#10452=DIRECTION('',(0.,0.,1.));
#10453=DIRECTION('center_axis',(0.,0.,1.));
#10454=DIRECTION('ref_axis',(0.639439001980585,-0.768841832073459,0.));
#10455=DIRECTION('',(0.,0.,-1.));
#10456=DIRECTION('center_axis',(-0.0610485395348567,-0.998134798421867,
0.));
#10457=DIRECTION('ref_axis',(-0.998134798421867,0.0610485395348567,0.));
#10458=DIRECTION('',(0.,0.,1.));
#10459=DIRECTION('center_axis',(0.,0.,1.));
#10460=DIRECTION('ref_axis',(-0.748955720789006,-0.662620048215733,0.));
#10461=DIRECTION('',(0.,0.,-1.));
#10462=DIRECTION('center_axis',(-0.998134798421867,0.0610485395348604,0.));
#10463=DIRECTION('ref_axis',(0.0610485395348604,0.998134798421867,0.));
#10464=DIRECTION('',(0.,0.,1.));
#10465=DIRECTION('center_axis',(0.,0.,-1.));
#10466=DIRECTION('ref_axis',(-0.594822786751339,0.803856860617219,0.));
#10467=DIRECTION('',(0.,0.,1.));
#10468=DIRECTION('center_axis',(-0.594822786751337,0.80385686061722,0.));
#10469=DIRECTION('ref_axis',(0.80385686061722,0.594822786751337,0.));
#10470=DIRECTION('',(0.,0.,1.));
#10471=DIRECTION('center_axis',(0.,0.,1.));
#10472=DIRECTION('ref_axis',(0.892978943411142,-0.450098441037424,0.));
#10473=DIRECTION('',(0.,0.,-1.));
#10474=DIRECTION('center_axis',(1.,-6.12323399573677E-17,0.));
#10475=DIRECTION('ref_axis',(6.12323399573677E-17,1.,0.));
#10476=DIRECTION('center_axis',(0.,0.,1.));
#10477=DIRECTION('ref_axis',(0.707106781186555,0.70710678118654,0.));
#10478=DIRECTION('',(0.,0.,1.));
#10479=DIRECTION('',(0.,0.,-1.));
#10480=DIRECTION('center_axis',(1.,-2.15751842842136E-15,0.));
#10481=DIRECTION('ref_axis',(-2.15751842842136E-15,-1.,0.));
#10482=DIRECTION('',(0.,0.,1.));
#10483=DIRECTION('center_axis',(0.,0.,-1.));
#10484=DIRECTION('ref_axis',(0.707106781186555,-0.70710678118654,0.));
#10485=DIRECTION('',(0.,0.,-1.));
#10486=DIRECTION('center_axis',(2.24741502960558E-15,-1.,0.));
#10487=DIRECTION('ref_axis',(-1.,-2.24741502960558E-15,0.));
#10488=DIRECTION('',(0.,0.,1.));
#10489=DIRECTION('',(-1.,-2.12495034969084E-15,-2.99653378976477E-16));
#10490=DIRECTION('',(0.,0.,-1.));
#10491=DIRECTION('',(0.,0.,-1.));
#10492=DIRECTION('',(1.,2.12495034969084E-15,1.51015790198463E-16));
#10493=DIRECTION('',(0.,0.,1.));
#10494=DIRECTION('',(-1.,-2.12495034969084E-15,0.));
#10495=DIRECTION('',(0.,0.,-1.));
#10496=DIRECTION('',(0.,0.,1.));
#10497=DIRECTION('',(-1.,-2.12495034969084E-15,-2.99653378976477E-16));
#10498=DIRECTION('',(0.,0.,-1.));
#10499=DIRECTION('center_axis',(1.,2.24741502960558E-15,0.));
#10500=DIRECTION('ref_axis',(0.,0.,-1.));
#10501=DIRECTION('',(2.24741502960558E-15,-1.,0.));
#10502=DIRECTION('',(2.24741502960558E-15,-1.,0.));
#10503=DIRECTION('center_axis',(-2.99653378976477E-16,-6.7344550758383E-31,
1.));
#10504=DIRECTION('ref_axis',(1.,0.,2.99653378976477E-16));
#10505=DIRECTION('',(2.24741502960558E-15,-1.,0.));
#10506=DIRECTION('center_axis',(-1.,-2.24741502960558E-15,0.));
#10507=DIRECTION('ref_axis',(0.,0.,1.));
#10508=DIRECTION('',(2.24741502960558E-15,-1.,0.));
#10509=DIRECTION('',(2.24741502960558E-15,-1.,0.));
#10510=DIRECTION('',(2.24741502960558E-15,-1.,0.));
#10511=DIRECTION('',(2.24741502960558E-15,-1.,0.));
#10512=DIRECTION('',(2.24741502960558E-15,-1.,0.));
#10513=DIRECTION('',(2.24741502960558E-15,-1.,0.));
#10514=DIRECTION('center_axis',(-1.,-2.24741502960558E-15,0.));
#10515=DIRECTION('ref_axis',(0.,0.,1.));
#10516=DIRECTION('',(2.24741502960558E-15,-1.,0.));
#10517=DIRECTION('center_axis',(1.51015790198463E-16,3.39395156599788E-31,
-1.));
#10518=DIRECTION('ref_axis',(-1.,0.,-1.51015790198463E-16));
#10519=DIRECTION('',(2.24741502960558E-15,-1.,0.));
#10520=DIRECTION('center_axis',(1.,2.24741502960558E-15,0.));
#10521=DIRECTION('ref_axis',(0.,0.,-1.));
#10522=DIRECTION('',(2.24741502960558E-15,-1.,0.));
#10523=DIRECTION('center_axis',(0.,0.,1.));
#10524=DIRECTION('ref_axis',(1.,0.,0.));
#10525=DIRECTION('',(2.24741502960558E-15,-1.,0.));
#10526=DIRECTION('center_axis',(-1.,-2.24741502960558E-15,0.));
#10527=DIRECTION('ref_axis',(0.,0.,1.));
#10528=DIRECTION('',(2.24741502960558E-15,-1.,0.));
#10529=DIRECTION('',(2.24741502960558E-15,-1.,0.));
#10530=DIRECTION('',(2.24741502960558E-15,-1.,0.));
#10531=DIRECTION('',(2.24741502960558E-15,-1.,0.));
#10532=DIRECTION('center_axis',(1.,2.24741502960558E-15,0.));
#10533=DIRECTION('ref_axis',(0.,0.,-1.));
#10534=DIRECTION('',(2.24741502960558E-15,-1.,0.));
#10535=DIRECTION('center_axis',(-2.99653378976477E-16,-6.73445507583832E-31,
1.));
#10536=DIRECTION('ref_axis',(1.,0.,2.99653378976477E-16));
#10537=DIRECTION('',(2.24741502960558E-15,-1.,0.));
#10538=DIRECTION('center_axis',(-1.,-2.24741502960558E-15,0.));
#10539=DIRECTION('ref_axis',(0.,0.,1.));
#10540=DIRECTION('',(2.24741502960558E-15,-1.,0.));
#10541=DIRECTION('',(2.24741502960558E-15,-1.,0.));
#10542=DIRECTION('',(2.24741502960558E-15,-1.,0.));
#10543=DIRECTION('',(2.24741502960558E-15,-1.,0.));
#10544=DIRECTION('',(2.24741502960558E-15,-1.,0.));
#10545=DIRECTION('',(2.24741502960558E-15,-1.,0.));
#10546=DIRECTION('',(2.24741502960558E-15,-1.,0.));
#10547=DIRECTION('center_axis',(2.24741502960558E-15,-1.,0.));
#10548=DIRECTION('ref_axis',(-1.,-2.24741502960558E-15,0.));
#10549=DIRECTION('',(2.24741502960558E-15,-1.,0.));
#10550=DIRECTION('',(2.24741502960558E-15,-1.,0.));
#10551=DIRECTION('',(2.24741502960558E-15,-1.,0.));
#10552=DIRECTION('',(2.24741502960558E-15,-1.,0.));
#10553=DIRECTION('',(2.24741502960558E-15,-1.,0.));
#10554=DIRECTION('',(2.24741502960558E-15,-1.,0.));
#10555=DIRECTION('',(2.24741502960558E-15,-1.,0.));
#10556=DIRECTION('',(2.24741502960558E-15,-1.,0.));
#10557=DIRECTION('center_axis',(2.24741502960558E-15,-1.,0.));
#10558=DIRECTION('ref_axis',(-1.,-2.24741502960558E-15,0.));
#10559=DIRECTION('',(-1.,-2.12495034969084E-15,-7.96150191004447E-17));
#10560=DIRECTION('',(0.,0.,-1.));
#10561=DIRECTION('',(1.,2.12495034969084E-15,1.19422528650667E-16));
#10562=DIRECTION('',(0.,0.,1.));
#10563=DIRECTION('center_axis',(-7.96150191004447E-17,-1.78927990508675E-31,
1.));
#10564=DIRECTION('ref_axis',(1.,0.,7.96150191004447E-17));
#10565=DIRECTION('',(2.24741502960558E-15,-1.,0.));
#10566=DIRECTION('',(2.24741502960558E-15,-1.,0.));
#10567=DIRECTION('center_axis',(-1.,-2.24741502960558E-15,0.));
#10568=DIRECTION('ref_axis',(0.,0.,1.));
#10569=DIRECTION('',(2.24741502960558E-15,-1.,0.));
#10570=DIRECTION('center_axis',(1.19422528650667E-16,2.68391985763012E-31,
-1.));
#10571=DIRECTION('ref_axis',(-1.,0.,-1.19422528650667E-16));
#10572=DIRECTION('',(2.24741502960558E-15,-1.,0.));
#10573=DIRECTION('center_axis',(1.,2.24741502960558E-15,0.));
#10574=DIRECTION('ref_axis',(0.,0.,-1.));
#10575=DIRECTION('center_axis',(2.24741502960558E-15,-1.,0.));
#10576=DIRECTION('ref_axis',(-1.,-2.24741502960558E-15,0.));
#10577=DIRECTION('',(-1.,-2.12495034969084E-15,-8.60995002941461E-17));
#10578=DIRECTION('',(0.,0.,-1.));
#10579=DIRECTION('',(1.,2.12495034969084E-15,1.29149250441219E-16));
#10580=DIRECTION('',(0.,0.,1.));
#10581=DIRECTION('center_axis',(-8.60995002941461E-17,-1.93501311002594E-31,
1.));
#10582=DIRECTION('ref_axis',(1.,0.,8.60995002941461E-17));
#10583=DIRECTION('',(2.24741502960558E-15,-1.,0.));
#10584=DIRECTION('',(2.24741502960558E-15,-1.,0.));
#10585=DIRECTION('center_axis',(-1.,-2.24741502960558E-15,0.));
#10586=DIRECTION('ref_axis',(0.,0.,1.));
#10587=DIRECTION('',(2.24741502960558E-15,-1.,0.));
#10588=DIRECTION('center_axis',(1.29149250441219E-16,2.90251966503891E-31,
-1.));
#10589=DIRECTION('ref_axis',(-1.,0.,-1.29149250441219E-16));
#10590=DIRECTION('',(2.24741502960558E-15,-1.,0.));
#10591=DIRECTION('center_axis',(1.,2.24741502960558E-15,0.));
#10592=DIRECTION('ref_axis',(0.,0.,-1.));
#10593=DIRECTION('center_axis',(2.24741502960558E-15,-1.,0.));
#10594=DIRECTION('ref_axis',(-1.,-2.24741502960558E-15,0.));
#10595=DIRECTION('',(-1.,-2.12495034969084E-15,0.));
#10596=DIRECTION('',(0.,0.,-1.));
#10597=DIRECTION('',(0.,0.,1.));
#10598=DIRECTION('',(1.,2.12495034969084E-15,0.));
#10599=DIRECTION('',(0.,0.,1.));
#10600=DIRECTION('',(-1.,-2.12495034969084E-15,-1.88395936287191E-16));
#10601=DIRECTION('',(0.,0.,1.));
#10602=DIRECTION('',(-1.,-2.12495034969084E-15,0.));
#10603=DIRECTION('',(0.,0.,-1.));
#10604=DIRECTION('',(-1.,-2.12495034969084E-15,-1.98208224635482E-16));
#10605=DIRECTION('',(0.,0.,-1.));
#10606=DIRECTION('',(1.,2.12495034969084E-15,0.));
#10607=DIRECTION('',(0.,0.,-1.));
#10608=DIRECTION('center_axis',(0.,0.,1.));
#10609=DIRECTION('ref_axis',(1.,0.,0.));
#10610=DIRECTION('',(2.24741502960558E-15,-1.,0.));
#10611=DIRECTION('',(2.24741502960558E-15,-1.,0.));
#10612=DIRECTION('center_axis',(-1.,-2.24741502960558E-15,0.));
#10613=DIRECTION('ref_axis',(0.,0.,1.));
#10614=DIRECTION('',(2.24741502960558E-15,-1.,0.));
#10615=DIRECTION('',(2.24741502960558E-15,-1.,0.));
#10616=DIRECTION('',(2.24741502960558E-15,-1.,0.));
#10617=DIRECTION('center_axis',(1.,2.24741502960558E-15,0.));
#10618=DIRECTION('ref_axis',(0.,0.,-1.));
#10619=DIRECTION('',(2.24741502960558E-15,-1.,0.));
#10620=DIRECTION('center_axis',(0.,0.,-1.));
#10621=DIRECTION('ref_axis',(-1.,0.,0.));
#10622=DIRECTION('',(2.24741502960558E-15,-1.,0.));
#10623=DIRECTION('center_axis',(1.,2.24741502960558E-15,0.));
#10624=DIRECTION('ref_axis',(0.,0.,-1.));
#10625=DIRECTION('',(2.24741502960558E-15,-1.,0.));
#10626=DIRECTION('center_axis',(-1.88395936287191E-16,-4.23403858728448E-31,
1.));
#10627=DIRECTION('ref_axis',(1.,0.,1.88395936287191E-16));
#10628=DIRECTION('',(2.24741502960558E-15,-1.,0.));
#10629=DIRECTION('center_axis',(1.,2.24741502960558E-15,0.));
#10630=DIRECTION('ref_axis',(0.,0.,-1.));
#10631=DIRECTION('',(2.24741502960558E-15,-1.,0.));
#10632=DIRECTION('center_axis',(0.,0.,1.));
#10633=DIRECTION('ref_axis',(1.,0.,0.));
#10634=DIRECTION('',(2.24741502960558E-15,-1.,0.));
#10635=DIRECTION('center_axis',(-1.,-2.24741502960558E-15,0.));
#10636=DIRECTION('ref_axis',(0.,0.,1.));
#10637=DIRECTION('',(2.24741502960558E-15,-1.,0.));
#10638=DIRECTION('center_axis',(-1.98208224635482E-16,-4.45456143037221E-31,
1.));
#10639=DIRECTION('ref_axis',(1.,0.,1.98208224635482E-16));
#10640=DIRECTION('',(2.24741502960558E-15,-1.,0.));
#10641=DIRECTION('center_axis',(-1.,-2.24741502960558E-15,0.));
#10642=DIRECTION('ref_axis',(0.,0.,1.));
#10643=DIRECTION('',(2.24741502960558E-15,-1.,0.));
#10644=DIRECTION('center_axis',(0.,0.,-1.));
#10645=DIRECTION('ref_axis',(-1.,0.,0.));
#10646=DIRECTION('',(2.24741502960558E-15,-1.,0.));
#10647=DIRECTION('center_axis',(-1.,-2.24741502960558E-15,0.));
#10648=DIRECTION('ref_axis',(0.,0.,1.));
#10649=DIRECTION('',(2.24741502960558E-15,-1.,0.));
#10650=DIRECTION('',(2.24741502960558E-15,-1.,0.));
#10651=DIRECTION('center_axis',(2.24741502960558E-15,-1.,0.));
#10652=DIRECTION('ref_axis',(-1.,-2.24741502960558E-15,0.));
#10653=DIRECTION('',(-1.,-2.12495034969084E-15,-1.23768031672835E-16));
#10654=DIRECTION('',(0.,0.,-1.));
#10655=DIRECTION('',(1.,2.12495034969084E-15,1.29149250441219E-16));
#10656=DIRECTION('',(0.,0.,1.));
#10657=DIRECTION('center_axis',(-1.23768031672835E-16,-2.78158134566229E-31,
1.));
#10658=DIRECTION('ref_axis',(1.,0.,1.23768031672835E-16));
#10659=DIRECTION('',(2.24741502960558E-15,-1.,0.));
#10660=DIRECTION('',(2.24741502960558E-15,-1.,0.));
#10661=DIRECTION('center_axis',(-1.,-2.24741502960558E-15,0.));
#10662=DIRECTION('ref_axis',(0.,0.,1.));
#10663=DIRECTION('',(2.24741502960558E-15,-1.,0.));
#10664=DIRECTION('center_axis',(1.29149250441219E-16,2.90251966503891E-31,
-1.));
#10665=DIRECTION('ref_axis',(-1.,0.,-1.29149250441219E-16));
#10666=DIRECTION('',(2.24741502960558E-15,-1.,0.));
#10667=DIRECTION('center_axis',(1.,2.24741502960558E-15,0.));
#10668=DIRECTION('ref_axis',(0.,0.,-1.));
#10669=DIRECTION('center_axis',(2.24741502960558E-15,-1.,0.));
#10670=DIRECTION('ref_axis',(-1.,-2.24741502960558E-15,0.));
#10671=DIRECTION('',(0.,0.,-1.));
#10672=DIRECTION('',(-1.,-2.12495034969084E-15,-1.66912189166722E-16));
#10673=DIRECTION('',(0.,0.,-1.));
#10674=DIRECTION('',(1.,2.12495034969084E-15,2.14399882422606E-16));
#10675=DIRECTION('',(-2.19659331197764E-16,-4.81472139973488E-31,1.));
#10676=DIRECTION('',(-1.,-2.12495034969085E-15,0.));
#10677=DIRECTION('',(1.,2.12495034969084E-15,0.));
#10678=DIRECTION('',(0.,0.,1.));
#10679=DIRECTION('',(2.24741502960558E-15,-1.,0.));
#10680=DIRECTION('',(2.24741502960558E-15,-1.,0.));
#10681=DIRECTION('',(2.24741502960558E-15,-1.,0.));
#10682=DIRECTION('',(2.24741502960558E-15,-1.,0.));
#10683=DIRECTION('',(2.24741502960558E-15,-1.,0.));
#10684=DIRECTION('center_axis',(-1.,-2.24741502960558E-15,0.));
#10685=DIRECTION('ref_axis',(0.,0.,1.));
#10686=DIRECTION('',(2.24741502960558E-15,-1.,0.));
#10687=DIRECTION('center_axis',(-1.66912189166722E-16,-3.7512096255766E-31,
1.));
#10688=DIRECTION('ref_axis',(1.,0.,1.66912189166722E-16));
#10689=DIRECTION('',(2.24741502960558E-15,-1.,0.));
#10690=DIRECTION('center_axis',(-1.,-2.24741502960558E-15,0.));
#10691=DIRECTION('ref_axis',(0.,0.,1.));
#10692=DIRECTION('',(2.24741502960558E-15,-1.,0.));
#10693=DIRECTION('center_axis',(2.14399882422606E-16,4.81845518102234E-31,
-1.));
#10694=DIRECTION('ref_axis',(-1.,0.,-2.14399882422606E-16));
#10695=DIRECTION('',(2.24741502960558E-15,-1.,0.));
#10696=DIRECTION('center_axis',(1.,2.24741502960558E-15,2.19659331197764E-16));
#10697=DIRECTION('ref_axis',(2.19659331197764E-16,0.,-1.));
#10698=DIRECTION('',(2.24741502960558E-15,-1.,0.));
#10699=DIRECTION('center_axis',(0.,0.,1.));
#10700=DIRECTION('ref_axis',(1.,0.,0.));
#10701=DIRECTION('',(2.24741502960558E-15,-1.,0.));
#10702=DIRECTION('',(2.24741502960558E-15,-1.,0.));
#10703=DIRECTION('',(2.24741502960558E-15,-1.,0.));
#10704=DIRECTION('',(2.24741502960558E-15,-1.,0.));
#10705=DIRECTION('',(2.24741502960558E-15,-1.,0.));
#10706=DIRECTION('',(2.24741502960558E-15,-1.,0.));
#10707=DIRECTION('',(2.24741502960558E-15,-1.,0.));
#10708=DIRECTION('',(2.24741502960558E-15,-1.,0.));
#10709=DIRECTION('center_axis',(0.,0.,-1.));
#10710=DIRECTION('ref_axis',(-1.,0.,0.));
#10711=DIRECTION('',(2.24741502960558E-15,-1.,0.));
#10712=DIRECTION('center_axis',(1.,2.24741502960558E-15,0.));
#10713=DIRECTION('ref_axis',(0.,0.,-1.));
#10714=DIRECTION('',(2.24741502960558E-15,-1.,0.));
#10715=DIRECTION('',(2.24741502960558E-15,-1.,0.));
#10716=DIRECTION('center_axis',(2.24741502960558E-15,-1.,0.));
#10717=DIRECTION('ref_axis',(-1.,-2.24741502960558E-15,0.));
#10718=DIRECTION('',(0.,0.,1.));
#10719=DIRECTION('',(-1.,-2.12495034969084E-15,0.));
#10720=DIRECTION('',(0.,0.,-1.));
#10721=DIRECTION('',(0.,0.,-1.));
#10722=DIRECTION('',(1.,2.12495034969084E-15,1.51015790198463E-16));
#10723=DIRECTION('',(0.,0.,1.));
#10724=DIRECTION('',(-1.,-2.12495034969084E-15,-3.02031580396925E-16));
#10725=DIRECTION('',(0.,0.,-1.));
#10726=DIRECTION('',(0.,0.,1.));
#10727=DIRECTION('',(-1.,-2.12495034969084E-15,-2.99653378976477E-16));
#10728=DIRECTION('',(0.,0.,-1.));
#10729=DIRECTION('center_axis',(1.,2.24741502960558E-15,0.));
#10730=DIRECTION('ref_axis',(0.,0.,-1.));
#10731=DIRECTION('',(2.24741502960558E-15,-1.,0.));
#10732=DIRECTION('',(2.24741502960558E-15,-1.,0.));
#10733=DIRECTION('center_axis',(0.,0.,1.));
#10734=DIRECTION('ref_axis',(1.,0.,0.));
#10735=DIRECTION('',(2.24741502960558E-15,-1.,0.));
#10736=DIRECTION('center_axis',(-1.,-2.24741502960558E-15,0.));
#10737=DIRECTION('ref_axis',(0.,0.,1.));
#10738=DIRECTION('',(2.24741502960558E-15,-1.,0.));
#10739=DIRECTION('',(2.24741502960558E-15,-1.,0.));
#10740=DIRECTION('',(2.24741502960558E-15,-1.,0.));
#10741=DIRECTION('',(2.24741502960558E-15,-1.,0.));
#10742=DIRECTION('',(2.24741502960558E-15,-1.,0.));
#10743=DIRECTION('',(2.24741502960558E-15,-1.,0.));
#10744=DIRECTION('center_axis',(-1.,-2.24741502960558E-15,0.));
#10745=DIRECTION('ref_axis',(0.,0.,1.));
#10746=DIRECTION('',(2.24741502960558E-15,-1.,0.));
#10747=DIRECTION('center_axis',(1.51015790198463E-16,3.39395156599788E-31,
-1.));
#10748=DIRECTION('ref_axis',(-1.,0.,-1.51015790198463E-16));
#10749=DIRECTION('',(2.24741502960558E-15,-1.,0.));
#10750=DIRECTION('center_axis',(1.,2.24741502960558E-15,0.));
#10751=DIRECTION('ref_axis',(0.,0.,-1.));
#10752=DIRECTION('',(2.24741502960558E-15,-1.,0.));
#10753=DIRECTION('center_axis',(-3.02031580396925E-16,-6.78790313199575E-31,
1.));
#10754=DIRECTION('ref_axis',(1.,0.,3.02031580396925E-16));
#10755=DIRECTION('',(2.24741502960558E-15,-1.,0.));
#10756=DIRECTION('center_axis',(-1.,-2.24741502960558E-15,0.));
#10757=DIRECTION('ref_axis',(0.,0.,1.));
#10758=DIRECTION('',(2.24741502960558E-15,-1.,0.));
#10759=DIRECTION('',(2.24741502960558E-15,-1.,0.));
#10760=DIRECTION('',(2.24741502960558E-15,-1.,0.));
#10761=DIRECTION('',(2.24741502960558E-15,-1.,0.));
#10762=DIRECTION('center_axis',(1.,2.24741502960558E-15,0.));
#10763=DIRECTION('ref_axis',(0.,0.,-1.));
#10764=DIRECTION('',(2.24741502960558E-15,-1.,0.));
#10765=DIRECTION('center_axis',(-2.99653378976477E-16,-6.73445507583832E-31,
1.));
#10766=DIRECTION('ref_axis',(1.,0.,2.99653378976477E-16));
#10767=DIRECTION('',(2.24741502960558E-15,-1.,0.));
#10768=DIRECTION('center_axis',(-1.,-2.24741502960558E-15,0.));
#10769=DIRECTION('ref_axis',(0.,0.,1.));
#10770=DIRECTION('',(2.24741502960558E-15,-1.,0.));
#10771=DIRECTION('',(2.24741502960558E-15,-1.,0.));
#10772=DIRECTION('',(2.24741502960558E-15,-1.,0.));
#10773=DIRECTION('center_axis',(-1.,2.15751842842136E-15,0.));
#10774=DIRECTION('ref_axis',(2.15751842842136E-15,1.,0.));
#10775=DIRECTION('',(0.,0.,-1.));
#10776=DIRECTION('',(-2.27998310833609E-15,-1.,0.));
#10777=DIRECTION('',(2.27998310833609E-15,1.,0.));
#10778=DIRECTION('',(0.,0.,-1.));
#10779=DIRECTION('',(-1.,2.15751842842136E-15,0.));
#10780=DIRECTION('',(-1.,2.15751842842136E-15,0.));
#10781=DIRECTION('',(-1.,2.15751842842136E-15,0.));
#10782=DIRECTION('',(-1.,2.15751842842136E-15,0.));
#10783=DIRECTION('center_axis',(2.15751842842136E-15,1.,0.));
#10784=DIRECTION('ref_axis',(0.,0.,1.));
#10785=DIRECTION('',(-1.,2.15751842842136E-15,0.));
#10786=DIRECTION('center_axis',(0.,0.,-1.));
#10787=DIRECTION('ref_axis',(-1.,0.,0.));
#10788=DIRECTION('',(-1.,2.15751842842136E-15,0.));
#10789=DIRECTION('',(-1.,2.15751842842136E-15,0.));
#10790=DIRECTION('',(-1.,2.15751842842136E-15,0.));
#10791=DIRECTION('',(-1.,2.15751842842136E-15,0.));
#10792=DIRECTION('',(-1.,2.15751842842136E-15,0.));
#10793=DIRECTION('',(-1.,2.15751842842136E-15,0.));
#10794=DIRECTION('',(-1.,2.15751842842136E-15,0.));
#10795=DIRECTION('',(-1.,2.15751842842136E-15,0.));
#10796=DIRECTION('',(-1.,2.15751842842136E-15,0.));
#10797=DIRECTION('center_axis',(0.,0.,1.));
#10798=DIRECTION('ref_axis',(1.,0.,0.));
#10799=DIRECTION('',(-1.,2.15751842842136E-15,0.));
#10800=DIRECTION('center_axis',(2.15751842842136E-15,1.,0.));
#10801=DIRECTION('ref_axis',(0.,0.,1.));
#10802=DIRECTION('',(-1.,2.15751842842136E-15,0.));
#10803=DIRECTION('',(-1.,2.15751842842136E-15,0.));
#10804=DIRECTION('',(-1.,2.15751842842136E-15,0.));
#10805=DIRECTION('center_axis',(-1.,2.15751842842136E-15,0.));
#10806=DIRECTION('ref_axis',(2.15751842842136E-15,1.,0.));
#10807=DIRECTION('',(2.27998310833609E-15,1.,0.));
#10808=DIRECTION('',(-1.39441004141236E-32,3.00846536112295E-47,-1.));
#10809=DIRECTION('',(-2.05100117741721E-32,4.42507283699152E-47,-1.));
#10810=DIRECTION('',(-2.27998310833609E-15,-1.,0.));
#10811=DIRECTION('',(9.07639618792576E-33,-1.95824920391032E-47,1.));
#10812=DIRECTION('',(2.27998310833609E-15,1.,0.));
#10813=DIRECTION('',(-6.41132386263952E-33,1.38325493842223E-47,-1.));
#10814=DIRECTION('',(9.16499441535671E-33,-1.97736443475109E-47,1.));
#10815=DIRECTION('center_axis',(0.,0.,1.));
#10816=DIRECTION('ref_axis',(1.,0.,0.));
#10817=DIRECTION('',(-1.,2.15751842842136E-15,0.));
#10818=DIRECTION('',(-1.,2.15751842842136E-15,0.));
#10819=DIRECTION('center_axis',(2.15751842842136E-15,1.,0.));
#10820=DIRECTION('ref_axis',(0.,0.,1.));
#10821=DIRECTION('',(-1.,2.15751842842136E-15,0.));
#10822=DIRECTION('',(-1.,2.15751842842136E-15,0.));
#10823=DIRECTION('',(-1.,2.15751842842136E-15,0.));
#10824=DIRECTION('center_axis',(2.15751842842136E-15,1.,0.));
#10825=DIRECTION('ref_axis',(0.,0.,1.));
#10826=DIRECTION('',(-1.,2.15751842842136E-15,0.));
#10827=DIRECTION('center_axis',(0.,0.,-1.));
#10828=DIRECTION('ref_axis',(-1.,0.,0.));
#10829=DIRECTION('',(-1.,2.15751842842136E-15,0.));
#10830=DIRECTION('center_axis',(-2.15751842842136E-15,-1.,0.));
#10831=DIRECTION('ref_axis',(0.,0.,-1.));
#10832=DIRECTION('',(-1.,2.15751842842136E-15,0.));
#10833=DIRECTION('center_axis',(0.,0.,1.));
#10834=DIRECTION('ref_axis',(1.,0.,0.));
#10835=DIRECTION('',(-1.,2.15751842842136E-15,0.));
#10836=DIRECTION('center_axis',(2.15751842842136E-15,1.,0.));
#10837=DIRECTION('ref_axis',(0.,0.,1.));
#10838=DIRECTION('',(-1.,2.15751842842136E-15,0.));
#10839=DIRECTION('',(-1.,2.15751842842136E-15,0.));
#10840=DIRECTION('',(-1.,2.15751842842136E-15,0.));
#10841=DIRECTION('',(-1.,2.15751842842136E-15,0.));
#10842=DIRECTION('center_axis',(-2.15751842842136E-15,-1.,0.));
#10843=DIRECTION('ref_axis',(0.,0.,-1.));
#10844=DIRECTION('',(-1.,2.15751842842136E-15,0.));
#10845=DIRECTION('',(-1.,2.15751842842136E-15,0.));
#10846=DIRECTION('',(-1.,2.15751842842136E-15,0.));
#10847=DIRECTION('center_axis',(6.49576552884658E-32,3.01075784256429E-17,
1.));
#10848=DIRECTION('ref_axis',(1.,0.,-6.49576552884658E-32));
#10849=DIRECTION('',(-2.15751842842136E-15,-1.,3.01075784256429E-17));
#10850=DIRECTION('',(-2.15751842842136E-15,-1.,3.01075784256429E-17));
#10851=DIRECTION('center_axis',(-1.,2.15751842842136E-15,0.));
#10852=DIRECTION('ref_axis',(2.15751842842136E-15,1.,0.));
#10853=DIRECTION('',(0.,0.,-1.));
#10854=DIRECTION('',(-2.27998310833609E-15,-1.,0.));
#10855=DIRECTION('',(2.27998310833609E-15,1.,0.));
#10856=DIRECTION('',(0.,0.,-1.));
#10857=DIRECTION('',(-1.,2.15751842842136E-15,0.));
#10858=DIRECTION('',(-1.,2.15751842842136E-15,0.));
#10859=DIRECTION('',(-1.,2.15751842842136E-15,0.));
#10860=DIRECTION('',(-1.,2.15751842842136E-15,0.));
#10861=DIRECTION('center_axis',(2.15751842842136E-15,1.,0.));
#10862=DIRECTION('ref_axis',(0.,0.,1.));
#10863=DIRECTION('',(-1.,2.15751842842136E-15,0.));
#10864=DIRECTION('center_axis',(0.,0.,-1.));
#10865=DIRECTION('ref_axis',(-1.,0.,0.));
#10866=DIRECTION('',(-1.,2.15751842842136E-15,0.));
#10867=DIRECTION('',(-1.,2.15751842842136E-15,0.));
#10868=DIRECTION('',(-1.,2.15751842842136E-15,0.));
#10869=DIRECTION('',(-1.,2.15751842842136E-15,0.));
#10870=DIRECTION('',(-1.,2.15751842842136E-15,0.));
#10871=DIRECTION('center_axis',(0.,0.,1.));
#10872=DIRECTION('ref_axis',(1.,0.,0.));
#10873=DIRECTION('',(-1.,2.15751842842136E-15,0.));
#10874=DIRECTION('center_axis',(2.15751842842136E-15,1.,0.));
#10875=DIRECTION('ref_axis',(0.,0.,1.));
#10876=DIRECTION('',(-1.,2.15751842842136E-15,0.));
#10877=DIRECTION('',(-1.,2.15751842842136E-15,0.));
#10878=DIRECTION('',(-1.,2.15751842842136E-15,0.));
#10879=DIRECTION('',(-1.,2.15751842842136E-15,0.));
#10880=DIRECTION('',(-1.,2.15751842842136E-15,0.));
#10881=DIRECTION('center_axis',(-2.15751842842136E-15,-1.,0.));
#10882=DIRECTION('ref_axis',(0.,0.,-1.));
#10883=DIRECTION('',(0.,0.,-1.));
#10884=DIRECTION('',(-1.,2.15751842842136E-15,0.));
#10885=DIRECTION('',(0.,0.,-1.));
#10886=DIRECTION('',(-1.,2.15751842842136E-15,0.));
#10887=DIRECTION('center_axis',(-1.,2.15751842842136E-15,0.));
#10888=DIRECTION('ref_axis',(2.15751842842136E-15,1.,0.));
#10889=DIRECTION('',(0.,0.,-1.));
#10890=DIRECTION('',(-2.27998310833609E-15,-1.,0.));
#10891=DIRECTION('',(0.,0.,1.));
#10892=DIRECTION('',(2.27998310833609E-15,1.,0.));
#10893=DIRECTION('',(0.,0.,-1.));
#10894=DIRECTION('',(-1.,2.15751842842136E-15,0.));
#10895=DIRECTION('',(-1.,2.15751842842136E-15,0.));
#10896=DIRECTION('',(-1.,2.15751842842136E-15,0.));
#10897=DIRECTION('',(-1.,2.15751842842136E-15,0.));
#10898=DIRECTION('center_axis',(2.15751842842136E-15,1.,0.));
#10899=DIRECTION('ref_axis',(0.,0.,1.));
#10900=DIRECTION('',(-1.,2.15751842842136E-15,0.));
#10901=DIRECTION('center_axis',(0.,0.,-1.));
#10902=DIRECTION('ref_axis',(-1.,0.,0.));
#10903=DIRECTION('',(-1.,2.15751842842136E-15,0.));
#10904=DIRECTION('center_axis',(-2.15751842842136E-15,-1.,0.));
#10905=DIRECTION('ref_axis',(0.,0.,-1.));
#10906=DIRECTION('',(-1.,2.15751842842136E-15,0.));
#10907=DIRECTION('center_axis',(0.,0.,1.));
#10908=DIRECTION('ref_axis',(1.,0.,0.));
#10909=DIRECTION('',(-1.,2.15751842842136E-15,0.));
#10910=DIRECTION('center_axis',(2.15751842842136E-15,1.,0.));
#10911=DIRECTION('ref_axis',(0.,0.,1.));
#10912=DIRECTION('',(-1.,2.15751842842136E-15,0.));
#10913=DIRECTION('',(-1.,2.15751842842136E-15,0.));
#10914=DIRECTION('',(-1.,2.15751842842136E-15,0.));
#10915=DIRECTION('',(-1.,2.15751842842136E-15,0.));
#10916=DIRECTION('',(-1.,2.15751842842136E-15,0.));
#10917=DIRECTION('',(-1.,2.15751842842136E-15,0.));
#10918=DIRECTION('',(-1.,2.15751842842136E-15,0.));
#10919=DIRECTION('',(-1.,2.15751842842136E-15,0.));
#10920=DIRECTION('',(-1.,2.15751842842136E-15,0.));
#10921=DIRECTION('center_axis',(-1.,2.15751842842136E-15,0.));
#10922=DIRECTION('ref_axis',(2.15751842842136E-15,1.,0.));
#10923=DIRECTION('',(-1.,2.15751842842136E-15,0.));
#10924=DIRECTION('',(-1.,2.15751842842136E-15,0.));
#10925=DIRECTION('',(-1.,2.15751842842136E-15,0.));
#10926=DIRECTION('',(-1.,2.15751842842136E-15,0.));
#10927=DIRECTION('center_axis',(-1.,2.15751842842136E-15,0.));
#10928=DIRECTION('ref_axis',(2.15751842842136E-15,1.,0.));
#10929=DIRECTION('',(-1.07371344993124E-32,2.31655655507053E-47,-1.));
#10930=DIRECTION('',(-2.27998310833609E-15,-1.,0.));
#10931=DIRECTION('',(0.,0.,1.));
#10932=DIRECTION('',(0.,0.,-1.));
#10933=DIRECTION('',(-2.27998310833609E-15,-1.,0.));
#10934=DIRECTION('',(0.,0.,1.));
#10935=DIRECTION('',(-1.,2.15751842842136E-15,0.));
#10936=DIRECTION('',(-1.,2.15751842842136E-15,0.));
#10937=DIRECTION('',(-1.,2.15751842842136E-15,0.));
#10938=DIRECTION('center_axis',(2.15751842842136E-15,1.,0.));
#10939=DIRECTION('ref_axis',(0.,0.,1.));
#10940=DIRECTION('',(-1.,2.15751842842136E-15,0.));
#10941=DIRECTION('center_axis',(0.,0.,-1.));
#10942=DIRECTION('ref_axis',(-1.,0.,0.));
#10943=DIRECTION('',(-1.,2.15751842842136E-15,0.));
#10944=DIRECTION('center_axis',(-2.15751842842136E-15,-1.,0.));
#10945=DIRECTION('ref_axis',(0.,0.,-1.));
#10946=DIRECTION('',(-1.,2.15751842842136E-15,0.));
#10947=DIRECTION('',(-1.,2.15751842842136E-15,0.));
#10948=DIRECTION('',(-1.,2.15751842842136E-15,0.));
#10949=DIRECTION('center_axis',(2.15751842842136E-15,1.,0.));
#10950=DIRECTION('ref_axis',(0.,0.,1.));
#10951=DIRECTION('',(-1.,2.15751842842136E-15,0.));
#10952=DIRECTION('center_axis',(0.,0.,-1.));
#10953=DIRECTION('ref_axis',(-1.,0.,0.));
#10954=DIRECTION('',(-1.,2.15751842842136E-15,0.));
#10955=DIRECTION('center_axis',(-2.15751842842136E-15,-1.,0.));
#10956=DIRECTION('ref_axis',(0.,0.,-1.));
#10957=DIRECTION('center_axis',(-1.,2.15751842842136E-15,0.));
#10958=DIRECTION('ref_axis',(2.15751842842136E-15,1.,0.));
#10959=DIRECTION('',(2.27998310833609E-15,1.,0.));
#10960=DIRECTION('',(0.,0.,-1.));
#10961=DIRECTION('',(-2.27998310833609E-15,-1.,0.));
#10962=DIRECTION('',(0.,0.,1.));
#10963=DIRECTION('',(2.27998310833609E-15,1.,0.));
#10964=DIRECTION('',(0.,0.,1.));
#10965=DIRECTION('center_axis',(0.,0.,1.));
#10966=DIRECTION('ref_axis',(1.,0.,0.));
#10967=DIRECTION('',(-1.,2.15751842842136E-15,0.));
#10968=DIRECTION('',(-1.,2.15751842842136E-15,0.));
#10969=DIRECTION('center_axis',(2.15751842842136E-15,1.,0.));
#10970=DIRECTION('ref_axis',(0.,0.,1.));
#10971=DIRECTION('',(-1.,2.15751842842136E-15,0.));
#10972=DIRECTION('center_axis',(0.,0.,-1.));
#10973=DIRECTION('ref_axis',(-1.,0.,0.));
#10974=DIRECTION('',(-1.,2.15751842842136E-15,0.));
#10975=DIRECTION('',(-1.,2.15751842842136E-15,0.));
#10976=DIRECTION('',(-1.,2.15751842842136E-15,0.));
#10977=DIRECTION('',(-1.,2.15751842842136E-15,0.));
#10978=DIRECTION('',(-1.,2.15751842842136E-15,0.));
#10979=DIRECTION('center_axis',(-2.15751842842136E-15,-1.,0.));
#10980=DIRECTION('ref_axis',(0.,0.,-1.));
#10981=DIRECTION('',(-1.,2.15751842842136E-15,0.));
#10982=DIRECTION('center_axis',(0.,0.,1.));
#10983=DIRECTION('ref_axis',(1.,0.,0.));
#10984=DIRECTION('',(-1.,2.15751842842136E-15,0.));
#10985=DIRECTION('',(-1.,2.15751842842136E-15,0.));
#10986=DIRECTION('',(-1.,2.15751842842136E-15,0.));
#10987=DIRECTION('',(-1.,2.15751842842136E-15,0.));
#10988=DIRECTION('',(-1.,2.15751842842136E-15,0.));
#10989=DIRECTION('',(-1.,2.15751842842136E-15,0.));
#10990=DIRECTION('center_axis',(-2.15751842842136E-15,-1.,0.));
#10991=DIRECTION('ref_axis',(0.,0.,-1.));
#10992=DIRECTION('center_axis',(-1.,2.15751842842136E-15,0.));
#10993=DIRECTION('ref_axis',(2.15751842842136E-15,1.,0.));
#10994=DIRECTION('center_axis',(-1.,2.15751842842136E-15,0.));
#10995=DIRECTION('ref_axis',(2.15751842842136E-15,1.,0.));
#10996=DIRECTION('center_axis',(0.707106781186545,-3.70523294084665E-16,
0.70710678118655));
#10997=DIRECTION('ref_axis',(-0.70710678118655,3.46382422494198E-16,0.707106781186545));
#10998=DIRECTION('',(-5.2399906766969E-16,-1.,0.));
#10999=DIRECTION('',(-0.707106781186549,3.46382422494198E-16,0.707106781186546));
#11000=DIRECTION('center_axis',(1.,-5.2399906766969E-16,2.22044604925058E-14));
#11001=DIRECTION('ref_axis',(-2.22044604925058E-14,1.09670339713446E-29,
1.));
#11002=DIRECTION('',(-5.2399906766969E-16,-1.,0.));
#11003=DIRECTION('center_axis',(0.707106781186543,-3.70523294084664E-16,
-0.707106781186552));
#11004=DIRECTION('ref_axis',(0.707106781186552,-3.46382422494199E-16,0.707106781186543));
#11005=DIRECTION('',(0.707106781186549,-3.46382422494198E-16,0.707106781186546));
#11006=DIRECTION('center_axis',(0.707106781186546,0.,-0.707106781186549));
#11007=DIRECTION('ref_axis',(-0.707106781186549,0.,-0.707106781186546));
#11008=DIRECTION('',(0.,1.,0.));
#11009=DIRECTION('',(-0.707106781186549,0.,-0.707106781186546));
#11010=DIRECTION('center_axis',(1.,0.,0.));
#11011=DIRECTION('ref_axis',(0.,0.,-1.));
#11012=DIRECTION('',(0.,1.,0.));
#11013=DIRECTION('center_axis',(0.707106781186546,0.,0.707106781186549));
#11014=DIRECTION('ref_axis',(0.707106781186549,0.,-0.707106781186546));
#11015=DIRECTION('',(0.707106781186549,0.,-0.707106781186546));
#11016=DIRECTION('center_axis',(1.83696605075786E-16,0.,1.));
#11017=DIRECTION('ref_axis',(-1.,0.,1.77432903478906E-16));
#11018=DIRECTION('center_axis',(1.83696605075786E-16,0.,1.));
#11019=DIRECTION('ref_axis',(-1.,0.,2.01028040937973E-16));
#11020=DIRECTION('',(0.70710678118655,8.65956056235496E-17,0.707106781186545));
#11021=DIRECTION('center_axis',(1.83696605075786E-16,0.,1.));
#11022=DIRECTION('ref_axis',(1.,0.,-1.83696605075786E-16));
#11023=DIRECTION('center_axis',(-1.83696605075786E-16,0.,-1.));
#11024=DIRECTION('ref_axis',(-1.,0.,1.83696605075786E-16));
#11025=DIRECTION('center_axis',(1.83696605075786E-16,0.,1.));
#11026=DIRECTION('ref_axis',(1.,0.,-1.83696605075786E-16));
#11027=DIRECTION('center_axis',(1.83696605075786E-16,0.,1.));
#11028=DIRECTION('ref_axis',(-1.,0.,2.01028040937973E-16));
#11029=DIRECTION('',(1.83696605075786E-16,0.,1.));
#11030=DIRECTION('center_axis',(1.83696605075786E-16,0.,1.));
#11031=DIRECTION('ref_axis',(1.,0.,-1.83696605075786E-16));
#11032=DIRECTION('center_axis',(1.83696605075786E-16,0.,1.));
#11033=DIRECTION('ref_axis',(-1.,0.,2.01028040937973E-16));
#11034=DIRECTION('',(0.707106781186544,8.65956056235489E-17,0.707106781186551));
#11035=DIRECTION('center_axis',(2.24741502960558E-15,-1.,0.));
#11036=DIRECTION('ref_axis',(-1.,-2.24741502960558E-15,0.));
#11037=DIRECTION('center_axis',(-0.707106781186548,-0.707106781186547,0.));
#11038=DIRECTION('ref_axis',(0.707106781186547,-0.707106781186548,0.));
#11039=DIRECTION('',(0.,0.,-1.));
#11040=DIRECTION('center_axis',(-1.94060932126597E-15,-1.,0.));
#11041=DIRECTION('ref_axis',(1.,-1.94060932126597E-15,0.));
#11042=DIRECTION('center_axis',(-0.707106781186547,0.707106781186548,0.));
#11043=DIRECTION('ref_axis',(-0.707106781186548,-0.707106781186547,0.));
#11044=DIRECTION('',(0.,0.,1.));
#11045=DIRECTION('center_axis',(1.22464679914735E-16,1.,0.));
#11046=DIRECTION('ref_axis',(-1.,1.22464679914735E-16,0.));
#11047=DIRECTION('center_axis',(-1.,2.15751842842136E-15,0.));
#11048=DIRECTION('ref_axis',(2.15751842842136E-15,1.,0.));
#11049=CARTESIAN_POINT('',(0.,0.,0.));
#11050=CARTESIAN_POINT('Origin',(2.25946824243217E-15,0.,3.80000000000001));
#11051=CARTESIAN_POINT('',(21.8983648912859,-3.62149479071761E-6,4.84999999999998));
#11052=CARTESIAN_POINT('',(21.8983646087203,-3.64547357009637E-6,4.65));
#11053=CARTESIAN_POINT('',(21.9,2.6819764901327E-15,3.80000000000001));
#11054=CARTESIAN_POINT('',(-21.9,0.,3.80000000000002));
#11055=CARTESIAN_POINT('Ctrl Pts',(-21.9,0.,3.80000000000002));
#11056=CARTESIAN_POINT('Ctrl Pts',(-21.9,-3.52825021095469,3.84358974358976));
#11057=CARTESIAN_POINT('Ctrl Pts',(-20.1635713827111,-10.5816258441196,
3.93076923076925));
#11058=CARTESIAN_POINT('Ctrl Pts',(-12.935082203512,-18.7405398878563,4.06153846153848));
#11059=CARTESIAN_POINT('Ctrl Pts',(-2.74493186620686,-22.6049131884717,
4.19230769230771));
#11060=CARTESIAN_POINT('Ctrl Pts',(8.07482800015162,-21.2914102461283,4.32307692307693));
#11061=CARTESIAN_POINT('Ctrl Pts',(17.0443604693286,-15.0999885789765,4.45384615384617));
#11062=CARTESIAN_POINT('Ctrl Pts',(21.2652461615687,-7.05791126217224,4.56282051282052));
#11063=CARTESIAN_POINT('Ctrl Pts',(21.8983669414793,-1.76448118444637,4.62820512820513));
#11064=CARTESIAN_POINT('Ctrl Pts',(21.8983646087203,-3.64547357106781E-6,
4.65000000000001));
#11065=CARTESIAN_POINT('',(-21.9,0.,3.99999999999999));
#11066=CARTESIAN_POINT('',(-21.9,0.,3.99999999999999));
#11067=CARTESIAN_POINT('Ctrl Pts',(-21.9,0.,3.99999999999999));
#11068=CARTESIAN_POINT('Ctrl Pts',(-21.9,-3.52825021095469,4.04358974358974));
#11069=CARTESIAN_POINT('Ctrl Pts',(-20.1635566939887,-10.5816265523876,
4.13076923076922));
#11070=CARTESIAN_POINT('Ctrl Pts',(-12.9350880234847,-18.7405398117627,
4.26153846153845));
#11071=CARTESIAN_POINT('Ctrl Pts',(-2.74492883116089,-22.604914010145,4.39230769230768));
#11072=CARTESIAN_POINT('Ctrl Pts',(8.07482647862209,-21.291410270414,4.52307692307691));
#11073=CARTESIAN_POINT('Ctrl Pts',(17.0443616527568,-15.0999890662826,4.65384615384614));
#11074=CARTESIAN_POINT('Ctrl Pts',(21.2652462761862,-7.0579113010954,4.7628205128205));
#11075=CARTESIAN_POINT('Ctrl Pts',(21.8983671694134,-1.76448117247973,4.82820512820511));
#11076=CARTESIAN_POINT('Ctrl Pts',(21.8983648912859,-3.62149479113394E-6,
4.84999999999998));
#11077=CARTESIAN_POINT('Origin',(2.25946824243217E-15,0.,3.80000000000001));
#11078=CARTESIAN_POINT('',(21.8983648912859,3.62149473409623E-6,6.54999999999998));
#11079=CARTESIAN_POINT('',(21.8983646087203,3.64547349081951E-6,6.35));
#11080=CARTESIAN_POINT('',(21.9,2.6819764901327E-15,3.80000000000001));
#11081=CARTESIAN_POINT('',(-21.9,1.07279059605308E-14,7.39999999999999));
#11082=CARTESIAN_POINT('Ctrl Pts',(21.8983648912859,3.62149473520645E-6,
6.54999999999998));
#11083=CARTESIAN_POINT('Ctrl Pts',(21.8983671694134,1.76448117247968,6.57179487179486));
#11084=CARTESIAN_POINT('Ctrl Pts',(21.2652462761862,7.05791130109536,6.63717948717947));
#11085=CARTESIAN_POINT('Ctrl Pts',(17.0443616527568,15.0999890662826,6.74615384615383));
#11086=CARTESIAN_POINT('Ctrl Pts',(8.0748264786221,21.291410270414,6.87692307692306));
#11087=CARTESIAN_POINT('Ctrl Pts',(-2.74492883116085,22.604914010145,7.0076923076923));
#11088=CARTESIAN_POINT('Ctrl Pts',(-12.9350880234847,18.7405398117627,7.13846153846153));
#11089=CARTESIAN_POINT('Ctrl Pts',(-20.1635566939887,10.5816265523876,7.26923076923076));
#11090=CARTESIAN_POINT('Ctrl Pts',(-21.9,3.52825021095471,7.35641025641025));
#11091=CARTESIAN_POINT('Ctrl Pts',(-21.9,1.07279059605308E-14,7.39999999999999));
#11092=CARTESIAN_POINT('',(-21.9,1.07279059605308E-14,7.20000000000002));
#11093=CARTESIAN_POINT('',(-21.9,1.07279059605308E-14,7.39999999999999));
#11094=CARTESIAN_POINT('Ctrl Pts',(21.8983646087202,3.64547349099298E-6,
6.35000000000001));
#11095=CARTESIAN_POINT('Ctrl Pts',(21.8983669414793,1.7644811844463,6.37179487179488));
#11096=CARTESIAN_POINT('Ctrl Pts',(21.2652461615687,7.0579112621722,6.4371794871795));
#11097=CARTESIAN_POINT('Ctrl Pts',(17.0443604693286,15.0999885789764,6.54615384615385));
#11098=CARTESIAN_POINT('Ctrl Pts',(8.07482800015164,21.2914102461283,6.67692307692309));
#11099=CARTESIAN_POINT('Ctrl Pts',(-2.74493186620682,22.6049131884717,6.80769230769232));
#11100=CARTESIAN_POINT('Ctrl Pts',(-12.935082203512,18.7405398878563,6.93846153846156));
#11101=CARTESIAN_POINT('Ctrl Pts',(-20.1635713827111,10.5816258441197,7.06923076923079));
#11102=CARTESIAN_POINT('Ctrl Pts',(-21.9,3.52825021095471,7.15641025641028));
#11103=CARTESIAN_POINT('Ctrl Pts',(-21.9,1.07279059605308E-14,7.20000000000002));
#11104=CARTESIAN_POINT('Origin',(2.60849179207616E-15,0.,5.7));
#11105=CARTESIAN_POINT('',(22.598312627537,3.73725023185278E-6,7.25));
#11106=CARTESIAN_POINT('',(22.6,2.76770176607302E-15,8.1));
#11107=CARTESIAN_POINT('',(22.6,2.76770176607302E-15,5.69999999999999));
#11108=CARTESIAN_POINT('',(-22.6,1.10708070642921E-14,8.1));
#11109=CARTESIAN_POINT('Origin',(3.04936364425805E-15,0.,8.1));
#11110=CARTESIAN_POINT('Ctrl Pts',(-22.6,1.14491749414469E-14,8.1));
#11111=CARTESIAN_POINT('Ctrl Pts',(-22.6,3.64102533185282,8.05641025641026));
#11112=CARTESIAN_POINT('Ctrl Pts',(-21.7040269699576,7.28043869524055,8.01282051282052));
#11113=CARTESIAN_POINT('Ctrl Pts',(-20.0127878525514,10.503428783798,7.96923076923077));
#11114=CARTESIAN_POINT('Ctrl Pts',(-18.3215487351452,13.7264188723555,7.92564102564103));
#11115=CARTESIAN_POINT('Ctrl Pts',(-15.8350435303752,16.5329856860828,7.88205128205128));
#11116=CARTESIAN_POINT('Ctrl Pts',(-12.8391455874535,18.6009179276757,7.83846153846154));
#11117=CARTESIAN_POINT('Ctrl Pts',(-9.84324764453183,20.6688501692687,7.7948717948718));
#11118=CARTESIAN_POINT('Ctrl Pts',(-6.3379569634585,21.9981478387275,7.75128205128206));
#11119=CARTESIAN_POINT('Ctrl Pts',(-2.72437958333969,22.4368820272017,7.70769230769231));
#11120=CARTESIAN_POINT('Ctrl Pts',(0.889197796779136,22.875616215676,7.66410256410257));
#11121=CARTESIAN_POINT('Ctrl Pts',(4.61106187594343,22.4237869231657,7.62051282051282));
#11122=CARTESIAN_POINT('Ctrl Pts',(8.01469935643459,21.1329855249063,7.57692307692307));
#11123=CARTESIAN_POINT('Ctrl Pts',(11.4183368369258,19.8421841266469,7.53333333333333));
#11124=CARTESIAN_POINT('Ctrl Pts',(14.5037477187438,17.7124106226382,7.48974358974359));
#11125=CARTESIAN_POINT('Ctrl Pts',(16.9176129084154,14.9876977748053,7.44615384615385));
#11126=CARTESIAN_POINT('Ctrl Pts',(19.331478098087,12.2629849269724,7.40256410256411));
#11127=CARTESIAN_POINT('Ctrl Pts',(21.0737975956122,8.94333273531515,7.35897435897436));
#11128=CARTESIAN_POINT('Ctrl Pts',(21.944951932168,5.40894799346463,7.31538461538461));
#11129=CARTESIAN_POINT('Ctrl Pts',(22.3805291004459,3.64175562253935,7.29358974358974));
#11130=CARTESIAN_POINT('Ctrl Pts',(22.5983149784814,1.82088011406576,7.27179487179487));
#11131=CARTESIAN_POINT('Ctrl Pts',(22.598312627537,3.73725023185278E-6,
7.25));
#11132=CARTESIAN_POINT('Origin',(2.60849179207616E-15,0.,5.7));
#11133=CARTESIAN_POINT('',(22.6,2.76770176607302E-15,2.9));
#11134=CARTESIAN_POINT('Origin',(2.09414129786396E-15,0.,2.9));
#11135=CARTESIAN_POINT('',(22.5983123359396,-3.76199548401957E-6,3.95));
#11136=CARTESIAN_POINT('',(22.6,2.76770176607302E-15,5.69999999999999));
#11137=CARTESIAN_POINT('',(22.5983123359396,3.761995476248E-6,5.65));
#11138=CARTESIAN_POINT('Ctrl Pts',(22.5983123359396,-3.76199548415834E-6,
3.95));
#11139=CARTESIAN_POINT('Ctrl Pts',(22.5983099286175,1.82087260242393,3.97179487179487));
#11140=CARTESIAN_POINT('Ctrl Pts',(21.9449379675165,7.28350431603612,4.03717948717948));
#11141=CARTESIAN_POINT('Ctrl Pts',(17.5892079591761,15.5826692705166,4.14615384615385));
#11142=CARTESIAN_POINT('Ctrl Pts',(8.33283316153981,21.9718845080366,4.27692307692307));
#11143=CARTESIAN_POINT('Ctrl Pts',(-2.83248182219867,23.3275964425955,4.40769230769232));
#11144=CARTESIAN_POINT('Ctrl Pts',(-13.3489150679803,19.3392417180549,4.53846153846154));
#11145=CARTESIAN_POINT('Ctrl Pts',(-20.8072698050714,10.9204976349451,4.66923076923077));
#11146=CARTESIAN_POINT('Ctrl Pts',(-23.4989314838173,1.08078277123573E-14,
4.80000000000001));
#11147=CARTESIAN_POINT('Ctrl Pts',(-20.8072698050714,-10.9204976349451,
4.93076923076924));
#11148=CARTESIAN_POINT('Ctrl Pts',(-13.3489150679803,-19.3392417180549,
5.06153846153847));
#11149=CARTESIAN_POINT('Ctrl Pts',(-2.8324818221987,-23.3275964425954,5.19230769230769));
#11150=CARTESIAN_POINT('Ctrl Pts',(8.3328331615398,-21.9718845080366,5.32307692307692));
#11151=CARTESIAN_POINT('Ctrl Pts',(17.5892079591761,-15.5826692705167,5.45384615384615));
#11152=CARTESIAN_POINT('Ctrl Pts',(21.9449379675165,-7.28350431603614,5.56282051282051));
#11153=CARTESIAN_POINT('Ctrl Pts',(22.5983099286175,-1.82087260242394,5.62820512820512));
#11154=CARTESIAN_POINT('Ctrl Pts',(22.5983123359396,3.76199547708067E-6,
5.65));
#11155=CARTESIAN_POINT('',(22.598312627537,-3.73725038360639E-6,5.55));
#11156=CARTESIAN_POINT('',(22.6,2.76770176607302E-15,5.69999999999999));
#11157=CARTESIAN_POINT('',(-22.6,0.,4.70000000000001));
#11158=CARTESIAN_POINT('Ctrl Pts',(22.598312627537,-3.73725038360639E-6,
5.55));
#11159=CARTESIAN_POINT('Ctrl Pts',(22.5983149784814,-1.82088011406587,5.52820512820513));
#11160=CARTESIAN_POINT('Ctrl Pts',(22.3805291004459,-3.64175562253944,5.50641025641025));
#11161=CARTESIAN_POINT('Ctrl Pts',(21.944951932168,-5.40894799346467,5.48461538461538));
#11162=CARTESIAN_POINT('Ctrl Pts',(21.0737975956122,-8.94333273531518,5.44102564102564));
#11163=CARTESIAN_POINT('Ctrl Pts',(19.331478098087,-12.2629849269724,5.39743589743589));
#11164=CARTESIAN_POINT('Ctrl Pts',(16.9176129084154,-14.9876977748053,5.35384615384615));
#11165=CARTESIAN_POINT('Ctrl Pts',(14.5037477187438,-17.7124106226382,5.31025641025641));
#11166=CARTESIAN_POINT('Ctrl Pts',(11.4183368369257,-19.8421841266469,5.26666666666667));
#11167=CARTESIAN_POINT('Ctrl Pts',(8.01469935643459,-21.1329855249063,5.22307692307692));
#11168=CARTESIAN_POINT('Ctrl Pts',(4.61106187594342,-22.4237869231658,5.17948717948718));
#11169=CARTESIAN_POINT('Ctrl Pts',(0.889197796779104,-22.875616215676,5.13589743589744));
#11170=CARTESIAN_POINT('Ctrl Pts',(-2.72437958333972,-22.4368820272017,
5.09230769230769));
#11171=CARTESIAN_POINT('Ctrl Pts',(-6.33795696345855,-21.9981478387274,
5.04871794871795));
#11172=CARTESIAN_POINT('Ctrl Pts',(-9.84324764453189,-20.6688501692687,
5.00512820512821));
#11173=CARTESIAN_POINT('Ctrl Pts',(-12.8391455874536,-18.6009179276757,
4.96153846153847));
#11174=CARTESIAN_POINT('Ctrl Pts',(-15.8350435303752,-16.5329856860827,
4.91794871794872));
#11175=CARTESIAN_POINT('Ctrl Pts',(-18.3215487351453,-13.7264188723555,
4.87435897435898));
#11176=CARTESIAN_POINT('Ctrl Pts',(-20.0127878525515,-10.503428783798,4.83076923076923));
#11177=CARTESIAN_POINT('Ctrl Pts',(-21.7040269699576,-7.28043869524053,
4.78717948717949));
#11178=CARTESIAN_POINT('Ctrl Pts',(-22.6,-3.64102533185279,4.74358974358975));
#11179=CARTESIAN_POINT('Ctrl Pts',(-22.6,0.,4.70000000000001));
#11180=CARTESIAN_POINT('',(-21.9,5.5812185049504,3.99999999999999));
#11181=CARTESIAN_POINT('Origin',(-1.72674808771237E-15,0.,-17.8999999999999));
#11182=CARTESIAN_POINT('',(-21.9,5.5812185049504,3.80000000000002));
#11183=CARTESIAN_POINT('',(-21.9,5.5812185049504,5.7));
#11184=CARTESIAN_POINT('',(-22.6,0.,3.1));
#11185=CARTESIAN_POINT('Origin',(6.28242389359187E-15,0.,25.6999999999999));
#11186=CARTESIAN_POINT('Ctrl Pts',(-22.6,0.,3.1));
#11187=CARTESIAN_POINT('Ctrl Pts',(-22.6,-3.64102533185279,3.14358974358975));
#11188=CARTESIAN_POINT('Ctrl Pts',(-20.8080690981403,-10.9198513277216,
3.23076923076924));
#11189=CARTESIAN_POINT('Ctrl Pts',(-13.348532319606,-19.3395525783357,3.36153846153846));
#11190=CARTESIAN_POINT('Ctrl Pts',(-2.83266941444178,-23.3274446602493,
3.49230769230769));
#11191=CARTESIAN_POINT('Ctrl Pts',(8.33292752527062,-21.9719576055936,3.62307692307693));
#11192=CARTESIAN_POINT('Ctrl Pts',(17.5891573793072,-15.5826366157474,3.75384615384615));
#11193=CARTESIAN_POINT('Ctrl Pts',(21.9449572260937,-7.28350659931928,3.86282051282051));
#11194=CARTESIAN_POINT('Ctrl Pts',(22.5983147432618,-1.82088012641492,3.92820512820512));
#11195=CARTESIAN_POINT('Ctrl Pts',(22.5983123359396,-3.76199548415834E-6,
3.95));
#11196=CARTESIAN_POINT('Origin',(3.04936364425805E-15,0.,8.3));
#11197=CARTESIAN_POINT('',(-23.,-2.81668763803892E-15,8.5));
#11198=CARTESIAN_POINT('Origin',(3.04936364425805E-15,0.,8.5));
#11199=CARTESIAN_POINT('',(-22.8,-2.79219470205597E-15,8.3));
#11200=CARTESIAN_POINT('Origin',(3.04936364425805E-15,0.,8.1));
#11201=CARTESIAN_POINT('Origin',(2.60849179207616E-15,0.,5.7));
#11202=CARTESIAN_POINT('',(-22.6,1.10708070642921E-14,6.50000000000001));
#11203=CARTESIAN_POINT('Ctrl Pts',(22.5983123359396,3.76199547708067E-6,
5.65));
#11204=CARTESIAN_POINT('Ctrl Pts',(22.5983147432618,1.82088012641491,5.67179487179487));
#11205=CARTESIAN_POINT('Ctrl Pts',(21.9449572260937,7.28350659931927,5.73717948717949));
#11206=CARTESIAN_POINT('Ctrl Pts',(17.5891573793072,15.5826366157474,5.84615384615384));
#11207=CARTESIAN_POINT('Ctrl Pts',(8.33292752527065,21.9719576055937,5.97692307692308));
#11208=CARTESIAN_POINT('Ctrl Pts',(-2.83266941444175,23.3274446602493,6.10769230769231));
#11209=CARTESIAN_POINT('Ctrl Pts',(-13.348532319606,19.3395525783357,6.23846153846154));
#11210=CARTESIAN_POINT('Ctrl Pts',(-20.8080690981402,10.9198513277217,6.36923076923078));
#11211=CARTESIAN_POINT('Ctrl Pts',(-22.6,3.64102533185281,6.45641025641026));
#11212=CARTESIAN_POINT('Ctrl Pts',(-22.6,1.10708070642921E-14,6.50000000000001));
#11213=CARTESIAN_POINT('',(-21.9,-5.5812185049504,7.20000000000002));
#11214=CARTESIAN_POINT('Origin',(6.90699235084951E-15,0.,29.0999999999997));
#11215=CARTESIAN_POINT('',(-21.9,-5.58121850495039,7.39999999999999));
#11216=CARTESIAN_POINT('',(-21.9,-5.58121850495055,5.7));
#11217=CARTESIAN_POINT('Origin',(-1.10217963045469E-15,0.,-14.4999999999999));
#11218=CARTESIAN_POINT('Ctrl Pts',(22.598312627537,3.73725023185278E-6,
7.25));
#11219=CARTESIAN_POINT('Ctrl Pts',(22.5983102765927,-1.82087263956525,7.22820512820513));
#11220=CARTESIAN_POINT('Ctrl Pts',(22.3805196966684,-3.64174988472266,7.20641025641026));
#11221=CARTESIAN_POINT('Ctrl Pts',(21.9449439490268,-5.40894572901559,7.18461538461538));
#11222=CARTESIAN_POINT('Ctrl Pts',(21.0737924537434,-8.9433374176015,7.14102564102564));
#11223=CARTESIAN_POINT('Ctrl Pts',(19.3315002875905,-12.2630035027295,7.0974358974359));
#11224=CARTESIAN_POINT('Ctrl Pts',(16.9176250803816,-14.9877057563628,7.05384615384615));
#11225=CARTESIAN_POINT('Ctrl Pts',(14.5037498731726,-17.712408009996,7.01025641025641));
#11226=CARTESIAN_POINT('Ctrl Pts',(11.4182916249078,-19.8421464321345,6.96666666666667));
#11227=CARTESIAN_POINT('Ctrl Pts',(8.01467661979762,-21.1329676436052,6.92307692307693));
#11228=CARTESIAN_POINT('Ctrl Pts',(4.6110616146875,-22.4237888550759,6.87948717948718));
#11229=CARTESIAN_POINT('Ctrl Pts',(0.889289852732129,-22.8756928558789,
6.83589743589744));
#11230=CARTESIAN_POINT('Ctrl Pts',(-2.72433492248841,-22.4369190535142,
6.79230769230769));
#11231=CARTESIAN_POINT('Ctrl Pts',(-6.33795969770896,-21.9981452511495,
6.74871794871795));
#11232=CARTESIAN_POINT('Ctrl Pts',(-9.84343748619468,-20.6686936456172,
6.70512820512821));
#11233=CARTESIAN_POINT('Ctrl Pts',(-12.839235530219,-18.6008438069761,6.66153846153847));
#11234=CARTESIAN_POINT('Ctrl Pts',(-15.8350335742433,-16.5329939683351,
6.61794871794872));
#11235=CARTESIAN_POINT('Ctrl Pts',(-18.3211518738062,-13.7267458965853,
6.57435897435898));
#11236=CARTESIAN_POINT('Ctrl Pts',(-20.0128213070849,-10.5035388899044,
6.53076923076924));
#11237=CARTESIAN_POINT('Ctrl Pts',(-21.7044907403636,-7.28033188322362,
6.48717948717949));
#11238=CARTESIAN_POINT('Ctrl Pts',(-22.601711307358,-3.64016594161181,6.44358974358975));
#11239=CARTESIAN_POINT('Ctrl Pts',(-22.601711307358,4.71844785465691E-15,
6.4));
#11240=CARTESIAN_POINT('Ctrl Pts',(-22.601711307358,3.64016594161182,6.35641025641026));
#11241=CARTESIAN_POINT('Ctrl Pts',(-21.7044907403636,7.28033188322365,6.31282051282052));
#11242=CARTESIAN_POINT('Ctrl Pts',(-20.0128213070849,10.5035388899045,6.26923076923077));
#11243=CARTESIAN_POINT('Ctrl Pts',(-18.3211518738062,13.7267458965853,6.22564102564103));
#11244=CARTESIAN_POINT('Ctrl Pts',(-15.8350335742432,16.5329939683351,6.18205128205129));
#11245=CARTESIAN_POINT('Ctrl Pts',(-12.8392355302189,18.6008438069762,6.13846153846154));
#11246=CARTESIAN_POINT('Ctrl Pts',(-9.84343748619461,20.6686936456172,6.0948717948718));
#11247=CARTESIAN_POINT('Ctrl Pts',(-6.33795969770892,21.9981452511495,6.05128205128205));
#11248=CARTESIAN_POINT('Ctrl Pts',(-2.72433492248839,22.4369190535142,6.00769230769231));
#11249=CARTESIAN_POINT('Ctrl Pts',(0.889289852732155,22.8756928558788,5.96410256410256));
#11250=CARTESIAN_POINT('Ctrl Pts',(4.61106161468753,22.4237888550759,5.92051282051282));
#11251=CARTESIAN_POINT('Ctrl Pts',(8.01467661979767,21.1329676436052,5.87692307692308));
#11252=CARTESIAN_POINT('Ctrl Pts',(11.4182916249078,19.8421464321345,5.83333333333333));
#11253=CARTESIAN_POINT('Ctrl Pts',(14.5037498731727,17.712408009996,5.78974358974359));
#11254=CARTESIAN_POINT('Ctrl Pts',(16.9176250803816,14.9877057563627,5.74615384615384));
#11255=CARTESIAN_POINT('Ctrl Pts',(19.3315002875905,12.2630035027295,5.7025641025641));
#11256=CARTESIAN_POINT('Ctrl Pts',(21.0737924537434,8.94333741760148,5.65897435897436));
#11257=CARTESIAN_POINT('Ctrl Pts',(21.9449439490268,5.40894572901557,5.61538461538461));
#11258=CARTESIAN_POINT('Ctrl Pts',(22.3805196966684,3.6417498847226,5.59358974358974));
#11259=CARTESIAN_POINT('Ctrl Pts',(22.5983102765927,1.82087263956514,5.57179487179487));
#11260=CARTESIAN_POINT('Ctrl Pts',(22.598312627537,-3.73725038360639E-6,
5.55));
#11261=CARTESIAN_POINT('Origin',(0.,-4.44089209850063E-15,8.5));
#11262=CARTESIAN_POINT('',(-20.7428116397785,16.55,8.5));
#11263=CARTESIAN_POINT('',(-16.55,20.7428116397785,8.5));
#11264=CARTESIAN_POINT('',(-19.6360300860712,17.6567815537073,8.5));
#11265=CARTESIAN_POINT('',(-24.3,16.55,8.5));
#11266=CARTESIAN_POINT('',(-12.35,16.55,8.5));
#11267=CARTESIAN_POINT('',(-24.3,-16.55,8.5));
#11268=CARTESIAN_POINT('',(-24.3,-12.35,8.5));
#11269=CARTESIAN_POINT('',(-20.7428116397785,-16.55,8.5));
#11270=CARTESIAN_POINT('',(-10.4542485323639,-16.55,8.5));
#11271=CARTESIAN_POINT('',(-16.55,-20.7428116397785,8.5));
#11272=CARTESIAN_POINT('',(-17.6567815537073,-19.6360300860712,8.5));
#11273=CARTESIAN_POINT('',(-16.55,-23.1810166592685,8.5));
#11274=CARTESIAN_POINT('',(-16.55,-12.35,8.5));
#11275=CARTESIAN_POINT('',(-16.7931063279492,-23.6633307756388,8.5));
#11276=CARTESIAN_POINT('Origin',(-17.15,-23.1810166592685,8.5));
#11277=CARTESIAN_POINT('',(-16.9014793838498,-23.7435226185871,8.5));
#11278=CARTESIAN_POINT('',(-5.76422005207155,-15.5023842305735,8.5));
#11279=CARTESIAN_POINT('',(-16.9418105850169,-23.8178034506954,8.5));
#11280=CARTESIAN_POINT('Origin',(-16.8419971051747,-23.8239083046489,8.5));
#11281=CARTESIAN_POINT('',(-16.9581011540321,-24.0841518997187,8.5));
#11282=CARTESIAN_POINT('',(-16.2079825656804,-11.8198213902318,8.5));
#11283=CARTESIAN_POINT('',(-16.8643925281434,-24.1900702335144,8.5));
#11284=CARTESIAN_POINT('Origin',(-16.85828767419,-24.0902567536722,8.5));
#11285=CARTESIAN_POINT('',(-16.3357334599541,-24.2224044072912,8.5));
#11286=CARTESIAN_POINT('',(-8.70156201507299,-24.6893303355381,8.5));
#11287=CARTESIAN_POINT('',(-16.2303739908365,-24.1347778617895,8.5));
#11288=CARTESIAN_POINT('Origin',(-16.3296286060007,-24.122590927449,8.5));
#11289=CARTESIAN_POINT('',(-15.8715603999873,-21.2124756748478,8.5));
#11290=CARTESIAN_POINT('',(-14.4482333338601,-9.62040696799503,8.5));
#11291=CARTESIAN_POINT('',(-15.9424138488704,-20.8482923233365,8.5));
#11292=CARTESIAN_POINT('Origin',(-16.4670880909721,-21.1393540688047,8.5));
#11293=CARTESIAN_POINT('',(-13.9947633672432,-19.6308110760519,8.5));
#11294=CARTESIAN_POINT('Origin',(-14.9367882181755,-20.2904239778556,8.5));
#11295=CARTESIAN_POINT('',(-13.7079751490677,-20.0403870981964,8.5));
#11296=CARTESIAN_POINT('',(-16.161033236565,-16.5370570801145,8.5));
#11297=CARTESIAN_POINT('',(-13.5,-20.7000000000001,8.5));
#11298=CARTESIAN_POINT('Origin',(-14.65,-20.7000000000001,8.5));
#11299=CARTESIAN_POINT('',(-13.5000000000001,-24.2,8.5));
#11300=CARTESIAN_POINT('',(-13.4999999999999,-12.35,8.5));
#11301=CARTESIAN_POINT('',(-13.4000000000001,-24.3,8.5));
#11302=CARTESIAN_POINT('Origin',(-13.4000000000001,-24.2,8.5));
#11303=CARTESIAN_POINT('',(13.4000000000001,-24.3,8.5));
#11304=CARTESIAN_POINT('',(12.35,-24.3,8.5));
#11305=CARTESIAN_POINT('',(13.5000000000001,-24.2,8.5));
#11306=CARTESIAN_POINT('Origin',(13.4000000000001,-24.2,8.5));
#11307=CARTESIAN_POINT('',(13.5,-20.7000000000001,8.5));
#11308=CARTESIAN_POINT('',(13.4999999999999,-12.35,8.5));
#11309=CARTESIAN_POINT('',(13.7079751490677,-20.0403870981964,8.5));
#11310=CARTESIAN_POINT('Origin',(14.65,-20.7000000000001,8.5));
#11311=CARTESIAN_POINT('',(13.9947633672432,-19.6308110760519,8.5));
#11312=CARTESIAN_POINT('',(16.161033236565,-16.5370570801145,8.5));
#11313=CARTESIAN_POINT('',(15.9424138488704,-20.8482923233364,8.5));
#11314=CARTESIAN_POINT('Origin',(14.9367882181755,-20.2904239778556,8.5));
#11315=CARTESIAN_POINT('',(15.8715603999873,-21.2124756748478,8.5));
#11316=CARTESIAN_POINT('Origin',(16.4670880909721,-21.1393540688047,8.5));
#11317=CARTESIAN_POINT('',(16.2303739908365,-24.1347778617895,8.5));
#11318=CARTESIAN_POINT('',(14.4482333338601,-9.62040696799503,8.5));
#11319=CARTESIAN_POINT('',(16.3357334599541,-24.2224044072912,8.5));
#11320=CARTESIAN_POINT('Origin',(16.3296286060007,-24.122590927449,8.5));
#11321=CARTESIAN_POINT('',(16.8643925281434,-24.1900702335144,8.5));
#11322=CARTESIAN_POINT('',(8.70156201507298,-24.6893303355381,8.5));
#11323=CARTESIAN_POINT('',(16.9581011540321,-24.0841518997187,8.5));
#11324=CARTESIAN_POINT('Origin',(16.85828767419,-24.0902567536722,8.5));
#11325=CARTESIAN_POINT('',(16.9418105850168,-23.8178034506954,8.5));
#11326=CARTESIAN_POINT('',(16.2079825656804,-11.8198213902318,8.5));
#11327=CARTESIAN_POINT('',(16.9014793838498,-23.7435226185871,8.5));
#11328=CARTESIAN_POINT('Origin',(16.8419971051747,-23.8239083046489,8.5));
#11329=CARTESIAN_POINT('',(16.7931063279492,-23.6633307756388,8.5));
#11330=CARTESIAN_POINT('',(5.76422005207155,-15.5023842305735,8.5));
#11331=CARTESIAN_POINT('',(16.55,-23.1810166592685,8.5));
#11332=CARTESIAN_POINT('Origin',(17.15,-23.1810166592685,8.5));
#11333=CARTESIAN_POINT('',(16.55,-20.7428116397785,8.5));
#11334=CARTESIAN_POINT('',(16.55,-10.4542485323639,8.5));
#11335=CARTESIAN_POINT('',(20.7428116397785,-16.55,8.5));
#11336=CARTESIAN_POINT('',(19.6360300860712,-17.6567815537073,8.5));
#11337=CARTESIAN_POINT('',(24.3,-16.55,8.5));
#11338=CARTESIAN_POINT('',(12.35,-16.55,8.5));
#11339=CARTESIAN_POINT('',(24.3,16.55,8.5));
#11340=CARTESIAN_POINT('',(24.3,12.35,8.5));
#11341=CARTESIAN_POINT('',(20.7428116397785,16.55,8.5));
#11342=CARTESIAN_POINT('',(10.4542485323639,16.55,8.5));
#11343=CARTESIAN_POINT('',(16.55,20.7428116397785,8.5));
#11344=CARTESIAN_POINT('',(17.6567815537073,19.6360300860712,8.5));
#11345=CARTESIAN_POINT('',(16.55,23.1810166592685,8.5));
#11346=CARTESIAN_POINT('',(16.55,12.35,8.5));
#11347=CARTESIAN_POINT('',(16.7931063279492,23.6633307756388,8.5));
#11348=CARTESIAN_POINT('Origin',(17.15,23.1810166592685,8.5));
#11349=CARTESIAN_POINT('',(16.9014793838498,23.7435226185871,8.5));
#11350=CARTESIAN_POINT('',(5.76422005207155,15.5023842305735,8.5));
#11351=CARTESIAN_POINT('',(16.9418105850169,23.8178034506954,8.5));
#11352=CARTESIAN_POINT('Origin',(16.8419971051747,23.8239083046489,8.5));
#11353=CARTESIAN_POINT('',(16.9581011540321,24.0841518997187,8.5));
#11354=CARTESIAN_POINT('',(16.2079825656804,11.8198213902318,8.5));
#11355=CARTESIAN_POINT('',(16.8643925281434,24.1900702335144,8.5));
#11356=CARTESIAN_POINT('Origin',(16.85828767419,24.0902567536722,8.5));
#11357=CARTESIAN_POINT('',(16.3357334599541,24.2224044072912,8.5));
#11358=CARTESIAN_POINT('',(8.70156201507298,24.6893303355381,8.5));
#11359=CARTESIAN_POINT('',(16.2303739908365,24.1347778617895,8.5));
#11360=CARTESIAN_POINT('Origin',(16.3296286060007,24.122590927449,8.5));
#11361=CARTESIAN_POINT('',(15.8715603999873,21.2124756748478,8.5));
#11362=CARTESIAN_POINT('',(14.4482333338601,9.62040696799503,8.5));
#11363=CARTESIAN_POINT('',(15.9424138488704,20.8482923233365,8.5));
#11364=CARTESIAN_POINT('Origin',(16.4670880909721,21.1393540688047,8.5));
#11365=CARTESIAN_POINT('',(13.9947633672432,19.6308110760519,8.5));
#11366=CARTESIAN_POINT('Origin',(14.9367882181755,20.2904239778556,8.5));
#11367=CARTESIAN_POINT('',(13.7079751490677,20.0403870981964,8.5));
#11368=CARTESIAN_POINT('',(16.161033236565,16.5370570801145,8.5));
#11369=CARTESIAN_POINT('',(13.5,20.7000000000001,8.5));
#11370=CARTESIAN_POINT('Origin',(14.65,20.7000000000001,8.5));
#11371=CARTESIAN_POINT('',(13.5000000000001,24.2,8.5));
#11372=CARTESIAN_POINT('',(13.4999999999999,12.35,8.5));
#11373=CARTESIAN_POINT('',(13.4000000000001,24.3,8.5));
#11374=CARTESIAN_POINT('Origin',(13.4000000000001,24.2,8.5));
#11375=CARTESIAN_POINT('',(-13.4000000000001,24.3,8.5));
#11376=CARTESIAN_POINT('',(-12.35,24.3,8.5));
#11377=CARTESIAN_POINT('',(-13.5000000000001,24.2,8.5));
#11378=CARTESIAN_POINT('Origin',(-13.4000000000001,24.2,8.5));
#11379=CARTESIAN_POINT('',(-13.5,20.7000000000001,8.5));
#11380=CARTESIAN_POINT('',(-13.4999999999999,12.35,8.5));
#11381=CARTESIAN_POINT('',(-13.7079751490677,20.0403870981964,8.5));
#11382=CARTESIAN_POINT('Origin',(-14.65,20.7000000000001,8.5));
#11383=CARTESIAN_POINT('',(-13.9947633672432,19.6308110760519,8.5));
#11384=CARTESIAN_POINT('',(-16.161033236565,16.5370570801145,8.5));
#11385=CARTESIAN_POINT('',(-15.9424138488704,20.8482923233365,8.5));
#11386=CARTESIAN_POINT('Origin',(-14.9367882181755,20.2904239778556,8.5));
#11387=CARTESIAN_POINT('',(-15.8715603999873,21.2124756748478,8.5));
#11388=CARTESIAN_POINT('Origin',(-16.4670880909721,21.1393540688047,8.5));
#11389=CARTESIAN_POINT('',(-16.2303739908365,24.1347778617895,8.5));
#11390=CARTESIAN_POINT('',(-14.4482333338601,9.62040696799503,8.5));
#11391=CARTESIAN_POINT('',(-16.3357334599541,24.2224044072912,8.5));
#11392=CARTESIAN_POINT('Origin',(-16.3296286060007,24.122590927449,8.5));
#11393=CARTESIAN_POINT('',(-16.8643925281434,24.1900702335144,8.5));
#11394=CARTESIAN_POINT('',(-8.70156201507298,24.6893303355381,8.5));
#11395=CARTESIAN_POINT('',(-16.9581011540321,24.0841518997187,8.5));
#11396=CARTESIAN_POINT('Origin',(-16.85828767419,24.0902567536722,8.5));
#11397=CARTESIAN_POINT('',(-16.9418105850168,23.8178034506954,8.5));
#11398=CARTESIAN_POINT('',(-16.2079825656804,11.8198213902318,8.5));
#11399=CARTESIAN_POINT('',(-16.9014793838498,23.7435226185871,8.5));
#11400=CARTESIAN_POINT('Origin',(-16.8419971051747,23.8239083046489,8.5));
#11401=CARTESIAN_POINT('',(-16.7931063279492,23.6633307756388,8.5));
#11402=CARTESIAN_POINT('',(-5.76422005207155,15.5023842305735,8.5));
#11403=CARTESIAN_POINT('',(-16.55,23.1810166592685,8.5));
#11404=CARTESIAN_POINT('Origin',(-17.15,23.1810166592685,8.5));
#11405=CARTESIAN_POINT('',(-16.55,10.4542485323639,8.5));
#11406=CARTESIAN_POINT('Origin',(7.34786420303138E-17,0.,-8.3));
#11407=CARTESIAN_POINT('',(-19.9,2.43704713030323E-15,-8.5));
#11408=CARTESIAN_POINT('Origin',(7.34786420303138E-17,0.,-8.5));
#11409=CARTESIAN_POINT('',(-19.5,-2.38806125833734E-15,-8.1));
#11410=CARTESIAN_POINT('',(-19.7,2.41255419432028E-15,-8.3));
#11411=CARTESIAN_POINT('',(19.5,2.38806125833734E-15,-8.10000000000001));
#11412=CARTESIAN_POINT('Origin',(7.34786420303138E-17,0.,-8.1));
#11413=CARTESIAN_POINT('Origin',(7.34786420303138E-17,0.,-8.1));
#11414=CARTESIAN_POINT('Origin',(0.,-4.44089209850063E-15,-8.5));
#11415=CARTESIAN_POINT('',(-20.7428116397785,-16.55,-8.5));
#11416=CARTESIAN_POINT('',(-16.55,-20.7428116397785,-8.5));
#11417=CARTESIAN_POINT('',(-17.6567815537073,-19.6360300860712,-8.5));
#11418=CARTESIAN_POINT('',(-24.3,-16.55,-8.5));
#11419=CARTESIAN_POINT('',(-10.4542485323639,-16.55,-8.5));
#11420=CARTESIAN_POINT('',(-24.3,16.55,-8.5));
#11421=CARTESIAN_POINT('',(-24.3,-12.35,-8.5));
#11422=CARTESIAN_POINT('',(-20.7428116397785,16.55,-8.5));
#11423=CARTESIAN_POINT('',(-12.35,16.55,-8.5));
#11424=CARTESIAN_POINT('',(-16.55,20.7428116397785,-8.5));
#11425=CARTESIAN_POINT('',(-19.6360300860712,17.6567815537073,-8.5));
#11426=CARTESIAN_POINT('',(-16.55,23.1810166592685,-8.5));
#11427=CARTESIAN_POINT('',(-16.55,10.4542485323639,-8.5));
#11428=CARTESIAN_POINT('',(-16.7931063279492,23.6633307756388,-8.5));
#11429=CARTESIAN_POINT('Origin',(-17.15,23.1810166592685,-8.5));
#11430=CARTESIAN_POINT('',(-16.9014793838498,23.7435226185871,-8.5));
#11431=CARTESIAN_POINT('',(-5.76422005207155,15.5023842305735,-8.5));
#11432=CARTESIAN_POINT('',(-16.9418105850169,23.8178034506954,-8.5));
#11433=CARTESIAN_POINT('Origin',(-16.8419971051747,23.8239083046489,-8.5));
#11434=CARTESIAN_POINT('',(-16.9581011540321,24.0841518997187,-8.5));
#11435=CARTESIAN_POINT('',(-16.2079825656804,11.8198213902318,-8.5));
#11436=CARTESIAN_POINT('',(-16.8643925281434,24.1900702335144,-8.5));
#11437=CARTESIAN_POINT('Origin',(-16.85828767419,24.0902567536722,-8.5));
#11438=CARTESIAN_POINT('',(-16.3357334599541,24.2224044072912,-8.5));
#11439=CARTESIAN_POINT('',(-8.70156201507298,24.6893303355381,-8.5));
#11440=CARTESIAN_POINT('',(-16.2303739908365,24.1347778617895,-8.5));
#11441=CARTESIAN_POINT('Origin',(-16.3296286060007,24.122590927449,-8.5));
#11442=CARTESIAN_POINT('',(-15.8715603999873,21.2124756748478,-8.5));
#11443=CARTESIAN_POINT('',(-14.4482333338601,9.62040696799503,-8.5));
#11444=CARTESIAN_POINT('',(-15.9424138488704,20.8482923233365,-8.5));
#11445=CARTESIAN_POINT('Origin',(-16.4670880909721,21.1393540688047,-8.5));
#11446=CARTESIAN_POINT('',(-13.9947633672432,19.6308110760519,-8.5));
#11447=CARTESIAN_POINT('Origin',(-14.9367882181755,20.2904239778556,-8.5));
#11448=CARTESIAN_POINT('',(-13.7079751490677,20.0403870981964,-8.5));
#11449=CARTESIAN_POINT('',(-16.161033236565,16.5370570801145,-8.5));
#11450=CARTESIAN_POINT('',(-13.5,20.7000000000001,-8.5));
#11451=CARTESIAN_POINT('Origin',(-14.65,20.7000000000001,-8.5));
#11452=CARTESIAN_POINT('',(-13.5000000000001,24.2,-8.5));
#11453=CARTESIAN_POINT('',(-13.4999999999999,12.35,-8.5));
#11454=CARTESIAN_POINT('',(-13.4000000000001,24.3,-8.5));
#11455=CARTESIAN_POINT('Origin',(-13.4000000000001,24.2,-8.5));
#11456=CARTESIAN_POINT('',(13.4000000000001,24.3,-8.5));
#11457=CARTESIAN_POINT('',(-12.35,24.3,-8.5));
#11458=CARTESIAN_POINT('',(13.5000000000001,24.2,-8.5));
#11459=CARTESIAN_POINT('Origin',(13.4000000000001,24.2,-8.5));
#11460=CARTESIAN_POINT('',(13.5,20.7000000000001,-8.5));
#11461=CARTESIAN_POINT('',(13.4999999999999,12.35,-8.5));
#11462=CARTESIAN_POINT('',(13.7079751490677,20.0403870981964,-8.5));
#11463=CARTESIAN_POINT('Origin',(14.65,20.7000000000001,-8.5));
#11464=CARTESIAN_POINT('',(13.9947633672432,19.6308110760519,-8.5));
#11465=CARTESIAN_POINT('',(16.161033236565,16.5370570801145,-8.5));
#11466=CARTESIAN_POINT('',(15.9424138488704,20.8482923233365,-8.5));
#11467=CARTESIAN_POINT('Origin',(14.9367882181755,20.2904239778556,-8.5));
#11468=CARTESIAN_POINT('',(15.8715603999873,21.2124756748478,-8.5));
#11469=CARTESIAN_POINT('Origin',(16.4670880909721,21.1393540688047,-8.5));
#11470=CARTESIAN_POINT('',(16.2303739908365,24.1347778617895,-8.5));
#11471=CARTESIAN_POINT('',(14.4482333338601,9.62040696799503,-8.5));
#11472=CARTESIAN_POINT('',(16.3357334599541,24.2224044072912,-8.5));
#11473=CARTESIAN_POINT('Origin',(16.3296286060007,24.122590927449,-8.5));
#11474=CARTESIAN_POINT('',(16.8643925281434,24.1900702335144,-8.5));
#11475=CARTESIAN_POINT('',(8.70156201507298,24.6893303355381,-8.5));
#11476=CARTESIAN_POINT('',(16.9581011540321,24.0841518997187,-8.5));
#11477=CARTESIAN_POINT('Origin',(16.85828767419,24.0902567536722,-8.5));
#11478=CARTESIAN_POINT('',(16.9418105850168,23.8178034506954,-8.5));
#11479=CARTESIAN_POINT('',(16.2079825656804,11.8198213902318,-8.5));
#11480=CARTESIAN_POINT('',(16.9014793838498,23.7435226185871,-8.5));
#11481=CARTESIAN_POINT('Origin',(16.8419971051747,23.8239083046489,-8.5));
#11482=CARTESIAN_POINT('',(16.7931063279492,23.6633307756388,-8.5));
#11483=CARTESIAN_POINT('',(5.76422005207155,15.5023842305735,-8.5));
#11484=CARTESIAN_POINT('',(16.55,23.1810166592685,-8.5));
#11485=CARTESIAN_POINT('Origin',(17.15,23.1810166592685,-8.5));
#11486=CARTESIAN_POINT('',(16.55,20.7428116397785,-8.5));
#11487=CARTESIAN_POINT('',(16.55,12.35,-8.5));
#11488=CARTESIAN_POINT('',(20.7428116397785,16.55,-8.5));
#11489=CARTESIAN_POINT('',(17.6567815537073,19.6360300860712,-8.5));
#11490=CARTESIAN_POINT('',(24.3,16.55,-8.5));
#11491=CARTESIAN_POINT('',(10.4542485323639,16.55,-8.5));
#11492=CARTESIAN_POINT('',(24.3,-16.55,-8.5));
#11493=CARTESIAN_POINT('',(24.3,12.35,-8.5));
#11494=CARTESIAN_POINT('',(20.7428116397785,-16.55,-8.5));
#11495=CARTESIAN_POINT('',(12.35,-16.55,-8.5));
#11496=CARTESIAN_POINT('',(16.55,-20.7428116397785,-8.5));
#11497=CARTESIAN_POINT('',(19.6360300860712,-17.6567815537073,-8.5));
#11498=CARTESIAN_POINT('',(16.55,-23.1810166592685,-8.5));
#11499=CARTESIAN_POINT('',(16.55,-10.4542485323639,-8.5));
#11500=CARTESIAN_POINT('',(16.7931063279492,-23.6633307756388,-8.5));
#11501=CARTESIAN_POINT('Origin',(17.15,-23.1810166592685,-8.5));
#11502=CARTESIAN_POINT('',(16.9014793838498,-23.7435226185871,-8.5));
#11503=CARTESIAN_POINT('',(5.76422005207155,-15.5023842305735,-8.5));
#11504=CARTESIAN_POINT('',(16.9418105850169,-23.8178034506954,-8.5));
#11505=CARTESIAN_POINT('Origin',(16.8419971051747,-23.8239083046489,-8.5));
#11506=CARTESIAN_POINT('',(16.9581011540321,-24.0841518997187,-8.5));
#11507=CARTESIAN_POINT('',(16.2079825656804,-11.8198213902318,-8.5));
#11508=CARTESIAN_POINT('',(16.8643925281434,-24.1900702335144,-8.5));
#11509=CARTESIAN_POINT('Origin',(16.85828767419,-24.0902567536722,-8.5));
#11510=CARTESIAN_POINT('',(16.3357334599541,-24.2224044072912,-8.5));
#11511=CARTESIAN_POINT('',(8.70156201507298,-24.6893303355381,-8.5));
#11512=CARTESIAN_POINT('',(16.2303739908365,-24.1347778617895,-8.5));
#11513=CARTESIAN_POINT('Origin',(16.3296286060007,-24.122590927449,-8.5));
#11514=CARTESIAN_POINT('',(15.8715603999873,-21.2124756748478,-8.5));
#11515=CARTESIAN_POINT('',(14.4482333338601,-9.62040696799503,-8.5));
#11516=CARTESIAN_POINT('',(15.9424138488704,-20.8482923233364,-8.5));
#11517=CARTESIAN_POINT('Origin',(16.4670880909721,-21.1393540688047,-8.5));
#11518=CARTESIAN_POINT('',(13.9947633672432,-19.6308110760519,-8.5));
#11519=CARTESIAN_POINT('Origin',(14.9367882181755,-20.2904239778556,-8.5));
#11520=CARTESIAN_POINT('',(13.7079751490677,-20.0403870981964,-8.5));
#11521=CARTESIAN_POINT('',(16.161033236565,-16.5370570801145,-8.5));
#11522=CARTESIAN_POINT('',(13.5,-20.7000000000001,-8.5));
#11523=CARTESIAN_POINT('Origin',(14.65,-20.7000000000001,-8.5));
#11524=CARTESIAN_POINT('',(13.5000000000001,-24.2,-8.5));
#11525=CARTESIAN_POINT('',(13.4999999999999,-12.35,-8.5));
#11526=CARTESIAN_POINT('',(13.4000000000001,-24.3,-8.5));
#11527=CARTESIAN_POINT('Origin',(13.4000000000001,-24.2,-8.5));
#11528=CARTESIAN_POINT('',(-13.4000000000001,-24.3,-8.5));
#11529=CARTESIAN_POINT('',(12.35,-24.3,-8.5));
#11530=CARTESIAN_POINT('',(-13.5000000000001,-24.2,-8.5));
#11531=CARTESIAN_POINT('Origin',(-13.4000000000001,-24.2,-8.5));
#11532=CARTESIAN_POINT('',(-13.5,-20.7000000000001,-8.5));
#11533=CARTESIAN_POINT('',(-13.4999999999999,-12.35,-8.5));
#11534=CARTESIAN_POINT('',(-13.7079751490677,-20.0403870981964,-8.5));
#11535=CARTESIAN_POINT('Origin',(-14.65,-20.7000000000001,-8.5));
#11536=CARTESIAN_POINT('',(-13.9947633672432,-19.6308110760519,-8.5));
#11537=CARTESIAN_POINT('',(-16.161033236565,-16.5370570801145,-8.5));
#11538=CARTESIAN_POINT('',(-15.9424138488704,-20.8482923233365,-8.5));
#11539=CARTESIAN_POINT('Origin',(-14.9367882181755,-20.2904239778556,-8.5));
#11540=CARTESIAN_POINT('',(-15.8715603999873,-21.2124756748478,-8.5));
#11541=CARTESIAN_POINT('Origin',(-16.4670880909721,-21.1393540688047,-8.5));
#11542=CARTESIAN_POINT('',(-16.2303739908365,-24.1347778617895,-8.5));
#11543=CARTESIAN_POINT('',(-14.4482333338601,-9.62040696799503,-8.5));
#11544=CARTESIAN_POINT('',(-16.3357334599541,-24.2224044072912,-8.5));
#11545=CARTESIAN_POINT('Origin',(-16.3296286060007,-24.122590927449,-8.5));
#11546=CARTESIAN_POINT('',(-16.8643925281434,-24.1900702335144,-8.5));
#11547=CARTESIAN_POINT('',(-8.70156201507299,-24.6893303355381,-8.5));
#11548=CARTESIAN_POINT('',(-16.9581011540321,-24.0841518997187,-8.5));
#11549=CARTESIAN_POINT('Origin',(-16.85828767419,-24.0902567536722,-8.5));
#11550=CARTESIAN_POINT('',(-16.9418105850169,-23.8178034506954,-8.5));
#11551=CARTESIAN_POINT('',(-16.2079825656804,-11.8198213902318,-8.5));
#11552=CARTESIAN_POINT('',(-16.9014793838498,-23.7435226185871,-8.5));
#11553=CARTESIAN_POINT('Origin',(-16.8419971051747,-23.8239083046489,-8.5));
#11554=CARTESIAN_POINT('',(-16.7931063279492,-23.6633307756388,-8.5));
#11555=CARTESIAN_POINT('',(-5.76422005207155,-15.5023842305735,-8.5));
#11556=CARTESIAN_POINT('',(-16.55,-23.1810166592685,-8.5));
#11557=CARTESIAN_POINT('Origin',(-17.15,-23.1810166592685,-8.5));
#11558=CARTESIAN_POINT('',(-16.55,-12.35,-8.5));
#11559=CARTESIAN_POINT('Origin',(1.65326944568208E-16,0.,-7.6));
#11560=CARTESIAN_POINT('',(19.5,2.38806125833734E-15,-6.7));
#11561=CARTESIAN_POINT('',(19.5,2.38806125833734E-15,-7.6));
#11562=CARTESIAN_POINT('Origin',(3.30653889136415E-16,0.,-6.7));
#11563=CARTESIAN_POINT('Origin',(24.5,12.35,-8.3));
#11564=CARTESIAN_POINT('',(24.7,-16.55,-8.1));
#11565=CARTESIAN_POINT('',(24.7,-16.55,-8.1));
#11566=CARTESIAN_POINT('',(24.7,16.55,-8.1));
#11567=CARTESIAN_POINT('',(24.3,16.55,-8.5));
#11568=CARTESIAN_POINT('',(24.7,12.35,-8.1));
#11569=CARTESIAN_POINT('Origin',(17.7982029099446,19.7774514423085,-8.3));
#11570=CARTESIAN_POINT('',(16.95,20.9084970647278,-8.1));
#11571=CARTESIAN_POINT('',(16.55,20.7428116397785,-8.5));
#11572=CARTESIAN_POINT('',(20.9084970647277,16.95,-8.1));
#11573=CARTESIAN_POINT('',(17.9396242661819,19.9188727985458,-8.1));
#11574=CARTESIAN_POINT('',(20.9084970647277,16.95,-8.1));
#11575=CARTESIAN_POINT('Origin',(-19.7774514423085,17.7982029099446,-8.3));
#11576=CARTESIAN_POINT('',(-20.9084970647278,16.95,-8.1));
#11577=CARTESIAN_POINT('',(-20.7428116397785,16.55,-8.5));
#11578=CARTESIAN_POINT('',(-16.95,20.9084970647277,-8.1));
#11579=CARTESIAN_POINT('',(-19.9188727985458,17.9396242661819,-8.1));
#11580=CARTESIAN_POINT('',(-16.95,20.9084970647277,-8.1));
#11581=CARTESIAN_POINT('Origin',(-12.35,16.75,-8.3));
#11582=CARTESIAN_POINT('',(-24.3,16.95,-8.1));
#11583=CARTESIAN_POINT('',(-24.3,16.55,-8.5));
#11584=CARTESIAN_POINT('',(-12.35,16.95,-8.1));
#11585=CARTESIAN_POINT('Origin',(-16.75,10.4542485323639,-8.3));
#11586=CARTESIAN_POINT('',(-16.95,23.1810166592685,-8.1));
#11587=CARTESIAN_POINT('',(-16.95,10.4542485323639,-8.1));
#11588=CARTESIAN_POINT('',(-16.95,23.1810166592685,-8.1));
#11589=CARTESIAN_POINT('Origin',(-17.15,23.1810166592685,-8.3));
#11590=CARTESIAN_POINT('',(-17.0310354426497,23.3417880313919,-8.1));
#11591=CARTESIAN_POINT('Origin',(-17.15,23.1810166592685,-8.1));
#11592=CARTESIAN_POINT('',(-17.0310354426497,23.3417880313919,-8.1));
#11593=CARTESIAN_POINT('Origin',(-5.88318460942181,15.3416128584501,-8.3));
#11594=CARTESIAN_POINT('',(-17.1394084985503,23.4219798743402,-8.1));
#11595=CARTESIAN_POINT('',(-6.00214916677208,15.1808414863266,-8.1));
#11596=CARTESIAN_POINT('',(-17.1394084985503,23.4219798743402,-8.1));
#11597=CARTESIAN_POINT('Origin',(-16.8419971051747,23.8239083046489,-8.3));
#11598=CARTESIAN_POINT('',(-17.3410645043856,23.7933840348814,-8.1));
#11599=CARTESIAN_POINT('Origin',(-16.8419971051747,23.8239083046489,-8.1));
#11600=CARTESIAN_POINT('',(-17.3410645043856,23.7933840348814,-8.1));
#11601=CARTESIAN_POINT('Origin',(-16.4076095253647,11.8076116823248,-8.3));
#11602=CARTESIAN_POINT('',(-17.3573550734009,24.0597324839048,-8.1));
#11603=CARTESIAN_POINT('',(-16.6072364850491,11.7954019744178,-8.1));
#11604=CARTESIAN_POINT('',(-17.3573550734009,24.0597324839048,-8.1));
#11605=CARTESIAN_POINT('Origin',(-16.85828767419,24.0902567536722,-8.3));
#11606=CARTESIAN_POINT('',(-16.8888119439574,24.5893241528832,-8.1));
#11607=CARTESIAN_POINT('Origin',(-16.85828767419,24.0902567536722,-8.1));
#11608=CARTESIAN_POINT('',(-16.8888119439574,24.5893241528832,-8.1));
#11609=CARTESIAN_POINT('Origin',(-8.71377172297995,24.8889572952225,-8.3));
#11610=CARTESIAN_POINT('',(-16.3601528757681,24.6216583266599,-8.1));
#11611=CARTESIAN_POINT('',(-16.3601528757681,24.6216583266599,-8.1));
#11612=CARTESIAN_POINT('',(-8.72598143088693,25.0885842549069,-8.1));
#11613=CARTESIAN_POINT('Origin',(-16.3296286060007,24.122590927449,-8.3));
#11614=CARTESIAN_POINT('',(-15.83335553018,24.1835255991516,-8.1));
#11615=CARTESIAN_POINT('Origin',(-16.3296286060007,24.122590927449,-8.1));
#11616=CARTESIAN_POINT('',(-15.83335553018,24.1835255991516,-8.1));
#11617=CARTESIAN_POINT('Origin',(-14.2497241035318,9.64478083667606,-8.3));
#11618=CARTESIAN_POINT('',(-15.4745419393308,21.2612234122099,-8.1));
#11619=CARTESIAN_POINT('',(-15.4745419393308,21.2612234122099,-8.1));
#11620=CARTESIAN_POINT('',(-14.0512148732036,9.66915470535709,-8.1));
#11621=CARTESIAN_POINT('Origin',(-16.4670880909721,21.1393540688047,-8.3));
#11622=CARTESIAN_POINT('',(-15.5926310208026,20.6542511596909,-8.1));
#11623=CARTESIAN_POINT('Origin',(-16.4670880909721,21.1393540688047,-8.1));
#11624=CARTESIAN_POINT('',(-15.5926310208026,20.6542511596909,-8.1));
#11625=CARTESIAN_POINT('Origin',(-14.9367882181755,20.2904239778556,-8.3));
#11626=CARTESIAN_POINT('',(-14.3224241849588,19.8602416505923,-8.1));
#11627=CARTESIAN_POINT('',(-14.3224241849588,19.8602416505923,-8.1));
#11628=CARTESIAN_POINT('Origin',(-14.9367882181755,20.2904239778556,-8.1));
#11629=CARTESIAN_POINT('Origin',(-16.3248636454228,16.6517723673847,-8.3));
#11630=CARTESIAN_POINT('',(-14.0356359667833,20.2698176727368,-8.1));
#11631=CARTESIAN_POINT('',(-14.0356359667833,20.2698176727368,-8.1));
#11632=CARTESIAN_POINT('',(-16.4886940542806,16.7664876546549,-8.1));
#11633=CARTESIAN_POINT('Origin',(-14.65,20.7000000000001,-8.3));
#11634=CARTESIAN_POINT('',(-13.9,20.7000000000001,-8.1));
#11635=CARTESIAN_POINT('',(-13.9,20.7000000000001,-8.1));
#11636=CARTESIAN_POINT('Origin',(-14.65,20.7000000000001,-8.1));
#11637=CARTESIAN_POINT('Origin',(-13.6999999999999,12.35,-8.3));
#11638=CARTESIAN_POINT('',(-13.9000000000001,24.2,-8.1));
#11639=CARTESIAN_POINT('',(-13.9000000000001,24.2,-8.1));
#11640=CARTESIAN_POINT('',(-13.8999999999999,12.35,-8.1));
#11641=CARTESIAN_POINT('Origin',(-13.4000000000001,24.2,-8.3));
#11642=CARTESIAN_POINT('',(-13.4000000000001,24.7,-8.1));
#11643=CARTESIAN_POINT('Origin',(-13.4000000000001,24.2,-8.1));
#11644=CARTESIAN_POINT('',(-13.4000000000001,24.7,-8.1));
#11645=CARTESIAN_POINT('Origin',(-12.35,24.5,-8.3));
#11646=CARTESIAN_POINT('',(13.4000000000001,24.7,-8.1));
#11647=CARTESIAN_POINT('',(13.4000000000001,24.7,-8.1));
#11648=CARTESIAN_POINT('',(-12.35,24.7,-8.1));
#11649=CARTESIAN_POINT('Origin',(13.4000000000001,24.2,-8.3));
#11650=CARTESIAN_POINT('',(13.9000000000001,24.2,-8.1));
#11651=CARTESIAN_POINT('Origin',(13.4000000000001,24.2,-8.1));
#11652=CARTESIAN_POINT('',(13.9000000000001,24.2,-8.1));
#11653=CARTESIAN_POINT('Origin',(13.6999999999999,12.35,-8.3));
#11654=CARTESIAN_POINT('',(13.9,20.7000000000001,-8.1));
#11655=CARTESIAN_POINT('',(13.9,20.7000000000001,-8.1));
#11656=CARTESIAN_POINT('',(13.8999999999999,12.35,-8.1));
#11657=CARTESIAN_POINT('Origin',(14.65,20.7000000000001,-8.3));
#11658=CARTESIAN_POINT('',(14.0356359667833,20.2698176727368,-8.1));
#11659=CARTESIAN_POINT('',(14.0356359667833,20.2698176727368,-8.1));
#11660=CARTESIAN_POINT('Origin',(14.65,20.7000000000001,-8.1));
#11661=CARTESIAN_POINT('Origin',(16.3248636454228,16.6517723673847,-8.3));
#11662=CARTESIAN_POINT('',(14.3224241849588,19.8602416505923,-8.1));
#11663=CARTESIAN_POINT('',(14.3224241849588,19.8602416505923,-8.1));
#11664=CARTESIAN_POINT('',(16.4886940542806,16.7664876546549,-8.1));
#11665=CARTESIAN_POINT('Origin',(14.9367882181755,20.2904239778556,-8.3));
#11666=CARTESIAN_POINT('',(15.5926310208026,20.6542511596909,-8.1));
#11667=CARTESIAN_POINT('',(15.5926310208026,20.6542511596909,-8.1));
#11668=CARTESIAN_POINT('Origin',(14.9367882181755,20.2904239778556,-8.1));
#11669=CARTESIAN_POINT('Origin',(16.4670880909721,21.1393540688047,-8.3));
#11670=CARTESIAN_POINT('',(15.4745419393308,21.2612234122099,-8.1));
#11671=CARTESIAN_POINT('Origin',(16.4670880909721,21.1393540688047,-8.1));
#11672=CARTESIAN_POINT('',(15.4745419393308,21.2612234122099,-8.1));
#11673=CARTESIAN_POINT('Origin',(14.2497241035318,9.64478083667606,-8.3));
#11674=CARTESIAN_POINT('',(15.83335553018,24.1835255991516,-8.1));
#11675=CARTESIAN_POINT('',(15.83335553018,24.1835255991516,-8.1));
#11676=CARTESIAN_POINT('',(14.0512148732036,9.66915470535709,-8.1));
#11677=CARTESIAN_POINT('Origin',(16.3296286060007,24.122590927449,-8.3));
#11678=CARTESIAN_POINT('',(16.3601528757681,24.6216583266599,-8.1));
#11679=CARTESIAN_POINT('Origin',(16.3296286060007,24.122590927449,-8.1));
#11680=CARTESIAN_POINT('',(16.3601528757681,24.6216583266599,-8.1));
#11681=CARTESIAN_POINT('Origin',(8.71377172297995,24.8889572952225,-8.3));
#11682=CARTESIAN_POINT('',(16.8888119439574,24.5893241528832,-8.1));
#11683=CARTESIAN_POINT('',(16.8888119439574,24.5893241528832,-8.1));
#11684=CARTESIAN_POINT('',(8.72598143088693,25.0885842549069,-8.1));
#11685=CARTESIAN_POINT('Origin',(16.85828767419,24.0902567536722,-8.3));
#11686=CARTESIAN_POINT('',(17.3573550734009,24.0597324839048,-8.1));
#11687=CARTESIAN_POINT('Origin',(16.85828767419,24.0902567536722,-8.1));
#11688=CARTESIAN_POINT('',(17.3573550734009,24.0597324839048,-8.1));
#11689=CARTESIAN_POINT('Origin',(16.4076095253647,11.8076116823248,-8.3));
#11690=CARTESIAN_POINT('',(17.3410645043856,23.7933840348814,-8.1));
#11691=CARTESIAN_POINT('',(17.3410645043856,23.7933840348814,-8.1));
#11692=CARTESIAN_POINT('',(16.6072364850491,11.7954019744178,-8.1));
#11693=CARTESIAN_POINT('Origin',(16.8419971051747,23.8239083046489,-8.3));
#11694=CARTESIAN_POINT('',(17.1394084985503,23.4219798743402,-8.1));
#11695=CARTESIAN_POINT('',(17.1394084985503,23.4219798743402,-8.1));
#11696=CARTESIAN_POINT('Origin',(16.8419971051747,23.8239083046489,-8.1));
#11697=CARTESIAN_POINT('Origin',(5.88318460942181,15.3416128584501,-8.3));
#11698=CARTESIAN_POINT('',(17.0310354426497,23.3417880313919,-8.1));
#11699=CARTESIAN_POINT('',(17.0310354426497,23.3417880313919,-8.1));
#11700=CARTESIAN_POINT('',(6.00214916677208,15.1808414863266,-8.1));
#11701=CARTESIAN_POINT('Origin',(17.15,23.1810166592685,-8.3));
#11702=CARTESIAN_POINT('',(16.95,23.1810166592685,-8.1));
#11703=CARTESIAN_POINT('Origin',(17.15,23.1810166592685,-8.1));
#11704=CARTESIAN_POINT('',(16.95,23.1810166592685,-8.1));
#11705=CARTESIAN_POINT('Origin',(16.75,12.35,-8.3));
#11706=CARTESIAN_POINT('',(16.95,12.35,-8.1));
#11707=CARTESIAN_POINT('Origin',(10.4542485323639,16.75,-8.3));
#11708=CARTESIAN_POINT('',(24.3,16.95,-8.1));
#11709=CARTESIAN_POINT('',(10.4542485323639,16.95,-8.1));
#11710=CARTESIAN_POINT('',(24.3,16.95,-8.1));
#11711=CARTESIAN_POINT('Origin',(-24.5,-12.35,-8.3));
#11712=CARTESIAN_POINT('',(-24.7,16.55,-8.1));
#11713=CARTESIAN_POINT('',(-24.7,16.55,-8.1));
#11714=CARTESIAN_POINT('',(-24.7,-16.55,-8.1));
#11715=CARTESIAN_POINT('',(-24.3,-16.55,-8.5));
#11716=CARTESIAN_POINT('',(-24.7,-12.35,-8.1));
#11717=CARTESIAN_POINT('Origin',(19.7774514423085,-17.7982029099446,-8.3));
#11718=CARTESIAN_POINT('',(20.9084970647278,-16.95,-8.1));
#11719=CARTESIAN_POINT('',(16.95,-20.9084970647277,-8.1));
#11720=CARTESIAN_POINT('',(19.9188727985458,-17.9396242661819,-8.1));
#11721=CARTESIAN_POINT('',(16.95,-20.9084970647277,-8.1));
#11722=CARTESIAN_POINT('',(20.7428116397785,-16.55,-8.5));
#11723=CARTESIAN_POINT('Origin',(-17.7982029099446,-19.7774514423085,-8.3));
#11724=CARTESIAN_POINT('',(-16.95,-20.9084970647278,-8.1));
#11725=CARTESIAN_POINT('',(-20.9084970647277,-16.95,-8.1));
#11726=CARTESIAN_POINT('',(-17.9396242661819,-19.9188727985458,-8.1));
#11727=CARTESIAN_POINT('',(-20.9084970647277,-16.95,-8.1));
#11728=CARTESIAN_POINT('',(-16.55,-20.7428116397785,-8.5));
#11729=CARTESIAN_POINT('Origin',(-10.4542485323639,-16.75,-8.3));
#11730=CARTESIAN_POINT('',(-24.3,-16.95,-8.1));
#11731=CARTESIAN_POINT('',(-10.4542485323639,-16.95,-8.1));
#11732=CARTESIAN_POINT('',(-24.3,-16.95,-8.1));
#11733=CARTESIAN_POINT('Origin',(16.75,-10.4542485323639,-8.3));
#11734=CARTESIAN_POINT('',(16.95,-23.1810166592685,-8.1));
#11735=CARTESIAN_POINT('',(16.95,-10.4542485323639,-8.1));
#11736=CARTESIAN_POINT('',(16.95,-23.1810166592685,-8.1));
#11737=CARTESIAN_POINT('Origin',(17.15,-23.1810166592685,-8.3));
#11738=CARTESIAN_POINT('',(17.0310354426497,-23.3417880313919,-8.1));
#11739=CARTESIAN_POINT('Origin',(17.15,-23.1810166592685,-8.1));
#11740=CARTESIAN_POINT('',(17.0310354426497,-23.3417880313919,-8.1));
#11741=CARTESIAN_POINT('Origin',(5.88318460942181,-15.3416128584501,-8.3));
#11742=CARTESIAN_POINT('',(17.1394084985503,-23.4219798743402,-8.1));
#11743=CARTESIAN_POINT('',(6.00214916677208,-15.1808414863266,-8.1));
#11744=CARTESIAN_POINT('',(17.1394084985503,-23.4219798743402,-8.1));
#11745=CARTESIAN_POINT('Origin',(16.8419971051747,-23.8239083046489,-8.3));
#11746=CARTESIAN_POINT('',(17.3410645043856,-23.7933840348814,-8.1));
#11747=CARTESIAN_POINT('Origin',(16.8419971051747,-23.8239083046489,-8.1));
#11748=CARTESIAN_POINT('',(17.3410645043856,-23.7933840348814,-8.1));
#11749=CARTESIAN_POINT('Origin',(16.4076095253647,-11.8076116823248,-8.3));
#11750=CARTESIAN_POINT('',(17.3573550734009,-24.0597324839048,-8.1));
#11751=CARTESIAN_POINT('',(16.6072364850491,-11.7954019744178,-8.1));
#11752=CARTESIAN_POINT('',(17.3573550734009,-24.0597324839048,-8.1));
#11753=CARTESIAN_POINT('Origin',(16.85828767419,-24.0902567536722,-8.3));
#11754=CARTESIAN_POINT('',(16.8888119439574,-24.5893241528832,-8.1));
#11755=CARTESIAN_POINT('Origin',(16.85828767419,-24.0902567536722,-8.1));
#11756=CARTESIAN_POINT('',(16.8888119439574,-24.5893241528832,-8.1));
#11757=CARTESIAN_POINT('Origin',(8.71377172297995,-24.8889572952225,-8.3));
#11758=CARTESIAN_POINT('',(16.3601528757681,-24.6216583266599,-8.1));
#11759=CARTESIAN_POINT('',(16.3601528757681,-24.6216583266599,-8.1));
#11760=CARTESIAN_POINT('',(8.72598143088692,-25.0885842549069,-8.1));
#11761=CARTESIAN_POINT('Origin',(16.3296286060007,-24.122590927449,-8.3));
#11762=CARTESIAN_POINT('',(15.83335553018,-24.1835255991516,-8.1));
#11763=CARTESIAN_POINT('Origin',(16.3296286060007,-24.122590927449,-8.1));
#11764=CARTESIAN_POINT('',(15.83335553018,-24.1835255991516,-8.1));
#11765=CARTESIAN_POINT('Origin',(14.2497241035318,-9.64478083667606,-8.3));
#11766=CARTESIAN_POINT('',(15.4745419393308,-21.2612234122099,-8.1));
#11767=CARTESIAN_POINT('',(15.4745419393308,-21.2612234122099,-8.1));
#11768=CARTESIAN_POINT('',(14.0512148732036,-9.66915470535709,-8.1));
#11769=CARTESIAN_POINT('Origin',(16.4670880909721,-21.1393540688047,-8.3));
#11770=CARTESIAN_POINT('',(15.5926310208026,-20.6542511596909,-8.1));
#11771=CARTESIAN_POINT('Origin',(16.4670880909721,-21.1393540688047,-8.1));
#11772=CARTESIAN_POINT('',(15.5926310208026,-20.6542511596909,-8.1));
#11773=CARTESIAN_POINT('Origin',(14.9367882181755,-20.2904239778556,-8.3));
#11774=CARTESIAN_POINT('',(14.3224241849588,-19.8602416505923,-8.1));
#11775=CARTESIAN_POINT('',(14.3224241849588,-19.8602416505923,-8.1));
#11776=CARTESIAN_POINT('Origin',(14.9367882181755,-20.2904239778556,-8.1));
#11777=CARTESIAN_POINT('Origin',(16.3248636454228,-16.6517723673847,-8.3));
#11778=CARTESIAN_POINT('',(14.0356359667833,-20.2698176727368,-8.1));
#11779=CARTESIAN_POINT('',(14.0356359667833,-20.2698176727368,-8.1));
#11780=CARTESIAN_POINT('',(16.4886940542806,-16.7664876546549,-8.1));
#11781=CARTESIAN_POINT('Origin',(14.65,-20.7000000000001,-8.3));
#11782=CARTESIAN_POINT('',(13.9,-20.7000000000001,-8.1));
#11783=CARTESIAN_POINT('',(13.9,-20.7000000000001,-8.1));
#11784=CARTESIAN_POINT('Origin',(14.65,-20.7000000000001,-8.1));
#11785=CARTESIAN_POINT('Origin',(13.6999999999999,-12.35,-8.3));
#11786=CARTESIAN_POINT('',(13.9000000000001,-24.2,-8.1));
#11787=CARTESIAN_POINT('',(13.9000000000001,-24.2,-8.1));
#11788=CARTESIAN_POINT('',(13.8999999999999,-12.35,-8.1));
#11789=CARTESIAN_POINT('Origin',(13.4000000000001,-24.2,-8.3));
#11790=CARTESIAN_POINT('',(13.4000000000001,-24.7,-8.1));
#11791=CARTESIAN_POINT('Origin',(13.4000000000001,-24.2,-8.1));
#11792=CARTESIAN_POINT('',(13.4000000000001,-24.7,-8.1));
#11793=CARTESIAN_POINT('Origin',(12.35,-24.5,-8.3));
#11794=CARTESIAN_POINT('',(-13.4000000000001,-24.7,-8.1));
#11795=CARTESIAN_POINT('',(-13.4000000000001,-24.7,-8.1));
#11796=CARTESIAN_POINT('',(12.35,-24.7,-8.1));
#11797=CARTESIAN_POINT('Origin',(-13.4000000000001,-24.2,-8.3));
#11798=CARTESIAN_POINT('',(-13.9000000000001,-24.2,-8.1));
#11799=CARTESIAN_POINT('Origin',(-13.4000000000001,-24.2,-8.1));
#11800=CARTESIAN_POINT('',(-13.9000000000001,-24.2,-8.1));
#11801=CARTESIAN_POINT('Origin',(-13.6999999999999,-12.35,-8.3));
#11802=CARTESIAN_POINT('',(-13.9,-20.7000000000001,-8.1));
#11803=CARTESIAN_POINT('',(-13.9,-20.7000000000001,-8.1));
#11804=CARTESIAN_POINT('',(-13.8999999999999,-12.35,-8.1));
#11805=CARTESIAN_POINT('Origin',(-14.65,-20.7000000000001,-8.3));
#11806=CARTESIAN_POINT('',(-14.0356359667833,-20.2698176727368,-8.1));
#11807=CARTESIAN_POINT('',(-14.0356359667833,-20.2698176727368,-8.1));
#11808=CARTESIAN_POINT('Origin',(-14.65,-20.7000000000001,-8.1));
#11809=CARTESIAN_POINT('Origin',(-16.3248636454228,-16.6517723673847,-8.3));
#11810=CARTESIAN_POINT('',(-14.3224241849588,-19.8602416505923,-8.1));
#11811=CARTESIAN_POINT('',(-14.3224241849588,-19.8602416505923,-8.1));
#11812=CARTESIAN_POINT('',(-16.4886940542806,-16.7664876546549,-8.1));
#11813=CARTESIAN_POINT('Origin',(-14.9367882181755,-20.2904239778556,-8.3));
#11814=CARTESIAN_POINT('',(-15.5926310208026,-20.6542511596909,-8.1));
#11815=CARTESIAN_POINT('',(-15.5926310208026,-20.6542511596909,-8.1));
#11816=CARTESIAN_POINT('Origin',(-14.9367882181755,-20.2904239778556,-8.1));
#11817=CARTESIAN_POINT('Origin',(-16.4670880909721,-21.1393540688047,-8.3));
#11818=CARTESIAN_POINT('',(-15.4745419393308,-21.2612234122099,-8.1));
#11819=CARTESIAN_POINT('Origin',(-16.4670880909721,-21.1393540688047,-8.1));
#11820=CARTESIAN_POINT('',(-15.4745419393308,-21.2612234122099,-8.1));
#11821=CARTESIAN_POINT('Origin',(-14.2497241035318,-9.64478083667606,-8.3));
#11822=CARTESIAN_POINT('',(-15.83335553018,-24.1835255991516,-8.1));
#11823=CARTESIAN_POINT('',(-15.83335553018,-24.1835255991516,-8.1));
#11824=CARTESIAN_POINT('',(-14.0512148732036,-9.66915470535709,-8.1));
#11825=CARTESIAN_POINT('Origin',(-16.3296286060007,-24.122590927449,-8.3));
#11826=CARTESIAN_POINT('',(-16.3601528757681,-24.6216583266599,-8.1));
#11827=CARTESIAN_POINT('Origin',(-16.3296286060007,-24.122590927449,-8.1));
#11828=CARTESIAN_POINT('',(-16.3601528757681,-24.6216583266599,-8.1));
#11829=CARTESIAN_POINT('Origin',(-8.71377172297996,-24.8889572952225,-8.3));
#11830=CARTESIAN_POINT('',(-16.8888119439574,-24.5893241528832,-8.1));
#11831=CARTESIAN_POINT('',(-16.8888119439574,-24.5893241528832,-8.1));
#11832=CARTESIAN_POINT('',(-8.72598143088693,-25.0885842549069,-8.1));
#11833=CARTESIAN_POINT('Origin',(-16.85828767419,-24.0902567536722,-8.3));
#11834=CARTESIAN_POINT('',(-17.3573550734009,-24.0597324839048,-8.1));
#11835=CARTESIAN_POINT('Origin',(-16.85828767419,-24.0902567536722,-8.1));
#11836=CARTESIAN_POINT('',(-17.3573550734009,-24.0597324839048,-8.1));
#11837=CARTESIAN_POINT('Origin',(-16.4076095253647,-11.8076116823248,-8.3));
#11838=CARTESIAN_POINT('',(-17.3410645043856,-23.7933840348814,-8.1));
#11839=CARTESIAN_POINT('',(-17.3410645043856,-23.7933840348814,-8.1));
#11840=CARTESIAN_POINT('',(-16.6072364850491,-11.7954019744178,-8.1));
#11841=CARTESIAN_POINT('Origin',(-16.8419971051747,-23.8239083046489,-8.3));
#11842=CARTESIAN_POINT('',(-17.1394084985503,-23.4219798743402,-8.1));
#11843=CARTESIAN_POINT('',(-17.1394084985503,-23.4219798743402,-8.1));
#11844=CARTESIAN_POINT('Origin',(-16.8419971051747,-23.8239083046489,-8.1));
#11845=CARTESIAN_POINT('Origin',(-5.88318460942182,-15.3416128584501,-8.3));
#11846=CARTESIAN_POINT('',(-17.0310354426497,-23.3417880313919,-8.1));
#11847=CARTESIAN_POINT('',(-17.0310354426497,-23.3417880313919,-8.1));
#11848=CARTESIAN_POINT('',(-6.00214916677208,-15.1808414863266,-8.1));
#11849=CARTESIAN_POINT('Origin',(-17.15,-23.1810166592685,-8.3));
#11850=CARTESIAN_POINT('',(-16.95,-23.1810166592685,-8.1));
#11851=CARTESIAN_POINT('Origin',(-17.15,-23.1810166592685,-8.1));
#11852=CARTESIAN_POINT('',(-16.95,-23.1810166592685,-8.1));
#11853=CARTESIAN_POINT('Origin',(-16.75,-12.35,-8.3));
#11854=CARTESIAN_POINT('',(-16.95,-12.35,-8.1));
#11855=CARTESIAN_POINT('Origin',(12.35,-16.75,-8.3));
#11856=CARTESIAN_POINT('',(24.3,-16.95,-8.1));
#11857=CARTESIAN_POINT('',(24.3,-16.55,-8.5));
#11858=CARTESIAN_POINT('',(12.35,-16.95,-8.1));
#11859=CARTESIAN_POINT('Origin',(-24.3,-16.55,-8.1));
#11860=CARTESIAN_POINT('Origin',(-24.3,-16.55,-8.1));
#11861=CARTESIAN_POINT('Origin',(-24.3,16.55,-8.1));
#11862=CARTESIAN_POINT('Origin',(-24.3,16.55,-8.1));
#11863=CARTESIAN_POINT('Origin',(24.3,16.55,-8.1));
#11864=CARTESIAN_POINT('Origin',(24.3,16.55,-8.1));
#11865=CARTESIAN_POINT('Origin',(24.3,-16.55,-8.1));
#11866=CARTESIAN_POINT('Origin',(24.3,-16.55,-8.1));
#11867=CARTESIAN_POINT('Origin',(16.95,24.6999999999999,0.));
#11868=CARTESIAN_POINT('',(16.95,23.1810166592685,8.1));
#11869=CARTESIAN_POINT('',(16.95,23.1810166592685,0.));
#11870=CARTESIAN_POINT('',(16.95,20.9084970647278,8.1));
#11871=CARTESIAN_POINT('',(16.95,12.35,8.1));
#11872=CARTESIAN_POINT('',(16.95,20.9084970647278,0.));
#11873=CARTESIAN_POINT('Origin',(17.15,23.1810166592685,0.));
#11874=CARTESIAN_POINT('',(17.0310354426497,23.3417880313919,8.1));
#11875=CARTESIAN_POINT('',(17.0310354426497,23.3417880313919,0.));
#11876=CARTESIAN_POINT('Origin',(17.15,23.1810166592685,8.1));
#11877=CARTESIAN_POINT('Origin',(17.1394084985503,23.4219798743402,0.));
#11878=CARTESIAN_POINT('',(17.1394084985503,23.4219798743402,8.1));
#11879=CARTESIAN_POINT('',(17.1394084985503,23.4219798743402,0.));
#11880=CARTESIAN_POINT('',(6.00214916677208,15.1808414863266,8.1));
#11881=CARTESIAN_POINT('Origin',(16.8419971051747,23.8239083046489,0.));
#11882=CARTESIAN_POINT('',(17.3410645043856,23.7933840348814,8.1));
#11883=CARTESIAN_POINT('',(17.3410645043856,23.7933840348814,0.));
#11884=CARTESIAN_POINT('Origin',(16.8419971051747,23.8239083046489,8.1));
#11885=CARTESIAN_POINT('Origin',(17.3878793431683,24.5587998831157,0.));
#11886=CARTESIAN_POINT('',(17.3573550734009,24.0597324839048,8.1));
#11887=CARTESIAN_POINT('',(17.3573550734009,24.0597324839048,0.));
#11888=CARTESIAN_POINT('',(16.6072364850491,11.7954019744178,8.1));
#11889=CARTESIAN_POINT('Origin',(16.85828767419,24.0902567536722,0.));
#11890=CARTESIAN_POINT('',(16.8888119439574,24.5893241528832,8.1));
#11891=CARTESIAN_POINT('',(16.8888119439574,24.5893241528832,0.));
#11892=CARTESIAN_POINT('Origin',(16.85828767419,24.0902567536722,8.1));
#11893=CARTESIAN_POINT('Origin',(15.8906771455355,24.650372692418,0.));
#11894=CARTESIAN_POINT('',(16.3601528757681,24.6216583266599,8.1));
#11895=CARTESIAN_POINT('',(16.3601528757681,24.6216583266599,0.));
#11896=CARTESIAN_POINT('',(8.72598143088693,25.0885842549069,8.1));
#11897=CARTESIAN_POINT('Origin',(16.3296286060007,24.122590927449,0.));
#11898=CARTESIAN_POINT('',(15.83335553018,24.1835255991516,8.1));
#11899=CARTESIAN_POINT('',(15.83335553018,24.1835255991516,0.));
#11900=CARTESIAN_POINT('Origin',(16.3296286060007,24.122590927449,8.1));
#11901=CARTESIAN_POINT('Origin',(15.429495557161,20.8943500704922,0.));
#11902=CARTESIAN_POINT('',(15.4745419393308,21.2612234122099,8.1));
#11903=CARTESIAN_POINT('',(15.4745419393308,21.2612234122099,0.));
#11904=CARTESIAN_POINT('',(14.0512148732036,9.66915470535709,8.1));
#11905=CARTESIAN_POINT('Origin',(16.4670880909721,21.1393540688047,0.));
#11906=CARTESIAN_POINT('',(15.5926310208026,20.6542511596909,8.1));
#11907=CARTESIAN_POINT('',(15.5926310208026,20.6542511596909,0.));
#11908=CARTESIAN_POINT('Origin',(16.4670880909721,21.1393540688047,8.1));
#11909=CARTESIAN_POINT('Origin',(14.9367882181755,20.2904239778556,0.));
#11910=CARTESIAN_POINT('',(14.3224241849588,19.8602416505923,8.1));
#11911=CARTESIAN_POINT('',(14.3224241849588,19.8602416505923,0.));
#11912=CARTESIAN_POINT('Origin',(14.9367882181755,20.2904239778556,8.1));
#11913=CARTESIAN_POINT('Origin',(14.0356359667833,20.2698176727368,0.));
#11914=CARTESIAN_POINT('',(14.0356359667833,20.2698176727368,8.1));
#11915=CARTESIAN_POINT('',(14.0356359667833,20.2698176727368,0.));
#11916=CARTESIAN_POINT('',(16.4886940542806,16.7664876546549,8.1));
#11917=CARTESIAN_POINT('Origin',(14.65,20.7000000000001,0.));
#11918=CARTESIAN_POINT('',(13.9,20.7000000000001,8.1));
#11919=CARTESIAN_POINT('',(13.9,20.7000000000001,0.));
#11920=CARTESIAN_POINT('Origin',(14.65,20.7000000000001,8.1));
#11921=CARTESIAN_POINT('Origin',(13.9000000000001,24.7000000000001,0.));
#11922=CARTESIAN_POINT('',(13.9000000000001,24.2,8.1));
#11923=CARTESIAN_POINT('',(13.9000000000001,24.2,0.));
#11924=CARTESIAN_POINT('',(13.8999999999999,12.35,8.1));
#11925=CARTESIAN_POINT('Origin',(13.4000000000001,24.2,0.));
#11926=CARTESIAN_POINT('',(13.4000000000001,24.7,8.1));
#11927=CARTESIAN_POINT('',(13.4000000000001,24.7,0.));
#11928=CARTESIAN_POINT('Origin',(13.4000000000001,24.2,8.1));
#11929=CARTESIAN_POINT('Origin',(-24.6999999999999,24.7,0.));
#11930=CARTESIAN_POINT('',(-13.4000000000001,24.7,8.1));
#11931=CARTESIAN_POINT('',(-13.4000000000001,24.7,0.));
#11932=CARTESIAN_POINT('',(-12.35,24.7,8.1));
#11933=CARTESIAN_POINT('Origin',(-13.4000000000001,24.2,0.));
#11934=CARTESIAN_POINT('',(-13.9000000000001,24.2,8.1));
#11935=CARTESIAN_POINT('',(-13.9000000000001,24.2,0.));
#11936=CARTESIAN_POINT('Origin',(-13.4000000000001,24.2,8.1));
#11937=CARTESIAN_POINT('Origin',(-13.9000000000001,24.7000000000001,0.));
#11938=CARTESIAN_POINT('',(-13.9,20.7000000000001,8.1));
#11939=CARTESIAN_POINT('',(-13.9,20.7000000000001,0.));
#11940=CARTESIAN_POINT('',(-13.8999999999999,12.35,8.1));
#11941=CARTESIAN_POINT('Origin',(-14.65,20.7000000000001,0.));
#11942=CARTESIAN_POINT('',(-14.0356359667833,20.2698176727368,8.1));
#11943=CARTESIAN_POINT('',(-14.0356359667833,20.2698176727368,0.));
#11944=CARTESIAN_POINT('Origin',(-14.65,20.7000000000001,8.1));
#11945=CARTESIAN_POINT('Origin',(-14.0356359667833,20.2698176727368,0.));
#11946=CARTESIAN_POINT('',(-14.3224241849588,19.8602416505923,8.1));
#11947=CARTESIAN_POINT('',(-14.3224241849588,19.8602416505923,0.));
#11948=CARTESIAN_POINT('',(-16.4886940542806,16.7664876546549,8.1));
#11949=CARTESIAN_POINT('Origin',(-14.9367882181755,20.2904239778556,0.));
#11950=CARTESIAN_POINT('',(-15.5926310208026,20.6542511596909,8.1));
#11951=CARTESIAN_POINT('',(-15.5926310208026,20.6542511596909,0.));
#11952=CARTESIAN_POINT('Origin',(-14.9367882181755,20.2904239778556,8.1));
#11953=CARTESIAN_POINT('Origin',(-16.4670880909721,21.1393540688047,0.));
#11954=CARTESIAN_POINT('',(-15.4745419393308,21.2612234122099,8.1));
#11955=CARTESIAN_POINT('',(-15.4745419393308,21.2612234122099,0.));
#11956=CARTESIAN_POINT('Origin',(-16.4670880909721,21.1393540688047,8.1));
#11957=CARTESIAN_POINT('Origin',(-15.429495557161,20.8943500704922,0.));
#11958=CARTESIAN_POINT('',(-15.83335553018,24.1835255991516,8.1));
#11959=CARTESIAN_POINT('',(-15.83335553018,24.1835255991516,0.));
#11960=CARTESIAN_POINT('',(-14.0512148732036,9.66915470535709,8.1));
#11961=CARTESIAN_POINT('Origin',(-16.3296286060007,24.122590927449,0.));
#11962=CARTESIAN_POINT('',(-16.3601528757681,24.6216583266599,8.1));
#11963=CARTESIAN_POINT('',(-16.3601528757681,24.6216583266599,0.));
#11964=CARTESIAN_POINT('Origin',(-16.3296286060007,24.122590927449,8.1));
#11965=CARTESIAN_POINT('Origin',(-15.8906771455355,24.650372692418,0.));
#11966=CARTESIAN_POINT('',(-16.8888119439574,24.5893241528832,8.1));
#11967=CARTESIAN_POINT('',(-16.8888119439574,24.5893241528832,0.));
#11968=CARTESIAN_POINT('',(-8.72598143088693,25.0885842549069,8.1));
#11969=CARTESIAN_POINT('Origin',(-16.85828767419,24.0902567536722,0.));
#11970=CARTESIAN_POINT('',(-17.3573550734009,24.0597324839048,8.1));
#11971=CARTESIAN_POINT('',(-17.3573550734009,24.0597324839048,0.));
#11972=CARTESIAN_POINT('Origin',(-16.85828767419,24.0902567536722,8.1));
#11973=CARTESIAN_POINT('Origin',(-17.3878793431683,24.5587998831157,0.));
#11974=CARTESIAN_POINT('',(-17.3410645043856,23.7933840348814,8.1));
#11975=CARTESIAN_POINT('',(-17.3410645043856,23.7933840348814,0.));
#11976=CARTESIAN_POINT('',(-16.6072364850491,11.7954019744178,8.1));
#11977=CARTESIAN_POINT('Origin',(-16.8419971051747,23.8239083046489,0.));
#11978=CARTESIAN_POINT('',(-17.1394084985503,23.4219798743402,8.1));
#11979=CARTESIAN_POINT('',(-17.1394084985503,23.4219798743402,0.));
#11980=CARTESIAN_POINT('Origin',(-16.8419971051747,23.8239083046489,8.1));
#11981=CARTESIAN_POINT('Origin',(-17.1394084985503,23.4219798743402,0.));
#11982=CARTESIAN_POINT('',(-17.0310354426497,23.3417880313919,8.1));
#11983=CARTESIAN_POINT('',(-17.0310354426497,23.3417880313919,0.));
#11984=CARTESIAN_POINT('',(-6.00214916677208,15.1808414863266,8.1));
#11985=CARTESIAN_POINT('Origin',(-17.15,23.1810166592685,0.));
#11986=CARTESIAN_POINT('',(-16.95,23.1810166592685,8.1));
#11987=CARTESIAN_POINT('',(-16.95,23.1810166592685,0.));
#11988=CARTESIAN_POINT('Origin',(-17.15,23.1810166592685,8.1));
#11989=CARTESIAN_POINT('Origin',(-16.95,20.9084970647277,0.));
#11990=CARTESIAN_POINT('',(-16.95,20.9084970647277,8.1));
#11991=CARTESIAN_POINT('',(-16.95,20.9084970647277,0.));
#11992=CARTESIAN_POINT('',(-16.95,10.4542485323639,8.1));
#11993=CARTESIAN_POINT('Origin',(-20.9084970647278,16.95,0.));
#11994=CARTESIAN_POINT('',(-20.9084970647278,16.95,8.1));
#11995=CARTESIAN_POINT('',(-20.9084970647278,16.95,0.));
#11996=CARTESIAN_POINT('',(-19.9188727985458,17.9396242661819,8.1));
#11997=CARTESIAN_POINT('Origin',(-24.6999999999999,16.95,0.));
#11998=CARTESIAN_POINT('',(-24.3,16.95,8.1));
#11999=CARTESIAN_POINT('',(-24.3,16.95,0.));
#12000=CARTESIAN_POINT('',(-12.35,16.95,8.1));
#12001=CARTESIAN_POINT('Origin',(-24.3,16.55,0.));
#12002=CARTESIAN_POINT('',(-24.7,16.55,8.1));
#12003=CARTESIAN_POINT('',(-24.7,16.55,0.));
#12004=CARTESIAN_POINT('Origin',(-24.3,16.55,8.1));
#12005=CARTESIAN_POINT('Origin',(-24.7000000000001,-24.7000000000001,0.));
#12006=CARTESIAN_POINT('',(-24.7,-16.55,8.1));
#12007=CARTESIAN_POINT('',(-24.7,-16.55,0.));
#12008=CARTESIAN_POINT('',(-24.7,-12.35,8.1));
#12009=CARTESIAN_POINT('',(-24.7,-12.4297002097969,-2.25));
#12010=CARTESIAN_POINT('',(-24.7,-9.45765814914502,-2.25));
#12011=CARTESIAN_POINT('',(-24.7,-17.8218395897355,-2.25));
#12012=CARTESIAN_POINT('',(-24.7,-9.45765814914502,-1.51701784761837));
#12013=CARTESIAN_POINT('',(-24.7,-9.45765814914502,-0.941754461904592));
#12014=CARTESIAN_POINT('',(-24.7,-10.6647083602809,-0.324554345982581));
#12015=CARTESIAN_POINT('Ctrl Pts',(-24.7,-9.45765814914502,-1.51701784761837));
#12016=CARTESIAN_POINT('Ctrl Pts',(-24.7,-9.83691259614845,-1.18152352911533));
#12017=CARTESIAN_POINT('Ctrl Pts',(-24.7,-10.4349676856539,-0.59076179435999));
#12018=CARTESIAN_POINT('Ctrl Pts',(-24.7,-10.6647083602809,-0.324554345982581));
#12019=CARTESIAN_POINT('',(-24.7,-11.226296676036,0.827795704527843));
#12020=CARTESIAN_POINT('Ctrl Pts',(-24.7,-10.6647083602809,-0.324554345982581));
#12021=CARTESIAN_POINT('Ctrl Pts',(-24.7,-10.9600892276586,0.0218800046455529));
#12022=CARTESIAN_POINT('Ctrl Pts',(-24.7,-11.226296676036,0.550648224025336));
#12023=CARTESIAN_POINT('Ctrl Pts',(-24.7,-11.226296676036,0.827795704527843));
#12024=CARTESIAN_POINT('',(-24.7,-10.5881281354053,1.47690427728372));
#12025=CARTESIAN_POINT('Ctrl Pts',(-24.7,-11.226296676036,0.827795704527843));
#12026=CARTESIAN_POINT('Ctrl Pts',(-24.7,-11.226296676036,1.14140995878068));
#12027=CARTESIAN_POINT('Ctrl Pts',(-24.7,-10.890802357533,1.47690427728372));
#12028=CARTESIAN_POINT('Ctrl Pts',(-24.7,-10.5881281354053,1.47690427728372));
#12029=CARTESIAN_POINT('',(-24.7,-10.0192464649001,1.32739050490736));
#12030=CARTESIAN_POINT('Ctrl Pts',(-24.7,-10.5881281354053,1.47690427728372));
#12031=CARTESIAN_POINT('Ctrl Pts',(-24.7,-10.4349676856539,1.47690427728372));
#12032=CARTESIAN_POINT('Ctrl Pts',(-24.7,-10.1578202051514,1.39303069765796));
#12033=CARTESIAN_POINT('Ctrl Pts',(-24.7,-10.0192464649001,1.32739050490736));
#12034=CARTESIAN_POINT('',(-24.7,-9.63634534052164,1.07576976603009));
#12035=CARTESIAN_POINT('Ctrl Pts',(-24.7,-10.0192464649001,1.32739050490736));
#12036=CARTESIAN_POINT('Ctrl Pts',(-24.7,-9.88067272464885,1.25810363478174));
#12037=CARTESIAN_POINT('Ctrl Pts',(-24.7,-9.68375214639707,1.11223653978042));
#12038=CARTESIAN_POINT('Ctrl Pts',(-24.7,-9.63634534052164,1.07576976603009));
#12039=CARTESIAN_POINT('',(-24.7,-9.55611843827091,1.07576976603009));
#12040=CARTESIAN_POINT('',(-24.7,-17.1481159446982,1.07576976603009));
#12041=CARTESIAN_POINT('',(-24.7,-9.55611843827091,2.05672597991396));
#12042=CARTESIAN_POINT('',(-24.7,-9.55611843827091,0.783123936486012));
#12043=CARTESIAN_POINT('',(-24.7,-10.7923420684071,2.3375201377915));
#12044=CARTESIAN_POINT('Ctrl Pts',(-24.7,-9.55611843827091,2.05672597991396));
#12045=CARTESIAN_POINT('Ctrl Pts',(-24.7,-9.72751227489746,2.14789291428979));
#12046=CARTESIAN_POINT('Ctrl Pts',(-24.7,-10.4568477499041,2.3375201377915));
#12047=CARTESIAN_POINT('Ctrl Pts',(-24.7,-10.7923420684071,2.3375201377915));
#12048=CARTESIAN_POINT('',(-24.7,-12.2546596957953,0.977309476904196));
#12049=CARTESIAN_POINT('Ctrl Pts',(-24.7,-10.7923420684071,2.3375201377915));
#12050=CARTESIAN_POINT('Ctrl Pts',(-24.7,-11.5143841886636,2.3375201377915));
#12051=CARTESIAN_POINT('Ctrl Pts',(-24.7,-12.2546596957953,1.62277137228504));
#12052=CARTESIAN_POINT('Ctrl Pts',(-24.7,-12.2546596957953,0.977309476904196));
#12053=CARTESIAN_POINT('',(-24.7,-11.5253242207887,-0.623581890735286));
#12054=CARTESIAN_POINT('Ctrl Pts',(-24.7,-12.2546596957953,0.977309476904196));
#12055=CARTESIAN_POINT('Ctrl Pts',(-24.7,-12.2546596957953,0.5798216430256));
#12056=CARTESIAN_POINT('Ctrl Pts',(-24.7,-11.9191653772923,-0.185980605731328));
#12057=CARTESIAN_POINT('Ctrl Pts',(-24.7,-11.5253242207887,-0.623581890735287));
#12058=CARTESIAN_POINT('',(-24.7,-10.7157618435314,-1.40032417161731));
#12059=CARTESIAN_POINT('Ctrl Pts',(-24.7,-11.5253242207887,-0.623581890735287));
#12060=CARTESIAN_POINT('Ctrl Pts',(-24.7,-11.2809968366615,-0.893436016487728));
#12061=CARTESIAN_POINT('Ctrl Pts',(-24.7,-10.8178688100323,-1.31280391461652));
#12062=CARTESIAN_POINT('Ctrl Pts',(-24.7,-10.7157618435314,-1.40032417161731));
#12063=CARTESIAN_POINT('',(-24.7,-12.4297002097969,-1.40032417161731));
#12064=CARTESIAN_POINT('',(-24.7,-18.1363655133321,-1.40032417161731));
#12065=CARTESIAN_POINT('',(-24.7,-12.4297002097969,-0.912581042904329));
#12066=CARTESIAN_POINT('',(-24.7,-3.26924657367617,-2.34481361175086));
#12067=CARTESIAN_POINT('',(-24.7,-1.57718827166086,-0.623581890735285));
#12068=CARTESIAN_POINT('Ctrl Pts',(-24.7,-3.26924657367617,-2.34481361175086));
#12069=CARTESIAN_POINT('Ctrl Pts',(-24.7,-2.45603751904381,-2.34481361175086));
#12070=CARTESIAN_POINT('Ctrl Pts',(-24.7,-1.57718827166086,-1.46961104174294));
#12071=CARTESIAN_POINT('Ctrl Pts',(-24.7,-1.57718827166086,-0.623581890735285));
#12072=CARTESIAN_POINT('',(-24.7,-1.57718827166086,2.24999988079071));
#12073=CARTESIAN_POINT('',(-24.7,-1.57718827166086,0.406604497513857));
#12074=CARTESIAN_POINT('',(-24.7,-2.59461125929506,2.24999988079071));
#12075=CARTESIAN_POINT('',(-24.7,-13.392949882739,2.24999988079071));
#12076=CARTESIAN_POINT('',(-24.7,-2.59461125929506,-0.557941697984691));
#12077=CARTESIAN_POINT('',(-24.7,-2.59461125929506,0.423014545701505));
#12078=CARTESIAN_POINT('',(-24.7,-3.26924657367617,-1.4878444286181));
#12079=CARTESIAN_POINT('Ctrl Pts',(-24.7,-2.59461125929506,-0.557941697984692));
#12080=CARTESIAN_POINT('Ctrl Pts',(-24.7,-2.59461125929506,-1.02836307936395));
#12081=CARTESIAN_POINT('Ctrl Pts',(-24.7,-2.91187219092293,-1.4878444286181));
#12082=CARTESIAN_POINT('Ctrl Pts',(-24.7,-3.26924657367617,-1.4878444286181));
#12083=CARTESIAN_POINT('',(-24.7,-3.9475285654323,-0.557941697984692));
#12084=CARTESIAN_POINT('Ctrl Pts',(-24.7,-3.26924657367617,-1.4878444286181));
#12085=CARTESIAN_POINT('Ctrl Pts',(-24.7,-3.61932760167933,-1.4878444286181));
#12086=CARTESIAN_POINT('Ctrl Pts',(-24.7,-3.9475285654323,-1.04659646623911));
#12087=CARTESIAN_POINT('Ctrl Pts',(-24.7,-3.9475285654323,-0.557941697984692));
#12088=CARTESIAN_POINT('',(-24.7,-3.9475285654323,2.24999988079071));
#12089=CARTESIAN_POINT('',(-24.7,-3.9475285654323,0.423014545701505));
#12090=CARTESIAN_POINT('',(-24.7,-4.96495155306651,2.24999988079071));
#12091=CARTESIAN_POINT('',(-24.7,-14.5781200296247,2.24999988079071));
#12092=CARTESIAN_POINT('',(-24.7,-4.96495155306651,-0.619935213360253));
#12093=CARTESIAN_POINT('',(-24.7,-4.96495155306651,0.407516166857615));
#12094=CARTESIAN_POINT('Ctrl Pts',(-24.7,-4.96495155306651,-0.619935213360253));
#12095=CARTESIAN_POINT('Ctrl Pts',(-24.7,-4.96495155306651,-1.45137765486777));
#12096=CARTESIAN_POINT('Ctrl Pts',(-24.7,-4.10798236993375,-2.34481361175086));
#12097=CARTESIAN_POINT('Ctrl Pts',(-24.7,-3.26924657367617,-2.34481361175086));
#12098=CARTESIAN_POINT('',(-24.7,9.29720354766089,-0.554295020609657));
#12099=CARTESIAN_POINT('',(-24.7,10.8725681736751,-2.35575364387595));
#12100=CARTESIAN_POINT('Ctrl Pts',(-24.7,9.29720354766089,-0.554295020609657));
#12101=CARTESIAN_POINT('Ctrl Pts',(-24.7,9.29720354766089,-1.39303081686724));
#12102=CARTESIAN_POINT('Ctrl Pts',(-24.7,10.1213526344183,-2.35575364387595));
#12103=CARTESIAN_POINT('Ctrl Pts',(-24.7,10.8725681736751,-2.35575364387595));
#12104=CARTESIAN_POINT('',(-24.7,12.4479327996894,-0.554295020609657));
#12105=CARTESIAN_POINT('Ctrl Pts',(-24.7,10.8725681736751,-2.35575364387595));
#12106=CARTESIAN_POINT('Ctrl Pts',(-24.7,11.6201370355569,-2.35575364387595));
#12107=CARTESIAN_POINT('Ctrl Pts',(-24.7,12.4479327996894,-1.39303081686724));
#12108=CARTESIAN_POINT('Ctrl Pts',(-24.7,12.4479327996894,-0.554295020609657));
#12109=CARTESIAN_POINT('',(-24.7,10.8725681736751,1.25081028003167));
#12110=CARTESIAN_POINT('Ctrl Pts',(-24.7,12.4479327996894,-0.554295020609657));
#12111=CARTESIAN_POINT('Ctrl Pts',(-24.7,12.4479327996894,0.291734130397998));
#12112=CARTESIAN_POINT('Ctrl Pts',(-24.7,11.6201370355569,1.25081028003167));
#12113=CARTESIAN_POINT('Ctrl Pts',(-24.7,10.8725681736751,1.25081028003167));
#12114=CARTESIAN_POINT('Ctrl Pts',(-24.7,10.8725681736751,1.25081028003167));
#12115=CARTESIAN_POINT('Ctrl Pts',(-24.7,10.1213526344183,1.25081028003167));
#12116=CARTESIAN_POINT('Ctrl Pts',(-24.7,9.29720354766089,0.288087453022964));
#12117=CARTESIAN_POINT('Ctrl Pts',(-24.7,9.29720354766089,-0.554295020609657));
#12118=CARTESIAN_POINT('',(-24.7,5.80003997784959,-0.506888214734228));
#12119=CARTESIAN_POINT('',(-24.7,7.08367041386121,-2.31564019275059));
#12120=CARTESIAN_POINT('Ctrl Pts',(-24.7,5.80003997784959,-0.506888214734228));
#12121=CARTESIAN_POINT('Ctrl Pts',(-24.7,5.80003997784959,-1.32009726936658));
#12122=CARTESIAN_POINT('Ctrl Pts',(-24.7,6.54031548498129,-2.31564019275059));
#12123=CARTESIAN_POINT('Ctrl Pts',(-24.7,7.08367041386121,-2.31564019275059));
#12124=CARTESIAN_POINT('',(-24.7,7.83853263049303,-2.07860616337345));
#12125=CARTESIAN_POINT('Ctrl Pts',(-24.7,7.08367041386121,-2.31564019275059));
#12126=CARTESIAN_POINT('Ctrl Pts',(-24.7,7.31341108848829,-2.31564019275059));
#12127=CARTESIAN_POINT('Ctrl Pts',(-24.7,7.64890540699132,-2.20259319412457));
#12128=CARTESIAN_POINT('Ctrl Pts',(-24.7,7.83853263049303,-2.07860616337345));
#12129=CARTESIAN_POINT('',(-24.7,7.83853263049303,-3.49351698488625));
#12130=CARTESIAN_POINT('',(-24.7,7.83853263049303,-1.39303078706492));
#12131=CARTESIAN_POINT('',(-24.7,8.79031542537665,-3.49351698488625));
#12132=CARTESIAN_POINT('',(-24.7,-8.19278798603261,-3.49351698488625));
#12133=CARTESIAN_POINT('',(-24.7,8.79031542537665,1.14505663615572));
#12134=CARTESIAN_POINT('',(-24.7,8.79031542537664,-0.587115087182633));
#12135=CARTESIAN_POINT('',(-24.7,7.83853263049303,1.14505663615572));
#12136=CARTESIAN_POINT('',(-24.7,-8.19278798603261,1.14505663615572));
#12137=CARTESIAN_POINT('',(-24.7,7.83853263049303,0.787682253402484));
#12138=CARTESIAN_POINT('',(-24.7,7.83853263049303,0.48318472238955));
#12139=CARTESIAN_POINT('',(-24.7,6.90862989985962,1.23622357053154));
#12140=CARTESIAN_POINT('Ctrl Pts',(-24.7,7.83853263049303,0.787682253402484));
#12141=CARTESIAN_POINT('Ctrl Pts',(-24.7,7.63067202011615,0.988249509029298));
#12142=CARTESIAN_POINT('Ctrl Pts',(-24.7,7.19671741248723,1.23622357053154));
#12143=CARTESIAN_POINT('Ctrl Pts',(-24.7,6.90862989985962,1.23622357053154));
#12144=CARTESIAN_POINT('Ctrl Pts',(-24.7,6.90862989985962,1.23622357053154));
#12145=CARTESIAN_POINT('Ctrl Pts',(-24.7,6.37986168047984,1.23622357053154));
#12146=CARTESIAN_POINT('Ctrl Pts',(-24.7,5.80003997784959,0.299027485148063));
#12147=CARTESIAN_POINT('Ctrl Pts',(-24.7,5.80003997784959,-0.506888214734228));
#12148=CARTESIAN_POINT('',(-24.7,3.72508063115409,-2.34116693437582));
#12149=CARTESIAN_POINT('',(-24.7,5.50830586754522,-0.572528407484822));
#12150=CARTESIAN_POINT('Ctrl Pts',(-24.7,3.72508063115409,-2.34116693437582));
#12151=CARTESIAN_POINT('Ctrl Pts',(-24.7,4.58569649166188,-2.34116693437582));
#12152=CARTESIAN_POINT('Ctrl Pts',(-24.7,5.50830586754522,-1.42220423586751));
#12153=CARTESIAN_POINT('Ctrl Pts',(-24.7,5.50830586754522,-0.572528407484822));
#12154=CARTESIAN_POINT('',(-24.7,3.87824108090548,1.25081028003167));
#12155=CARTESIAN_POINT('Ctrl Pts',(-24.7,5.50830586754522,-0.572528407484822));
#12156=CARTESIAN_POINT('Ctrl Pts',(-24.7,5.50830586754522,0.258914034022699));
#12157=CARTESIAN_POINT('Ctrl Pts',(-24.7,4.65133668441247,1.25081028003167));
#12158=CARTESIAN_POINT('Ctrl Pts',(-24.7,3.87824108090548,1.25081028003167));
#12159=CARTESIAN_POINT('',(-24.7,2.47062361414274,-0.371961151858008));
#12160=CARTESIAN_POINT('Ctrl Pts',(-24.7,3.87824108090548,1.25081028003167));
#12161=CARTESIAN_POINT('Ctrl Pts',(-24.7,3.17807902489914,1.25081028003167));
#12162=CARTESIAN_POINT('Ctrl Pts',(-24.7,2.47062361414274,0.408427806399052));
#12163=CARTESIAN_POINT('Ctrl Pts',(-24.7,2.47062361414274,-0.371961151858008));
#12164=CARTESIAN_POINT('',(-24.7,2.47062361414274,-0.754862276236472));
#12165=CARTESIAN_POINT('',(-24.7,2.47062361414275,-0.28170585702362));
#12166=CARTESIAN_POINT('',(-24.7,4.55652307266161,-0.754862276236472));
#12167=CARTESIAN_POINT('',(-24.7,-10.5932133282989,-0.754862276236472));
#12168=CARTESIAN_POINT('',(-24.7,4.26478888265897,-1.40032417161731));
#12169=CARTESIAN_POINT('Ctrl Pts',(-24.7,4.55652307266161,-0.754862276236472));
#12170=CARTESIAN_POINT('Ctrl Pts',(-24.7,4.54193636316148,-0.991896305613617));
#12171=CARTESIAN_POINT('Ctrl Pts',(-24.7,4.39242259078513,-1.30551055986645));
#12172=CARTESIAN_POINT('Ctrl Pts',(-24.7,4.26478888265897,-1.40032417161731));
#12173=CARTESIAN_POINT('',(-24.7,3.62297366465317,-1.57536468561889));
#12174=CARTESIAN_POINT('Ctrl Pts',(-24.7,4.26478888265897,-1.40032417161731));
#12175=CARTESIAN_POINT('Ctrl Pts',(-24.7,4.14444852928289,-1.49513778336817));
#12176=CARTESIAN_POINT('Ctrl Pts',(-24.7,3.81624756552992,-1.57536468561889));
#12177=CARTESIAN_POINT('Ctrl Pts',(-24.7,3.62297366465317,-1.57536468561889));
#12178=CARTESIAN_POINT('',(-24.7,3.00303851089756,-1.42585091324254));
#12179=CARTESIAN_POINT('Ctrl Pts',(-24.7,3.62297366465317,-1.57536468561889));
#12180=CARTESIAN_POINT('Ctrl Pts',(-24.7,3.45887318277668,-1.57536468561889));
#12181=CARTESIAN_POINT('Ctrl Pts',(-24.7,3.13796557377378,-1.49513778336817));
#12182=CARTESIAN_POINT('Ctrl Pts',(-24.7,3.00303851089756,-1.42585091324254));
#12183=CARTESIAN_POINT('',(-24.7,2.62743074126916,-1.18517020649037));
#12184=CARTESIAN_POINT('Ctrl Pts',(-24.7,3.00303851089756,-1.42585091324254));
#12185=CARTESIAN_POINT('Ctrl Pts',(-24.7,2.8863448348965,-1.37115075261705));
#12186=CARTESIAN_POINT('Ctrl Pts',(-24.7,2.68942425664472,-1.23622368974083));
#12187=CARTESIAN_POINT('Ctrl Pts',(-24.7,2.62743074126916,-1.18517020649036));
#12188=CARTESIAN_POINT('',(-24.7,2.52532377476824,-1.18517020649036));
#12189=CARTESIAN_POINT('',(-24.7,-11.0618113709907,-1.18517020649036));
#12190=CARTESIAN_POINT('',(-24.7,2.52532377476824,-2.06037277649828));
#12191=CARTESIAN_POINT('',(-24.7,2.52532377476824,-0.811385745747162));
#12192=CARTESIAN_POINT('',(-24.7,3.00303851089756,-2.24270664524993));
#12193=CARTESIAN_POINT('Ctrl Pts',(-24.7,2.52532377476824,-2.06037277649828));
#12194=CARTESIAN_POINT('Ctrl Pts',(-24.7,2.64201745076929,-2.11142625974874));
#12195=CARTESIAN_POINT('Ctrl Pts',(-24.7,2.83529135164604,-2.19894651674954));
#12196=CARTESIAN_POINT('Ctrl Pts',(-24.7,3.00303851089756,-2.24270664524993));
#12197=CARTESIAN_POINT('Ctrl Pts',(-24.7,3.00303851089756,-2.24270664524993));
#12198=CARTESIAN_POINT('Ctrl Pts',(-24.7,3.15984563802398,-2.29011345112536));
#12199=CARTESIAN_POINT('Ctrl Pts',(-24.7,3.48804660177695,-2.34116693437582));
#12200=CARTESIAN_POINT('Ctrl Pts',(-24.7,3.72508063115409,-2.34116693437582));
#12201=CARTESIAN_POINT('',(-24.7,-0.87702614658269,-2.25));
#12202=CARTESIAN_POINT('',(-24.7,0.0784033256759534,-2.25));
#12203=CARTESIAN_POINT('',(-24.7,-12.5496557052267,-2.25));
#12204=CARTESIAN_POINT('',(-24.7,0.0784033256759534,-0.56888173010979));
#12205=CARTESIAN_POINT('',(-24.7,0.0784033256759553,-0.704720432527447));
#12206=CARTESIAN_POINT('',(-24.7,0.14769019580158,0.142220358021643));
#12207=CARTESIAN_POINT('Ctrl Pts',(-24.7,0.0784033256759534,-0.56888173010979));
#12208=CARTESIAN_POINT('Ctrl Pts',(-24.7,0.0784033256759534,-0.36102111973291));
#12209=CARTESIAN_POINT('Ctrl Pts',(-24.7,0.107576744676217,0.0474067462707853));
#12210=CARTESIAN_POINT('Ctrl Pts',(-24.7,0.14769019580158,0.142220358021643));
#12211=CARTESIAN_POINT('',(-24.7,0.53788467493011,0.357374323148589));
#12212=CARTESIAN_POINT('Ctrl Pts',(-24.7,0.14769019580158,0.142220358021643));
#12213=CARTESIAN_POINT('Ctrl Pts',(-24.7,0.198743679052042,0.258914034022699));
#12214=CARTESIAN_POINT('Ctrl Pts',(-24.7,0.384724225178724,0.357374323148589));
#12215=CARTESIAN_POINT('Ctrl Pts',(-24.7,0.53788467493011,0.357374323148589));
#12216=CARTESIAN_POINT('',(-24.7,1.03018612055956,0.153160390146742));
#12217=CARTESIAN_POINT('Ctrl Pts',(-24.7,0.53788467493011,0.357374323148589));
#12218=CARTESIAN_POINT('Ctrl Pts',(-24.7,0.654578350931166,0.357374323148589));
#12219=CARTESIAN_POINT('Ctrl Pts',(-24.7,0.895259057683343,0.258914034022699));
#12220=CARTESIAN_POINT('Ctrl Pts',(-24.7,1.03018612055956,0.153160390146742));
#12221=CARTESIAN_POINT('',(-24.7,1.03018612055956,-2.25));
#12222=CARTESIAN_POINT('',(-24.7,1.03018612055956,-0.524209902463314));
#12223=CARTESIAN_POINT('',(-24.7,1.98196891544317,-2.25));
#12224=CARTESIAN_POINT('',(-24.7,-11.5969612409993,-2.25));
#12225=CARTESIAN_POINT('',(-24.7,1.98196891544317,1.14505663615572));
#12226=CARTESIAN_POINT('',(-24.7,1.98196891544317,-0.276235840961071));
#12227=CARTESIAN_POINT('',(-24.7,1.03018612055956,1.14505663615572));
#12228=CARTESIAN_POINT('',(-24.7,-11.5969612409993,1.14505663615572));
#12229=CARTESIAN_POINT('',(-24.7,1.03018612055956,0.769448866527317));
#12230=CARTESIAN_POINT('',(-24.7,1.03018612055956,0.478626375670758));
#12231=CARTESIAN_POINT('',(-24.7,0.0856966804260192,1.23622357053154));
#12232=CARTESIAN_POINT('Ctrl Pts',(-24.7,1.03018612055956,0.769448866527317));
#12233=CARTESIAN_POINT('Ctrl Pts',(-24.7,0.796798768557452,0.988249509029297));
#12234=CARTESIAN_POINT('Ctrl Pts',(-24.7,0.351904128803427,1.23622357053154));
#12235=CARTESIAN_POINT('Ctrl Pts',(-24.7,0.0856966804260192,1.23622357053154));
#12236=CARTESIAN_POINT('',(-24.7,-0.87702614658269,-0.0401135107300065));
#12237=CARTESIAN_POINT('Ctrl Pts',(-24.7,0.0856966804260192,1.23622357053154));
#12238=CARTESIAN_POINT('Ctrl Pts',(-24.7,-0.381078023578204,1.23622357053154));
#12239=CARTESIAN_POINT('Ctrl Pts',(-24.7,-0.87702614658269,0.579821643025602));
#12240=CARTESIAN_POINT('Ctrl Pts',(-24.7,-0.87702614658269,-0.0401135107300066));
#12241=CARTESIAN_POINT('',(-24.7,-0.877026146582689,-0.572528377682501));
#12242=CARTESIAN_POINT('',(-24.7,-7.49574570881876,-2.33752025700079));
#12243=CARTESIAN_POINT('',(-24.7,-5.51195321680081,-0.00364673697967808));
#12244=CARTESIAN_POINT('Ctrl Pts',(-24.7,-7.49574570881876,-2.33752025700079));
#12245=CARTESIAN_POINT('Ctrl Pts',(-24.7,-6.58407636506051,-2.33752025700079));
#12246=CARTESIAN_POINT('Ctrl Pts',(-24.7,-5.51195321680081,-1.11223665898971));
#12247=CARTESIAN_POINT('Ctrl Pts',(-24.7,-5.51195321680081,-0.00364673697967799));
#12248=CARTESIAN_POINT('',(-24.7,-7.49574570881876,2.3375201377915));
#12249=CARTESIAN_POINT('Ctrl Pts',(-24.7,-5.51195321680081,-0.00364673697967799));
#12250=CARTESIAN_POINT('Ctrl Pts',(-24.7,-5.51195321680081,1.06482973390499));
#12251=CARTESIAN_POINT('Ctrl Pts',(-24.7,-6.58407636506051,2.3375201377915));
#12252=CARTESIAN_POINT('Ctrl Pts',(-24.7,-7.49574570881876,2.3375201377915));
#12253=CARTESIAN_POINT('',(-24.7,-8.30166140870105,2.22447313916548));
#12254=CARTESIAN_POINT('Ctrl Pts',(-24.7,-7.49574570881876,2.3375201377915));
#12255=CARTESIAN_POINT('Ctrl Pts',(-24.7,-7.74007309294597,2.3375201377915));
#12256=CARTESIAN_POINT('Ctrl Pts',(-24.7,-8.12297421732443,2.27552662241594));
#12257=CARTESIAN_POINT('Ctrl Pts',(-24.7,-8.30166140870105,2.22447313916548));
#12258=CARTESIAN_POINT('',(-24.7,-8.86689640183116,1.9619123681631));
#12259=CARTESIAN_POINT('Ctrl Pts',(-24.7,-8.30166140870105,2.22447313916548));
#12260=CARTESIAN_POINT('Ctrl Pts',(-24.7,-8.4402351489523,2.17706633329005));
#12261=CARTESIAN_POINT('Ctrl Pts',(-24.7,-8.76478943533024,2.02025920616363));
#12262=CARTESIAN_POINT('Ctrl Pts',(-24.7,-8.86689640183116,1.9619123681631));
#12263=CARTESIAN_POINT('',(-24.7,-8.86689640183116,0.889789219903405));
#12264=CARTESIAN_POINT('',(-24.7,-8.86689640183116,0.712925397016627));
#12265=CARTESIAN_POINT('',(-24.7,-8.76478943533024,0.889789219903405));
#12266=CARTESIAN_POINT('',(-24.7,-16.7579214592904,0.889789219903405));
#12267=CARTESIAN_POINT('',(-24.7,-8.32718815032628,1.26175031215677));
#12268=CARTESIAN_POINT('Ctrl Pts',(-24.7,-8.76478943533024,0.889789219903405));
#12269=CARTESIAN_POINT('Ctrl Pts',(-24.7,-8.69185588782958,0.962722767404065));
#12270=CARTESIAN_POINT('Ctrl Pts',(-24.7,-8.46576189057753,1.16693670040591));
#12271=CARTESIAN_POINT('Ctrl Pts',(-24.7,-8.32718815032628,1.26175031215677));
#12272=CARTESIAN_POINT('',(-24.7,-7.65984619069524,1.49513766415888));
#12273=CARTESIAN_POINT('Ctrl Pts',(-24.7,-8.32718815032628,1.26175031215677));
#12274=CARTESIAN_POINT('Ctrl Pts',(-24.7,-8.18496773269999,1.36021060128266));
#12275=CARTESIAN_POINT('Ctrl Pts',(-24.7,-7.84582673682193,1.49513766415888));
#12276=CARTESIAN_POINT('Ctrl Pts',(-24.7,-7.65984619069524,1.49513766415888));
#12277=CARTESIAN_POINT('',(-24.7,-6.90863065143845,1.14870331353075));
#12278=CARTESIAN_POINT('Ctrl Pts',(-24.7,-7.65984619069524,1.49513766415888));
#12279=CARTESIAN_POINT('Ctrl Pts',(-24.7,-7.44104554819326,1.49513766415888));
#12280=CARTESIAN_POINT('Ctrl Pts',(-24.7,-7.07273113331493,1.3419772144075));
#12281=CARTESIAN_POINT('Ctrl Pts',(-24.7,-6.90863065143845,1.14870331353075));
#12282=CARTESIAN_POINT('',(-24.7,-6.56219630081031,-0.00729341435471091));
#12283=CARTESIAN_POINT('Ctrl Pts',(-24.7,-6.90863065143845,1.14870331353075));
#12284=CARTESIAN_POINT('Ctrl Pts',(-24.7,-6.75547020168706,0.977309476904197));
#12285=CARTESIAN_POINT('Ctrl Pts',(-24.7,-6.56219630081031,0.390194419523885));
#12286=CARTESIAN_POINT('Ctrl Pts',(-24.7,-6.56219630081031,-0.00729341435471093));
#12287=CARTESIAN_POINT('',(-24.7,-6.92686403831361,-1.17423017436527));
#12288=CARTESIAN_POINT('Ctrl Pts',(-24.7,-6.56219630081031,-0.00729341435471093));
#12289=CARTESIAN_POINT('Ctrl Pts',(-24.7,-6.56219630081031,-0.426661312483505));
#12290=CARTESIAN_POINT('Ctrl Pts',(-24.7,-6.76276355643713,-0.999189660363684));
#12291=CARTESIAN_POINT('Ctrl Pts',(-24.7,-6.92686403831361,-1.17423017436527));
#12292=CARTESIAN_POINT('',(-24.7,-7.66713954544531,-1.49513778336817));
#12293=CARTESIAN_POINT('Ctrl Pts',(-24.7,-6.92686403831361,-1.17423017436527));
#12294=CARTESIAN_POINT('Ctrl Pts',(-24.7,-7.08367116544003,-1.34562401099182));
#12295=CARTESIAN_POINT('Ctrl Pts',(-24.7,-7.47386564456856,-1.49513778336817));
#12296=CARTESIAN_POINT('Ctrl Pts',(-24.7,-7.66713954544531,-1.49513778336817));
#12297=CARTESIAN_POINT('',(-24.7,-8.35636156932654,-1.25445707661599));
#12298=CARTESIAN_POINT('Ctrl Pts',(-24.7,-7.66713954544531,-1.49513778336817));
#12299=CARTESIAN_POINT('Ctrl Pts',(-24.7,-7.86770680107212,-1.49513778336817));
#12300=CARTESIAN_POINT('Ctrl Pts',(-24.7,-8.23237453857542,-1.34562401099182));
#12301=CARTESIAN_POINT('Ctrl Pts',(-24.7,-8.35636156932654,-1.25445707661599));
#12302=CARTESIAN_POINT('',(-24.7,-8.77572946745534,-0.893436016487728));
#12303=CARTESIAN_POINT('Ctrl Pts',(-24.7,-8.35636156932654,-1.25445707661599));
#12304=CARTESIAN_POINT('Ctrl Pts',(-24.7,-8.49128863220277,-1.16329014224017));
#12305=CARTESIAN_POINT('Ctrl Pts',(-24.7,-8.69914924257965,-0.97001624136342));
#12306=CARTESIAN_POINT('Ctrl Pts',(-24.7,-8.77572946745534,-0.893436016487728));
#12307=CARTESIAN_POINT('',(-24.7,-8.86689640183116,-0.893436016487728));
#12308=CARTESIAN_POINT('',(-24.7,-16.7606564673217,-0.893436016487728));
#12309=CARTESIAN_POINT('',(-24.7,-8.86689640183116,-1.95097245524729));
#12310=CARTESIAN_POINT('',(-24.7,-8.86689640183116,-0.711102117933756));
#12311=CARTESIAN_POINT('',(-24.7,-8.30530808607608,-2.2062398714996));
#12312=CARTESIAN_POINT('Ctrl Pts',(-24.7,-8.86689640183116,-1.95097245524729));
#12313=CARTESIAN_POINT('Ctrl Pts',(-24.7,-8.75384940320514,-2.00931929324782));
#12314=CARTESIAN_POINT('Ctrl Pts',(-24.7,-8.4621152132025,-2.15518638824914));
#12315=CARTESIAN_POINT('Ctrl Pts',(-24.7,-8.30530808607608,-2.2062398714996));
#12316=CARTESIAN_POINT('Ctrl Pts',(-24.7,-8.30530808607608,-2.2062398714996));
#12317=CARTESIAN_POINT('Ctrl Pts',(-24.7,-8.11568086257437,-2.2718800642502));
#12318=CARTESIAN_POINT('Ctrl Pts',(-24.7,-7.78383322144636,-2.33752025700079));
#12319=CARTESIAN_POINT('Ctrl Pts',(-24.7,-7.49574570881876,-2.33752025700079));
#12320=CARTESIAN_POINT('Origin',(-24.3,-16.55,0.));
#12321=CARTESIAN_POINT('',(-24.3,-16.95,8.1));
#12322=CARTESIAN_POINT('',(-24.3,-16.95,0.));
#12323=CARTESIAN_POINT('Origin',(-24.3,-16.55,8.1));
#12324=CARTESIAN_POINT('Origin',(-20.9084970647277,-16.95,0.));
#12325=CARTESIAN_POINT('',(-20.9084970647277,-16.95,8.1));
#12326=CARTESIAN_POINT('',(-20.9084970647277,-16.95,0.));
#12327=CARTESIAN_POINT('',(-10.4542485323639,-16.95,8.1));
#12328=CARTESIAN_POINT('Origin',(-16.95,-20.9084970647278,0.));
#12329=CARTESIAN_POINT('',(-16.95,-20.9084970647278,8.1));
#12330=CARTESIAN_POINT('',(-16.95,-20.9084970647278,0.));
#12331=CARTESIAN_POINT('',(-17.9396242661819,-19.9188727985458,8.1));
#12332=CARTESIAN_POINT('Origin',(24.5,12.35,8.3));
#12333=CARTESIAN_POINT('',(24.7,-16.55,8.1));
#12334=CARTESIAN_POINT('',(24.3,-16.55,8.5));
#12335=CARTESIAN_POINT('',(24.7,16.55,8.1));
#12336=CARTESIAN_POINT('',(24.7,12.35,8.1));
#12337=CARTESIAN_POINT('',(24.7,16.55,8.1));
#12338=CARTESIAN_POINT('Origin',(19.7774514423085,-17.7982029099446,8.3));
#12339=CARTESIAN_POINT('',(16.95,-20.9084970647277,8.1));
#12340=CARTESIAN_POINT('',(16.55,-20.7428116397785,8.5));
#12341=CARTESIAN_POINT('',(20.9084970647278,-16.95,8.1));
#12342=CARTESIAN_POINT('',(19.9188727985458,-17.9396242661819,8.1));
#12343=CARTESIAN_POINT('',(20.9084970647278,-16.95,8.1));
#12344=CARTESIAN_POINT('Origin',(-17.7982029099446,-19.7774514423085,8.3));
#12345=CARTESIAN_POINT('',(-20.7428116397785,-16.55,8.5));
#12346=CARTESIAN_POINT('',(-16.95,-20.9084970647278,8.1));
#12347=CARTESIAN_POINT('Origin',(-10.4542485323639,-16.75,8.3));
#12348=CARTESIAN_POINT('',(-24.3,-16.55,8.5));
#12349=CARTESIAN_POINT('Origin',(-16.75,-12.35,8.3));
#12350=CARTESIAN_POINT('',(-16.95,-23.1810166592685,8.1));
#12351=CARTESIAN_POINT('',(-16.95,-12.35,8.1));
#12352=CARTESIAN_POINT('',(-16.95,-23.1810166592685,8.1));
#12353=CARTESIAN_POINT('Origin',(-17.15,-23.1810166592685,8.3));
#12354=CARTESIAN_POINT('',(-17.0310354426497,-23.3417880313919,8.1));
#12355=CARTESIAN_POINT('Origin',(-17.15,-23.1810166592685,8.1));
#12356=CARTESIAN_POINT('',(-17.0310354426497,-23.3417880313919,8.1));
#12357=CARTESIAN_POINT('Origin',(-5.88318460942182,-15.3416128584501,8.3));
#12358=CARTESIAN_POINT('',(-17.1394084985503,-23.4219798743402,8.1));
#12359=CARTESIAN_POINT('',(-6.00214916677208,-15.1808414863266,8.1));
#12360=CARTESIAN_POINT('',(-17.1394084985503,-23.4219798743402,8.1));
#12361=CARTESIAN_POINT('Origin',(-16.8419971051747,-23.8239083046489,8.3));
#12362=CARTESIAN_POINT('',(-17.3410645043856,-23.7933840348814,8.1));
#12363=CARTESIAN_POINT('Origin',(-16.8419971051747,-23.8239083046489,8.1));
#12364=CARTESIAN_POINT('',(-17.3410645043856,-23.7933840348814,8.1));
#12365=CARTESIAN_POINT('Origin',(-16.4076095253647,-11.8076116823248,8.3));
#12366=CARTESIAN_POINT('',(-17.3573550734009,-24.0597324839048,8.1));
#12367=CARTESIAN_POINT('',(-16.6072364850491,-11.7954019744178,8.1));
#12368=CARTESIAN_POINT('',(-17.3573550734009,-24.0597324839048,8.1));
#12369=CARTESIAN_POINT('Origin',(-16.85828767419,-24.0902567536722,8.3));
#12370=CARTESIAN_POINT('',(-16.8888119439574,-24.5893241528832,8.1));
#12371=CARTESIAN_POINT('Origin',(-16.85828767419,-24.0902567536722,8.1));
#12372=CARTESIAN_POINT('',(-16.8888119439574,-24.5893241528832,8.1));
#12373=CARTESIAN_POINT('Origin',(-8.71377172297996,-24.8889572952225,8.3));
#12374=CARTESIAN_POINT('',(-16.3601528757681,-24.6216583266599,8.1));
#12375=CARTESIAN_POINT('',(-16.3601528757681,-24.6216583266599,8.1));
#12376=CARTESIAN_POINT('',(-8.72598143088693,-25.0885842549069,8.1));
#12377=CARTESIAN_POINT('Origin',(-16.3296286060007,-24.122590927449,8.3));
#12378=CARTESIAN_POINT('',(-15.83335553018,-24.1835255991516,8.1));
#12379=CARTESIAN_POINT('Origin',(-16.3296286060007,-24.122590927449,8.1));
#12380=CARTESIAN_POINT('',(-15.83335553018,-24.1835255991516,8.1));
#12381=CARTESIAN_POINT('Origin',(-14.2497241035318,-9.64478083667606,8.3));
#12382=CARTESIAN_POINT('',(-15.4745419393308,-21.2612234122099,8.1));
#12383=CARTESIAN_POINT('',(-15.4745419393308,-21.2612234122099,8.1));
#12384=CARTESIAN_POINT('',(-14.0512148732036,-9.66915470535709,8.1));
#12385=CARTESIAN_POINT('Origin',(-16.4670880909721,-21.1393540688047,8.3));
#12386=CARTESIAN_POINT('',(-15.5926310208026,-20.6542511596909,8.1));
#12387=CARTESIAN_POINT('Origin',(-16.4670880909721,-21.1393540688047,8.1));
#12388=CARTESIAN_POINT('',(-15.5926310208026,-20.6542511596909,8.1));
#12389=CARTESIAN_POINT('Origin',(-14.9367882181755,-20.2904239778556,8.3));
#12390=CARTESIAN_POINT('',(-14.3224241849588,-19.8602416505923,8.1));
#12391=CARTESIAN_POINT('',(-14.3224241849588,-19.8602416505923,8.1));
#12392=CARTESIAN_POINT('Origin',(-14.9367882181755,-20.2904239778556,8.1));
#12393=CARTESIAN_POINT('Origin',(-16.3248636454228,-16.6517723673847,8.3));
#12394=CARTESIAN_POINT('',(-14.0356359667833,-20.2698176727368,8.1));
#12395=CARTESIAN_POINT('',(-14.0356359667833,-20.2698176727368,8.1));
#12396=CARTESIAN_POINT('',(-16.4886940542806,-16.7664876546549,8.1));
#12397=CARTESIAN_POINT('Origin',(-14.65,-20.7000000000001,8.3));
#12398=CARTESIAN_POINT('',(-13.9,-20.7000000000001,8.1));
#12399=CARTESIAN_POINT('',(-13.9,-20.7000000000001,8.1));
#12400=CARTESIAN_POINT('Origin',(-14.65,-20.7000000000001,8.1));
#12401=CARTESIAN_POINT('Origin',(-13.6999999999999,-12.35,8.3));
#12402=CARTESIAN_POINT('',(-13.9000000000001,-24.2,8.1));
#12403=CARTESIAN_POINT('',(-13.9000000000001,-24.2,8.1));
#12404=CARTESIAN_POINT('',(-13.8999999999999,-12.35,8.1));
#12405=CARTESIAN_POINT('Origin',(-13.4000000000001,-24.2,8.3));
#12406=CARTESIAN_POINT('',(-13.4000000000001,-24.7,8.1));
#12407=CARTESIAN_POINT('Origin',(-13.4000000000001,-24.2,8.1));
#12408=CARTESIAN_POINT('',(-13.4000000000001,-24.7,8.1));
#12409=CARTESIAN_POINT('Origin',(12.35,-24.5,8.3));
#12410=CARTESIAN_POINT('',(13.4000000000001,-24.7,8.1));
#12411=CARTESIAN_POINT('',(12.35,-24.7,8.1));
#12412=CARTESIAN_POINT('',(13.4000000000001,-24.7,8.1));
#12413=CARTESIAN_POINT('Origin',(13.4000000000001,-24.2,8.3));
#12414=CARTESIAN_POINT('',(13.9000000000001,-24.2,8.1));
#12415=CARTESIAN_POINT('Origin',(13.4000000000001,-24.2,8.1));
#12416=CARTESIAN_POINT('',(13.9000000000001,-24.2,8.1));
#12417=CARTESIAN_POINT('Origin',(13.6999999999999,-12.35,8.3));
#12418=CARTESIAN_POINT('',(13.9,-20.7000000000001,8.1));
#12419=CARTESIAN_POINT('',(13.9,-20.7000000000001,8.1));
#12420=CARTESIAN_POINT('',(13.8999999999999,-12.35,8.1));
#12421=CARTESIAN_POINT('Origin',(14.65,-20.7000000000001,8.3));
#12422=CARTESIAN_POINT('',(14.0356359667833,-20.2698176727368,8.1));
#12423=CARTESIAN_POINT('',(14.0356359667833,-20.2698176727368,8.1));
#12424=CARTESIAN_POINT('Origin',(14.65,-20.7000000000001,8.1));
#12425=CARTESIAN_POINT('Origin',(16.3248636454228,-16.6517723673847,8.3));
#12426=CARTESIAN_POINT('',(14.3224241849588,-19.8602416505923,8.1));
#12427=CARTESIAN_POINT('',(14.3224241849588,-19.8602416505923,8.1));
#12428=CARTESIAN_POINT('',(16.4886940542806,-16.7664876546549,8.1));
#12429=CARTESIAN_POINT('Origin',(14.9367882181755,-20.2904239778556,8.3));
#12430=CARTESIAN_POINT('',(15.5926310208026,-20.6542511596909,8.1));
#12431=CARTESIAN_POINT('',(15.5926310208026,-20.6542511596909,8.1));
#12432=CARTESIAN_POINT('Origin',(14.9367882181755,-20.2904239778556,8.1));
#12433=CARTESIAN_POINT('Origin',(16.4670880909721,-21.1393540688047,8.3));
#12434=CARTESIAN_POINT('',(15.4745419393308,-21.2612234122099,8.1));
#12435=CARTESIAN_POINT('Origin',(16.4670880909721,-21.1393540688047,8.1));
#12436=CARTESIAN_POINT('',(15.4745419393308,-21.2612234122099,8.1));
#12437=CARTESIAN_POINT('Origin',(14.2497241035318,-9.64478083667606,8.3));
#12438=CARTESIAN_POINT('',(15.83335553018,-24.1835255991516,8.1));
#12439=CARTESIAN_POINT('',(15.83335553018,-24.1835255991516,8.1));
#12440=CARTESIAN_POINT('',(14.0512148732036,-9.66915470535709,8.1));
#12441=CARTESIAN_POINT('Origin',(16.3296286060007,-24.122590927449,8.3));
#12442=CARTESIAN_POINT('',(16.3601528757681,-24.6216583266599,8.1));
#12443=CARTESIAN_POINT('Origin',(16.3296286060007,-24.122590927449,8.1));
#12444=CARTESIAN_POINT('',(16.3601528757681,-24.6216583266599,8.1));
#12445=CARTESIAN_POINT('Origin',(8.71377172297995,-24.8889572952225,8.3));
#12446=CARTESIAN_POINT('',(16.8888119439574,-24.5893241528832,8.1));
#12447=CARTESIAN_POINT('',(16.8888119439574,-24.5893241528832,8.1));
#12448=CARTESIAN_POINT('',(8.72598143088692,-25.0885842549069,8.1));
#12449=CARTESIAN_POINT('Origin',(16.85828767419,-24.0902567536722,8.3));
#12450=CARTESIAN_POINT('',(17.3573550734009,-24.0597324839048,8.1));
#12451=CARTESIAN_POINT('Origin',(16.85828767419,-24.0902567536722,8.1));
#12452=CARTESIAN_POINT('',(17.3573550734009,-24.0597324839048,8.1));
#12453=CARTESIAN_POINT('Origin',(16.4076095253647,-11.8076116823248,8.3));
#12454=CARTESIAN_POINT('',(17.3410645043856,-23.7933840348814,8.1));
#12455=CARTESIAN_POINT('',(17.3410645043856,-23.7933840348814,8.1));
#12456=CARTESIAN_POINT('',(16.6072364850491,-11.7954019744178,8.1));
#12457=CARTESIAN_POINT('Origin',(16.8419971051747,-23.8239083046489,8.3));
#12458=CARTESIAN_POINT('',(17.1394084985503,-23.4219798743402,8.1));
#12459=CARTESIAN_POINT('',(17.1394084985503,-23.4219798743402,8.1));
#12460=CARTESIAN_POINT('Origin',(16.8419971051747,-23.8239083046489,8.1));
#12461=CARTESIAN_POINT('Origin',(5.88318460942182,-15.3416128584501,8.3));
#12462=CARTESIAN_POINT('',(17.0310354426497,-23.3417880313919,8.1));
#12463=CARTESIAN_POINT('',(17.0310354426497,-23.3417880313919,8.1));
#12464=CARTESIAN_POINT('',(6.00214916677208,-15.1808414863266,8.1));
#12465=CARTESIAN_POINT('Origin',(17.15,-23.1810166592685,8.3));
#12466=CARTESIAN_POINT('',(16.95,-23.1810166592685,8.1));
#12467=CARTESIAN_POINT('Origin',(17.15,-23.1810166592685,8.1));
#12468=CARTESIAN_POINT('',(16.95,-23.1810166592685,8.1));
#12469=CARTESIAN_POINT('Origin',(16.75,-10.4542485323639,8.3));
#12470=CARTESIAN_POINT('',(16.95,-10.4542485323639,8.1));
#12471=CARTESIAN_POINT('Origin',(12.35,-16.75,8.3));
#12472=CARTESIAN_POINT('',(24.3,-16.95,8.1));
#12473=CARTESIAN_POINT('',(12.35,-16.95,8.1));
#12474=CARTESIAN_POINT('',(24.3,-16.95,8.1));
#12475=CARTESIAN_POINT('Origin',(-24.5,-12.35,8.3));
#12476=CARTESIAN_POINT('',(-24.3,16.55,8.5));
#12477=CARTESIAN_POINT('',(-24.7,-16.55,8.1));
#12478=CARTESIAN_POINT('Origin',(17.7982029099446,19.7774514423085,8.3));
#12479=CARTESIAN_POINT('',(20.9084970647277,16.95,8.1));
#12480=CARTESIAN_POINT('',(17.9396242661819,19.9188727985458,8.1));
#12481=CARTESIAN_POINT('',(16.95,20.9084970647278,8.1));
#12482=CARTESIAN_POINT('',(20.7428116397785,16.55,8.5));
#12483=CARTESIAN_POINT('Origin',(-19.7774514423085,17.7982029099446,8.3));
#12484=CARTESIAN_POINT('',(-20.9084970647278,16.95,8.1));
#12485=CARTESIAN_POINT('',(-16.55,20.7428116397785,8.5));
#12486=CARTESIAN_POINT('Origin',(-12.35,16.75,8.3));
#12487=CARTESIAN_POINT('',(-24.3,16.95,8.1));
#12488=CARTESIAN_POINT('Origin',(16.75,12.35,8.3));
#12489=CARTESIAN_POINT('',(16.95,23.1810166592685,8.1));
#12490=CARTESIAN_POINT('Origin',(17.15,23.1810166592685,8.3));
#12491=CARTESIAN_POINT('',(17.0310354426497,23.3417880313919,8.1));
#12492=CARTESIAN_POINT('Origin',(5.88318460942181,15.3416128584501,8.3));
#12493=CARTESIAN_POINT('',(17.1394084985503,23.4219798743402,8.1));
#12494=CARTESIAN_POINT('Origin',(16.8419971051747,23.8239083046489,8.3));
#12495=CARTESIAN_POINT('',(17.3410645043856,23.7933840348814,8.1));
#12496=CARTESIAN_POINT('Origin',(16.4076095253647,11.8076116823248,8.3));
#12497=CARTESIAN_POINT('',(17.3573550734009,24.0597324839048,8.1));
#12498=CARTESIAN_POINT('Origin',(16.85828767419,24.0902567536722,8.3));
#12499=CARTESIAN_POINT('',(16.8888119439574,24.5893241528832,8.1));
#12500=CARTESIAN_POINT('Origin',(8.71377172297995,24.8889572952225,8.3));
#12501=CARTESIAN_POINT('',(16.3601528757681,24.6216583266599,8.1));
#12502=CARTESIAN_POINT('Origin',(16.3296286060007,24.122590927449,8.3));
#12503=CARTESIAN_POINT('',(15.83335553018,24.1835255991516,8.1));
#12504=CARTESIAN_POINT('Origin',(14.2497241035318,9.64478083667606,8.3));
#12505=CARTESIAN_POINT('',(15.4745419393308,21.2612234122099,8.1));
#12506=CARTESIAN_POINT('Origin',(16.4670880909721,21.1393540688047,8.3));
#12507=CARTESIAN_POINT('',(15.5926310208026,20.6542511596909,8.1));
#12508=CARTESIAN_POINT('Origin',(14.9367882181755,20.2904239778556,8.3));
#12509=CARTESIAN_POINT('',(14.3224241849588,19.8602416505923,8.1));
#12510=CARTESIAN_POINT('Origin',(16.3248636454228,16.6517723673847,8.3));
#12511=CARTESIAN_POINT('',(14.0356359667833,20.2698176727368,8.1));
#12512=CARTESIAN_POINT('Origin',(14.65,20.7000000000001,8.3));
#12513=CARTESIAN_POINT('',(13.9,20.7000000000001,8.1));
#12514=CARTESIAN_POINT('Origin',(13.6999999999999,12.35,8.3));
#12515=CARTESIAN_POINT('',(13.9000000000001,24.2,8.1));
#12516=CARTESIAN_POINT('Origin',(13.4000000000001,24.2,8.3));
#12517=CARTESIAN_POINT('',(13.4000000000001,24.7,8.1));
#12518=CARTESIAN_POINT('Origin',(-12.35,24.5,8.3));
#12519=CARTESIAN_POINT('',(-13.4000000000001,24.7,8.1));
#12520=CARTESIAN_POINT('Origin',(-13.4000000000001,24.2,8.3));
#12521=CARTESIAN_POINT('',(-13.9000000000001,24.2,8.1));
#12522=CARTESIAN_POINT('Origin',(-13.6999999999999,12.35,8.3));
#12523=CARTESIAN_POINT('',(-13.9,20.7000000000001,8.1));
#12524=CARTESIAN_POINT('Origin',(-14.65,20.7000000000001,8.3));
#12525=CARTESIAN_POINT('',(-14.0356359667833,20.2698176727368,8.1));
#12526=CARTESIAN_POINT('Origin',(-16.3248636454228,16.6517723673847,8.3));
#12527=CARTESIAN_POINT('',(-14.3224241849588,19.8602416505923,8.1));
#12528=CARTESIAN_POINT('Origin',(-14.9367882181755,20.2904239778556,8.3));
#12529=CARTESIAN_POINT('',(-15.5926310208026,20.6542511596909,8.1));
#12530=CARTESIAN_POINT('Origin',(-16.4670880909721,21.1393540688047,8.3));
#12531=CARTESIAN_POINT('',(-15.4745419393308,21.2612234122099,8.1));
#12532=CARTESIAN_POINT('Origin',(-14.2497241035318,9.64478083667606,8.3));
#12533=CARTESIAN_POINT('',(-15.83335553018,24.1835255991516,8.1));
#12534=CARTESIAN_POINT('Origin',(-16.3296286060007,24.122590927449,8.3));
#12535=CARTESIAN_POINT('',(-16.3601528757681,24.6216583266599,8.1));
#12536=CARTESIAN_POINT('Origin',(-8.71377172297995,24.8889572952225,8.3));
#12537=CARTESIAN_POINT('',(-16.8888119439574,24.5893241528832,8.1));
#12538=CARTESIAN_POINT('Origin',(-16.85828767419,24.0902567536722,8.3));
#12539=CARTESIAN_POINT('',(-17.3573550734009,24.0597324839048,8.1));
#12540=CARTESIAN_POINT('Origin',(-16.4076095253647,11.8076116823248,8.3));
#12541=CARTESIAN_POINT('',(-17.3410645043856,23.7933840348814,8.1));
#12542=CARTESIAN_POINT('Origin',(-16.8419971051747,23.8239083046489,8.3));
#12543=CARTESIAN_POINT('',(-17.1394084985503,23.4219798743402,8.1));
#12544=CARTESIAN_POINT('Origin',(-5.88318460942181,15.3416128584501,8.3));
#12545=CARTESIAN_POINT('',(-17.0310354426497,23.3417880313919,8.1));
#12546=CARTESIAN_POINT('Origin',(-17.15,23.1810166592685,8.3));
#12547=CARTESIAN_POINT('',(-16.95,23.1810166592685,8.1));
#12548=CARTESIAN_POINT('Origin',(-16.75,10.4542485323639,8.3));
#12549=CARTESIAN_POINT('Origin',(10.4542485323639,16.75,8.3));
#12550=CARTESIAN_POINT('',(24.3,16.95,8.1));
#12551=CARTESIAN_POINT('',(24.3,16.55,8.5));
#12552=CARTESIAN_POINT('',(10.4542485323639,16.95,8.1));
#12553=CARTESIAN_POINT('Origin',(-24.3,16.55,8.1));
#12554=CARTESIAN_POINT('Origin',(-24.3,-16.55,8.1));
#12555=CARTESIAN_POINT('Origin',(24.3,-16.55,8.1));
#12556=CARTESIAN_POINT('Origin',(24.3,-16.55,8.1));
#12557=CARTESIAN_POINT('Origin',(24.3,16.55,8.1));
#12558=CARTESIAN_POINT('Origin',(24.3,16.55,8.1));
#12559=CARTESIAN_POINT('Origin',(16.95,-20.9084970647277,0.));
#12560=CARTESIAN_POINT('',(16.95,-20.9084970647277,0.));
#12561=CARTESIAN_POINT('',(16.95,-23.1810166592685,0.));
#12562=CARTESIAN_POINT('Origin',(17.15,-23.1810166592685,0.));
#12563=CARTESIAN_POINT('',(17.0310354426497,-23.3417880313919,0.));
#12564=CARTESIAN_POINT('Origin',(17.1394084985503,-23.4219798743402,0.));
#12565=CARTESIAN_POINT('',(17.1394084985503,-23.4219798743402,0.));
#12566=CARTESIAN_POINT('Origin',(16.8419971051747,-23.8239083046489,0.));
#12567=CARTESIAN_POINT('',(17.3410645043856,-23.7933840348814,0.));
#12568=CARTESIAN_POINT('Origin',(17.3878793431683,-24.5587998831157,0.));
#12569=CARTESIAN_POINT('',(17.3573550734009,-24.0597324839048,0.));
#12570=CARTESIAN_POINT('Origin',(16.85828767419,-24.0902567536722,0.));
#12571=CARTESIAN_POINT('',(16.8888119439574,-24.5893241528832,0.));
#12572=CARTESIAN_POINT('Origin',(15.8906771455355,-24.650372692418,0.));
#12573=CARTESIAN_POINT('',(16.3601528757681,-24.6216583266599,0.));
#12574=CARTESIAN_POINT('Origin',(16.3296286060007,-24.122590927449,0.));
#12575=CARTESIAN_POINT('',(15.83335553018,-24.1835255991516,0.));
#12576=CARTESIAN_POINT('Origin',(15.429495557161,-20.8943500704922,0.));
#12577=CARTESIAN_POINT('',(15.4745419393308,-21.2612234122099,0.));
#12578=CARTESIAN_POINT('Origin',(16.4670880909721,-21.1393540688047,0.));
#12579=CARTESIAN_POINT('',(15.5926310208026,-20.6542511596909,0.));
#12580=CARTESIAN_POINT('Origin',(14.9367882181755,-20.2904239778556,0.));
#12581=CARTESIAN_POINT('',(14.3224241849588,-19.8602416505923,0.));
#12582=CARTESIAN_POINT('Origin',(14.0356359667833,-20.2698176727368,0.));
#12583=CARTESIAN_POINT('',(14.0356359667833,-20.2698176727368,0.));
#12584=CARTESIAN_POINT('Origin',(14.65,-20.7000000000001,0.));
#12585=CARTESIAN_POINT('',(13.9,-20.7000000000001,0.));
#12586=CARTESIAN_POINT('Origin',(13.9000000000001,-24.7000000000001,0.));
#12587=CARTESIAN_POINT('',(13.9000000000001,-24.2,0.));
#12588=CARTESIAN_POINT('Origin',(13.4000000000001,-24.2,0.));
#12589=CARTESIAN_POINT('',(13.4000000000001,-24.7,0.));
#12590=CARTESIAN_POINT('Origin',(24.6999999999999,-24.6999999999999,0.));
#12591=CARTESIAN_POINT('',(-13.4000000000001,-24.7,0.));
#12592=CARTESIAN_POINT('',(6.68253551908984,-24.7,-2.25));
#12593=CARTESIAN_POINT('',(6.68253551908984,-24.7,-0.55429502060966));
#12594=CARTESIAN_POINT('',(6.68253551908985,-24.7,-0.701073755152415));
#12595=CARTESIAN_POINT('',(6.62783535846435,-24.7,0.149513712771708));
#12596=CARTESIAN_POINT('Ctrl Pts',(6.68253551908984,-24.7,-0.554295020609659));
#12597=CARTESIAN_POINT('Ctrl Pts',(6.68253551908984,-24.7,-0.302674281732383));
#12598=CARTESIAN_POINT('Ctrl Pts',(6.66794880958971,-24.7,0.0401133915207181));
#12599=CARTESIAN_POINT('Ctrl Pts',(6.62783535846435,-24.7,0.149513712771708));
#12600=CARTESIAN_POINT('',(6.27410765308615,-24.7,0.357374323148588));
#12601=CARTESIAN_POINT('Ctrl Pts',(6.62783535846435,-24.7,0.149513712771708));
#12602=CARTESIAN_POINT('Ctrl Pts',(6.58772190733899,-24.7,0.258914034022697));
#12603=CARTESIAN_POINT('Ctrl Pts',(6.4236214254625,-24.7,0.357374323148588));
#12604=CARTESIAN_POINT('Ctrl Pts',(6.27410765308615,-24.7,0.357374323148588));
#12605=CARTESIAN_POINT('',(5.84744640020729,-24.7,0.153160390146741));
#12606=CARTESIAN_POINT('Ctrl Pts',(6.27410765308615,-24.7,0.357374323148588));
#12607=CARTESIAN_POINT('Ctrl Pts',(6.17200068658523,-24.7,0.357374323148588));
#12608=CARTESIAN_POINT('Ctrl Pts',(5.96778675358338,-24.7,0.251620679272631));
#12609=CARTESIAN_POINT('Ctrl Pts',(5.84744640020729,-24.7,0.153160390146741));
#12610=CARTESIAN_POINT('',(5.84744640020729,-24.7,-2.25));
#12611=CARTESIAN_POINT('',(5.84744640020729,-24.7,-0.524209902463315));
#12612=CARTESIAN_POINT('',(4.92119034694891,-24.7,-2.25));
#12613=CARTESIAN_POINT('',(15.042159186789,-24.7,-2.25));
#12614=CARTESIAN_POINT('',(4.92119034694891,-24.7,-0.55429502060966));
#12615=CARTESIAN_POINT('',(4.92119034694891,-24.7,-0.701073755152415));
#12616=CARTESIAN_POINT('',(4.86284350894838,-24.7,0.149513712771708));
#12617=CARTESIAN_POINT('Ctrl Pts',(4.92119034694891,-24.7,-0.55429502060966));
#12618=CARTESIAN_POINT('Ctrl Pts',(4.92119034694891,-24.7,-0.306320959107416));
#12619=CARTESIAN_POINT('Ctrl Pts',(4.90295696007375,-24.7,0.0401133915207179));
#12620=CARTESIAN_POINT('Ctrl Pts',(4.86284350894838,-24.7,0.149513712771708));
#12621=CARTESIAN_POINT('',(4.50911580357018,-24.7,0.357374323148588));
#12622=CARTESIAN_POINT('Ctrl Pts',(4.86284350894838,-24.7,0.149513712771708));
#12623=CARTESIAN_POINT('Ctrl Pts',(4.82273005782302,-24.7,0.258914034022697));
#12624=CARTESIAN_POINT('Ctrl Pts',(4.65862957594654,-24.7,0.357374323148588));
#12625=CARTESIAN_POINT('Ctrl Pts',(4.50911580357018,-24.7,0.357374323148588));
#12626=CARTESIAN_POINT('',(4.07880787331629,-24.7,0.15316039014674));
#12627=CARTESIAN_POINT('Ctrl Pts',(4.50911580357018,-24.7,0.357374323148588));
#12628=CARTESIAN_POINT('Ctrl Pts',(4.39606880494416,-24.7,0.357374323148588));
#12629=CARTESIAN_POINT('Ctrl Pts',(4.18091483981721,-24.7,0.237033969772499));
#12630=CARTESIAN_POINT('Ctrl Pts',(4.07880787331629,-24.7,0.15316039014674));
#12631=CARTESIAN_POINT('',(4.07880787331629,-24.7,-2.25));
#12632=CARTESIAN_POINT('',(4.07880787331629,-24.7,-0.524209902463315));
#12633=CARTESIAN_POINT('',(3.15984517480798,-24.7,-2.25));
#12634=CARTESIAN_POINT('',(14.159663262031,-24.7,-2.25));
#12635=CARTESIAN_POINT('',(3.15984517480798,-24.7,1.14505663615571));
#12636=CARTESIAN_POINT('',(3.15984517480798,-24.7,-0.276235840961072));
#12637=CARTESIAN_POINT('',(4.07880787331629,-24.7,1.14505663615571));
#12638=CARTESIAN_POINT('',(14.159663262031,-24.7,1.14505663615572));
#12639=CARTESIAN_POINT('',(4.07880787331629,-24.7,0.769448866527316));
#12640=CARTESIAN_POINT('',(4.07880787331629,-24.7,0.478626375670757));
#12641=CARTESIAN_POINT('',(4.95401044332421,-24.7,1.23622357053154));
#12642=CARTESIAN_POINT('Ctrl Pts',(4.07880787331629,-24.7,0.769448866527316));
#12643=CARTESIAN_POINT('Ctrl Pts',(4.30490187056834,-24.7,0.988249509029295));
#12644=CARTESIAN_POINT('Ctrl Pts',(4.70603638182197,-24.7,1.23622357053154));
#12645=CARTESIAN_POINT('Ctrl Pts',(4.95401044332421,-24.7,1.23622357053154));
#12646=CARTESIAN_POINT('',(5.74533943370637,-24.7,0.645461835776195));
#12647=CARTESIAN_POINT('Ctrl Pts',(4.95401044332421,-24.7,1.23622357053154));
#12648=CARTESIAN_POINT('Ctrl Pts',(5.22751124645168,-24.7,1.23622357053154));
#12649=CARTESIAN_POINT('Ctrl Pts',(5.63593911245538,-24.7,0.940842703153866));
#12650=CARTESIAN_POINT('Ctrl Pts',(5.74533943370637,-24.7,0.645461835776195));
#12651=CARTESIAN_POINT('',(6.71900229284017,-24.7,1.23622357053154));
#12652=CARTESIAN_POINT('Ctrl Pts',(5.74533943370637,-24.7,0.645461835776195));
#12653=CARTESIAN_POINT('Ctrl Pts',(6.00790020470874,-24.7,0.929902671028767));
#12654=CARTESIAN_POINT('Ctrl Pts',(6.478321586088,-24.7,1.23622357053154));
#12655=CARTESIAN_POINT('Ctrl Pts',(6.71900229284017,-24.7,1.23622357053154));
#12656=CARTESIAN_POINT('',(7.36081751084598,-24.7,0.933549348403801));
#12657=CARTESIAN_POINT('Ctrl Pts',(6.71900229284017,-24.7,1.23622357053154));
#12658=CARTESIAN_POINT('Ctrl Pts',(6.92321622584202,-24.7,1.23622357053154));
#12659=CARTESIAN_POINT('Ctrl Pts',(7.25141718959499,-24.7,1.08670979815519));
#12660=CARTESIAN_POINT('Ctrl Pts',(7.36081751084598,-24.7,0.933549348403801));
#12661=CARTESIAN_POINT('',(7.60879157234823,-24.7,-0.0401135107300078));
#12662=CARTESIAN_POINT('Ctrl Pts',(7.36081751084598,-24.7,0.933549348403801));
#12663=CARTESIAN_POINT('Ctrl Pts',(7.4848045415971,-24.7,0.769448866527316));
#12664=CARTESIAN_POINT('Ctrl Pts',(7.60879157234823,-24.7,0.320907549398258));
#12665=CARTESIAN_POINT('Ctrl Pts',(7.60879157234823,-24.7,-0.0401135107300078));
#12666=CARTESIAN_POINT('',(7.60879157234823,-24.7,-2.25));
#12667=CARTESIAN_POINT('',(7.60879157234823,-24.7,-0.572528377682502));
#12668=CARTESIAN_POINT('',(15.9228317728595,-24.7,-2.25));
#12669=CARTESIAN_POINT('',(2.60555034904851,-24.7,-5.96046447806604E-8));
#12670=CARTESIAN_POINT('',(2.26276267579541,-24.7,-1.75405187699551));
#12671=CARTESIAN_POINT('Ctrl Pts',(2.60555034904851,-24.7,-5.96046447806604E-8));
#12672=CARTESIAN_POINT('Ctrl Pts',(2.60555034904851,-24.7,-0.583468439609923));
#12673=CARTESIAN_POINT('Ctrl Pts',(2.44144986717202,-24.7,-1.45867100961784));
#12674=CARTESIAN_POINT('Ctrl Pts',(2.26276267579541,-24.7,-1.75405187699551));
#12675=CARTESIAN_POINT('',(1.09947259315988,-24.7,-2.34481361175086));
#12676=CARTESIAN_POINT('Ctrl Pts',(2.26276267579541,-24.7,-1.75405187699551));
#12677=CARTESIAN_POINT('Ctrl Pts',(2.08407548441879,-24.7,-2.04578606699815));
#12678=CARTESIAN_POINT('Ctrl Pts',(1.51154713653861,-24.7,-2.34481361175086));
#12679=CARTESIAN_POINT('Ctrl Pts',(1.09947259315988,-24.7,-2.34481361175086));
#12680=CARTESIAN_POINT('',(-0.0674641668506729,-24.7,-1.74675852224545));
#12681=CARTESIAN_POINT('Ctrl Pts',(1.09947259315988,-24.7,-2.34481361175086));
#12682=CARTESIAN_POINT('Ctrl Pts',(0.683751372406123,-24.7,-2.34481361175086));
#12683=CARTESIAN_POINT('Ctrl Pts',(0.111223024525944,-24.7,-2.04578606699815));
#12684=CARTESIAN_POINT('Ctrl Pts',(-0.0674641668506729,-24.7,-1.74675852224545));
#12685=CARTESIAN_POINT('',(-0.410251840103774,-24.7,-5.96046451498126E-8));
#12686=CARTESIAN_POINT('Ctrl Pts',(-0.0674641668506729,-24.7,-1.74675852224545));
#12687=CARTESIAN_POINT('Ctrl Pts',(-0.246151358227289,-24.7,-1.45137765486778));
#12688=CARTESIAN_POINT('Ctrl Pts',(-0.410251840103774,-24.7,-0.583468439609924));
#12689=CARTESIAN_POINT('Ctrl Pts',(-0.410251840103774,-24.7,-5.96046451499896E-8));
#12690=CARTESIAN_POINT('',(-0.0638174894756405,-24.7,1.75040508041119));
#12691=CARTESIAN_POINT('Ctrl Pts',(-0.410251840103774,-24.7,-5.96046451499896E-8));
#12692=CARTESIAN_POINT('Ctrl Pts',(-0.410251840103774,-24.7,0.598055029900765));
#12693=CARTESIAN_POINT('Ctrl Pts',(-0.249798035602323,-24.7,1.44408418090842));
#12694=CARTESIAN_POINT('Ctrl Pts',(-0.0638174894756405,-24.7,1.75040508041119));
#12695=CARTESIAN_POINT('',(1.09947259315988,-24.7,2.34116681516653));
#12696=CARTESIAN_POINT('Ctrl Pts',(-0.0638174894756405,-24.7,1.75040508041119));
#12697=CARTESIAN_POINT('Ctrl Pts',(0.122163056651042,-24.7,2.0494326251639));
#12698=CARTESIAN_POINT('Ctrl Pts',(0.698338081906255,-24.7,2.34116681516653));
#12699=CARTESIAN_POINT('Ctrl Pts',(1.09947259315988,-24.7,2.34116681516653));
#12700=CARTESIAN_POINT('',(2.26640935317044,-24.7,1.73217169353603));
#12701=CARTESIAN_POINT('Ctrl Pts',(1.09947259315988,-24.7,2.34116681516653));
#12702=CARTESIAN_POINT('Ctrl Pts',(1.51884049128868,-24.7,2.34116681516653));
#12703=CARTESIAN_POINT('Ctrl Pts',(2.08407548441879,-24.7,2.03484591566376));
#12704=CARTESIAN_POINT('Ctrl Pts',(2.26640935317044,-24.7,1.73217169353603));
#12705=CARTESIAN_POINT('Ctrl Pts',(2.26640935317044,-24.7,1.73217169353603));
#12706=CARTESIAN_POINT('Ctrl Pts',(2.44509654454706,-24.7,1.43679082615835));
#12707=CARTESIAN_POINT('Ctrl Pts',(2.60555034904851,-24.7,0.565234933525468));
#12708=CARTESIAN_POINT('Ctrl Pts',(2.60555034904851,-24.7,-5.96046447806604E-8));
#12709=CARTESIAN_POINT('',(-4.32678315879074,-24.7,-0.681928728735814));
#12710=CARTESIAN_POINT('',(-6.06989494405651,-24.7,-0.681928728735814));
#12711=CARTESIAN_POINT('',(9.75083047428816,-24.7,-0.681928728735813));
#12712=CARTESIAN_POINT('',(-6.06989494405651,-24.7,0.156807067521774));
#12713=CARTESIAN_POINT('',(-6.06989494405651,-24.7,-0.13128041530351));
#12714=CARTESIAN_POINT('',(-4.32678315879074,-24.7,0.156807067521774));
#12715=CARTESIAN_POINT('',(9.75083047428816,-24.7,0.156807067521776));
#12716=CARTESIAN_POINT('',(-4.32678315879074,-24.7,-0.13128041530351));
#12717=CARTESIAN_POINT('',(-6.94874416390733,-24.7,-1.40397084899235));
#12718=CARTESIAN_POINT('',(-10.1724069634365,-24.7,-1.40397084899235));
#12719=CARTESIAN_POINT('',(8.06971221816402,-24.7,-1.40397084899235));
#12720=CARTESIAN_POINT('',(-10.1724069634365,-24.7,-0.623581890735287));
#12721=CARTESIAN_POINT('',(-10.1724069634365,-24.7,-0.506888184931908));
#12722=CARTESIAN_POINT('',(-6.94874416390733,-24.7,-0.623581890735286));
#12723=CARTESIAN_POINT('',(8.06971221816402,-24.7,-0.623581890735284));
#12724=CARTESIAN_POINT('',(-6.94874416390733,-24.7,-0.506888184931908));
#12725=CARTESIAN_POINT('',(-10.7048218418366,-24.7,1.6519447912853));
#12726=CARTESIAN_POINT('',(-10.7741087119622,-24.7,1.6519447912853));
#12727=CARTESIAN_POINT('',(6.98026736155029,-24.7,1.6519447912853));
#12728=CARTESIAN_POINT('',(-11.1533631589656,-24.7,1.72852501616099));
#12729=CARTESIAN_POINT('Ctrl Pts',(-10.7741087119622,-24.7,1.6519447912853));
#12730=CARTESIAN_POINT('Ctrl Pts',(-10.8288088725877,-24.7,1.67017817816046));
#12731=CARTESIAN_POINT('Ctrl Pts',(-11.0512561924647,-24.7,1.72852501616099));
#12732=CARTESIAN_POINT('Ctrl Pts',(-11.1533631589656,-24.7,1.72852501616099));
#12733=CARTESIAN_POINT('',(-11.63472457247,-24.7,1.17058337778095));
#12734=CARTESIAN_POINT('Ctrl Pts',(-11.1533631589656,-24.7,1.72852501616099));
#12735=CARTESIAN_POINT('Ctrl Pts',(-11.4305106394681,-24.7,1.72852501616099));
#12736=CARTESIAN_POINT('Ctrl Pts',(-11.63472457247,-24.7,1.49513766415888));
#12737=CARTESIAN_POINT('Ctrl Pts',(-11.63472457247,-24.7,1.17058337778095));
#12738=CARTESIAN_POINT('',(-11.63472457247,-24.7,1.14505663615571));
#12739=CARTESIAN_POINT('',(-11.63472457247,-24.7,0.578910003484165));
#12740=CARTESIAN_POINT('',(-10.9017424200883,-24.7,1.14505663615571));
#12741=CARTESIAN_POINT('',(6.7158832518604,-24.7,1.14505663615571));
#12742=CARTESIAN_POINT('',(-10.9017424200883,-24.7,0.40842780639905));
#12743=CARTESIAN_POINT('',(-10.9017424200883,-24.7,0.388371110638691));
#12744=CARTESIAN_POINT('',(-11.6019044760947,-24.7,0.40842780639905));
#12745=CARTESIAN_POINT('',(6.72408827595422,-24.7,0.408427806399054));
#12746=CARTESIAN_POINT('',(-11.6019044760947,-24.7,-2.25));
#12747=CARTESIAN_POINT('',(-11.6019044760947,-24.7,-0.460393048400237));
#12748=CARTESIAN_POINT('',(-12.520867174603,-24.7,-2.25));
#12749=CARTESIAN_POINT('',(6.31930708732556,-24.7,-2.25));
#12750=CARTESIAN_POINT('',(-12.520867174603,-24.7,0.40842780639905));
#12751=CARTESIAN_POINT('',(-12.520867174603,-24.7,-0.460393048400237));
#12752=CARTESIAN_POINT('',(-12.8891815894813,-24.7,0.40842780639905));
#12753=CARTESIAN_POINT('',(5.9974878089789,-24.7,0.408427806399054));
#12754=CARTESIAN_POINT('',(-12.8891815894813,-24.7,1.14505663615571));
#12755=CARTESIAN_POINT('',(-12.8891815894813,-24.7,0.388371110638691));
#12756=CARTESIAN_POINT('',(-12.520867174603,-24.7,1.14505663615571));
#12757=CARTESIAN_POINT('',(5.9974878089789,-24.7,1.14505663615571));
#12758=CARTESIAN_POINT('',(-12.520867174603,-24.7,1.23987024790657));
#12759=CARTESIAN_POINT('',(-12.520867174603,-24.7,0.596231721015571));
#12760=CARTESIAN_POINT('',(-11.3758104788426,-24.7,2.47974055541779));
#12761=CARTESIAN_POINT('Ctrl Pts',(-12.520867174603,-24.7,1.23987024790657));
#12762=CARTESIAN_POINT('Ctrl Pts',(-12.520867174603,-24.7,1.85980540166218));
#12763=CARTESIAN_POINT('Ctrl Pts',(-11.9519855040978,-24.7,2.47974055541779));
#12764=CARTESIAN_POINT('Ctrl Pts',(-11.3758104788426,-24.7,2.47974055541779));
#12765=CARTESIAN_POINT('',(-10.7048218418366,-24.7,2.41774704004223));
#12766=CARTESIAN_POINT('Ctrl Pts',(-11.3758104788426,-24.7,2.47974055541779));
#12767=CARTESIAN_POINT('Ctrl Pts',(-11.1788899005908,-24.7,2.47974055541779));
#12768=CARTESIAN_POINT('Ctrl Pts',(-10.8324555499627,-24.7,2.44692045904249));
#12769=CARTESIAN_POINT('Ctrl Pts',(-10.7048218418366,-24.7,2.41774704004223));
#12770=CARTESIAN_POINT('',(-10.7048218418366,-24.7,1.01742295783188));
#12771=CARTESIAN_POINT('',(-6.94874416390733,-24.7,0.094813552146213));
#12772=CARTESIAN_POINT('',(-10.1724069634365,-24.7,0.0948135521462126));
#12773=CARTESIAN_POINT('',(8.06971221816402,-24.7,0.0948135521462149));
#12774=CARTESIAN_POINT('',(-10.1724069634365,-24.7,0.875202510403272));
#12775=CARTESIAN_POINT('',(-10.1724069634365,-24.7,0.242504015637371));
#12776=CARTESIAN_POINT('',(-6.94874416390733,-24.7,0.875202510403273));
#12777=CARTESIAN_POINT('',(8.06971221816402,-24.7,0.875202510403275));
#12778=CARTESIAN_POINT('',(-6.94874416390733,-24.7,0.242504015637371));
#12779=CARTESIAN_POINT('',(-0.858793021987285,-24.7,-0.72568885723621));
#12780=CARTESIAN_POINT('',(-1.27451424274105,-24.7,-1.89262561724677));
#12781=CARTESIAN_POINT('Ctrl Pts',(-0.858793021987285,-24.7,-0.72568885723621));
#12782=CARTESIAN_POINT('Ctrl Pts',(-0.858793021987285,-24.7,-1.07941656261441));
#12783=CARTESIAN_POINT('Ctrl Pts',(-1.06665363236417,-24.7,-1.67747165211982));
#12784=CARTESIAN_POINT('Ctrl Pts',(-1.27451424274105,-24.7,-1.89262561724677));
#12785=CARTESIAN_POINT('',(-2.45603771225173,-24.7,-2.34481361175086));
#12786=CARTESIAN_POINT('Ctrl Pts',(-1.27451424274105,-24.7,-1.89262561724677));
#12787=CARTESIAN_POINT('Ctrl Pts',(-1.47872817574289,-24.7,-2.10777958237371));
#12788=CARTESIAN_POINT('Ctrl Pts',(-2.04396316887301,-24.7,-2.34481361175086));
#12789=CARTESIAN_POINT('Ctrl Pts',(-2.45603771225173,-24.7,-2.34481361175086));
#12790=CARTESIAN_POINT('',(-3.72508143876321,-24.7,-2.07131280862338));
#12791=CARTESIAN_POINT('Ctrl Pts',(-2.45603771225173,-24.7,-2.34481361175086));
#12792=CARTESIAN_POINT('Ctrl Pts',(-2.89363899725569,-24.7,-2.34116693437583));
#12793=CARTESIAN_POINT('Ctrl Pts',(-3.52086750576137,-24.7,-2.17706645249934));
#12794=CARTESIAN_POINT('Ctrl Pts',(-3.72508143876321,-24.7,-2.07131280862338));
#12795=CARTESIAN_POINT('',(-3.72508143876321,-24.7,-1.09035659473951));
#12796=CARTESIAN_POINT('',(-3.72508143876321,-24.7,-0.790417350840723));
#12797=CARTESIAN_POINT('',(-3.63391450438739,-24.7,-1.09035659473951));
#12798=CARTESIAN_POINT('',(10.5102510142123,-24.7,-1.09035659473951));
#12799=CARTESIAN_POINT('',(-3.22913331575873,-24.7,-1.32739062411665));
#12800=CARTESIAN_POINT('Ctrl Pts',(-3.63391450438739,-24.7,-1.09035659473951));
#12801=CARTESIAN_POINT('Ctrl Pts',(-3.56098095688673,-24.7,-1.13776340061494));
#12802=CARTESIAN_POINT('Ctrl Pts',(-3.37864708813508,-24.7,-1.26175043136606));
#12803=CARTESIAN_POINT('Ctrl Pts',(-3.22913331575873,-24.7,-1.32739062411665));
#12804=CARTESIAN_POINT('',(-2.62378487150325,-24.7,-1.47325771911797));
#12805=CARTESIAN_POINT('Ctrl Pts',(-3.22913331575873,-24.7,-1.32739062411665));
#12806=CARTESIAN_POINT('Ctrl Pts',(-3.08691289813244,-24.7,-1.38938413949221));
#12807=CARTESIAN_POINT('Ctrl Pts',(-2.80247206287987,-24.7,-1.47325771911797));
#12808=CARTESIAN_POINT('Ctrl Pts',(-2.62378487150325,-24.7,-1.47325771911797));
#12809=CARTESIAN_POINT('',(-2.01114307249771,-24.7,-1.26904378611613));
#12810=CARTESIAN_POINT('Ctrl Pts',(-2.62378487150325,-24.7,-1.47325771911797));
#12811=CARTESIAN_POINT('Ctrl Pts',(-2.47062442175187,-24.7,-1.47325771911797));
#12812=CARTESIAN_POINT('Ctrl Pts',(-2.1205433937487,-24.7,-1.38573746211718));
#12813=CARTESIAN_POINT('Ctrl Pts',(-2.01114307249771,-24.7,-1.26904378611613));
#12814=CARTESIAN_POINT('',(-1.84339591324619,-24.7,-0.769448985736606));
#12815=CARTESIAN_POINT('Ctrl Pts',(-2.01114307249771,-24.7,-1.26904378611613));
#12816=CARTESIAN_POINT('Ctrl Pts',(-1.93456284762202,-24.7,-1.1778768517403));
#12817=CARTESIAN_POINT('Ctrl Pts',(-1.84339591324619,-24.7,-0.955429531863289));
#12818=CARTESIAN_POINT('Ctrl Pts',(-1.84339591324619,-24.7,-0.769448985736606));
#12819=CARTESIAN_POINT('',(-2.04760984624804,-24.7,-0.313614313857482));
#12820=CARTESIAN_POINT('Ctrl Pts',(-1.84339591324619,-24.7,-0.769448985736606));
#12821=CARTESIAN_POINT('Ctrl Pts',(-1.84339591324619,-24.7,-0.608995181235154));
#12822=CARTESIAN_POINT('Ctrl Pts',(-1.95644291187221,-24.7,-0.382901183983109));
#12823=CARTESIAN_POINT('Ctrl Pts',(-2.04760984624804,-24.7,-0.313614313857482));
#12824=CARTESIAN_POINT('',(-2.70036509637894,-24.7,-0.153160509356031));
#12825=CARTESIAN_POINT('Ctrl Pts',(-2.04760984624804,-24.7,-0.313614313857482));
#12826=CARTESIAN_POINT('Ctrl Pts',(-2.18253690912426,-24.7,-0.211507347356558));
#12827=CARTESIAN_POINT('Ctrl Pts',(-2.56179135612769,-24.7,-0.153160509356031));
#12828=CARTESIAN_POINT('Ctrl Pts',(-2.70036509637894,-24.7,-0.153160509356031));
#12829=CARTESIAN_POINT('',(-3.47346069988594,-24.7,-0.277147540107152));
#12830=CARTESIAN_POINT('Ctrl Pts',(-2.70036509637894,-24.7,-0.153160509356031));
#12831=CARTESIAN_POINT('Ctrl Pts',(-2.91551906150589,-24.7,-0.153160509356031));
#12832=CARTESIAN_POINT('Ctrl Pts',(-3.32394692750959,-24.7,-0.233387411606756));
#12833=CARTESIAN_POINT('Ctrl Pts',(-3.47346069988594,-24.7,-0.277147540107152));
#12834=CARTESIAN_POINT('',(-3.5573342795117,-24.7,-0.277147540107152));
#12835=CARTESIAN_POINT('',(10.5923012551506,-24.7,-0.277147540107152));
#12836=CARTESIAN_POINT('',(-3.5573342795117,-24.7,2.24999988079071));
#12837=CARTESIAN_POINT('',(-3.5573342795117,-24.7,0.493213085170886));
#12838=CARTESIAN_POINT('',(-0.968193343238274,-24.7,2.24999988079071));
#12839=CARTESIAN_POINT('',(11.2186180943125,-24.7,2.24999988079071));
#12840=CARTESIAN_POINT('',(-0.968193343238274,-24.7,1.40032405240802));
#12841=CARTESIAN_POINT('',(-0.968193343238273,-24.7,0.912580983299684));
#12842=CARTESIAN_POINT('',(-2.63107822625332,-24.7,1.40032405240802));
#12843=CARTESIAN_POINT('',(11.4501821076271,-24.7,1.40032405240803));
#12844=CARTESIAN_POINT('',(-2.63107822625332,-24.7,0.652755190526261));
#12845=CARTESIAN_POINT('',(-2.63107822625332,-24.7,0.513269810733571));
#12846=CARTESIAN_POINT('',(-2.27370384350008,-24.7,0.667341900026392));
#12847=CARTESIAN_POINT('Ctrl Pts',(-2.63107822625332,-24.7,0.652755190526261));
#12848=CARTESIAN_POINT('Ctrl Pts',(-2.55085132400259,-24.7,0.660048545276326));
#12849=CARTESIAN_POINT('Ctrl Pts',(-2.33569735887565,-24.7,0.667341900026392));
#12850=CARTESIAN_POINT('Ctrl Pts',(-2.27370384350008,-24.7,0.667341900026392));
#12851=CARTESIAN_POINT('',(-1.32921440336654,-24.7,0.401134451648984));
#12852=CARTESIAN_POINT('Ctrl Pts',(-2.27370384350008,-24.7,0.667341900026392));
#12853=CARTESIAN_POINT('Ctrl Pts',(-1.99290968562254,-24.7,0.667341900026392));
#12854=CARTESIAN_POINT('Ctrl Pts',(-1.51519494949322,-24.7,0.536061514525205));
#12855=CARTESIAN_POINT('Ctrl Pts',(-1.32921440336654,-24.7,0.401134451648984));
#12856=CARTESIAN_POINT('Ctrl Pts',(-1.32921440336654,-24.7,0.401134451648984));
#12857=CARTESIAN_POINT('Ctrl Pts',(-1.10676708348953,-24.7,0.233387292397467));
#12858=CARTESIAN_POINT('Ctrl Pts',(-0.858793021987285,-24.7,-0.324554345982581));
#12859=CARTESIAN_POINT('Ctrl Pts',(-0.858793021987285,-24.7,-0.72568885723621));
#12860=CARTESIAN_POINT('',(11.8134106297161,-24.7,-2.25));
#12861=CARTESIAN_POINT('',(11.8134106297161,-24.7,-0.554295020609659));
#12862=CARTESIAN_POINT('',(11.8134106297161,-24.7,-0.701073755152415));
#12863=CARTESIAN_POINT('',(11.7587104690906,-24.7,0.149513712771708));
#12864=CARTESIAN_POINT('Ctrl Pts',(11.8134106297161,-24.7,-0.554295020609659));
#12865=CARTESIAN_POINT('Ctrl Pts',(11.8134106297161,-24.7,-0.302674281732383));
#12866=CARTESIAN_POINT('Ctrl Pts',(11.7988239202159,-24.7,0.0401133915207183));
#12867=CARTESIAN_POINT('Ctrl Pts',(11.7587104690906,-24.7,0.149513712771708));
#12868=CARTESIAN_POINT('',(11.4049827637124,-24.7,0.357374323148588));
#12869=CARTESIAN_POINT('Ctrl Pts',(11.7587104690906,-24.7,0.149513712771708));
#12870=CARTESIAN_POINT('Ctrl Pts',(11.7185970179652,-24.7,0.258914034022697));
#12871=CARTESIAN_POINT('Ctrl Pts',(11.5544965360887,-24.7,0.357374323148588));
#12872=CARTESIAN_POINT('Ctrl Pts',(11.4049827637124,-24.7,0.357374323148588));
#12873=CARTESIAN_POINT('',(10.9783215108335,-24.7,0.153160390146741));
#12874=CARTESIAN_POINT('Ctrl Pts',(11.4049827637124,-24.7,0.357374323148588));
#12875=CARTESIAN_POINT('Ctrl Pts',(11.3028757972114,-24.7,0.357374323148588));
#12876=CARTESIAN_POINT('Ctrl Pts',(11.0986618642096,-24.7,0.251620679272632));
#12877=CARTESIAN_POINT('Ctrl Pts',(10.9783215108335,-24.7,0.153160390146741));
#12878=CARTESIAN_POINT('',(10.9783215108335,-24.7,-2.25));
#12879=CARTESIAN_POINT('',(10.9783215108335,-24.7,-0.524209902463315));
#12880=CARTESIAN_POINT('',(10.0520654575751,-24.7,-2.25));
#12881=CARTESIAN_POINT('',(17.6075967421021,-24.7,-2.25));
#12882=CARTESIAN_POINT('',(10.0520654575751,-24.7,-0.55429502060966));
#12883=CARTESIAN_POINT('',(10.0520654575751,-24.7,-0.701073755152415));
#12884=CARTESIAN_POINT('',(9.9937186195746,-24.7,0.149513712771708));
#12885=CARTESIAN_POINT('Ctrl Pts',(10.0520654575751,-24.7,-0.554295020609659));
#12886=CARTESIAN_POINT('Ctrl Pts',(10.0520654575751,-24.7,-0.306320959107416));
#12887=CARTESIAN_POINT('Ctrl Pts',(10.0338320707,-24.7,0.0401133915207181));
#12888=CARTESIAN_POINT('Ctrl Pts',(9.9937186195746,-24.7,0.149513712771708));
#12889=CARTESIAN_POINT('',(9.6399909141964,-24.7,0.357374323148588));
#12890=CARTESIAN_POINT('Ctrl Pts',(9.9937186195746,-24.7,0.149513712771708));
#12891=CARTESIAN_POINT('Ctrl Pts',(9.95360516844924,-24.7,0.258914034022697));
#12892=CARTESIAN_POINT('Ctrl Pts',(9.78950468657276,-24.7,0.357374323148588));
#12893=CARTESIAN_POINT('Ctrl Pts',(9.6399909141964,-24.7,0.357374323148588));
#12894=CARTESIAN_POINT('',(9.20968298394251,-24.7,0.153160390146741));
#12895=CARTESIAN_POINT('Ctrl Pts',(9.6399909141964,-24.7,0.357374323148588));
#12896=CARTESIAN_POINT('Ctrl Pts',(9.52694391557038,-24.7,0.357374323148588));
#12897=CARTESIAN_POINT('Ctrl Pts',(9.31178995044343,-24.7,0.237033969772499));
#12898=CARTESIAN_POINT('Ctrl Pts',(9.20968298394251,-24.7,0.153160390146741));
#12899=CARTESIAN_POINT('',(9.20968298394251,-24.7,-2.25));
#12900=CARTESIAN_POINT('',(9.20968298394251,-24.7,-0.524209902463315));
#12901=CARTESIAN_POINT('',(8.2907202854342,-24.7,-2.25));
#12902=CARTESIAN_POINT('',(16.7251008173442,-24.7,-2.25));
#12903=CARTESIAN_POINT('',(8.2907202854342,-24.7,1.14505663615571));
#12904=CARTESIAN_POINT('',(8.2907202854342,-24.7,-0.276235840961072));
#12905=CARTESIAN_POINT('',(9.20968298394251,-24.7,1.14505663615571));
#12906=CARTESIAN_POINT('',(16.7251008173442,-24.7,1.14505663615571));
#12907=CARTESIAN_POINT('',(9.20968298394251,-24.7,0.769448866527316));
#12908=CARTESIAN_POINT('',(9.20968298394251,-24.7,0.478626375670757));
#12909=CARTESIAN_POINT('',(10.0848855539504,-24.7,1.23622357053154));
#12910=CARTESIAN_POINT('Ctrl Pts',(9.20968298394251,-24.7,0.769448866527316));
#12911=CARTESIAN_POINT('Ctrl Pts',(9.43577698119456,-24.7,0.988249509029296));
#12912=CARTESIAN_POINT('Ctrl Pts',(9.83691149244819,-24.7,1.23622357053154));
#12913=CARTESIAN_POINT('Ctrl Pts',(10.0848855539504,-24.7,1.23622357053154));
#12914=CARTESIAN_POINT('',(10.8762145443326,-24.7,0.645461835776195));
#12915=CARTESIAN_POINT('Ctrl Pts',(10.0848855539504,-24.7,1.23622357053154));
#12916=CARTESIAN_POINT('Ctrl Pts',(10.3583863570779,-24.7,1.23622357053154));
#12917=CARTESIAN_POINT('Ctrl Pts',(10.7668142230816,-24.7,0.940842703153867));
#12918=CARTESIAN_POINT('Ctrl Pts',(10.8762145443326,-24.7,0.645461835776195));
#12919=CARTESIAN_POINT('',(11.8498774034664,-24.7,1.23622357053154));
#12920=CARTESIAN_POINT('Ctrl Pts',(10.8762145443326,-24.7,0.645461835776195));
#12921=CARTESIAN_POINT('Ctrl Pts',(11.138775315335,-24.7,0.929902671028768));
#12922=CARTESIAN_POINT('Ctrl Pts',(11.6091966967142,-24.7,1.23622357053154));
#12923=CARTESIAN_POINT('Ctrl Pts',(11.8498774034664,-24.7,1.23622357053154));
#12924=CARTESIAN_POINT('',(12.4916926214722,-24.7,0.933549348403801));
#12925=CARTESIAN_POINT('Ctrl Pts',(11.8498774034664,-24.7,1.23622357053154));
#12926=CARTESIAN_POINT('Ctrl Pts',(12.0540913364682,-24.7,1.23622357053154));
#12927=CARTESIAN_POINT('Ctrl Pts',(12.3822923002212,-24.7,1.08670979815519));
#12928=CARTESIAN_POINT('Ctrl Pts',(12.4916926214722,-24.7,0.933549348403801));
#12929=CARTESIAN_POINT('',(12.7396666829744,-24.7,-0.0401135107300076));
#12930=CARTESIAN_POINT('Ctrl Pts',(12.4916926214722,-24.7,0.933549348403801));
#12931=CARTESIAN_POINT('Ctrl Pts',(12.6156796522233,-24.7,0.769448866527316));
#12932=CARTESIAN_POINT('Ctrl Pts',(12.7396666829744,-24.7,0.320907549398258));
#12933=CARTESIAN_POINT('Ctrl Pts',(12.7396666829744,-24.7,-0.0401135107300076));
#12934=CARTESIAN_POINT('',(12.7396666829744,-24.7,-2.25));
#12935=CARTESIAN_POINT('',(12.7396666829744,-24.7,-0.572528377682502));
#12936=CARTESIAN_POINT('',(18.4882693281726,-24.7,-2.25));
#12937=CARTESIAN_POINT('Origin',(-13.4000000000001,-24.2,0.));
#12938=CARTESIAN_POINT('',(-13.9000000000001,-24.2,0.));
#12939=CARTESIAN_POINT('Origin',(-13.9000000000001,-24.7000000000001,0.));
#12940=CARTESIAN_POINT('',(-13.9,-20.7000000000001,0.));
#12941=CARTESIAN_POINT('Origin',(-14.65,-20.7000000000001,0.));
#12942=CARTESIAN_POINT('',(-14.0356359667833,-20.2698176727368,0.));
#12943=CARTESIAN_POINT('Origin',(-14.0356359667833,-20.2698176727368,0.));
#12944=CARTESIAN_POINT('',(-14.3224241849588,-19.8602416505923,0.));
#12945=CARTESIAN_POINT('Origin',(-14.9367882181755,-20.2904239778556,0.));
#12946=CARTESIAN_POINT('',(-15.5926310208026,-20.6542511596909,0.));
#12947=CARTESIAN_POINT('Origin',(-16.4670880909721,-21.1393540688047,0.));
#12948=CARTESIAN_POINT('',(-15.4745419393308,-21.2612234122099,0.));
#12949=CARTESIAN_POINT('Origin',(-15.429495557161,-20.8943500704922,0.));
#12950=CARTESIAN_POINT('',(-15.83335553018,-24.1835255991516,0.));
#12951=CARTESIAN_POINT('Origin',(-16.3296286060007,-24.122590927449,0.));
#12952=CARTESIAN_POINT('',(-16.3601528757681,-24.6216583266599,0.));
#12953=CARTESIAN_POINT('Origin',(-15.8906771455355,-24.650372692418,0.));
#12954=CARTESIAN_POINT('',(-16.8888119439574,-24.5893241528832,0.));
#12955=CARTESIAN_POINT('Origin',(-16.85828767419,-24.0902567536722,0.));
#12956=CARTESIAN_POINT('',(-17.3573550734009,-24.0597324839048,0.));
#12957=CARTESIAN_POINT('Origin',(-17.3878793431683,-24.5587998831157,0.));
#12958=CARTESIAN_POINT('',(-17.3410645043856,-23.7933840348814,0.));
#12959=CARTESIAN_POINT('Origin',(-16.8419971051747,-23.8239083046489,0.));
#12960=CARTESIAN_POINT('',(-17.1394084985503,-23.4219798743402,0.));
#12961=CARTESIAN_POINT('Origin',(-17.1394084985503,-23.4219798743402,0.));
#12962=CARTESIAN_POINT('',(-17.0310354426497,-23.3417880313919,0.));
#12963=CARTESIAN_POINT('Origin',(-17.15,-23.1810166592685,0.));
#12964=CARTESIAN_POINT('',(-16.95,-23.1810166592685,0.));
#12965=CARTESIAN_POINT('Origin',(-16.95,-24.6999999999999,0.));
#12966=CARTESIAN_POINT('Origin',(24.3,16.55,0.));
#12967=CARTESIAN_POINT('',(24.3,16.95,0.));
#12968=CARTESIAN_POINT('',(24.7,16.55,0.));
#12969=CARTESIAN_POINT('Origin',(24.7000000000001,24.7,0.));
#12970=CARTESIAN_POINT('',(24.7,-16.55,0.));
#12971=CARTESIAN_POINT('Origin',(24.3,-16.55,0.));
#12972=CARTESIAN_POINT('',(24.3,-16.95,0.));
#12973=CARTESIAN_POINT('Origin',(24.6999999999999,-23.9999999999999,0.));
#12974=CARTESIAN_POINT('',(6.68253551908984,-24.,-2.25));
#12975=CARTESIAN_POINT('',(6.68253551908984,-24.,-0.55429502060966));
#12976=CARTESIAN_POINT('',(6.68253551908984,-24.,-2.25));
#12977=CARTESIAN_POINT('',(7.60879157234822,-24.,-2.25));
#12978=CARTESIAN_POINT('',(7.60879157234822,-24.,-2.25));
#12979=CARTESIAN_POINT('',(7.60879157234822,-24.,-0.0401135107300078));
#12980=CARTESIAN_POINT('',(7.60879157234822,-24.,-0.0401135107300078));
#12981=CARTESIAN_POINT('',(7.36081751084598,-24.,0.933549348403801));
#12982=CARTESIAN_POINT('Ctrl Pts',(7.36081751084598,-24.,0.933549348403801));
#12983=CARTESIAN_POINT('Ctrl Pts',(7.4848045415971,-24.,0.769448866527316));
#12984=CARTESIAN_POINT('Ctrl Pts',(7.60879157234822,-24.,0.320907549398258));
#12985=CARTESIAN_POINT('Ctrl Pts',(7.60879157234822,-24.,-0.0401135107300078));
#12986=CARTESIAN_POINT('',(6.71900229284017,-24.,1.23622357053154));
#12987=CARTESIAN_POINT('Ctrl Pts',(6.71900229284017,-24.,1.23622357053154));
#12988=CARTESIAN_POINT('Ctrl Pts',(6.92321622584202,-24.,1.23622357053154));
#12989=CARTESIAN_POINT('Ctrl Pts',(7.25141718959499,-24.,1.08670979815519));
#12990=CARTESIAN_POINT('Ctrl Pts',(7.36081751084598,-24.,0.933549348403801));
#12991=CARTESIAN_POINT('',(5.74533943370637,-24.,0.645461835776195));
#12992=CARTESIAN_POINT('Ctrl Pts',(5.74533943370637,-24.,0.645461835776195));
#12993=CARTESIAN_POINT('Ctrl Pts',(6.00790020470874,-24.,0.929902671028767));
#12994=CARTESIAN_POINT('Ctrl Pts',(6.478321586088,-24.,1.23622357053154));
#12995=CARTESIAN_POINT('Ctrl Pts',(6.71900229284017,-24.,1.23622357053154));
#12996=CARTESIAN_POINT('',(4.95401044332421,-24.,1.23622357053154));
#12997=CARTESIAN_POINT('Ctrl Pts',(4.95401044332421,-24.,1.23622357053154));
#12998=CARTESIAN_POINT('Ctrl Pts',(5.22751124645168,-24.,1.23622357053154));
#12999=CARTESIAN_POINT('Ctrl Pts',(5.63593911245538,-24.,0.940842703153866));
#13000=CARTESIAN_POINT('Ctrl Pts',(5.74533943370637,-24.,0.645461835776195));
#13001=CARTESIAN_POINT('',(4.07880787331629,-24.,0.769448866527316));
#13002=CARTESIAN_POINT('Ctrl Pts',(4.07880787331629,-24.,0.769448866527316));
#13003=CARTESIAN_POINT('Ctrl Pts',(4.30490187056833,-24.,0.988249509029295));
#13004=CARTESIAN_POINT('Ctrl Pts',(4.70603638182196,-24.,1.23622357053154));
#13005=CARTESIAN_POINT('Ctrl Pts',(4.95401044332421,-24.,1.23622357053154));
#13006=CARTESIAN_POINT('',(4.07880787331629,-24.,1.14505663615571));
#13007=CARTESIAN_POINT('',(4.07880787331629,-24.,1.14505663615571));
#13008=CARTESIAN_POINT('',(3.15984517480798,-24.,1.14505663615571));
#13009=CARTESIAN_POINT('',(3.15984517480798,-24.,1.14505663615571));
#13010=CARTESIAN_POINT('',(3.15984517480798,-24.,-2.25));
#13011=CARTESIAN_POINT('',(3.15984517480798,-24.,-2.25));
#13012=CARTESIAN_POINT('',(4.07880787331629,-24.,-2.25));
#13013=CARTESIAN_POINT('',(4.07880787331629,-24.,-2.25));
#13014=CARTESIAN_POINT('',(4.07880787331629,-24.,0.15316039014674));
#13015=CARTESIAN_POINT('',(4.07880787331629,-24.,0.15316039014674));
#13016=CARTESIAN_POINT('',(4.50911580357018,-24.,0.357374323148588));
#13017=CARTESIAN_POINT('Ctrl Pts',(4.50911580357018,-24.,0.357374323148588));
#13018=CARTESIAN_POINT('Ctrl Pts',(4.39606880494416,-24.,0.357374323148588));
#13019=CARTESIAN_POINT('Ctrl Pts',(4.18091483981721,-24.,0.237033969772499));
#13020=CARTESIAN_POINT('Ctrl Pts',(4.07880787331629,-24.,0.15316039014674));
#13021=CARTESIAN_POINT('',(4.86284350894838,-24.,0.149513712771708));
#13022=CARTESIAN_POINT('Ctrl Pts',(4.86284350894838,-24.,0.149513712771708));
#13023=CARTESIAN_POINT('Ctrl Pts',(4.82273005782302,-24.,0.258914034022697));
#13024=CARTESIAN_POINT('Ctrl Pts',(4.65862957594653,-24.,0.357374323148588));
#13025=CARTESIAN_POINT('Ctrl Pts',(4.50911580357018,-24.,0.357374323148588));
#13026=CARTESIAN_POINT('',(4.92119034694891,-24.,-0.55429502060966));
#13027=CARTESIAN_POINT('Ctrl Pts',(4.92119034694891,-24.,-0.55429502060966));
#13028=CARTESIAN_POINT('Ctrl Pts',(4.92119034694891,-24.,-0.306320959107416));
#13029=CARTESIAN_POINT('Ctrl Pts',(4.90295696007374,-24.,0.0401133915207179));
#13030=CARTESIAN_POINT('Ctrl Pts',(4.86284350894838,-24.,0.149513712771708));
#13031=CARTESIAN_POINT('',(4.92119034694891,-24.,-2.25));
#13032=CARTESIAN_POINT('',(4.92119034694891,-24.,-2.25));
#13033=CARTESIAN_POINT('',(5.84744640020729,-24.,-2.25));
#13034=CARTESIAN_POINT('',(5.84744640020729,-24.,-2.25));
#13035=CARTESIAN_POINT('',(5.84744640020729,-24.,0.153160390146741));
#13036=CARTESIAN_POINT('',(5.84744640020729,-24.,0.153160390146741));
#13037=CARTESIAN_POINT('',(6.27410765308615,-24.,0.357374323148588));
#13038=CARTESIAN_POINT('Ctrl Pts',(6.27410765308615,-24.,0.357374323148588));
#13039=CARTESIAN_POINT('Ctrl Pts',(6.17200068658522,-24.,0.357374323148588));
#13040=CARTESIAN_POINT('Ctrl Pts',(5.96778675358338,-24.,0.251620679272631));
#13041=CARTESIAN_POINT('Ctrl Pts',(5.84744640020729,-24.,0.153160390146741));
#13042=CARTESIAN_POINT('',(6.62783535846435,-24.,0.149513712771708));
#13043=CARTESIAN_POINT('Ctrl Pts',(6.62783535846435,-24.,0.149513712771708));
#13044=CARTESIAN_POINT('Ctrl Pts',(6.58772190733899,-24.,0.258914034022697));
#13045=CARTESIAN_POINT('Ctrl Pts',(6.4236214254625,-24.,0.357374323148588));
#13046=CARTESIAN_POINT('Ctrl Pts',(6.27410765308615,-24.,0.357374323148588));
#13047=CARTESIAN_POINT('Ctrl Pts',(6.68253551908984,-24.,-0.554295020609659));
#13048=CARTESIAN_POINT('Ctrl Pts',(6.68253551908984,-24.,-0.302674281732383));
#13049=CARTESIAN_POINT('Ctrl Pts',(6.66794880958971,-24.,0.0401133915207181));
#13050=CARTESIAN_POINT('Ctrl Pts',(6.62783535846435,-24.,0.149513712771708));
#13051=CARTESIAN_POINT('Origin',(6.68253551908984,-24.7,-1.40214751030483));
#13052=CARTESIAN_POINT('',(6.68253551908984,-24.7,-0.55429502060966));
#13053=CARTESIAN_POINT('',(6.68253551908984,-24.7,-2.25));
#13054=CARTESIAN_POINT('Origin',(7.14566354571904,-24.7,-2.25));
#13055=CARTESIAN_POINT('',(7.60879157234823,-24.7,-2.25));
#13056=CARTESIAN_POINT('Origin',(7.60879157234823,-24.7,-1.145056755365));
#13057=CARTESIAN_POINT('',(7.60879157234823,-24.7,-0.0401135107300078));
#13058=CARTESIAN_POINT('Ctrl Pts',(7.36081751084598,-24.,0.933549348403801));
#13059=CARTESIAN_POINT('Ctrl Pts',(7.36081751084598,-24.7,0.933549348403801));
#13060=CARTESIAN_POINT('Ctrl Pts',(7.4848045415971,-24.,0.769448866527316));
#13061=CARTESIAN_POINT('Ctrl Pts',(7.4848045415971,-24.7,0.769448866527316));
#13062=CARTESIAN_POINT('Ctrl Pts',(7.60879157234822,-24.,0.320907549398258));
#13063=CARTESIAN_POINT('Ctrl Pts',(7.60879157234823,-24.7,0.320907549398258));
#13064=CARTESIAN_POINT('Ctrl Pts',(7.60879157234822,-24.,-0.0401135107300078));
#13065=CARTESIAN_POINT('Ctrl Pts',(7.60879157234823,-24.7,-0.0401135107300078));
#13066=CARTESIAN_POINT('',(7.36081751084598,-24.7,0.933549348403801));
#13067=CARTESIAN_POINT('Ctrl Pts',(6.71900229284017,-24.,1.23622357053154));
#13068=CARTESIAN_POINT('Ctrl Pts',(6.71900229284017,-24.7,1.23622357053154));
#13069=CARTESIAN_POINT('Ctrl Pts',(6.92321622584202,-24.,1.23622357053154));
#13070=CARTESIAN_POINT('Ctrl Pts',(6.92321622584202,-24.7,1.23622357053154));
#13071=CARTESIAN_POINT('Ctrl Pts',(7.25141718959499,-24.,1.08670979815519));
#13072=CARTESIAN_POINT('Ctrl Pts',(7.25141718959499,-24.7,1.08670979815519));
#13073=CARTESIAN_POINT('Ctrl Pts',(7.36081751084598,-24.,0.933549348403801));
#13074=CARTESIAN_POINT('Ctrl Pts',(7.36081751084598,-24.7,0.933549348403801));
#13075=CARTESIAN_POINT('',(6.71900229284017,-24.7,1.23622357053154));
#13076=CARTESIAN_POINT('Ctrl Pts',(5.74533943370637,-24.,0.645461835776195));
#13077=CARTESIAN_POINT('Ctrl Pts',(5.74533943370637,-24.7,0.645461835776195));
#13078=CARTESIAN_POINT('Ctrl Pts',(6.00790020470874,-24.,0.929902671028767));
#13079=CARTESIAN_POINT('Ctrl Pts',(6.00790020470874,-24.7,0.929902671028767));
#13080=CARTESIAN_POINT('Ctrl Pts',(6.478321586088,-24.,1.23622357053154));
#13081=CARTESIAN_POINT('Ctrl Pts',(6.478321586088,-24.7,1.23622357053154));
#13082=CARTESIAN_POINT('Ctrl Pts',(6.71900229284017,-24.,1.23622357053154));
#13083=CARTESIAN_POINT('Ctrl Pts',(6.71900229284017,-24.7,1.23622357053154));
#13084=CARTESIAN_POINT('',(5.74533943370637,-24.7,0.645461835776195));
#13085=CARTESIAN_POINT('Ctrl Pts',(4.95401044332421,-24.,1.23622357053154));
#13086=CARTESIAN_POINT('Ctrl Pts',(4.95401044332421,-24.7,1.23622357053154));
#13087=CARTESIAN_POINT('Ctrl Pts',(5.22751124645168,-24.,1.23622357053154));
#13088=CARTESIAN_POINT('Ctrl Pts',(5.22751124645168,-24.7,1.23622357053154));
#13089=CARTESIAN_POINT('Ctrl Pts',(5.63593911245538,-24.,0.940842703153866));
#13090=CARTESIAN_POINT('Ctrl Pts',(5.63593911245538,-24.7,0.940842703153866));
#13091=CARTESIAN_POINT('Ctrl Pts',(5.74533943370637,-24.,0.645461835776195));
#13092=CARTESIAN_POINT('Ctrl Pts',(5.74533943370637,-24.7,0.645461835776195));
#13093=CARTESIAN_POINT('',(4.95401044332421,-24.7,1.23622357053154));
#13094=CARTESIAN_POINT('Ctrl Pts',(4.07880787331629,-24.,0.769448866527316));
#13095=CARTESIAN_POINT('Ctrl Pts',(4.07880787331629,-24.7,0.769448866527316));
#13096=CARTESIAN_POINT('Ctrl Pts',(4.30490187056833,-24.,0.988249509029295));
#13097=CARTESIAN_POINT('Ctrl Pts',(4.30490187056834,-24.7,0.988249509029295));
#13098=CARTESIAN_POINT('Ctrl Pts',(4.70603638182196,-24.,1.23622357053154));
#13099=CARTESIAN_POINT('Ctrl Pts',(4.70603638182197,-24.7,1.23622357053154));
#13100=CARTESIAN_POINT('Ctrl Pts',(4.95401044332421,-24.,1.23622357053154));
#13101=CARTESIAN_POINT('Ctrl Pts',(4.95401044332421,-24.7,1.23622357053154));
#13102=CARTESIAN_POINT('',(4.07880787331629,-24.7,0.769448866527316));
#13103=CARTESIAN_POINT('Origin',(4.07880787331629,-24.7,0.957252751341515));
#13104=CARTESIAN_POINT('',(4.07880787331629,-24.7,1.14505663615571));
#13105=CARTESIAN_POINT('Origin',(3.61932652406213,-24.7,1.14505663615571));
#13106=CARTESIAN_POINT('',(3.15984517480798,-24.7,1.14505663615571));
#13107=CARTESIAN_POINT('Origin',(3.15984517480798,-24.7,-0.552471681922143));
#13108=CARTESIAN_POINT('',(3.15984517480798,-24.7,-2.25));
#13109=CARTESIAN_POINT('Origin',(3.61932652406213,-24.7,-2.25));
#13110=CARTESIAN_POINT('',(4.07880787331629,-24.7,-2.25));
#13111=CARTESIAN_POINT('Origin',(4.07880787331629,-24.7,-1.04841980492663));
#13112=CARTESIAN_POINT('',(4.07880787331629,-24.7,0.15316039014674));
#13113=CARTESIAN_POINT('Ctrl Pts',(4.50911580357018,-24.,0.357374323148588));
#13114=CARTESIAN_POINT('Ctrl Pts',(4.50911580357018,-24.7,0.357374323148588));
#13115=CARTESIAN_POINT('Ctrl Pts',(4.39606880494416,-24.,0.357374323148588));
#13116=CARTESIAN_POINT('Ctrl Pts',(4.39606880494416,-24.7,0.357374323148588));
#13117=CARTESIAN_POINT('Ctrl Pts',(4.18091483981721,-24.,0.237033969772499));
#13118=CARTESIAN_POINT('Ctrl Pts',(4.18091483981721,-24.7,0.237033969772499));
#13119=CARTESIAN_POINT('Ctrl Pts',(4.07880787331629,-24.,0.15316039014674));
#13120=CARTESIAN_POINT('Ctrl Pts',(4.07880787331629,-24.7,0.15316039014674));
#13121=CARTESIAN_POINT('',(4.50911580357018,-24.7,0.357374323148588));
#13122=CARTESIAN_POINT('Ctrl Pts',(4.86284350894838,-24.,0.149513712771708));
#13123=CARTESIAN_POINT('Ctrl Pts',(4.86284350894838,-24.7,0.149513712771708));
#13124=CARTESIAN_POINT('Ctrl Pts',(4.82273005782302,-24.,0.258914034022697));
#13125=CARTESIAN_POINT('Ctrl Pts',(4.82273005782302,-24.7,0.258914034022697));
#13126=CARTESIAN_POINT('Ctrl Pts',(4.65862957594653,-24.,0.357374323148588));
#13127=CARTESIAN_POINT('Ctrl Pts',(4.65862957594654,-24.7,0.357374323148588));
#13128=CARTESIAN_POINT('Ctrl Pts',(4.50911580357018,-24.,0.357374323148588));
#13129=CARTESIAN_POINT('Ctrl Pts',(4.50911580357018,-24.7,0.357374323148588));
#13130=CARTESIAN_POINT('',(4.86284350894838,-24.7,0.149513712771708));
#13131=CARTESIAN_POINT('Ctrl Pts',(4.92119034694891,-24.,-0.55429502060966));
#13132=CARTESIAN_POINT('Ctrl Pts',(4.92119034694891,-24.7,-0.55429502060966));
#13133=CARTESIAN_POINT('Ctrl Pts',(4.92119034694891,-24.,-0.306320959107416));
#13134=CARTESIAN_POINT('Ctrl Pts',(4.92119034694891,-24.7,-0.306320959107416));
#13135=CARTESIAN_POINT('Ctrl Pts',(4.90295696007374,-24.,0.0401133915207178));
#13136=CARTESIAN_POINT('Ctrl Pts',(4.90295696007375,-24.7,0.0401133915207178));
#13137=CARTESIAN_POINT('Ctrl Pts',(4.86284350894838,-24.,0.149513712771708));
#13138=CARTESIAN_POINT('Ctrl Pts',(4.86284350894838,-24.7,0.149513712771708));
#13139=CARTESIAN_POINT('',(4.92119034694891,-24.7,-0.55429502060966));
#13140=CARTESIAN_POINT('Origin',(4.92119034694891,-24.7,-1.40214751030483));
#13141=CARTESIAN_POINT('',(4.92119034694891,-24.7,-2.25));
#13142=CARTESIAN_POINT('Origin',(5.3843183735781,-24.7,-2.25));
#13143=CARTESIAN_POINT('',(5.84744640020729,-24.7,-2.25));
#13144=CARTESIAN_POINT('Origin',(5.84744640020729,-24.7,-1.04841980492663));
#13145=CARTESIAN_POINT('',(5.84744640020729,-24.7,0.153160390146741));
#13146=CARTESIAN_POINT('Ctrl Pts',(6.27410765308615,-24.,0.357374323148588));
#13147=CARTESIAN_POINT('Ctrl Pts',(6.27410765308615,-24.7,0.357374323148588));
#13148=CARTESIAN_POINT('Ctrl Pts',(6.17200068658522,-24.,0.357374323148588));
#13149=CARTESIAN_POINT('Ctrl Pts',(6.17200068658523,-24.7,0.357374323148588));
#13150=CARTESIAN_POINT('Ctrl Pts',(5.96778675358338,-24.,0.251620679272631));
#13151=CARTESIAN_POINT('Ctrl Pts',(5.96778675358338,-24.7,0.251620679272631));
#13152=CARTESIAN_POINT('Ctrl Pts',(5.84744640020729,-24.,0.153160390146741));
#13153=CARTESIAN_POINT('Ctrl Pts',(5.84744640020729,-24.7,0.153160390146741));
#13154=CARTESIAN_POINT('',(6.27410765308615,-24.7,0.357374323148588));
#13155=CARTESIAN_POINT('Ctrl Pts',(6.62783535846435,-24.,0.149513712771708));
#13156=CARTESIAN_POINT('Ctrl Pts',(6.62783535846435,-24.7,0.149513712771708));
#13157=CARTESIAN_POINT('Ctrl Pts',(6.58772190733899,-24.,0.258914034022697));
#13158=CARTESIAN_POINT('Ctrl Pts',(6.58772190733899,-24.7,0.258914034022697));
#13159=CARTESIAN_POINT('Ctrl Pts',(6.4236214254625,-24.,0.357374323148588));
#13160=CARTESIAN_POINT('Ctrl Pts',(6.4236214254625,-24.7,0.357374323148588));
#13161=CARTESIAN_POINT('Ctrl Pts',(6.27410765308615,-24.,0.357374323148588));
#13162=CARTESIAN_POINT('Ctrl Pts',(6.27410765308615,-24.7,0.357374323148588));
#13163=CARTESIAN_POINT('',(6.62783535846435,-24.7,0.149513712771708));
#13164=CARTESIAN_POINT('Ctrl Pts',(6.68253551908984,-24.,-0.554295020609659));
#13165=CARTESIAN_POINT('Ctrl Pts',(6.68253551908984,-24.7,-0.554295020609659));
#13166=CARTESIAN_POINT('Ctrl Pts',(6.68253551908984,-24.,-0.302674281732383));
#13167=CARTESIAN_POINT('Ctrl Pts',(6.68253551908984,-24.7,-0.302674281732383));
#13168=CARTESIAN_POINT('Ctrl Pts',(6.66794880958971,-24.,0.0401133915207181));
#13169=CARTESIAN_POINT('Ctrl Pts',(6.66794880958971,-24.7,0.0401133915207181));
#13170=CARTESIAN_POINT('Ctrl Pts',(6.62783535846435,-24.,0.149513712771708));
#13171=CARTESIAN_POINT('Ctrl Pts',(6.62783535846435,-24.7,0.149513712771708));
#13172=CARTESIAN_POINT('Ctrl Pts',(1.6209474577896,-24.,-5.96046449012395E-8));
#13173=CARTESIAN_POINT('Ctrl Pts',(1.6209474577896,-24.7,-5.96046449012395E-8));
#13174=CARTESIAN_POINT('Ctrl Pts',(1.6209474577896,-24.,0.83508905927791));
#13175=CARTESIAN_POINT('Ctrl Pts',(1.6209474577896,-24.7,0.83508905927791));
#13176=CARTESIAN_POINT('Ctrl Pts',(1.38026675103742,-24.,1.50972437365901));
#13177=CARTESIAN_POINT('Ctrl Pts',(1.38026675103742,-24.7,1.50972437365901));
#13178=CARTESIAN_POINT('Ctrl Pts',(1.09947259315988,-24.,1.50972437365901));
#13179=CARTESIAN_POINT('Ctrl Pts',(1.09947259315988,-24.7,1.50972437365901));
#13180=CARTESIAN_POINT('',(1.6209474577896,-24.,-5.96046449012395E-8));
#13181=CARTESIAN_POINT('',(1.09947259315988,-24.,1.50972437365901));
#13182=CARTESIAN_POINT('Ctrl Pts',(1.6209474577896,-24.,-5.96046449012395E-8));
#13183=CARTESIAN_POINT('Ctrl Pts',(1.6209474577896,-24.,0.83508905927791));
#13184=CARTESIAN_POINT('Ctrl Pts',(1.38026675103742,-24.,1.50972437365901));
#13185=CARTESIAN_POINT('Ctrl Pts',(1.09947259315988,-24.,1.50972437365901));
#13186=CARTESIAN_POINT('',(1.09947259315988,-24.7,1.50972437365901));
#13187=CARTESIAN_POINT('',(1.09947259315988,-24.7,1.50972437365901));
#13188=CARTESIAN_POINT('',(1.6209474577896,-24.7,-5.96046449012395E-8));
#13189=CARTESIAN_POINT('Ctrl Pts',(1.6209474577896,-24.7,-5.96046449012395E-8));
#13190=CARTESIAN_POINT('Ctrl Pts',(1.6209474577896,-24.7,0.83508905927791));
#13191=CARTESIAN_POINT('Ctrl Pts',(1.38026675103742,-24.7,1.50972437365901));
#13192=CARTESIAN_POINT('Ctrl Pts',(1.09947259315988,-24.7,1.50972437365901));
#13193=CARTESIAN_POINT('',(1.6209474577896,-24.7,-5.96046449012395E-8));
#13194=CARTESIAN_POINT('Ctrl Pts',(1.09947259315988,-24.,1.50972437365901));
#13195=CARTESIAN_POINT('Ctrl Pts',(1.09947259315988,-24.7,1.50972437365901));
#13196=CARTESIAN_POINT('Ctrl Pts',(0.815031757907309,-24.,1.50972437365901));
#13197=CARTESIAN_POINT('Ctrl Pts',(0.815031757907311,-24.7,1.50972437365901));
#13198=CARTESIAN_POINT('Ctrl Pts',(0.574351051155132,-24.,0.83508905927791));
#13199=CARTESIAN_POINT('Ctrl Pts',(0.574351051155133,-24.7,0.83508905927791));
#13200=CARTESIAN_POINT('Ctrl Pts',(0.574351051155132,-24.,-0.00364673697967824));
#13201=CARTESIAN_POINT('Ctrl Pts',(0.574351051155133,-24.7,-0.00364673697967824));
#13202=CARTESIAN_POINT('',(0.574351051155132,-24.,-0.00364673697967817));
#13203=CARTESIAN_POINT('Ctrl Pts',(1.09947259315988,-24.,1.50972437365901));
#13204=CARTESIAN_POINT('Ctrl Pts',(0.815031757907309,-24.,1.50972437365901));
#13205=CARTESIAN_POINT('Ctrl Pts',(0.574351051155132,-24.,0.83508905927791));
#13206=CARTESIAN_POINT('Ctrl Pts',(0.574351051155132,-24.,-0.00364673697967824));
#13207=CARTESIAN_POINT('',(0.574351051155133,-24.7,-0.00364673697967817));
#13208=CARTESIAN_POINT('',(0.574351051155133,-24.7,-0.00364673697967817));
#13209=CARTESIAN_POINT('Ctrl Pts',(1.09947259315988,-24.7,1.50972437365901));
#13210=CARTESIAN_POINT('Ctrl Pts',(0.815031757907311,-24.7,1.50972437365901));
#13211=CARTESIAN_POINT('Ctrl Pts',(0.574351051155133,-24.7,0.83508905927791));
#13212=CARTESIAN_POINT('Ctrl Pts',(0.574351051155133,-24.7,-0.00364673697967824));
#13213=CARTESIAN_POINT('Ctrl Pts',(0.574351051155132,-24.,-0.00364673697967824));
#13214=CARTESIAN_POINT('Ctrl Pts',(0.574351051155133,-24.7,-0.00364673697967824));
#13215=CARTESIAN_POINT('Ctrl Pts',(0.574351051155132,-24.,-0.827795823737134));
#13216=CARTESIAN_POINT('Ctrl Pts',(0.574351051155133,-24.7,-0.827795823737134));
#13217=CARTESIAN_POINT('Ctrl Pts',(0.81503175790731,-24.,-1.51337117024334));
#13218=CARTESIAN_POINT('Ctrl Pts',(0.815031757907311,-24.7,-1.51337117024334));
#13219=CARTESIAN_POINT('Ctrl Pts',(1.09947259315988,-24.,-1.51337117024334));
#13220=CARTESIAN_POINT('Ctrl Pts',(1.09947259315988,-24.7,-1.51337117024334));
#13221=CARTESIAN_POINT('',(1.09947259315988,-24.,-1.51337117024334));
#13222=CARTESIAN_POINT('Ctrl Pts',(0.574351051155132,-24.,-0.00364673697967824));
#13223=CARTESIAN_POINT('Ctrl Pts',(0.574351051155132,-24.,-0.827795823737134));
#13224=CARTESIAN_POINT('Ctrl Pts',(0.81503175790731,-24.,-1.51337117024334));
#13225=CARTESIAN_POINT('Ctrl Pts',(1.09947259315988,-24.,-1.51337117024334));
#13226=CARTESIAN_POINT('',(1.09947259315988,-24.7,-1.51337117024334));
#13227=CARTESIAN_POINT('',(1.09947259315988,-24.7,-1.51337117024334));
#13228=CARTESIAN_POINT('Ctrl Pts',(0.574351051155133,-24.7,-0.00364673697967824));
#13229=CARTESIAN_POINT('Ctrl Pts',(0.574351051155133,-24.7,-0.827795823737134));
#13230=CARTESIAN_POINT('Ctrl Pts',(0.815031757907311,-24.7,-1.51337117024334));
#13231=CARTESIAN_POINT('Ctrl Pts',(1.09947259315988,-24.7,-1.51337117024334));
#13232=CARTESIAN_POINT('Ctrl Pts',(1.09947259315988,-24.,-1.51337117024334));
#13233=CARTESIAN_POINT('Ctrl Pts',(1.09947259315988,-24.7,-1.51337117024334));
#13234=CARTESIAN_POINT('Ctrl Pts',(1.38026675103742,-24.,-1.51337117024334));
#13235=CARTESIAN_POINT('Ctrl Pts',(1.38026675103742,-24.7,-1.51337117024334));
#13236=CARTESIAN_POINT('Ctrl Pts',(1.6209474577896,-24.,-0.827795823737134));
#13237=CARTESIAN_POINT('Ctrl Pts',(1.6209474577896,-24.7,-0.827795823737134));
#13238=CARTESIAN_POINT('Ctrl Pts',(1.6209474577896,-24.,-5.96046449012395E-8));
#13239=CARTESIAN_POINT('Ctrl Pts',(1.6209474577896,-24.7,-5.96046449012395E-8));
#13240=CARTESIAN_POINT('Ctrl Pts',(1.09947259315988,-24.,-1.51337117024334));
#13241=CARTESIAN_POINT('Ctrl Pts',(1.38026675103742,-24.,-1.51337117024334));
#13242=CARTESIAN_POINT('Ctrl Pts',(1.6209474577896,-24.,-0.827795823737134));
#13243=CARTESIAN_POINT('Ctrl Pts',(1.6209474577896,-24.,-5.96046449012395E-8));
#13244=CARTESIAN_POINT('Ctrl Pts',(1.09947259315988,-24.7,-1.51337117024334));
#13245=CARTESIAN_POINT('Ctrl Pts',(1.38026675103742,-24.7,-1.51337117024334));
#13246=CARTESIAN_POINT('Ctrl Pts',(1.6209474577896,-24.7,-0.827795823737134));
#13247=CARTESIAN_POINT('Ctrl Pts',(1.6209474577896,-24.7,-5.96046449012395E-8));
#13248=CARTESIAN_POINT('Origin',(24.6999999999999,-23.9999999999999,0.));
#13249=CARTESIAN_POINT('',(2.60555034904851,-24.,-5.96046447806604E-8));
#13250=CARTESIAN_POINT('',(2.26276267579541,-24.,-1.75405187699551));
#13251=CARTESIAN_POINT('Ctrl Pts',(2.60555034904851,-24.,-5.96046447806604E-8));
#13252=CARTESIAN_POINT('Ctrl Pts',(2.60555034904851,-24.,-0.583468439609923));
#13253=CARTESIAN_POINT('Ctrl Pts',(2.44144986717202,-24.,-1.45867100961784));
#13254=CARTESIAN_POINT('Ctrl Pts',(2.26276267579541,-24.,-1.75405187699551));
#13255=CARTESIAN_POINT('',(2.26640935317044,-24.,1.73217169353603));
#13256=CARTESIAN_POINT('Ctrl Pts',(2.26640935317044,-24.,1.73217169353603));
#13257=CARTESIAN_POINT('Ctrl Pts',(2.44509654454705,-24.,1.43679082615835));
#13258=CARTESIAN_POINT('Ctrl Pts',(2.60555034904851,-24.,0.565234933525468));
#13259=CARTESIAN_POINT('Ctrl Pts',(2.60555034904851,-24.,-5.96046447806604E-8));
#13260=CARTESIAN_POINT('',(1.09947259315988,-24.,2.34116681516653));
#13261=CARTESIAN_POINT('Ctrl Pts',(1.09947259315988,-24.,2.34116681516653));
#13262=CARTESIAN_POINT('Ctrl Pts',(1.51884049128868,-24.,2.34116681516653));
#13263=CARTESIAN_POINT('Ctrl Pts',(2.08407548441879,-24.,2.03484591566376));
#13264=CARTESIAN_POINT('Ctrl Pts',(2.26640935317044,-24.,1.73217169353603));
#13265=CARTESIAN_POINT('',(-0.063817489475642,-24.,1.75040508041119));
#13266=CARTESIAN_POINT('Ctrl Pts',(-0.063817489475642,-24.,1.75040508041119));
#13267=CARTESIAN_POINT('Ctrl Pts',(0.122163056651041,-24.,2.0494326251639));
#13268=CARTESIAN_POINT('Ctrl Pts',(0.698338081906253,-24.,2.34116681516653));
#13269=CARTESIAN_POINT('Ctrl Pts',(1.09947259315988,-24.,2.34116681516653));
#13270=CARTESIAN_POINT('',(-0.410251840103775,-24.,-5.96046451498126E-8));
#13271=CARTESIAN_POINT('Ctrl Pts',(-0.410251840103775,-24.,-5.96046451499896E-8));
#13272=CARTESIAN_POINT('Ctrl Pts',(-0.410251840103775,-24.,0.598055029900765));
#13273=CARTESIAN_POINT('Ctrl Pts',(-0.249798035602324,-24.,1.44408418090842));
#13274=CARTESIAN_POINT('Ctrl Pts',(-0.063817489475642,-24.,1.75040508041119));
#13275=CARTESIAN_POINT('',(-0.0674641668506744,-24.,-1.74675852224545));
#13276=CARTESIAN_POINT('Ctrl Pts',(-0.0674641668506744,-24.,-1.74675852224545));
#13277=CARTESIAN_POINT('Ctrl Pts',(-0.246151358227291,-24.,-1.45137765486778));
#13278=CARTESIAN_POINT('Ctrl Pts',(-0.410251840103775,-24.,-0.583468439609924));
#13279=CARTESIAN_POINT('Ctrl Pts',(-0.410251840103775,-24.,-5.96046451499896E-8));
#13280=CARTESIAN_POINT('',(1.09947259315988,-24.,-2.34481361175086));
#13281=CARTESIAN_POINT('Ctrl Pts',(1.09947259315988,-24.,-2.34481361175086));
#13282=CARTESIAN_POINT('Ctrl Pts',(0.683751372406122,-24.,-2.34481361175086));
#13283=CARTESIAN_POINT('Ctrl Pts',(0.111223024525942,-24.,-2.04578606699815));
#13284=CARTESIAN_POINT('Ctrl Pts',(-0.0674641668506744,-24.,-1.74675852224545));
#13285=CARTESIAN_POINT('Ctrl Pts',(2.26276267579541,-24.,-1.75405187699551));
#13286=CARTESIAN_POINT('Ctrl Pts',(2.08407548441879,-24.,-2.04578606699815));
#13287=CARTESIAN_POINT('Ctrl Pts',(1.51154713653861,-24.,-2.34481361175086));
#13288=CARTESIAN_POINT('Ctrl Pts',(1.09947259315988,-24.,-2.34481361175086));
#13289=CARTESIAN_POINT('Ctrl Pts',(2.60555034904851,-24.,-5.96046447806604E-8));
#13290=CARTESIAN_POINT('Ctrl Pts',(2.60555034904851,-24.7,-5.96046447806604E-8));
#13291=CARTESIAN_POINT('Ctrl Pts',(2.60555034904851,-24.,-0.583468439609923));
#13292=CARTESIAN_POINT('Ctrl Pts',(2.60555034904851,-24.7,-0.583468439609923));
#13293=CARTESIAN_POINT('Ctrl Pts',(2.44144986717202,-24.,-1.45867100961784));
#13294=CARTESIAN_POINT('Ctrl Pts',(2.44144986717202,-24.7,-1.45867100961784));
#13295=CARTESIAN_POINT('Ctrl Pts',(2.26276267579541,-24.,-1.75405187699551));
#13296=CARTESIAN_POINT('Ctrl Pts',(2.26276267579541,-24.7,-1.75405187699551));
#13297=CARTESIAN_POINT('',(2.26276267579541,-24.7,-1.75405187699551));
#13298=CARTESIAN_POINT('',(2.60555034904851,-24.7,-5.96046447806604E-8));
#13299=CARTESIAN_POINT('Ctrl Pts',(2.26640935317044,-24.,1.73217169353603));
#13300=CARTESIAN_POINT('Ctrl Pts',(2.26640935317044,-24.7,1.73217169353603));
#13301=CARTESIAN_POINT('Ctrl Pts',(2.44509654454705,-24.,1.43679082615835));
#13302=CARTESIAN_POINT('Ctrl Pts',(2.44509654454706,-24.7,1.43679082615835));
#13303=CARTESIAN_POINT('Ctrl Pts',(2.60555034904851,-24.,0.565234933525468));
#13304=CARTESIAN_POINT('Ctrl Pts',(2.60555034904851,-24.7,0.565234933525468));
#13305=CARTESIAN_POINT('Ctrl Pts',(2.60555034904851,-24.,-5.96046447806604E-8));
#13306=CARTESIAN_POINT('Ctrl Pts',(2.60555034904851,-24.7,-5.96046447806604E-8));
#13307=CARTESIAN_POINT('',(2.26640935317044,-24.7,1.73217169353603));
#13308=CARTESIAN_POINT('Ctrl Pts',(1.09947259315988,-24.,2.34116681516653));
#13309=CARTESIAN_POINT('Ctrl Pts',(1.09947259315988,-24.7,2.34116681516653));
#13310=CARTESIAN_POINT('Ctrl Pts',(1.51884049128868,-24.,2.34116681516653));
#13311=CARTESIAN_POINT('Ctrl Pts',(1.51884049128868,-24.7,2.34116681516653));
#13312=CARTESIAN_POINT('Ctrl Pts',(2.08407548441879,-24.,2.03484591566376));
#13313=CARTESIAN_POINT('Ctrl Pts',(2.08407548441879,-24.7,2.03484591566376));
#13314=CARTESIAN_POINT('Ctrl Pts',(2.26640935317044,-24.,1.73217169353603));
#13315=CARTESIAN_POINT('Ctrl Pts',(2.26640935317044,-24.7,1.73217169353603));
#13316=CARTESIAN_POINT('',(1.09947259315988,-24.7,2.34116681516653));
#13317=CARTESIAN_POINT('Ctrl Pts',(-0.063817489475642,-24.,1.75040508041119));
#13318=CARTESIAN_POINT('Ctrl Pts',(-0.0638174894756405,-24.7,1.75040508041119));
#13319=CARTESIAN_POINT('Ctrl Pts',(0.122163056651041,-24.,2.0494326251639));
#13320=CARTESIAN_POINT('Ctrl Pts',(0.122163056651042,-24.7,2.0494326251639));
#13321=CARTESIAN_POINT('Ctrl Pts',(0.698338081906253,-24.,2.34116681516653));
#13322=CARTESIAN_POINT('Ctrl Pts',(0.698338081906255,-24.7,2.34116681516653));
#13323=CARTESIAN_POINT('Ctrl Pts',(1.09947259315988,-24.,2.34116681516653));
#13324=CARTESIAN_POINT('Ctrl Pts',(1.09947259315988,-24.7,2.34116681516653));
#13325=CARTESIAN_POINT('',(-0.0638174894756405,-24.7,1.75040508041119));
#13326=CARTESIAN_POINT('Ctrl Pts',(-0.410251840103775,-24.,-5.96046451499896E-8));
#13327=CARTESIAN_POINT('Ctrl Pts',(-0.410251840103774,-24.7,-5.96046451499896E-8));
#13328=CARTESIAN_POINT('Ctrl Pts',(-0.410251840103775,-24.,0.598055029900765));
#13329=CARTESIAN_POINT('Ctrl Pts',(-0.410251840103774,-24.7,0.598055029900765));
#13330=CARTESIAN_POINT('Ctrl Pts',(-0.249798035602324,-24.,1.44408418090842));
#13331=CARTESIAN_POINT('Ctrl Pts',(-0.249798035602323,-24.7,1.44408418090842));
#13332=CARTESIAN_POINT('Ctrl Pts',(-0.063817489475642,-24.,1.75040508041119));
#13333=CARTESIAN_POINT('Ctrl Pts',(-0.0638174894756405,-24.7,1.75040508041119));
#13334=CARTESIAN_POINT('',(-0.410251840103774,-24.7,-5.96046451498126E-8));
#13335=CARTESIAN_POINT('Ctrl Pts',(-0.0674641668506744,-24.,-1.74675852224545));
#13336=CARTESIAN_POINT('Ctrl Pts',(-0.0674641668506729,-24.7,-1.74675852224545));
#13337=CARTESIAN_POINT('Ctrl Pts',(-0.246151358227291,-24.,-1.45137765486778));
#13338=CARTESIAN_POINT('Ctrl Pts',(-0.246151358227289,-24.7,-1.45137765486778));
#13339=CARTESIAN_POINT('Ctrl Pts',(-0.410251840103775,-24.,-0.583468439609924));
#13340=CARTESIAN_POINT('Ctrl Pts',(-0.410251840103774,-24.7,-0.583468439609924));
#13341=CARTESIAN_POINT('Ctrl Pts',(-0.410251840103775,-24.,-5.96046451499896E-8));
#13342=CARTESIAN_POINT('Ctrl Pts',(-0.410251840103774,-24.7,-5.96046451499896E-8));
#13343=CARTESIAN_POINT('',(-0.0674641668506729,-24.7,-1.74675852224545));
#13344=CARTESIAN_POINT('Ctrl Pts',(1.09947259315988,-24.,-2.34481361175086));
#13345=CARTESIAN_POINT('Ctrl Pts',(1.09947259315988,-24.7,-2.34481361175086));
#13346=CARTESIAN_POINT('Ctrl Pts',(0.683751372406122,-24.,-2.34481361175086));
#13347=CARTESIAN_POINT('Ctrl Pts',(0.683751372406123,-24.7,-2.34481361175086));
#13348=CARTESIAN_POINT('Ctrl Pts',(0.111223024525942,-24.,-2.04578606699815));
#13349=CARTESIAN_POINT('Ctrl Pts',(0.111223024525944,-24.7,-2.04578606699815));
#13350=CARTESIAN_POINT('Ctrl Pts',(-0.0674641668506744,-24.,-1.74675852224545));
#13351=CARTESIAN_POINT('Ctrl Pts',(-0.0674641668506729,-24.7,-1.74675852224545));
#13352=CARTESIAN_POINT('',(1.09947259315988,-24.7,-2.34481361175086));
#13353=CARTESIAN_POINT('Ctrl Pts',(2.26276267579541,-24.,-1.75405187699551));
#13354=CARTESIAN_POINT('Ctrl Pts',(2.26276267579541,-24.7,-1.75405187699551));
#13355=CARTESIAN_POINT('Ctrl Pts',(2.08407548441879,-24.,-2.04578606699815));
#13356=CARTESIAN_POINT('Ctrl Pts',(2.08407548441879,-24.7,-2.04578606699815));
#13357=CARTESIAN_POINT('Ctrl Pts',(1.51154713653861,-24.,-2.34481361175086));
#13358=CARTESIAN_POINT('Ctrl Pts',(1.51154713653861,-24.7,-2.34481361175086));
#13359=CARTESIAN_POINT('Ctrl Pts',(1.09947259315988,-24.,-2.34481361175086));
#13360=CARTESIAN_POINT('Ctrl Pts',(1.09947259315988,-24.7,-2.34481361175086));
#13361=CARTESIAN_POINT('Origin',(24.6999999999999,-23.9999999999999,0.));
#13362=CARTESIAN_POINT('',(-4.32678315879074,-24.,-0.681928728735814));
#13363=CARTESIAN_POINT('',(-6.06989494405651,-24.,-0.681928728735814));
#13364=CARTESIAN_POINT('',(-4.32678315879074,-24.,-0.681928728735814));
#13365=CARTESIAN_POINT('',(-4.32678315879074,-24.,0.156807067521774));
#13366=CARTESIAN_POINT('',(-4.32678315879074,-24.,0.156807067521774));
#13367=CARTESIAN_POINT('',(-6.06989494405651,-24.,0.156807067521774));
#13368=CARTESIAN_POINT('',(-6.06989494405651,-24.,0.156807067521774));
#13369=CARTESIAN_POINT('',(-6.06989494405651,-24.,-0.681928728735814));
#13370=CARTESIAN_POINT('Origin',(-5.19833905142362,-24.7,-0.681928728735814));
#13371=CARTESIAN_POINT('',(-6.06989494405651,-24.7,-0.681928728735814));
#13372=CARTESIAN_POINT('',(-4.32678315879074,-24.7,-0.681928728735814));
#13373=CARTESIAN_POINT('Origin',(-4.32678315879074,-24.7,-0.26256083060702));
#13374=CARTESIAN_POINT('',(-4.32678315879074,-24.7,0.156807067521774));
#13375=CARTESIAN_POINT('Origin',(-5.19833905142362,-24.7,0.156807067521774));
#13376=CARTESIAN_POINT('',(-6.06989494405651,-24.7,0.156807067521774));
#13377=CARTESIAN_POINT('Origin',(-6.06989494405651,-24.7,-0.26256083060702));
#13378=CARTESIAN_POINT('Origin',(24.6999999999999,-23.9999999999999,0.));
#13379=CARTESIAN_POINT('',(-6.94874416390733,-24.,-1.40397084899235));
#13380=CARTESIAN_POINT('',(-10.1724069634365,-24.,-1.40397084899235));
#13381=CARTESIAN_POINT('',(-6.94874416390733,-24.,-1.40397084899235));
#13382=CARTESIAN_POINT('',(-6.94874416390733,-24.,-0.623581890735286));
#13383=CARTESIAN_POINT('',(-6.94874416390733,-24.,-0.623581890735286));
#13384=CARTESIAN_POINT('',(-10.1724069634365,-24.,-0.623581890735287));
#13385=CARTESIAN_POINT('',(-10.1724069634365,-24.,-0.623581890735287));
#13386=CARTESIAN_POINT('',(-10.1724069634365,-24.,-1.40397084899235));
#13387=CARTESIAN_POINT('Origin',(-8.56057556367191,-24.7,-1.40397084899235));
#13388=CARTESIAN_POINT('',(-10.1724069634365,-24.7,-1.40397084899235));
#13389=CARTESIAN_POINT('',(-6.94874416390733,-24.7,-1.40397084899235));
#13390=CARTESIAN_POINT('Origin',(-6.94874416390733,-24.7,-1.01377636986382));
#13391=CARTESIAN_POINT('',(-6.94874416390733,-24.7,-0.623581890735286));
#13392=CARTESIAN_POINT('Origin',(-8.56057556367191,-24.7,-0.623581890735286));
#13393=CARTESIAN_POINT('',(-10.1724069634365,-24.7,-0.623581890735287));
#13394=CARTESIAN_POINT('Origin',(-10.1724069634365,-24.7,-1.01377636986382));
#13395=CARTESIAN_POINT('Origin',(24.6999999999999,-23.9999999999999,0.));
#13396=CARTESIAN_POINT('',(-10.7048218418366,-24.,1.6519447912853));
#13397=CARTESIAN_POINT('',(-10.7741087119622,-24.,1.6519447912853));
#13398=CARTESIAN_POINT('',(-10.7048218418366,-24.,1.6519447912853));
#13399=CARTESIAN_POINT('',(-10.7048218418366,-24.,2.41774704004223));
#13400=CARTESIAN_POINT('',(-10.7048218418366,-24.,2.41774704004223));
#13401=CARTESIAN_POINT('',(-11.3758104788426,-24.,2.47974055541779));
#13402=CARTESIAN_POINT('Ctrl Pts',(-11.3758104788426,-24.,2.47974055541779));
#13403=CARTESIAN_POINT('Ctrl Pts',(-11.1788899005908,-24.,2.47974055541779));
#13404=CARTESIAN_POINT('Ctrl Pts',(-10.8324555499627,-24.,2.44692045904249));
#13405=CARTESIAN_POINT('Ctrl Pts',(-10.7048218418366,-24.,2.41774704004223));
#13406=CARTESIAN_POINT('',(-12.520867174603,-24.,1.23987024790657));
#13407=CARTESIAN_POINT('Ctrl Pts',(-12.520867174603,-24.,1.23987024790657));
#13408=CARTESIAN_POINT('Ctrl Pts',(-12.520867174603,-24.,1.85980540166218));
#13409=CARTESIAN_POINT('Ctrl Pts',(-11.9519855040978,-24.,2.47974055541779));
#13410=CARTESIAN_POINT('Ctrl Pts',(-11.3758104788426,-24.,2.47974055541779));
#13411=CARTESIAN_POINT('',(-12.520867174603,-24.,1.14505663615571));
#13412=CARTESIAN_POINT('',(-12.520867174603,-24.,1.14505663615571));
#13413=CARTESIAN_POINT('',(-12.8891815894813,-24.,1.14505663615571));
#13414=CARTESIAN_POINT('',(-12.8891815894813,-24.,1.14505663615571));
#13415=CARTESIAN_POINT('',(-12.8891815894813,-24.,0.40842780639905));
#13416=CARTESIAN_POINT('',(-12.8891815894813,-24.,0.40842780639905));
#13417=CARTESIAN_POINT('',(-12.520867174603,-24.,0.40842780639905));
#13418=CARTESIAN_POINT('',(-12.520867174603,-24.,0.40842780639905));
#13419=CARTESIAN_POINT('',(-12.520867174603,-24.,-2.25));
#13420=CARTESIAN_POINT('',(-12.520867174603,-24.,-2.25));
#13421=CARTESIAN_POINT('',(-11.6019044760947,-24.,-2.25));
#13422=CARTESIAN_POINT('',(-11.6019044760947,-24.,-2.25));
#13423=CARTESIAN_POINT('',(-11.6019044760947,-24.,0.40842780639905));
#13424=CARTESIAN_POINT('',(-11.6019044760947,-24.,0.40842780639905));
#13425=CARTESIAN_POINT('',(-10.9017424200883,-24.,0.40842780639905));
#13426=CARTESIAN_POINT('',(-10.9017424200883,-24.,0.40842780639905));
#13427=CARTESIAN_POINT('',(-10.9017424200883,-24.,1.14505663615571));
#13428=CARTESIAN_POINT('',(-10.9017424200883,-24.,1.14505663615571));
#13429=CARTESIAN_POINT('',(-11.63472457247,-24.,1.14505663615571));
#13430=CARTESIAN_POINT('',(-11.63472457247,-24.,1.14505663615571));
#13431=CARTESIAN_POINT('',(-11.63472457247,-24.,1.17058337778095));
#13432=CARTESIAN_POINT('',(-11.63472457247,-24.,1.17058337778095));
#13433=CARTESIAN_POINT('',(-11.1533631589656,-24.,1.72852501616099));
#13434=CARTESIAN_POINT('Ctrl Pts',(-11.1533631589656,-24.,1.72852501616099));
#13435=CARTESIAN_POINT('Ctrl Pts',(-11.4305106394681,-24.,1.72852501616099));
#13436=CARTESIAN_POINT('Ctrl Pts',(-11.63472457247,-24.,1.49513766415888));
#13437=CARTESIAN_POINT('Ctrl Pts',(-11.63472457247,-24.,1.17058337778095));
#13438=CARTESIAN_POINT('Ctrl Pts',(-10.7741087119622,-24.,1.6519447912853));
#13439=CARTESIAN_POINT('Ctrl Pts',(-10.8288088725877,-24.,1.67017817816046));
#13440=CARTESIAN_POINT('Ctrl Pts',(-11.0512561924647,-24.,1.72852501616099));
#13441=CARTESIAN_POINT('Ctrl Pts',(-11.1533631589656,-24.,1.72852501616099));
#13442=CARTESIAN_POINT('Origin',(-10.7394652768994,-24.7,1.6519447912853));
#13443=CARTESIAN_POINT('',(-10.7741087119622,-24.7,1.6519447912853));
#13444=CARTESIAN_POINT('',(-10.7048218418366,-24.7,1.6519447912853));
#13445=CARTESIAN_POINT('Origin',(-10.7048218418366,-24.7,2.03484591566376));
#13446=CARTESIAN_POINT('',(-10.7048218418366,-24.7,2.41774704004223));
#13447=CARTESIAN_POINT('Ctrl Pts',(-11.3758104788426,-24.,2.47974055541779));
#13448=CARTESIAN_POINT('Ctrl Pts',(-11.3758104788426,-24.7,2.47974055541779));
#13449=CARTESIAN_POINT('Ctrl Pts',(-11.1788899005908,-24.,2.47974055541779));
#13450=CARTESIAN_POINT('Ctrl Pts',(-11.1788899005908,-24.7,2.47974055541779));
#13451=CARTESIAN_POINT('Ctrl Pts',(-10.8324555499627,-24.,2.44692045904249));
#13452=CARTESIAN_POINT('Ctrl Pts',(-10.8324555499627,-24.7,2.44692045904249));
#13453=CARTESIAN_POINT('Ctrl Pts',(-10.7048218418366,-24.,2.41774704004223));
#13454=CARTESIAN_POINT('Ctrl Pts',(-10.7048218418366,-24.7,2.41774704004223));
#13455=CARTESIAN_POINT('',(-11.3758104788426,-24.7,2.47974055541779));
#13456=CARTESIAN_POINT('Ctrl Pts',(-12.520867174603,-24.,1.23987024790657));
#13457=CARTESIAN_POINT('Ctrl Pts',(-12.520867174603,-24.7,1.23987024790657));
#13458=CARTESIAN_POINT('Ctrl Pts',(-12.520867174603,-24.,1.85980540166218));
#13459=CARTESIAN_POINT('Ctrl Pts',(-12.520867174603,-24.7,1.85980540166218));
#13460=CARTESIAN_POINT('Ctrl Pts',(-11.9519855040978,-24.,2.47974055541779));
#13461=CARTESIAN_POINT('Ctrl Pts',(-11.9519855040978,-24.7,2.47974055541779));
#13462=CARTESIAN_POINT('Ctrl Pts',(-11.3758104788426,-24.,2.47974055541779));
#13463=CARTESIAN_POINT('Ctrl Pts',(-11.3758104788426,-24.7,2.47974055541779));
#13464=CARTESIAN_POINT('',(-12.520867174603,-24.7,1.23987024790657));
#13465=CARTESIAN_POINT('Origin',(-12.520867174603,-24.7,1.19246344203114));
#13466=CARTESIAN_POINT('',(-12.520867174603,-24.7,1.14505663615571));
#13467=CARTESIAN_POINT('Origin',(-12.7050243820422,-24.7,1.14505663615571));
#13468=CARTESIAN_POINT('',(-12.8891815894813,-24.7,1.14505663615571));
#13469=CARTESIAN_POINT('Origin',(-12.8891815894813,-24.7,0.776742221277382));
#13470=CARTESIAN_POINT('',(-12.8891815894813,-24.7,0.40842780639905));
#13471=CARTESIAN_POINT('Origin',(-12.7050243820422,-24.7,0.40842780639905));
#13472=CARTESIAN_POINT('',(-12.520867174603,-24.7,0.40842780639905));
#13473=CARTESIAN_POINT('Origin',(-12.520867174603,-24.7,-0.920786096800475));
#13474=CARTESIAN_POINT('',(-12.520867174603,-24.7,-2.25));
#13475=CARTESIAN_POINT('Origin',(-12.0613858253488,-24.7,-2.25));
#13476=CARTESIAN_POINT('',(-11.6019044760947,-24.7,-2.25));
#13477=CARTESIAN_POINT('Origin',(-11.6019044760947,-24.7,-0.920786096800475));
#13478=CARTESIAN_POINT('',(-11.6019044760947,-24.7,0.40842780639905));
#13479=CARTESIAN_POINT('Origin',(-11.2518234480915,-24.7,0.40842780639905));
#13480=CARTESIAN_POINT('',(-10.9017424200883,-24.7,0.40842780639905));
#13481=CARTESIAN_POINT('Origin',(-10.9017424200883,-24.7,0.776742221277382));
#13482=CARTESIAN_POINT('',(-10.9017424200883,-24.7,1.14505663615571));
#13483=CARTESIAN_POINT('Origin',(-11.2682334962792,-24.7,1.14505663615571));
#13484=CARTESIAN_POINT('',(-11.63472457247,-24.7,1.14505663615571));
#13485=CARTESIAN_POINT('Origin',(-11.63472457247,-24.7,1.15782000696833));
#13486=CARTESIAN_POINT('',(-11.63472457247,-24.7,1.17058337778095));
#13487=CARTESIAN_POINT('Ctrl Pts',(-11.1533631589656,-24.,1.72852501616099));
#13488=CARTESIAN_POINT('Ctrl Pts',(-11.1533631589656,-24.7,1.72852501616099));
#13489=CARTESIAN_POINT('Ctrl Pts',(-11.4305106394681,-24.,1.72852501616099));
#13490=CARTESIAN_POINT('Ctrl Pts',(-11.4305106394681,-24.7,1.72852501616099));
#13491=CARTESIAN_POINT('Ctrl Pts',(-11.63472457247,-24.,1.49513766415888));
#13492=CARTESIAN_POINT('Ctrl Pts',(-11.63472457247,-24.7,1.49513766415888));
#13493=CARTESIAN_POINT('Ctrl Pts',(-11.63472457247,-24.,1.17058337778095));
#13494=CARTESIAN_POINT('Ctrl Pts',(-11.63472457247,-24.7,1.17058337778095));
#13495=CARTESIAN_POINT('',(-11.1533631589656,-24.7,1.72852501616099));
#13496=CARTESIAN_POINT('Ctrl Pts',(-10.7741087119622,-24.,1.6519447912853));
#13497=CARTESIAN_POINT('Ctrl Pts',(-10.7741087119622,-24.7,1.6519447912853));
#13498=CARTESIAN_POINT('Ctrl Pts',(-10.8288088725877,-24.,1.67017817816046));
#13499=CARTESIAN_POINT('Ctrl Pts',(-10.8288088725877,-24.7,1.67017817816046));
#13500=CARTESIAN_POINT('Ctrl Pts',(-11.0512561924647,-24.,1.72852501616099));
#13501=CARTESIAN_POINT('Ctrl Pts',(-11.0512561924647,-24.7,1.72852501616099));
#13502=CARTESIAN_POINT('Ctrl Pts',(-11.1533631589656,-24.,1.72852501616099));
#13503=CARTESIAN_POINT('Ctrl Pts',(-11.1533631589656,-24.7,1.72852501616099));
#13504=CARTESIAN_POINT('Origin',(24.6999999999999,-23.9999999999999,0.));
#13505=CARTESIAN_POINT('',(-6.94874416390733,-24.,0.094813552146213));
#13506=CARTESIAN_POINT('',(-10.1724069634365,-24.,0.0948135521462126));
#13507=CARTESIAN_POINT('',(-6.94874416390733,-24.,0.094813552146213));
#13508=CARTESIAN_POINT('',(-6.94874416390733,-24.,0.875202510403273));
#13509=CARTESIAN_POINT('',(-6.94874416390733,-24.,0.875202510403273));
#13510=CARTESIAN_POINT('',(-10.1724069634365,-24.,0.875202510403272));
#13511=CARTESIAN_POINT('',(-10.1724069634365,-24.,0.875202510403272));
#13512=CARTESIAN_POINT('',(-10.1724069634365,-24.,0.0948135521462126));
#13513=CARTESIAN_POINT('Origin',(-8.56057556367191,-24.7,0.0948135521462128));
#13514=CARTESIAN_POINT('',(-10.1724069634365,-24.7,0.0948135521462126));
#13515=CARTESIAN_POINT('',(-6.94874416390733,-24.7,0.094813552146213));
#13516=CARTESIAN_POINT('Origin',(-6.94874416390733,-24.7,0.485008031274743));
#13517=CARTESIAN_POINT('',(-6.94874416390733,-24.7,0.875202510403273));
#13518=CARTESIAN_POINT('Origin',(-8.56057556367191,-24.7,0.875202510403273));
#13519=CARTESIAN_POINT('',(-10.1724069634365,-24.7,0.875202510403272));
#13520=CARTESIAN_POINT('Origin',(-10.1724069634365,-24.7,0.485008031274742));
#13521=CARTESIAN_POINT('Origin',(24.6999999999999,-23.9999999999999,0.));
#13522=CARTESIAN_POINT('',(-0.858793021987286,-24.,-0.72568885723621));
#13523=CARTESIAN_POINT('',(-1.27451424274105,-24.,-1.89262561724677));
#13524=CARTESIAN_POINT('Ctrl Pts',(-0.858793021987286,-24.,-0.72568885723621));
#13525=CARTESIAN_POINT('Ctrl Pts',(-0.858793021987286,-24.,-1.07941656261441));
#13526=CARTESIAN_POINT('Ctrl Pts',(-1.06665363236417,-24.,-1.67747165211982));
#13527=CARTESIAN_POINT('Ctrl Pts',(-1.27451424274105,-24.,-1.89262561724677));
#13528=CARTESIAN_POINT('',(-1.32921440336654,-24.,0.401134451648984));
#13529=CARTESIAN_POINT('Ctrl Pts',(-1.32921440336654,-24.,0.401134451648984));
#13530=CARTESIAN_POINT('Ctrl Pts',(-1.10676708348953,-24.,0.233387292397467));
#13531=CARTESIAN_POINT('Ctrl Pts',(-0.858793021987286,-24.,-0.324554345982581));
#13532=CARTESIAN_POINT('Ctrl Pts',(-0.858793021987286,-24.,-0.72568885723621));
#13533=CARTESIAN_POINT('',(-2.27370384350009,-24.,0.667341900026392));
#13534=CARTESIAN_POINT('Ctrl Pts',(-2.27370384350009,-24.,0.667341900026392));
#13535=CARTESIAN_POINT('Ctrl Pts',(-1.99290968562255,-24.,0.667341900026392));
#13536=CARTESIAN_POINT('Ctrl Pts',(-1.51519494949322,-24.,0.536061514525205));
#13537=CARTESIAN_POINT('Ctrl Pts',(-1.32921440336654,-24.,0.401134451648984));
#13538=CARTESIAN_POINT('',(-2.63107822625332,-24.,0.652755190526261));
#13539=CARTESIAN_POINT('Ctrl Pts',(-2.63107822625332,-24.,0.652755190526261));
#13540=CARTESIAN_POINT('Ctrl Pts',(-2.55085132400259,-24.,0.660048545276326));
#13541=CARTESIAN_POINT('Ctrl Pts',(-2.33569735887565,-24.,0.667341900026392));
#13542=CARTESIAN_POINT('Ctrl Pts',(-2.27370384350009,-24.,0.667341900026392));
#13543=CARTESIAN_POINT('',(-2.63107822625332,-24.,1.40032405240802));
#13544=CARTESIAN_POINT('',(-2.63107822625332,-24.,1.40032405240802));
#13545=CARTESIAN_POINT('',(-0.968193343238276,-24.,1.40032405240802));
#13546=CARTESIAN_POINT('',(-0.968193343238276,-24.,1.40032405240802));
#13547=CARTESIAN_POINT('',(-0.968193343238276,-24.,2.24999988079071));
#13548=CARTESIAN_POINT('',(-0.968193343238276,-24.,2.24999988079071));
#13549=CARTESIAN_POINT('',(-3.5573342795117,-24.,2.24999988079071));
#13550=CARTESIAN_POINT('',(-3.5573342795117,-24.,2.24999988079071));
#13551=CARTESIAN_POINT('',(-3.5573342795117,-24.,-0.277147540107152));
#13552=CARTESIAN_POINT('',(-3.5573342795117,-24.,-0.277147540107152));
#13553=CARTESIAN_POINT('',(-3.47346069988594,-24.,-0.277147540107152));
#13554=CARTESIAN_POINT('',(-3.47346069988594,-24.,-0.277147540107152));
#13555=CARTESIAN_POINT('',(-2.70036509637895,-24.,-0.153160509356031));
#13556=CARTESIAN_POINT('Ctrl Pts',(-2.70036509637895,-24.,-0.153160509356031));
#13557=CARTESIAN_POINT('Ctrl Pts',(-2.91551906150589,-24.,-0.153160509356031));
#13558=CARTESIAN_POINT('Ctrl Pts',(-3.32394692750959,-24.,-0.233387411606756));
#13559=CARTESIAN_POINT('Ctrl Pts',(-3.47346069988594,-24.,-0.277147540107152));
#13560=CARTESIAN_POINT('',(-2.04760984624804,-24.,-0.313614313857482));
#13561=CARTESIAN_POINT('Ctrl Pts',(-2.04760984624804,-24.,-0.313614313857482));
#13562=CARTESIAN_POINT('Ctrl Pts',(-2.18253690912426,-24.,-0.211507347356558));
#13563=CARTESIAN_POINT('Ctrl Pts',(-2.56179135612769,-24.,-0.153160509356031));
#13564=CARTESIAN_POINT('Ctrl Pts',(-2.70036509637895,-24.,-0.153160509356031));
#13565=CARTESIAN_POINT('',(-1.84339591324619,-24.,-0.769448985736606));
#13566=CARTESIAN_POINT('Ctrl Pts',(-1.84339591324619,-24.,-0.769448985736606));
#13567=CARTESIAN_POINT('Ctrl Pts',(-1.84339591324619,-24.,-0.608995181235154));
#13568=CARTESIAN_POINT('Ctrl Pts',(-1.95644291187222,-24.,-0.382901183983109));
#13569=CARTESIAN_POINT('Ctrl Pts',(-2.04760984624804,-24.,-0.313614313857482));
#13570=CARTESIAN_POINT('',(-2.01114307249771,-24.,-1.26904378611613));
#13571=CARTESIAN_POINT('Ctrl Pts',(-2.01114307249771,-24.,-1.26904378611613));
#13572=CARTESIAN_POINT('Ctrl Pts',(-1.93456284762202,-24.,-1.1778768517403));
#13573=CARTESIAN_POINT('Ctrl Pts',(-1.84339591324619,-24.,-0.955429531863289));
#13574=CARTESIAN_POINT('Ctrl Pts',(-1.84339591324619,-24.,-0.769448985736606));
#13575=CARTESIAN_POINT('',(-2.62378487150325,-24.,-1.47325771911797));
#13576=CARTESIAN_POINT('Ctrl Pts',(-2.62378487150325,-24.,-1.47325771911797));
#13577=CARTESIAN_POINT('Ctrl Pts',(-2.47062442175187,-24.,-1.47325771911797));
#13578=CARTESIAN_POINT('Ctrl Pts',(-2.1205433937487,-24.,-1.38573746211718));
#13579=CARTESIAN_POINT('Ctrl Pts',(-2.01114307249771,-24.,-1.26904378611613));
#13580=CARTESIAN_POINT('',(-3.22913331575873,-24.,-1.32739062411665));
#13581=CARTESIAN_POINT('Ctrl Pts',(-3.22913331575873,-24.,-1.32739062411665));
#13582=CARTESIAN_POINT('Ctrl Pts',(-3.08691289813244,-24.,-1.38938413949221));
#13583=CARTESIAN_POINT('Ctrl Pts',(-2.80247206287987,-24.,-1.47325771911797));
#13584=CARTESIAN_POINT('Ctrl Pts',(-2.62378487150325,-24.,-1.47325771911797));
#13585=CARTESIAN_POINT('',(-3.63391450438739,-24.,-1.09035659473951));
#13586=CARTESIAN_POINT('Ctrl Pts',(-3.63391450438739,-24.,-1.09035659473951));
#13587=CARTESIAN_POINT('Ctrl Pts',(-3.56098095688673,-24.,-1.13776340061494));
#13588=CARTESIAN_POINT('Ctrl Pts',(-3.37864708813508,-24.,-1.26175043136606));
#13589=CARTESIAN_POINT('Ctrl Pts',(-3.22913331575873,-24.,-1.32739062411665));
#13590=CARTESIAN_POINT('',(-3.72508143876322,-24.,-1.09035659473951));
#13591=CARTESIAN_POINT('',(-3.72508143876322,-24.,-1.09035659473951));
#13592=CARTESIAN_POINT('',(-3.72508143876322,-24.,-2.07131280862338));
#13593=CARTESIAN_POINT('',(-3.72508143876322,-24.,-2.07131280862338));
#13594=CARTESIAN_POINT('',(-2.45603771225174,-24.,-2.34481361175086));
#13595=CARTESIAN_POINT('Ctrl Pts',(-2.45603771225174,-24.,-2.34481361175086));
#13596=CARTESIAN_POINT('Ctrl Pts',(-2.89363899725569,-24.,-2.34116693437583));
#13597=CARTESIAN_POINT('Ctrl Pts',(-3.52086750576137,-24.,-2.17706645249934));
#13598=CARTESIAN_POINT('Ctrl Pts',(-3.72508143876322,-24.,-2.07131280862338));
#13599=CARTESIAN_POINT('Ctrl Pts',(-1.27451424274105,-24.,-1.89262561724677));
#13600=CARTESIAN_POINT('Ctrl Pts',(-1.47872817574289,-24.,-2.10777958237371));
#13601=CARTESIAN_POINT('Ctrl Pts',(-2.04396316887301,-24.,-2.34481361175086));
#13602=CARTESIAN_POINT('Ctrl Pts',(-2.45603771225174,-24.,-2.34481361175086));
#13603=CARTESIAN_POINT('Ctrl Pts',(-0.858793021987286,-24.,-0.72568885723621));
#13604=CARTESIAN_POINT('Ctrl Pts',(-0.858793021987285,-24.7,-0.72568885723621));
#13605=CARTESIAN_POINT('Ctrl Pts',(-0.858793021987286,-24.,-1.07941656261441));
#13606=CARTESIAN_POINT('Ctrl Pts',(-0.858793021987285,-24.7,-1.07941656261441));
#13607=CARTESIAN_POINT('Ctrl Pts',(-1.06665363236417,-24.,-1.67747165211982));
#13608=CARTESIAN_POINT('Ctrl Pts',(-1.06665363236417,-24.7,-1.67747165211982));
#13609=CARTESIAN_POINT('Ctrl Pts',(-1.27451424274105,-24.,-1.89262561724677));
#13610=CARTESIAN_POINT('Ctrl Pts',(-1.27451424274105,-24.7,-1.89262561724677));
#13611=CARTESIAN_POINT('',(-1.27451424274105,-24.7,-1.89262561724677));
#13612=CARTESIAN_POINT('',(-0.858793021987285,-24.7,-0.72568885723621));
#13613=CARTESIAN_POINT('Ctrl Pts',(-1.32921440336654,-24.,0.401134451648984));
#13614=CARTESIAN_POINT('Ctrl Pts',(-1.32921440336654,-24.7,0.401134451648984));
#13615=CARTESIAN_POINT('Ctrl Pts',(-1.10676708348953,-24.,0.233387292397467));
#13616=CARTESIAN_POINT('Ctrl Pts',(-1.10676708348953,-24.7,0.233387292397467));
#13617=CARTESIAN_POINT('Ctrl Pts',(-0.858793021987286,-24.,-0.324554345982581));
#13618=CARTESIAN_POINT('Ctrl Pts',(-0.858793021987285,-24.7,-0.324554345982581));
#13619=CARTESIAN_POINT('Ctrl Pts',(-0.858793021987286,-24.,-0.72568885723621));
#13620=CARTESIAN_POINT('Ctrl Pts',(-0.858793021987285,-24.7,-0.72568885723621));
#13621=CARTESIAN_POINT('',(-1.32921440336654,-24.7,0.401134451648984));
#13622=CARTESIAN_POINT('Ctrl Pts',(-2.27370384350009,-24.,0.667341900026392));
#13623=CARTESIAN_POINT('Ctrl Pts',(-2.27370384350008,-24.7,0.667341900026392));
#13624=CARTESIAN_POINT('Ctrl Pts',(-1.99290968562255,-24.,0.667341900026392));
#13625=CARTESIAN_POINT('Ctrl Pts',(-1.99290968562254,-24.7,0.667341900026392));
#13626=CARTESIAN_POINT('Ctrl Pts',(-1.51519494949322,-24.,0.536061514525205));
#13627=CARTESIAN_POINT('Ctrl Pts',(-1.51519494949322,-24.7,0.536061514525205));
#13628=CARTESIAN_POINT('Ctrl Pts',(-1.32921440336654,-24.,0.401134451648984));
#13629=CARTESIAN_POINT('Ctrl Pts',(-1.32921440336654,-24.7,0.401134451648984));
#13630=CARTESIAN_POINT('',(-2.27370384350008,-24.7,0.667341900026392));
#13631=CARTESIAN_POINT('Ctrl Pts',(-2.63107822625332,-24.,0.652755190526261));
#13632=CARTESIAN_POINT('Ctrl Pts',(-2.63107822625332,-24.7,0.652755190526261));
#13633=CARTESIAN_POINT('Ctrl Pts',(-2.55085132400259,-24.,0.660048545276326));
#13634=CARTESIAN_POINT('Ctrl Pts',(-2.55085132400259,-24.7,0.660048545276326));
#13635=CARTESIAN_POINT('Ctrl Pts',(-2.33569735887565,-24.,0.667341900026392));
#13636=CARTESIAN_POINT('Ctrl Pts',(-2.33569735887565,-24.7,0.667341900026392));
#13637=CARTESIAN_POINT('Ctrl Pts',(-2.27370384350009,-24.,0.667341900026392));
#13638=CARTESIAN_POINT('Ctrl Pts',(-2.27370384350008,-24.7,0.667341900026392));
#13639=CARTESIAN_POINT('',(-2.63107822625332,-24.7,0.652755190526261));
#13640=CARTESIAN_POINT('Origin',(-2.63107822625332,-24.7,1.02653962146714));
#13641=CARTESIAN_POINT('',(-2.63107822625332,-24.7,1.40032405240802));
#13642=CARTESIAN_POINT('Origin',(-1.7996357847458,-24.7,1.40032405240802));
#13643=CARTESIAN_POINT('',(-0.968193343238274,-24.7,1.40032405240802));
#13644=CARTESIAN_POINT('Origin',(-0.968193343238274,-24.7,1.82516196659937));
#13645=CARTESIAN_POINT('',(-0.968193343238274,-24.7,2.24999988079071));
#13646=CARTESIAN_POINT('Origin',(-2.26276381137499,-24.7,2.24999988079071));
#13647=CARTESIAN_POINT('',(-3.5573342795117,-24.7,2.24999988079071));
#13648=CARTESIAN_POINT('Origin',(-3.5573342795117,-24.7,0.986426170341779));
#13649=CARTESIAN_POINT('',(-3.5573342795117,-24.7,-0.277147540107152));
#13650=CARTESIAN_POINT('Origin',(-3.51539748969882,-24.7,-0.277147540107152));
#13651=CARTESIAN_POINT('',(-3.47346069988594,-24.7,-0.277147540107152));
#13652=CARTESIAN_POINT('Ctrl Pts',(-2.70036509637895,-24.,-0.153160509356031));
#13653=CARTESIAN_POINT('Ctrl Pts',(-2.70036509637894,-24.7,-0.153160509356031));
#13654=CARTESIAN_POINT('Ctrl Pts',(-2.91551906150589,-24.,-0.153160509356031));
#13655=CARTESIAN_POINT('Ctrl Pts',(-2.91551906150589,-24.7,-0.153160509356031));
#13656=CARTESIAN_POINT('Ctrl Pts',(-3.32394692750959,-24.,-0.233387411606756));
#13657=CARTESIAN_POINT('Ctrl Pts',(-3.32394692750959,-24.7,-0.233387411606756));
#13658=CARTESIAN_POINT('Ctrl Pts',(-3.47346069988594,-24.,-0.277147540107152));
#13659=CARTESIAN_POINT('Ctrl Pts',(-3.47346069988594,-24.7,-0.277147540107152));
#13660=CARTESIAN_POINT('',(-2.70036509637894,-24.7,-0.153160509356031));
#13661=CARTESIAN_POINT('Ctrl Pts',(-2.04760984624804,-24.,-0.313614313857482));
#13662=CARTESIAN_POINT('Ctrl Pts',(-2.04760984624804,-24.7,-0.313614313857482));
#13663=CARTESIAN_POINT('Ctrl Pts',(-2.18253690912426,-24.,-0.211507347356558));
#13664=CARTESIAN_POINT('Ctrl Pts',(-2.18253690912426,-24.7,-0.211507347356558));
#13665=CARTESIAN_POINT('Ctrl Pts',(-2.56179135612769,-24.,-0.153160509356031));
#13666=CARTESIAN_POINT('Ctrl Pts',(-2.56179135612769,-24.7,-0.153160509356031));
#13667=CARTESIAN_POINT('Ctrl Pts',(-2.70036509637895,-24.,-0.153160509356031));
#13668=CARTESIAN_POINT('Ctrl Pts',(-2.70036509637894,-24.7,-0.153160509356031));
#13669=CARTESIAN_POINT('',(-2.04760984624804,-24.7,-0.313614313857482));
#13670=CARTESIAN_POINT('Ctrl Pts',(-1.84339591324619,-24.,-0.769448985736606));
#13671=CARTESIAN_POINT('Ctrl Pts',(-1.84339591324619,-24.7,-0.769448985736606));
#13672=CARTESIAN_POINT('Ctrl Pts',(-1.84339591324619,-24.,-0.608995181235154));
#13673=CARTESIAN_POINT('Ctrl Pts',(-1.84339591324619,-24.7,-0.608995181235154));
#13674=CARTESIAN_POINT('Ctrl Pts',(-1.95644291187222,-24.,-0.382901183983109));
#13675=CARTESIAN_POINT('Ctrl Pts',(-1.95644291187221,-24.7,-0.382901183983109));
#13676=CARTESIAN_POINT('Ctrl Pts',(-2.04760984624804,-24.,-0.313614313857482));
#13677=CARTESIAN_POINT('Ctrl Pts',(-2.04760984624804,-24.7,-0.313614313857482));
#13678=CARTESIAN_POINT('',(-1.84339591324619,-24.7,-0.769448985736606));
#13679=CARTESIAN_POINT('Ctrl Pts',(-2.01114307249771,-24.,-1.26904378611613));
#13680=CARTESIAN_POINT('Ctrl Pts',(-2.01114307249771,-24.7,-1.26904378611613));
#13681=CARTESIAN_POINT('Ctrl Pts',(-1.93456284762202,-24.,-1.1778768517403));
#13682=CARTESIAN_POINT('Ctrl Pts',(-1.93456284762202,-24.7,-1.1778768517403));
#13683=CARTESIAN_POINT('Ctrl Pts',(-1.84339591324619,-24.,-0.955429531863289));
#13684=CARTESIAN_POINT('Ctrl Pts',(-1.84339591324619,-24.7,-0.955429531863289));
#13685=CARTESIAN_POINT('Ctrl Pts',(-1.84339591324619,-24.,-0.769448985736606));
#13686=CARTESIAN_POINT('Ctrl Pts',(-1.84339591324619,-24.7,-0.769448985736606));
#13687=CARTESIAN_POINT('',(-2.01114307249771,-24.7,-1.26904378611613));
#13688=CARTESIAN_POINT('Ctrl Pts',(-2.62378487150325,-24.,-1.47325771911797));
#13689=CARTESIAN_POINT('Ctrl Pts',(-2.62378487150325,-24.7,-1.47325771911797));
#13690=CARTESIAN_POINT('Ctrl Pts',(-2.47062442175187,-24.,-1.47325771911797));
#13691=CARTESIAN_POINT('Ctrl Pts',(-2.47062442175187,-24.7,-1.47325771911797));
#13692=CARTESIAN_POINT('Ctrl Pts',(-2.1205433937487,-24.,-1.38573746211718));
#13693=CARTESIAN_POINT('Ctrl Pts',(-2.1205433937487,-24.7,-1.38573746211718));
#13694=CARTESIAN_POINT('Ctrl Pts',(-2.01114307249771,-24.,-1.26904378611613));
#13695=CARTESIAN_POINT('Ctrl Pts',(-2.01114307249771,-24.7,-1.26904378611613));
#13696=CARTESIAN_POINT('',(-2.62378487150325,-24.7,-1.47325771911797));
#13697=CARTESIAN_POINT('Ctrl Pts',(-3.22913331575873,-24.,-1.32739062411665));
#13698=CARTESIAN_POINT('Ctrl Pts',(-3.22913331575873,-24.7,-1.32739062411665));
#13699=CARTESIAN_POINT('Ctrl Pts',(-3.08691289813244,-24.,-1.38938413949221));
#13700=CARTESIAN_POINT('Ctrl Pts',(-3.08691289813244,-24.7,-1.38938413949221));
#13701=CARTESIAN_POINT('Ctrl Pts',(-2.80247206287987,-24.,-1.47325771911797));
#13702=CARTESIAN_POINT('Ctrl Pts',(-2.80247206287987,-24.7,-1.47325771911797));
#13703=CARTESIAN_POINT('Ctrl Pts',(-2.62378487150325,-24.,-1.47325771911797));
#13704=CARTESIAN_POINT('Ctrl Pts',(-2.62378487150325,-24.7,-1.47325771911797));
#13705=CARTESIAN_POINT('',(-3.22913331575873,-24.7,-1.32739062411665));
#13706=CARTESIAN_POINT('Ctrl Pts',(-3.63391450438739,-24.,-1.09035659473951));
#13707=CARTESIAN_POINT('Ctrl Pts',(-3.63391450438739,-24.7,-1.09035659473951));
#13708=CARTESIAN_POINT('Ctrl Pts',(-3.56098095688673,-24.,-1.13776340061494));
#13709=CARTESIAN_POINT('Ctrl Pts',(-3.56098095688673,-24.7,-1.13776340061494));
#13710=CARTESIAN_POINT('Ctrl Pts',(-3.37864708813508,-24.,-1.26175043136606));
#13711=CARTESIAN_POINT('Ctrl Pts',(-3.37864708813508,-24.7,-1.26175043136606));
#13712=CARTESIAN_POINT('Ctrl Pts',(-3.22913331575873,-24.,-1.32739062411665));
#13713=CARTESIAN_POINT('Ctrl Pts',(-3.22913331575873,-24.7,-1.32739062411665));
#13714=CARTESIAN_POINT('',(-3.63391450438739,-24.7,-1.09035659473951));
#13715=CARTESIAN_POINT('Origin',(-3.6794979715753,-24.7,-1.09035659473951));
#13716=CARTESIAN_POINT('',(-3.72508143876321,-24.7,-1.09035659473951));
#13717=CARTESIAN_POINT('Origin',(-3.72508143876321,-24.7,-1.58083470168145));
#13718=CARTESIAN_POINT('',(-3.72508143876321,-24.7,-2.07131280862338));
#13719=CARTESIAN_POINT('Ctrl Pts',(-2.45603771225174,-24.,-2.34481361175086));
#13720=CARTESIAN_POINT('Ctrl Pts',(-2.45603771225173,-24.7,-2.34481361175086));
#13721=CARTESIAN_POINT('Ctrl Pts',(-2.89363899725569,-24.,-2.34116693437583));
#13722=CARTESIAN_POINT('Ctrl Pts',(-2.89363899725569,-24.7,-2.34116693437583));
#13723=CARTESIAN_POINT('Ctrl Pts',(-3.52086750576137,-24.,-2.17706645249934));
#13724=CARTESIAN_POINT('Ctrl Pts',(-3.52086750576137,-24.7,-2.17706645249934));
#13725=CARTESIAN_POINT('Ctrl Pts',(-3.72508143876322,-24.,-2.07131280862338));
#13726=CARTESIAN_POINT('Ctrl Pts',(-3.72508143876321,-24.7,-2.07131280862338));
#13727=CARTESIAN_POINT('',(-2.45603771225173,-24.7,-2.34481361175086));
#13728=CARTESIAN_POINT('Ctrl Pts',(-1.27451424274105,-24.,-1.89262561724677));
#13729=CARTESIAN_POINT('Ctrl Pts',(-1.27451424274105,-24.7,-1.89262561724677));
#13730=CARTESIAN_POINT('Ctrl Pts',(-1.47872817574289,-24.,-2.10777958237371));
#13731=CARTESIAN_POINT('Ctrl Pts',(-1.47872817574289,-24.7,-2.10777958237371));
#13732=CARTESIAN_POINT('Ctrl Pts',(-2.04396316887301,-24.,-2.34481361175086));
#13733=CARTESIAN_POINT('Ctrl Pts',(-2.04396316887301,-24.7,-2.34481361175086));
#13734=CARTESIAN_POINT('Ctrl Pts',(-2.45603771225174,-24.,-2.34481361175086));
#13735=CARTESIAN_POINT('Ctrl Pts',(-2.45603771225173,-24.7,-2.34481361175086));
#13736=CARTESIAN_POINT('Origin',(24.6999999999999,-23.9999999999999,0.));
#13737=CARTESIAN_POINT('',(11.8134106297161,-24.,-2.25));
#13738=CARTESIAN_POINT('',(11.8134106297161,-24.,-0.554295020609659));
#13739=CARTESIAN_POINT('',(11.8134106297161,-24.,-2.25));
#13740=CARTESIAN_POINT('',(12.7396666829744,-24.,-2.25));
#13741=CARTESIAN_POINT('',(12.7396666829744,-24.,-2.25));
#13742=CARTESIAN_POINT('',(12.7396666829744,-24.,-0.0401135107300076));
#13743=CARTESIAN_POINT('',(12.7396666829744,-24.,-0.0401135107300076));
#13744=CARTESIAN_POINT('',(12.4916926214722,-24.,0.933549348403801));
#13745=CARTESIAN_POINT('Ctrl Pts',(12.4916926214722,-24.,0.933549348403801));
#13746=CARTESIAN_POINT('Ctrl Pts',(12.6156796522233,-24.,0.769448866527316));
#13747=CARTESIAN_POINT('Ctrl Pts',(12.7396666829744,-24.,0.320907549398258));
#13748=CARTESIAN_POINT('Ctrl Pts',(12.7396666829744,-24.,-0.0401135107300076));
#13749=CARTESIAN_POINT('',(11.8498774034664,-24.,1.23622357053154));
#13750=CARTESIAN_POINT('Ctrl Pts',(11.8498774034664,-24.,1.23622357053154));
#13751=CARTESIAN_POINT('Ctrl Pts',(12.0540913364682,-24.,1.23622357053154));
#13752=CARTESIAN_POINT('Ctrl Pts',(12.3822923002212,-24.,1.08670979815519));
#13753=CARTESIAN_POINT('Ctrl Pts',(12.4916926214722,-24.,0.933549348403801));
#13754=CARTESIAN_POINT('',(10.8762145443326,-24.,0.645461835776195));
#13755=CARTESIAN_POINT('Ctrl Pts',(10.8762145443326,-24.,0.645461835776195));
#13756=CARTESIAN_POINT('Ctrl Pts',(11.138775315335,-24.,0.929902671028768));
#13757=CARTESIAN_POINT('Ctrl Pts',(11.6091966967142,-24.,1.23622357053154));
#13758=CARTESIAN_POINT('Ctrl Pts',(11.8498774034664,-24.,1.23622357053154));
#13759=CARTESIAN_POINT('',(10.0848855539504,-24.,1.23622357053154));
#13760=CARTESIAN_POINT('Ctrl Pts',(10.0848855539504,-24.,1.23622357053154));
#13761=CARTESIAN_POINT('Ctrl Pts',(10.3583863570779,-24.,1.23622357053154));
#13762=CARTESIAN_POINT('Ctrl Pts',(10.7668142230816,-24.,0.940842703153867));
#13763=CARTESIAN_POINT('Ctrl Pts',(10.8762145443326,-24.,0.645461835776195));
#13764=CARTESIAN_POINT('',(9.20968298394251,-24.,0.769448866527316));
#13765=CARTESIAN_POINT('Ctrl Pts',(9.20968298394251,-24.,0.769448866527316));
#13766=CARTESIAN_POINT('Ctrl Pts',(9.43577698119456,-24.,0.988249509029296));
#13767=CARTESIAN_POINT('Ctrl Pts',(9.83691149244818,-24.,1.23622357053154));
#13768=CARTESIAN_POINT('Ctrl Pts',(10.0848855539504,-24.,1.23622357053154));
#13769=CARTESIAN_POINT('',(9.20968298394251,-24.,1.14505663615571));
#13770=CARTESIAN_POINT('',(9.20968298394251,-24.,1.14505663615571));
#13771=CARTESIAN_POINT('',(8.2907202854342,-24.,1.14505663615571));
#13772=CARTESIAN_POINT('',(8.2907202854342,-24.,1.14505663615571));
#13773=CARTESIAN_POINT('',(8.2907202854342,-24.,-2.25));
#13774=CARTESIAN_POINT('',(8.2907202854342,-24.,-2.25));
#13775=CARTESIAN_POINT('',(9.20968298394251,-24.,-2.25));
#13776=CARTESIAN_POINT('',(9.20968298394251,-24.,-2.25));
#13777=CARTESIAN_POINT('',(9.20968298394251,-24.,0.153160390146741));
#13778=CARTESIAN_POINT('',(9.20968298394251,-24.,0.153160390146741));
#13779=CARTESIAN_POINT('',(9.6399909141964,-24.,0.357374323148588));
#13780=CARTESIAN_POINT('Ctrl Pts',(9.6399909141964,-24.,0.357374323148588));
#13781=CARTESIAN_POINT('Ctrl Pts',(9.52694391557038,-24.,0.357374323148588));
#13782=CARTESIAN_POINT('Ctrl Pts',(9.31178995044343,-24.,0.237033969772499));
#13783=CARTESIAN_POINT('Ctrl Pts',(9.20968298394251,-24.,0.153160390146741));
#13784=CARTESIAN_POINT('',(9.9937186195746,-24.,0.149513712771708));
#13785=CARTESIAN_POINT('Ctrl Pts',(9.9937186195746,-24.,0.149513712771708));
#13786=CARTESIAN_POINT('Ctrl Pts',(9.95360516844924,-24.,0.258914034022697));
#13787=CARTESIAN_POINT('Ctrl Pts',(9.78950468657276,-24.,0.357374323148588));
#13788=CARTESIAN_POINT('Ctrl Pts',(9.6399909141964,-24.,0.357374323148588));
#13789=CARTESIAN_POINT('',(10.0520654575751,-24.,-0.55429502060966));
#13790=CARTESIAN_POINT('Ctrl Pts',(10.0520654575751,-24.,-0.554295020609659));
#13791=CARTESIAN_POINT('Ctrl Pts',(10.0520654575751,-24.,-0.306320959107416));
#13792=CARTESIAN_POINT('Ctrl Pts',(10.0338320707,-24.,0.0401133915207181));
#13793=CARTESIAN_POINT('Ctrl Pts',(9.9937186195746,-24.,0.149513712771708));
#13794=CARTESIAN_POINT('',(10.0520654575751,-24.,-2.25));
#13795=CARTESIAN_POINT('',(10.0520654575751,-24.,-2.25));
#13796=CARTESIAN_POINT('',(10.9783215108335,-24.,-2.25));
#13797=CARTESIAN_POINT('',(10.9783215108335,-24.,-2.25));
#13798=CARTESIAN_POINT('',(10.9783215108335,-24.,0.153160390146741));
#13799=CARTESIAN_POINT('',(10.9783215108335,-24.,0.153160390146741));
#13800=CARTESIAN_POINT('',(11.4049827637124,-24.,0.357374323148588));
#13801=CARTESIAN_POINT('Ctrl Pts',(11.4049827637124,-24.,0.357374323148588));
#13802=CARTESIAN_POINT('Ctrl Pts',(11.3028757972114,-24.,0.357374323148588));
#13803=CARTESIAN_POINT('Ctrl Pts',(11.0986618642096,-24.,0.251620679272632));
#13804=CARTESIAN_POINT('Ctrl Pts',(10.9783215108335,-24.,0.153160390146741));
#13805=CARTESIAN_POINT('',(11.7587104690906,-24.,0.149513712771708));
#13806=CARTESIAN_POINT('Ctrl Pts',(11.7587104690906,-24.,0.149513712771708));
#13807=CARTESIAN_POINT('Ctrl Pts',(11.7185970179652,-24.,0.258914034022697));
#13808=CARTESIAN_POINT('Ctrl Pts',(11.5544965360887,-24.,0.357374323148588));
#13809=CARTESIAN_POINT('Ctrl Pts',(11.4049827637124,-24.,0.357374323148588));
#13810=CARTESIAN_POINT('Ctrl Pts',(11.8134106297161,-24.,-0.554295020609659));
#13811=CARTESIAN_POINT('Ctrl Pts',(11.8134106297161,-24.,-0.302674281732383));
#13812=CARTESIAN_POINT('Ctrl Pts',(11.7988239202159,-24.,0.0401133915207183));
#13813=CARTESIAN_POINT('Ctrl Pts',(11.7587104690906,-24.,0.149513712771708));
#13814=CARTESIAN_POINT('Origin',(11.8134106297161,-24.7,-1.40214751030483));
#13815=CARTESIAN_POINT('',(11.8134106297161,-24.7,-0.554295020609659));
#13816=CARTESIAN_POINT('',(11.8134106297161,-24.7,-2.25));
#13817=CARTESIAN_POINT('Origin',(12.2765386563453,-24.7,-2.25));
#13818=CARTESIAN_POINT('',(12.7396666829744,-24.7,-2.25));
#13819=CARTESIAN_POINT('Origin',(12.7396666829744,-24.7,-1.145056755365));
#13820=CARTESIAN_POINT('',(12.7396666829744,-24.7,-0.0401135107300076));
#13821=CARTESIAN_POINT('Ctrl Pts',(12.4916926214722,-24.,0.933549348403801));
#13822=CARTESIAN_POINT('Ctrl Pts',(12.4916926214722,-24.7,0.933549348403801));
#13823=CARTESIAN_POINT('Ctrl Pts',(12.6156796522233,-24.,0.769448866527316));
#13824=CARTESIAN_POINT('Ctrl Pts',(12.6156796522233,-24.7,0.769448866527316));
#13825=CARTESIAN_POINT('Ctrl Pts',(12.7396666829744,-24.,0.320907549398258));
#13826=CARTESIAN_POINT('Ctrl Pts',(12.7396666829744,-24.7,0.320907549398258));
#13827=CARTESIAN_POINT('Ctrl Pts',(12.7396666829744,-24.,-0.0401135107300076));
#13828=CARTESIAN_POINT('Ctrl Pts',(12.7396666829744,-24.7,-0.0401135107300076));
#13829=CARTESIAN_POINT('',(12.4916926214722,-24.7,0.933549348403801));
#13830=CARTESIAN_POINT('Ctrl Pts',(11.8498774034664,-24.,1.23622357053154));
#13831=CARTESIAN_POINT('Ctrl Pts',(11.8498774034664,-24.7,1.23622357053154));
#13832=CARTESIAN_POINT('Ctrl Pts',(12.0540913364682,-24.,1.23622357053154));
#13833=CARTESIAN_POINT('Ctrl Pts',(12.0540913364682,-24.7,1.23622357053154));
#13834=CARTESIAN_POINT('Ctrl Pts',(12.3822923002212,-24.,1.08670979815519));
#13835=CARTESIAN_POINT('Ctrl Pts',(12.3822923002212,-24.7,1.08670979815519));
#13836=CARTESIAN_POINT('Ctrl Pts',(12.4916926214722,-24.,0.933549348403801));
#13837=CARTESIAN_POINT('Ctrl Pts',(12.4916926214722,-24.7,0.933549348403801));
#13838=CARTESIAN_POINT('',(11.8498774034664,-24.7,1.23622357053154));
#13839=CARTESIAN_POINT('Ctrl Pts',(10.8762145443326,-24.,0.645461835776195));
#13840=CARTESIAN_POINT('Ctrl Pts',(10.8762145443326,-24.7,0.645461835776195));
#13841=CARTESIAN_POINT('Ctrl Pts',(11.138775315335,-24.,0.929902671028768));
#13842=CARTESIAN_POINT('Ctrl Pts',(11.138775315335,-24.7,0.929902671028768));
#13843=CARTESIAN_POINT('Ctrl Pts',(11.6091966967142,-24.,1.23622357053154));
#13844=CARTESIAN_POINT('Ctrl Pts',(11.6091966967142,-24.7,1.23622357053154));
#13845=CARTESIAN_POINT('Ctrl Pts',(11.8498774034664,-24.,1.23622357053154));
#13846=CARTESIAN_POINT('Ctrl Pts',(11.8498774034664,-24.7,1.23622357053154));
#13847=CARTESIAN_POINT('',(10.8762145443326,-24.7,0.645461835776195));
#13848=CARTESIAN_POINT('Ctrl Pts',(10.0848855539504,-24.,1.23622357053154));
#13849=CARTESIAN_POINT('Ctrl Pts',(10.0848855539504,-24.7,1.23622357053154));
#13850=CARTESIAN_POINT('Ctrl Pts',(10.3583863570779,-24.,1.23622357053154));
#13851=CARTESIAN_POINT('Ctrl Pts',(10.3583863570779,-24.7,1.23622357053154));
#13852=CARTESIAN_POINT('Ctrl Pts',(10.7668142230816,-24.,0.940842703153867));
#13853=CARTESIAN_POINT('Ctrl Pts',(10.7668142230816,-24.7,0.940842703153867));
#13854=CARTESIAN_POINT('Ctrl Pts',(10.8762145443326,-24.,0.645461835776195));
#13855=CARTESIAN_POINT('Ctrl Pts',(10.8762145443326,-24.7,0.645461835776195));
#13856=CARTESIAN_POINT('',(10.0848855539504,-24.7,1.23622357053154));
#13857=CARTESIAN_POINT('Ctrl Pts',(9.20968298394251,-24.,0.769448866527316));
#13858=CARTESIAN_POINT('Ctrl Pts',(9.20968298394251,-24.7,0.769448866527316));
#13859=CARTESIAN_POINT('Ctrl Pts',(9.43577698119456,-24.,0.988249509029296));
#13860=CARTESIAN_POINT('Ctrl Pts',(9.43577698119456,-24.7,0.988249509029296));
#13861=CARTESIAN_POINT('Ctrl Pts',(9.83691149244818,-24.,1.23622357053154));
#13862=CARTESIAN_POINT('Ctrl Pts',(9.83691149244819,-24.7,1.23622357053154));
#13863=CARTESIAN_POINT('Ctrl Pts',(10.0848855539504,-24.,1.23622357053154));
#13864=CARTESIAN_POINT('Ctrl Pts',(10.0848855539504,-24.7,1.23622357053154));
#13865=CARTESIAN_POINT('',(9.20968298394251,-24.7,0.769448866527316));
#13866=CARTESIAN_POINT('Origin',(9.20968298394251,-24.7,0.957252751341515));
#13867=CARTESIAN_POINT('',(9.20968298394251,-24.7,1.14505663615571));
#13868=CARTESIAN_POINT('Origin',(8.75020163468835,-24.7,1.14505663615571));
#13869=CARTESIAN_POINT('',(8.2907202854342,-24.7,1.14505663615571));
#13870=CARTESIAN_POINT('Origin',(8.2907202854342,-24.7,-0.552471681922143));
#13871=CARTESIAN_POINT('',(8.2907202854342,-24.7,-2.25));
#13872=CARTESIAN_POINT('Origin',(8.75020163468835,-24.7,-2.25));
#13873=CARTESIAN_POINT('',(9.20968298394251,-24.7,-2.25));
#13874=CARTESIAN_POINT('Origin',(9.20968298394251,-24.7,-1.04841980492663));
#13875=CARTESIAN_POINT('',(9.20968298394251,-24.7,0.153160390146741));
#13876=CARTESIAN_POINT('Ctrl Pts',(9.6399909141964,-24.,0.357374323148588));
#13877=CARTESIAN_POINT('Ctrl Pts',(9.6399909141964,-24.7,0.357374323148588));
#13878=CARTESIAN_POINT('Ctrl Pts',(9.52694391557038,-24.,0.357374323148588));
#13879=CARTESIAN_POINT('Ctrl Pts',(9.52694391557038,-24.7,0.357374323148588));
#13880=CARTESIAN_POINT('Ctrl Pts',(9.31178995044343,-24.,0.237033969772499));
#13881=CARTESIAN_POINT('Ctrl Pts',(9.31178995044343,-24.7,0.237033969772499));
#13882=CARTESIAN_POINT('Ctrl Pts',(9.20968298394251,-24.,0.153160390146741));
#13883=CARTESIAN_POINT('Ctrl Pts',(9.20968298394251,-24.7,0.153160390146741));
#13884=CARTESIAN_POINT('',(9.6399909141964,-24.7,0.357374323148588));
#13885=CARTESIAN_POINT('Ctrl Pts',(9.9937186195746,-24.,0.149513712771708));
#13886=CARTESIAN_POINT('Ctrl Pts',(9.9937186195746,-24.7,0.149513712771708));
#13887=CARTESIAN_POINT('Ctrl Pts',(9.95360516844924,-24.,0.258914034022697));
#13888=CARTESIAN_POINT('Ctrl Pts',(9.95360516844924,-24.7,0.258914034022697));
#13889=CARTESIAN_POINT('Ctrl Pts',(9.78950468657276,-24.,0.357374323148588));
#13890=CARTESIAN_POINT('Ctrl Pts',(9.78950468657276,-24.7,0.357374323148588));
#13891=CARTESIAN_POINT('Ctrl Pts',(9.6399909141964,-24.,0.357374323148588));
#13892=CARTESIAN_POINT('Ctrl Pts',(9.6399909141964,-24.7,0.357374323148588));
#13893=CARTESIAN_POINT('',(9.9937186195746,-24.7,0.149513712771708));
#13894=CARTESIAN_POINT('Ctrl Pts',(10.0520654575751,-24.,-0.554295020609659));
#13895=CARTESIAN_POINT('Ctrl Pts',(10.0520654575751,-24.7,-0.554295020609659));
#13896=CARTESIAN_POINT('Ctrl Pts',(10.0520654575751,-24.,-0.306320959107416));
#13897=CARTESIAN_POINT('Ctrl Pts',(10.0520654575751,-24.7,-0.306320959107416));
#13898=CARTESIAN_POINT('Ctrl Pts',(10.0338320707,-24.,0.0401133915207181));
#13899=CARTESIAN_POINT('Ctrl Pts',(10.0338320707,-24.7,0.0401133915207181));
#13900=CARTESIAN_POINT('Ctrl Pts',(9.9937186195746,-24.,0.149513712771708));
#13901=CARTESIAN_POINT('Ctrl Pts',(9.9937186195746,-24.7,0.149513712771708));
#13902=CARTESIAN_POINT('',(10.0520654575751,-24.7,-0.55429502060966));
#13903=CARTESIAN_POINT('Origin',(10.0520654575751,-24.7,-1.40214751030483));
#13904=CARTESIAN_POINT('',(10.0520654575751,-24.7,-2.25));
#13905=CARTESIAN_POINT('Origin',(10.5151934842043,-24.7,-2.25));
#13906=CARTESIAN_POINT('',(10.9783215108335,-24.7,-2.25));
#13907=CARTESIAN_POINT('Origin',(10.9783215108335,-24.7,-1.04841980492663));
#13908=CARTESIAN_POINT('',(10.9783215108335,-24.7,0.153160390146741));
#13909=CARTESIAN_POINT('Ctrl Pts',(11.4049827637124,-24.,0.357374323148588));
#13910=CARTESIAN_POINT('Ctrl Pts',(11.4049827637124,-24.7,0.357374323148588));
#13911=CARTESIAN_POINT('Ctrl Pts',(11.3028757972114,-24.,0.357374323148588));
#13912=CARTESIAN_POINT('Ctrl Pts',(11.3028757972114,-24.7,0.357374323148588));
#13913=CARTESIAN_POINT('Ctrl Pts',(11.0986618642096,-24.,0.251620679272632));
#13914=CARTESIAN_POINT('Ctrl Pts',(11.0986618642096,-24.7,0.251620679272632));
#13915=CARTESIAN_POINT('Ctrl Pts',(10.9783215108335,-24.,0.153160390146741));
#13916=CARTESIAN_POINT('Ctrl Pts',(10.9783215108335,-24.7,0.153160390146741));
#13917=CARTESIAN_POINT('',(11.4049827637124,-24.7,0.357374323148588));
#13918=CARTESIAN_POINT('Ctrl Pts',(11.7587104690906,-24.,0.149513712771708));
#13919=CARTESIAN_POINT('Ctrl Pts',(11.7587104690906,-24.7,0.149513712771708));
#13920=CARTESIAN_POINT('Ctrl Pts',(11.7185970179652,-24.,0.258914034022697));
#13921=CARTESIAN_POINT('Ctrl Pts',(11.7185970179652,-24.7,0.258914034022697));
#13922=CARTESIAN_POINT('Ctrl Pts',(11.5544965360887,-24.,0.357374323148588));
#13923=CARTESIAN_POINT('Ctrl Pts',(11.5544965360887,-24.7,0.357374323148588));
#13924=CARTESIAN_POINT('Ctrl Pts',(11.4049827637124,-24.,0.357374323148588));
#13925=CARTESIAN_POINT('Ctrl Pts',(11.4049827637124,-24.7,0.357374323148588));
#13926=CARTESIAN_POINT('',(11.7587104690906,-24.7,0.149513712771708));
#13927=CARTESIAN_POINT('Ctrl Pts',(11.8134106297161,-24.,-0.554295020609659));
#13928=CARTESIAN_POINT('Ctrl Pts',(11.8134106297161,-24.7,-0.554295020609659));
#13929=CARTESIAN_POINT('Ctrl Pts',(11.8134106297161,-24.,-0.302674281732383));
#13930=CARTESIAN_POINT('Ctrl Pts',(11.8134106297161,-24.7,-0.302674281732383));
#13931=CARTESIAN_POINT('Ctrl Pts',(11.7988239202159,-24.,0.0401133915207183));
#13932=CARTESIAN_POINT('Ctrl Pts',(11.7988239202159,-24.7,0.0401133915207183));
#13933=CARTESIAN_POINT('Ctrl Pts',(11.7587104690906,-24.,0.149513712771708));
#13934=CARTESIAN_POINT('Ctrl Pts',(11.7587104690906,-24.7,0.149513712771708));
#13935=CARTESIAN_POINT('Origin',(-24.0000000000001,-24.7000000000001,0.));
#13936=CARTESIAN_POINT('',(-24.,-7.49574570881876,-2.33752025700079));
#13937=CARTESIAN_POINT('',(-24.,-5.51195321680081,-0.00364673697967808));
#13938=CARTESIAN_POINT('Ctrl Pts',(-24.,-7.49574570881876,-2.33752025700079));
#13939=CARTESIAN_POINT('Ctrl Pts',(-24.,-6.58407636506051,-2.33752025700079));
#13940=CARTESIAN_POINT('Ctrl Pts',(-24.,-5.51195321680081,-1.11223665898971));
#13941=CARTESIAN_POINT('Ctrl Pts',(-24.,-5.51195321680081,-0.00364673697967799));
#13942=CARTESIAN_POINT('',(-24.,-8.30530808607609,-2.2062398714996));
#13943=CARTESIAN_POINT('Ctrl Pts',(-24.,-8.30530808607609,-2.2062398714996));
#13944=CARTESIAN_POINT('Ctrl Pts',(-24.,-8.11568086257437,-2.2718800642502));
#13945=CARTESIAN_POINT('Ctrl Pts',(-24.,-7.78383322144637,-2.33752025700079));
#13946=CARTESIAN_POINT('Ctrl Pts',(-24.,-7.49574570881876,-2.33752025700079));
#13947=CARTESIAN_POINT('',(-24.,-8.86689640183116,-1.95097245524729));
#13948=CARTESIAN_POINT('Ctrl Pts',(-24.,-8.86689640183116,-1.95097245524729));
#13949=CARTESIAN_POINT('Ctrl Pts',(-24.,-8.75384940320514,-2.00931929324782));
#13950=CARTESIAN_POINT('Ctrl Pts',(-24.,-8.4621152132025,-2.15518638824914));
#13951=CARTESIAN_POINT('Ctrl Pts',(-24.,-8.30530808607609,-2.2062398714996));
#13952=CARTESIAN_POINT('',(-24.,-8.86689640183116,-0.893436016487728));
#13953=CARTESIAN_POINT('',(-24.,-8.86689640183116,-0.893436016487728));
#13954=CARTESIAN_POINT('',(-24.,-8.77572946745534,-0.893436016487728));
#13955=CARTESIAN_POINT('',(-24.,-8.77572946745534,-0.893436016487728));
#13956=CARTESIAN_POINT('',(-24.,-8.35636156932655,-1.25445707661599));
#13957=CARTESIAN_POINT('Ctrl Pts',(-24.,-8.35636156932655,-1.25445707661599));
#13958=CARTESIAN_POINT('Ctrl Pts',(-24.,-8.49128863220277,-1.16329014224017));
#13959=CARTESIAN_POINT('Ctrl Pts',(-24.,-8.69914924257965,-0.97001624136342));
#13960=CARTESIAN_POINT('Ctrl Pts',(-24.,-8.77572946745534,-0.893436016487728));
#13961=CARTESIAN_POINT('',(-24.,-7.66713954544531,-1.49513778336817));
#13962=CARTESIAN_POINT('Ctrl Pts',(-24.,-7.66713954544531,-1.49513778336817));
#13963=CARTESIAN_POINT('Ctrl Pts',(-24.,-7.86770680107213,-1.49513778336817));
#13964=CARTESIAN_POINT('Ctrl Pts',(-24.,-8.23237453857542,-1.34562401099182));
#13965=CARTESIAN_POINT('Ctrl Pts',(-24.,-8.35636156932655,-1.25445707661599));
#13966=CARTESIAN_POINT('',(-24.,-6.92686403831361,-1.17423017436527));
#13967=CARTESIAN_POINT('Ctrl Pts',(-24.,-6.92686403831361,-1.17423017436527));
#13968=CARTESIAN_POINT('Ctrl Pts',(-24.,-7.08367116544003,-1.34562401099182));
#13969=CARTESIAN_POINT('Ctrl Pts',(-24.,-7.47386564456856,-1.49513778336817));
#13970=CARTESIAN_POINT('Ctrl Pts',(-24.,-7.66713954544531,-1.49513778336817));
#13971=CARTESIAN_POINT('',(-24.,-6.56219630081031,-0.00729341435471091));
#13972=CARTESIAN_POINT('Ctrl Pts',(-24.,-6.56219630081031,-0.00729341435471093));
#13973=CARTESIAN_POINT('Ctrl Pts',(-24.,-6.56219630081031,-0.426661312483505));
#13974=CARTESIAN_POINT('Ctrl Pts',(-24.,-6.76276355643713,-0.999189660363684));
#13975=CARTESIAN_POINT('Ctrl Pts',(-24.,-6.92686403831361,-1.17423017436527));
#13976=CARTESIAN_POINT('',(-24.,-6.90863065143845,1.14870331353075));
#13977=CARTESIAN_POINT('Ctrl Pts',(-24.,-6.90863065143845,1.14870331353075));
#13978=CARTESIAN_POINT('Ctrl Pts',(-24.,-6.75547020168706,0.977309476904197));
#13979=CARTESIAN_POINT('Ctrl Pts',(-24.,-6.56219630081031,0.390194419523885));
#13980=CARTESIAN_POINT('Ctrl Pts',(-24.,-6.56219630081031,-0.00729341435471093));
#13981=CARTESIAN_POINT('',(-24.,-7.65984619069524,1.49513766415888));
#13982=CARTESIAN_POINT('Ctrl Pts',(-24.,-7.65984619069525,1.49513766415888));
#13983=CARTESIAN_POINT('Ctrl Pts',(-24.,-7.44104554819327,1.49513766415888));
#13984=CARTESIAN_POINT('Ctrl Pts',(-24.,-7.07273113331493,1.3419772144075));
#13985=CARTESIAN_POINT('Ctrl Pts',(-24.,-6.90863065143845,1.14870331353075));
#13986=CARTESIAN_POINT('',(-24.,-8.32718815032628,1.26175031215677));
#13987=CARTESIAN_POINT('Ctrl Pts',(-24.,-8.32718815032628,1.26175031215677));
#13988=CARTESIAN_POINT('Ctrl Pts',(-24.,-8.1849677327,1.36021060128266));
#13989=CARTESIAN_POINT('Ctrl Pts',(-24.,-7.84582673682193,1.49513766415888));
#13990=CARTESIAN_POINT('Ctrl Pts',(-24.,-7.65984619069525,1.49513766415888));
#13991=CARTESIAN_POINT('',(-24.,-8.76478943533024,0.889789219903405));
#13992=CARTESIAN_POINT('Ctrl Pts',(-24.,-8.76478943533024,0.889789219903405));
#13993=CARTESIAN_POINT('Ctrl Pts',(-24.,-8.69185588782958,0.962722767404065));
#13994=CARTESIAN_POINT('Ctrl Pts',(-24.,-8.46576189057754,1.16693670040591));
#13995=CARTESIAN_POINT('Ctrl Pts',(-24.,-8.32718815032628,1.26175031215677));
#13996=CARTESIAN_POINT('',(-24.,-8.86689640183116,0.889789219903405));
#13997=CARTESIAN_POINT('',(-24.,-8.86689640183116,0.889789219903405));
#13998=CARTESIAN_POINT('',(-24.,-8.86689640183116,1.9619123681631));
#13999=CARTESIAN_POINT('',(-24.,-8.86689640183116,1.9619123681631));
#14000=CARTESIAN_POINT('',(-24.,-8.30166140870105,2.22447313916548));
#14001=CARTESIAN_POINT('Ctrl Pts',(-24.,-8.30166140870105,2.22447313916548));
#14002=CARTESIAN_POINT('Ctrl Pts',(-24.,-8.4402351489523,2.17706633329005));
#14003=CARTESIAN_POINT('Ctrl Pts',(-24.,-8.76478943533024,2.02025920616363));
#14004=CARTESIAN_POINT('Ctrl Pts',(-24.,-8.86689640183116,1.9619123681631));
#14005=CARTESIAN_POINT('',(-24.,-7.49574570881876,2.3375201377915));
#14006=CARTESIAN_POINT('Ctrl Pts',(-24.,-7.49574570881876,2.3375201377915));
#14007=CARTESIAN_POINT('Ctrl Pts',(-24.,-7.74007309294597,2.3375201377915));
#14008=CARTESIAN_POINT('Ctrl Pts',(-24.,-8.12297421732444,2.27552662241594));
#14009=CARTESIAN_POINT('Ctrl Pts',(-24.,-8.30166140870105,2.22447313916548));
#14010=CARTESIAN_POINT('Ctrl Pts',(-24.,-5.51195321680081,-0.00364673697967799));
#14011=CARTESIAN_POINT('Ctrl Pts',(-24.,-5.51195321680081,1.06482973390499));
#14012=CARTESIAN_POINT('Ctrl Pts',(-24.,-6.58407636506051,2.3375201377915));
#14013=CARTESIAN_POINT('Ctrl Pts',(-24.,-7.49574570881876,2.3375201377915));
#14014=CARTESIAN_POINT('Ctrl Pts',(-24.,-7.49574570881876,-2.33752025700079));
#14015=CARTESIAN_POINT('Ctrl Pts',(-24.7,-7.49574570881876,-2.33752025700079));
#14016=CARTESIAN_POINT('Ctrl Pts',(-24.,-6.58407636506051,-2.33752025700079));
#14017=CARTESIAN_POINT('Ctrl Pts',(-24.7,-6.58407636506051,-2.33752025700079));
#14018=CARTESIAN_POINT('Ctrl Pts',(-24.,-5.51195321680081,-1.11223665898971));
#14019=CARTESIAN_POINT('Ctrl Pts',(-24.7,-5.51195321680081,-1.11223665898971));
#14020=CARTESIAN_POINT('Ctrl Pts',(-24.,-5.51195321680081,-0.00364673697967799));
#14021=CARTESIAN_POINT('Ctrl Pts',(-24.7,-5.51195321680081,-0.00364673697967799));
#14022=CARTESIAN_POINT('',(-24.7,-5.51195321680081,-0.00364673697967808));
#14023=CARTESIAN_POINT('',(-24.7,-7.49574570881876,-2.33752025700079));
#14024=CARTESIAN_POINT('Ctrl Pts',(-24.,-8.30530808607609,-2.2062398714996));
#14025=CARTESIAN_POINT('Ctrl Pts',(-24.7,-8.30530808607608,-2.2062398714996));
#14026=CARTESIAN_POINT('Ctrl Pts',(-24.,-8.11568086257437,-2.2718800642502));
#14027=CARTESIAN_POINT('Ctrl Pts',(-24.7,-8.11568086257437,-2.2718800642502));
#14028=CARTESIAN_POINT('Ctrl Pts',(-24.,-7.78383322144637,-2.33752025700079));
#14029=CARTESIAN_POINT('Ctrl Pts',(-24.7,-7.78383322144636,-2.33752025700079));
#14030=CARTESIAN_POINT('Ctrl Pts',(-24.,-7.49574570881876,-2.33752025700079));
#14031=CARTESIAN_POINT('Ctrl Pts',(-24.7,-7.49574570881876,-2.33752025700079));
#14032=CARTESIAN_POINT('',(-24.7,-8.30530808607608,-2.2062398714996));
#14033=CARTESIAN_POINT('Ctrl Pts',(-24.,-8.86689640183116,-1.95097245524729));
#14034=CARTESIAN_POINT('Ctrl Pts',(-24.7,-8.86689640183116,-1.95097245524729));
#14035=CARTESIAN_POINT('Ctrl Pts',(-24.,-8.75384940320514,-2.00931929324782));
#14036=CARTESIAN_POINT('Ctrl Pts',(-24.7,-8.75384940320514,-2.00931929324782));
#14037=CARTESIAN_POINT('Ctrl Pts',(-24.,-8.4621152132025,-2.15518638824914));
#14038=CARTESIAN_POINT('Ctrl Pts',(-24.7,-8.4621152132025,-2.15518638824914));
#14039=CARTESIAN_POINT('Ctrl Pts',(-24.,-8.30530808607609,-2.2062398714996));
#14040=CARTESIAN_POINT('Ctrl Pts',(-24.7,-8.30530808607608,-2.2062398714996));
#14041=CARTESIAN_POINT('',(-24.7,-8.86689640183116,-1.95097245524729));
#14042=CARTESIAN_POINT('Origin',(-24.7,-8.86689640183116,-1.42220423586751));
#14043=CARTESIAN_POINT('',(-24.7,-8.86689640183116,-0.893436016487728));
#14044=CARTESIAN_POINT('Origin',(-24.7,-8.82131293464325,-0.893436016487728));
#14045=CARTESIAN_POINT('',(-24.7,-8.77572946745534,-0.893436016487728));
#14046=CARTESIAN_POINT('Ctrl Pts',(-24.,-8.35636156932655,-1.25445707661599));
#14047=CARTESIAN_POINT('Ctrl Pts',(-24.7,-8.35636156932654,-1.25445707661599));
#14048=CARTESIAN_POINT('Ctrl Pts',(-24.,-8.49128863220277,-1.16329014224017));
#14049=CARTESIAN_POINT('Ctrl Pts',(-24.7,-8.49128863220277,-1.16329014224017));
#14050=CARTESIAN_POINT('Ctrl Pts',(-24.,-8.69914924257965,-0.97001624136342));
#14051=CARTESIAN_POINT('Ctrl Pts',(-24.7,-8.69914924257965,-0.97001624136342));
#14052=CARTESIAN_POINT('Ctrl Pts',(-24.,-8.77572946745534,-0.893436016487728));
#14053=CARTESIAN_POINT('Ctrl Pts',(-24.7,-8.77572946745534,-0.893436016487728));
#14054=CARTESIAN_POINT('',(-24.7,-8.35636156932654,-1.25445707661599));
#14055=CARTESIAN_POINT('Ctrl Pts',(-24.,-7.66713954544531,-1.49513778336817));
#14056=CARTESIAN_POINT('Ctrl Pts',(-24.7,-7.66713954544531,-1.49513778336817));
#14057=CARTESIAN_POINT('Ctrl Pts',(-24.,-7.86770680107213,-1.49513778336817));
#14058=CARTESIAN_POINT('Ctrl Pts',(-24.7,-7.86770680107212,-1.49513778336817));
#14059=CARTESIAN_POINT('Ctrl Pts',(-24.,-8.23237453857542,-1.34562401099182));
#14060=CARTESIAN_POINT('Ctrl Pts',(-24.7,-8.23237453857542,-1.34562401099182));
#14061=CARTESIAN_POINT('Ctrl Pts',(-24.,-8.35636156932655,-1.25445707661599));
#14062=CARTESIAN_POINT('Ctrl Pts',(-24.7,-8.35636156932654,-1.25445707661599));
#14063=CARTESIAN_POINT('',(-24.7,-7.66713954544531,-1.49513778336817));
#14064=CARTESIAN_POINT('Ctrl Pts',(-24.,-6.92686403831361,-1.17423017436527));
#14065=CARTESIAN_POINT('Ctrl Pts',(-24.7,-6.92686403831361,-1.17423017436527));
#14066=CARTESIAN_POINT('Ctrl Pts',(-24.,-7.08367116544003,-1.34562401099182));
#14067=CARTESIAN_POINT('Ctrl Pts',(-24.7,-7.08367116544003,-1.34562401099182));
#14068=CARTESIAN_POINT('Ctrl Pts',(-24.,-7.47386564456856,-1.49513778336817));
#14069=CARTESIAN_POINT('Ctrl Pts',(-24.7,-7.47386564456856,-1.49513778336817));
#14070=CARTESIAN_POINT('Ctrl Pts',(-24.,-7.66713954544531,-1.49513778336817));
#14071=CARTESIAN_POINT('Ctrl Pts',(-24.7,-7.66713954544531,-1.49513778336817));
#14072=CARTESIAN_POINT('',(-24.7,-6.92686403831361,-1.17423017436527));
#14073=CARTESIAN_POINT('Ctrl Pts',(-24.,-6.56219630081031,-0.00729341435471093));
#14074=CARTESIAN_POINT('Ctrl Pts',(-24.7,-6.56219630081031,-0.00729341435471093));
#14075=CARTESIAN_POINT('Ctrl Pts',(-24.,-6.56219630081031,-0.426661312483505));
#14076=CARTESIAN_POINT('Ctrl Pts',(-24.7,-6.56219630081031,-0.426661312483505));
#14077=CARTESIAN_POINT('Ctrl Pts',(-24.,-6.76276355643713,-0.999189660363684));
#14078=CARTESIAN_POINT('Ctrl Pts',(-24.7,-6.76276355643713,-0.999189660363684));
#14079=CARTESIAN_POINT('Ctrl Pts',(-24.,-6.92686403831361,-1.17423017436527));
#14080=CARTESIAN_POINT('Ctrl Pts',(-24.7,-6.92686403831361,-1.17423017436527));
#14081=CARTESIAN_POINT('',(-24.7,-6.56219630081031,-0.00729341435471091));
#14082=CARTESIAN_POINT('Ctrl Pts',(-24.,-6.90863065143845,1.14870331353075));
#14083=CARTESIAN_POINT('Ctrl Pts',(-24.7,-6.90863065143845,1.14870331353075));
#14084=CARTESIAN_POINT('Ctrl Pts',(-24.,-6.75547020168706,0.977309476904197));
#14085=CARTESIAN_POINT('Ctrl Pts',(-24.7,-6.75547020168706,0.977309476904197));
#14086=CARTESIAN_POINT('Ctrl Pts',(-24.,-6.56219630081031,0.390194419523885));
#14087=CARTESIAN_POINT('Ctrl Pts',(-24.7,-6.56219630081031,0.390194419523885));
#14088=CARTESIAN_POINT('Ctrl Pts',(-24.,-6.56219630081031,-0.00729341435471093));
#14089=CARTESIAN_POINT('Ctrl Pts',(-24.7,-6.56219630081031,-0.00729341435471093));
#14090=CARTESIAN_POINT('',(-24.7,-6.90863065143845,1.14870331353075));
#14091=CARTESIAN_POINT('Ctrl Pts',(-24.,-7.65984619069525,1.49513766415888));
#14092=CARTESIAN_POINT('Ctrl Pts',(-24.7,-7.65984619069524,1.49513766415888));
#14093=CARTESIAN_POINT('Ctrl Pts',(-24.,-7.44104554819327,1.49513766415888));
#14094=CARTESIAN_POINT('Ctrl Pts',(-24.7,-7.44104554819326,1.49513766415888));
#14095=CARTESIAN_POINT('Ctrl Pts',(-24.,-7.07273113331493,1.3419772144075));
#14096=CARTESIAN_POINT('Ctrl Pts',(-24.7,-7.07273113331493,1.3419772144075));
#14097=CARTESIAN_POINT('Ctrl Pts',(-24.,-6.90863065143845,1.14870331353075));
#14098=CARTESIAN_POINT('Ctrl Pts',(-24.7,-6.90863065143845,1.14870331353075));
#14099=CARTESIAN_POINT('',(-24.7,-7.65984619069524,1.49513766415888));
#14100=CARTESIAN_POINT('Ctrl Pts',(-24.,-8.32718815032628,1.26175031215677));
#14101=CARTESIAN_POINT('Ctrl Pts',(-24.7,-8.32718815032628,1.26175031215677));
#14102=CARTESIAN_POINT('Ctrl Pts',(-24.,-8.1849677327,1.36021060128266));
#14103=CARTESIAN_POINT('Ctrl Pts',(-24.7,-8.18496773269999,1.36021060128266));
#14104=CARTESIAN_POINT('Ctrl Pts',(-24.,-7.84582673682193,1.49513766415888));
#14105=CARTESIAN_POINT('Ctrl Pts',(-24.7,-7.84582673682193,1.49513766415888));
#14106=CARTESIAN_POINT('Ctrl Pts',(-24.,-7.65984619069525,1.49513766415888));
#14107=CARTESIAN_POINT('Ctrl Pts',(-24.7,-7.65984619069524,1.49513766415888));
#14108=CARTESIAN_POINT('',(-24.7,-8.32718815032628,1.26175031215677));
#14109=CARTESIAN_POINT('Ctrl Pts',(-24.,-8.76478943533024,0.889789219903405));
#14110=CARTESIAN_POINT('Ctrl Pts',(-24.7,-8.76478943533024,0.889789219903405));
#14111=CARTESIAN_POINT('Ctrl Pts',(-24.,-8.69185588782958,0.962722767404065));
#14112=CARTESIAN_POINT('Ctrl Pts',(-24.7,-8.69185588782958,0.962722767404065));
#14113=CARTESIAN_POINT('Ctrl Pts',(-24.,-8.46576189057754,1.16693670040591));
#14114=CARTESIAN_POINT('Ctrl Pts',(-24.7,-8.46576189057753,1.16693670040591));
#14115=CARTESIAN_POINT('Ctrl Pts',(-24.,-8.32718815032628,1.26175031215677));
#14116=CARTESIAN_POINT('Ctrl Pts',(-24.7,-8.32718815032628,1.26175031215677));
#14117=CARTESIAN_POINT('',(-24.7,-8.76478943533024,0.889789219903405));
#14118=CARTESIAN_POINT('Origin',(-24.7,-8.8158429185807,0.889789219903405));
#14119=CARTESIAN_POINT('',(-24.7,-8.86689640183116,0.889789219903405));
#14120=CARTESIAN_POINT('Origin',(-24.7,-8.86689640183116,1.42585079403325));
#14121=CARTESIAN_POINT('',(-24.7,-8.86689640183116,1.9619123681631));
#14122=CARTESIAN_POINT('Ctrl Pts',(-24.,-8.30166140870105,2.22447313916548));
#14123=CARTESIAN_POINT('Ctrl Pts',(-24.7,-8.30166140870105,2.22447313916548));
#14124=CARTESIAN_POINT('Ctrl Pts',(-24.,-8.4402351489523,2.17706633329005));
#14125=CARTESIAN_POINT('Ctrl Pts',(-24.7,-8.4402351489523,2.17706633329005));
#14126=CARTESIAN_POINT('Ctrl Pts',(-24.,-8.76478943533024,2.02025920616363));
#14127=CARTESIAN_POINT('Ctrl Pts',(-24.7,-8.76478943533024,2.02025920616363));
#14128=CARTESIAN_POINT('Ctrl Pts',(-24.,-8.86689640183116,1.9619123681631));
#14129=CARTESIAN_POINT('Ctrl Pts',(-24.7,-8.86689640183116,1.9619123681631));
#14130=CARTESIAN_POINT('',(-24.7,-8.30166140870105,2.22447313916548));
#14131=CARTESIAN_POINT('Ctrl Pts',(-24.,-7.49574570881876,2.3375201377915));
#14132=CARTESIAN_POINT('Ctrl Pts',(-24.7,-7.49574570881876,2.3375201377915));
#14133=CARTESIAN_POINT('Ctrl Pts',(-24.,-7.74007309294597,2.3375201377915));
#14134=CARTESIAN_POINT('Ctrl Pts',(-24.7,-7.74007309294597,2.3375201377915));
#14135=CARTESIAN_POINT('Ctrl Pts',(-24.,-8.12297421732444,2.27552662241594));
#14136=CARTESIAN_POINT('Ctrl Pts',(-24.7,-8.12297421732443,2.27552662241594));
#14137=CARTESIAN_POINT('Ctrl Pts',(-24.,-8.30166140870105,2.22447313916548));
#14138=CARTESIAN_POINT('Ctrl Pts',(-24.7,-8.30166140870105,2.22447313916548));
#14139=CARTESIAN_POINT('',(-24.7,-7.49574570881876,2.3375201377915));
#14140=CARTESIAN_POINT('Ctrl Pts',(-24.,-5.51195321680081,-0.00364673697967799));
#14141=CARTESIAN_POINT('Ctrl Pts',(-24.7,-5.51195321680081,-0.00364673697967799));
#14142=CARTESIAN_POINT('Ctrl Pts',(-24.,-5.51195321680081,1.06482973390499));
#14143=CARTESIAN_POINT('Ctrl Pts',(-24.7,-5.51195321680081,1.06482973390499));
#14144=CARTESIAN_POINT('Ctrl Pts',(-24.,-6.58407636506051,2.3375201377915));
#14145=CARTESIAN_POINT('Ctrl Pts',(-24.7,-6.58407636506051,2.3375201377915));
#14146=CARTESIAN_POINT('Ctrl Pts',(-24.,-7.49574570881876,2.3375201377915));
#14147=CARTESIAN_POINT('Ctrl Pts',(-24.7,-7.49574570881876,2.3375201377915));
#14148=CARTESIAN_POINT('Origin',(-24.0000000000001,-24.7000000000001,0.));
#14149=CARTESIAN_POINT('',(-24.,-0.877026146582692,-2.25));
#14150=CARTESIAN_POINT('',(-24.,0.0784033256759519,-2.25));
#14151=CARTESIAN_POINT('',(-24.,-0.877026146582692,-2.25));
#14152=CARTESIAN_POINT('',(-24.,-0.877026146582692,-0.0401135107300065));
#14153=CARTESIAN_POINT('',(-24.,-0.877026146582692,-0.0401135107300065));
#14154=CARTESIAN_POINT('',(-24.,0.0856966804260177,1.23622357053154));
#14155=CARTESIAN_POINT('Ctrl Pts',(-24.,0.0856966804260177,1.23622357053154));
#14156=CARTESIAN_POINT('Ctrl Pts',(-24.,-0.381078023578205,1.23622357053154));
#14157=CARTESIAN_POINT('Ctrl Pts',(-24.,-0.877026146582692,0.579821643025602));
#14158=CARTESIAN_POINT('Ctrl Pts',(-24.,-0.877026146582692,-0.0401135107300066));
#14159=CARTESIAN_POINT('',(-24.,1.03018612055956,0.769448866527317));
#14160=CARTESIAN_POINT('Ctrl Pts',(-24.,1.03018612055956,0.769448866527317));
#14161=CARTESIAN_POINT('Ctrl Pts',(-24.,0.796798768557451,0.988249509029297));
#14162=CARTESIAN_POINT('Ctrl Pts',(-24.,0.351904128803426,1.23622357053154));
#14163=CARTESIAN_POINT('Ctrl Pts',(-24.,0.0856966804260177,1.23622357053154));
#14164=CARTESIAN_POINT('',(-24.,1.03018612055956,1.14505663615572));
#14165=CARTESIAN_POINT('',(-24.,1.03018612055956,1.14505663615572));
#14166=CARTESIAN_POINT('',(-24.,1.98196891544317,1.14505663615572));
#14167=CARTESIAN_POINT('',(-24.,1.98196891544317,1.14505663615572));
#14168=CARTESIAN_POINT('',(-24.,1.98196891544317,-2.25));
#14169=CARTESIAN_POINT('',(-24.,1.98196891544317,-2.25));
#14170=CARTESIAN_POINT('',(-24.,1.03018612055956,-2.25));
#14171=CARTESIAN_POINT('',(-24.,1.03018612055956,-2.25));
#14172=CARTESIAN_POINT('',(-24.,1.03018612055956,0.153160390146742));
#14173=CARTESIAN_POINT('',(-24.,1.03018612055956,0.153160390146742));
#14174=CARTESIAN_POINT('',(-24.,0.537884674930108,0.357374323148589));
#14175=CARTESIAN_POINT('Ctrl Pts',(-24.,0.537884674930108,0.357374323148589));
#14176=CARTESIAN_POINT('Ctrl Pts',(-24.,0.654578350931164,0.357374323148589));
#14177=CARTESIAN_POINT('Ctrl Pts',(-24.,0.895259057683341,0.258914034022699));
#14178=CARTESIAN_POINT('Ctrl Pts',(-24.,1.03018612055956,0.153160390146742));
#14179=CARTESIAN_POINT('',(-24.,0.147690195801578,0.142220358021643));
#14180=CARTESIAN_POINT('Ctrl Pts',(-24.,0.147690195801578,0.142220358021643));
#14181=CARTESIAN_POINT('Ctrl Pts',(-24.,0.19874367905204,0.258914034022699));
#14182=CARTESIAN_POINT('Ctrl Pts',(-24.,0.384724225178723,0.357374323148589));
#14183=CARTESIAN_POINT('Ctrl Pts',(-24.,0.537884674930108,0.357374323148589));
#14184=CARTESIAN_POINT('',(-24.,0.0784033256759519,-0.56888173010979));
#14185=CARTESIAN_POINT('Ctrl Pts',(-24.,0.0784033256759519,-0.56888173010979));
#14186=CARTESIAN_POINT('Ctrl Pts',(-24.,0.0784033256759519,-0.36102111973291));
#14187=CARTESIAN_POINT('Ctrl Pts',(-24.,0.107576744676216,0.0474067462707853));
#14188=CARTESIAN_POINT('Ctrl Pts',(-24.,0.147690195801578,0.142220358021643));
#14189=CARTESIAN_POINT('',(-24.,0.0784033256759519,-2.25));
#14190=CARTESIAN_POINT('Origin',(-24.7,-0.399311410453368,-2.25));
#14191=CARTESIAN_POINT('',(-24.7,0.0784033256759534,-2.25));
#14192=CARTESIAN_POINT('',(-24.7,-0.87702614658269,-2.25));
#14193=CARTESIAN_POINT('Origin',(-24.7,-0.87702614658269,-1.145056755365));
#14194=CARTESIAN_POINT('',(-24.7,-0.87702614658269,-0.0401135107300065));
#14195=CARTESIAN_POINT('Ctrl Pts',(-24.,0.0856966804260177,1.23622357053154));
#14196=CARTESIAN_POINT('Ctrl Pts',(-24.7,0.0856966804260192,1.23622357053154));
#14197=CARTESIAN_POINT('Ctrl Pts',(-24.,-0.381078023578205,1.23622357053154));
#14198=CARTESIAN_POINT('Ctrl Pts',(-24.7,-0.381078023578204,1.23622357053154));
#14199=CARTESIAN_POINT('Ctrl Pts',(-24.,-0.877026146582692,0.579821643025602));
#14200=CARTESIAN_POINT('Ctrl Pts',(-24.7,-0.87702614658269,0.579821643025602));
#14201=CARTESIAN_POINT('Ctrl Pts',(-24.,-0.877026146582692,-0.0401135107300066));
#14202=CARTESIAN_POINT('Ctrl Pts',(-24.7,-0.87702614658269,-0.0401135107300066));
#14203=CARTESIAN_POINT('',(-24.7,0.0856966804260192,1.23622357053154));
#14204=CARTESIAN_POINT('Ctrl Pts',(-24.,1.03018612055956,0.769448866527317));
#14205=CARTESIAN_POINT('Ctrl Pts',(-24.7,1.03018612055956,0.769448866527317));
#14206=CARTESIAN_POINT('Ctrl Pts',(-24.,0.796798768557451,0.988249509029297));
#14207=CARTESIAN_POINT('Ctrl Pts',(-24.7,0.796798768557452,0.988249509029297));
#14208=CARTESIAN_POINT('Ctrl Pts',(-24.,0.351904128803426,1.23622357053154));
#14209=CARTESIAN_POINT('Ctrl Pts',(-24.7,0.351904128803427,1.23622357053154));
#14210=CARTESIAN_POINT('Ctrl Pts',(-24.,0.0856966804260177,1.23622357053154));
#14211=CARTESIAN_POINT('Ctrl Pts',(-24.7,0.0856966804260192,1.23622357053154));
#14212=CARTESIAN_POINT('',(-24.7,1.03018612055956,0.769448866527317));
#14213=CARTESIAN_POINT('Origin',(-24.7,1.03018612055956,0.957252751341516));
#14214=CARTESIAN_POINT('',(-24.7,1.03018612055956,1.14505663615572));
#14215=CARTESIAN_POINT('Origin',(-24.7,1.50607751800137,1.14505663615572));
#14216=CARTESIAN_POINT('',(-24.7,1.98196891544317,1.14505663615572));
#14217=CARTESIAN_POINT('Origin',(-24.7,1.98196891544317,-0.552471681922142));
#14218=CARTESIAN_POINT('',(-24.7,1.98196891544317,-2.25));
#14219=CARTESIAN_POINT('Origin',(-24.7,1.50607751800137,-2.25));
#14220=CARTESIAN_POINT('',(-24.7,1.03018612055956,-2.25));
#14221=CARTESIAN_POINT('Origin',(-24.7,1.03018612055956,-1.04841980492663));
#14222=CARTESIAN_POINT('',(-24.7,1.03018612055956,0.153160390146742));
#14223=CARTESIAN_POINT('Ctrl Pts',(-24.,0.537884674930108,0.357374323148589));
#14224=CARTESIAN_POINT('Ctrl Pts',(-24.7,0.53788467493011,0.357374323148589));
#14225=CARTESIAN_POINT('Ctrl Pts',(-24.,0.654578350931164,0.357374323148589));
#14226=CARTESIAN_POINT('Ctrl Pts',(-24.7,0.654578350931166,0.357374323148589));
#14227=CARTESIAN_POINT('Ctrl Pts',(-24.,0.895259057683341,0.258914034022699));
#14228=CARTESIAN_POINT('Ctrl Pts',(-24.7,0.895259057683343,0.258914034022699));
#14229=CARTESIAN_POINT('Ctrl Pts',(-24.,1.03018612055956,0.153160390146742));
#14230=CARTESIAN_POINT('Ctrl Pts',(-24.7,1.03018612055956,0.153160390146742));
#14231=CARTESIAN_POINT('',(-24.7,0.53788467493011,0.357374323148589));
#14232=CARTESIAN_POINT('Ctrl Pts',(-24.,0.147690195801578,0.142220358021643));
#14233=CARTESIAN_POINT('Ctrl Pts',(-24.7,0.14769019580158,0.142220358021643));
#14234=CARTESIAN_POINT('Ctrl Pts',(-24.,0.19874367905204,0.258914034022699));
#14235=CARTESIAN_POINT('Ctrl Pts',(-24.7,0.198743679052042,0.258914034022699));
#14236=CARTESIAN_POINT('Ctrl Pts',(-24.,0.384724225178723,0.357374323148589));
#14237=CARTESIAN_POINT('Ctrl Pts',(-24.7,0.384724225178724,0.357374323148589));
#14238=CARTESIAN_POINT('Ctrl Pts',(-24.,0.537884674930108,0.357374323148589));
#14239=CARTESIAN_POINT('Ctrl Pts',(-24.7,0.53788467493011,0.357374323148589));
#14240=CARTESIAN_POINT('',(-24.7,0.14769019580158,0.142220358021643));
#14241=CARTESIAN_POINT('Ctrl Pts',(-24.,0.0784033256759519,-0.56888173010979));
#14242=CARTESIAN_POINT('Ctrl Pts',(-24.7,0.0784033256759534,-0.56888173010979));
#14243=CARTESIAN_POINT('Ctrl Pts',(-24.,0.0784033256759519,-0.36102111973291));
#14244=CARTESIAN_POINT('Ctrl Pts',(-24.7,0.0784033256759534,-0.36102111973291));
#14245=CARTESIAN_POINT('Ctrl Pts',(-24.,0.107576744676216,0.0474067462707853));
#14246=CARTESIAN_POINT('Ctrl Pts',(-24.7,0.107576744676217,0.0474067462707853));
#14247=CARTESIAN_POINT('Ctrl Pts',(-24.,0.147690195801578,0.142220358021643));
#14248=CARTESIAN_POINT('Ctrl Pts',(-24.7,0.14769019580158,0.142220358021643));
#14249=CARTESIAN_POINT('',(-24.7,0.0784033256759534,-0.56888173010979));
#14250=CARTESIAN_POINT('Origin',(-24.7,0.0784033256759534,-1.40944086505489));
#14251=CARTESIAN_POINT('Ctrl Pts',(-24.,3.40781969952622,-0.116693735605699));
#14252=CARTESIAN_POINT('Ctrl Pts',(-24.7,3.40781969952622,-0.116693735605699));
#14253=CARTESIAN_POINT('Ctrl Pts',(-24.,3.41511305427629,0.218800582897336));
#14254=CARTESIAN_POINT('Ctrl Pts',(-24.7,3.41511305427629,0.218800582897336));
#14255=CARTESIAN_POINT('Ctrl Pts',(-24.,3.6813205026537,0.572528288275537));
#14256=CARTESIAN_POINT('Ctrl Pts',(-24.7,3.6813205026537,0.572528288275537));
#14257=CARTESIAN_POINT('Ctrl Pts',(-24.,3.95117462840614,0.572528288275537));
#14258=CARTESIAN_POINT('Ctrl Pts',(-24.7,3.95117462840614,0.572528288275537));
#14259=CARTESIAN_POINT('',(-24.,3.40781969952622,-0.116693735605699));
#14260=CARTESIAN_POINT('',(-24.,3.95117462840614,0.572528288275537));
#14261=CARTESIAN_POINT('Ctrl Pts',(-24.,3.40781969952622,-0.116693735605699));
#14262=CARTESIAN_POINT('Ctrl Pts',(-24.,3.41511305427629,0.218800582897336));
#14263=CARTESIAN_POINT('Ctrl Pts',(-24.,3.6813205026537,0.572528288275537));
#14264=CARTESIAN_POINT('Ctrl Pts',(-24.,3.95117462840614,0.572528288275537));
#14265=CARTESIAN_POINT('',(-24.7,3.95117462840614,0.572528288275537));
#14266=CARTESIAN_POINT('',(-24.7,3.95117462840614,0.572528288275537));
#14267=CARTESIAN_POINT('',(-24.7,3.40781969952622,-0.116693735605699));
#14268=CARTESIAN_POINT('Ctrl Pts',(-24.7,3.40781969952622,-0.116693735605699));
#14269=CARTESIAN_POINT('Ctrl Pts',(-24.7,3.41511305427629,0.218800582897336));
#14270=CARTESIAN_POINT('Ctrl Pts',(-24.7,3.6813205026537,0.572528288275537));
#14271=CARTESIAN_POINT('Ctrl Pts',(-24.7,3.95117462840614,0.572528288275537));
#14272=CARTESIAN_POINT('',(-24.7,3.40781969952622,-0.116693735605699));
#14273=CARTESIAN_POINT('Ctrl Pts',(-24.,3.95117462840614,0.572528288275537));
#14274=CARTESIAN_POINT('Ctrl Pts',(-24.7,3.95117462840614,0.572528288275537));
#14275=CARTESIAN_POINT('Ctrl Pts',(-24.,4.22832210890864,0.572528288275537));
#14276=CARTESIAN_POINT('Ctrl Pts',(-24.7,4.22832210890865,0.572528288275537));
#14277=CARTESIAN_POINT('Ctrl Pts',(-24.,4.54193636316148,0.200567196022171));
#14278=CARTESIAN_POINT('Ctrl Pts',(-24.7,4.54193636316148,0.200567196022171));
#14279=CARTESIAN_POINT('Ctrl Pts',(-24.,4.56016975003665,-0.116693735605699));
#14280=CARTESIAN_POINT('Ctrl Pts',(-24.7,4.56016975003665,-0.116693735605699));
#14281=CARTESIAN_POINT('',(-24.,4.56016975003665,-0.116693735605699));
#14282=CARTESIAN_POINT('Ctrl Pts',(-24.,3.95117462840614,0.572528288275537));
#14283=CARTESIAN_POINT('Ctrl Pts',(-24.,4.22832210890864,0.572528288275537));
#14284=CARTESIAN_POINT('Ctrl Pts',(-24.,4.54193636316148,0.200567196022171));
#14285=CARTESIAN_POINT('Ctrl Pts',(-24.,4.56016975003665,-0.116693735605699));
#14286=CARTESIAN_POINT('',(-24.7,4.56016975003665,-0.116693735605699));
#14287=CARTESIAN_POINT('',(-24.7,4.56016975003665,-0.116693735605699));
#14288=CARTESIAN_POINT('Ctrl Pts',(-24.7,3.95117462840614,0.572528288275537));
#14289=CARTESIAN_POINT('Ctrl Pts',(-24.7,4.22832210890865,0.572528288275537));
#14290=CARTESIAN_POINT('Ctrl Pts',(-24.7,4.54193636316148,0.200567196022171));
#14291=CARTESIAN_POINT('Ctrl Pts',(-24.7,4.56016975003665,-0.116693735605699));
#14292=CARTESIAN_POINT('Origin',(-24.7,3.98399472478143,-0.116693735605699));
#14293=CARTESIAN_POINT('',(-24.,-10.3580026376093,-0.116693735605698));
#14294=CARTESIAN_POINT('',(-24.7,-10.3580026376093,-0.116693735605698));
#14295=CARTESIAN_POINT('Origin',(-24.0000000000001,-24.7000000000001,0.));
#14296=CARTESIAN_POINT('',(-24.,3.72508063115409,-2.34116693437582));
#14297=CARTESIAN_POINT('',(-24.,5.50830586754522,-0.572528407484822));
#14298=CARTESIAN_POINT('Ctrl Pts',(-24.,3.72508063115409,-2.34116693437582));
#14299=CARTESIAN_POINT('Ctrl Pts',(-24.,4.58569649166188,-2.34116693437582));
#14300=CARTESIAN_POINT('Ctrl Pts',(-24.,5.50830586754522,-1.42220423586751));
#14301=CARTESIAN_POINT('Ctrl Pts',(-24.,5.50830586754522,-0.572528407484822));
#14302=CARTESIAN_POINT('',(-24.,3.00303851089756,-2.24270664524993));
#14303=CARTESIAN_POINT('Ctrl Pts',(-24.,3.00303851089756,-2.24270664524993));
#14304=CARTESIAN_POINT('Ctrl Pts',(-24.,3.15984563802398,-2.29011345112536));
#14305=CARTESIAN_POINT('Ctrl Pts',(-24.,3.48804660177695,-2.34116693437582));
#14306=CARTESIAN_POINT('Ctrl Pts',(-24.,3.72508063115409,-2.34116693437582));
#14307=CARTESIAN_POINT('',(-24.,2.52532377476824,-2.06037277649828));
#14308=CARTESIAN_POINT('Ctrl Pts',(-24.,2.52532377476824,-2.06037277649828));
#14309=CARTESIAN_POINT('Ctrl Pts',(-24.,2.64201745076929,-2.11142625974874));
#14310=CARTESIAN_POINT('Ctrl Pts',(-24.,2.83529135164604,-2.19894651674954));
#14311=CARTESIAN_POINT('Ctrl Pts',(-24.,3.00303851089756,-2.24270664524993));
#14312=CARTESIAN_POINT('',(-24.,2.52532377476824,-1.18517020649036));
#14313=CARTESIAN_POINT('',(-24.,2.52532377476824,-1.18517020649036));
#14314=CARTESIAN_POINT('',(-24.,2.62743074126916,-1.18517020649037));
#14315=CARTESIAN_POINT('',(-24.,2.62743074126916,-1.18517020649036));
#14316=CARTESIAN_POINT('',(-24.,3.00303851089756,-1.42585091324254));
#14317=CARTESIAN_POINT('Ctrl Pts',(-24.,3.00303851089756,-1.42585091324254));
#14318=CARTESIAN_POINT('Ctrl Pts',(-24.,2.8863448348965,-1.37115075261705));
#14319=CARTESIAN_POINT('Ctrl Pts',(-24.,2.68942425664472,-1.23622368974083));
#14320=CARTESIAN_POINT('Ctrl Pts',(-24.,2.62743074126916,-1.18517020649036));
#14321=CARTESIAN_POINT('',(-24.,3.62297366465317,-1.57536468561889));
#14322=CARTESIAN_POINT('Ctrl Pts',(-24.,3.62297366465317,-1.57536468561889));
#14323=CARTESIAN_POINT('Ctrl Pts',(-24.,3.45887318277668,-1.57536468561889));
#14324=CARTESIAN_POINT('Ctrl Pts',(-24.,3.13796557377378,-1.49513778336817));
#14325=CARTESIAN_POINT('Ctrl Pts',(-24.,3.00303851089756,-1.42585091324254));
#14326=CARTESIAN_POINT('',(-24.,4.26478888265897,-1.40032417161731));
#14327=CARTESIAN_POINT('Ctrl Pts',(-24.,4.26478888265897,-1.40032417161731));
#14328=CARTESIAN_POINT('Ctrl Pts',(-24.,4.14444852928288,-1.49513778336817));
#14329=CARTESIAN_POINT('Ctrl Pts',(-24.,3.81624756552992,-1.57536468561889));
#14330=CARTESIAN_POINT('Ctrl Pts',(-24.,3.62297366465317,-1.57536468561889));
#14331=CARTESIAN_POINT('',(-24.,4.55652307266161,-0.754862276236472));
#14332=CARTESIAN_POINT('Ctrl Pts',(-24.,4.55652307266161,-0.754862276236472));
#14333=CARTESIAN_POINT('Ctrl Pts',(-24.,4.54193636316148,-0.991896305613617));
#14334=CARTESIAN_POINT('Ctrl Pts',(-24.,4.39242259078513,-1.30551055986645));
#14335=CARTESIAN_POINT('Ctrl Pts',(-24.,4.26478888265897,-1.40032417161731));
#14336=CARTESIAN_POINT('',(-24.,2.47062361414274,-0.754862276236472));
#14337=CARTESIAN_POINT('',(-24.,2.47062361414274,-0.754862276236472));
#14338=CARTESIAN_POINT('',(-24.,2.47062361414274,-0.371961151858008));
#14339=CARTESIAN_POINT('',(-24.,2.47062361414274,-0.371961151858008));
#14340=CARTESIAN_POINT('',(-24.,3.87824108090548,1.25081028003167));
#14341=CARTESIAN_POINT('Ctrl Pts',(-24.,3.87824108090548,1.25081028003167));
#14342=CARTESIAN_POINT('Ctrl Pts',(-24.,3.17807902489914,1.25081028003167));
#14343=CARTESIAN_POINT('Ctrl Pts',(-24.,2.47062361414274,0.408427806399052));
#14344=CARTESIAN_POINT('Ctrl Pts',(-24.,2.47062361414274,-0.371961151858008));
#14345=CARTESIAN_POINT('Ctrl Pts',(-24.,5.50830586754522,-0.572528407484822));
#14346=CARTESIAN_POINT('Ctrl Pts',(-24.,5.50830586754522,0.258914034022699));
#14347=CARTESIAN_POINT('Ctrl Pts',(-24.,4.65133668441247,1.25081028003167));
#14348=CARTESIAN_POINT('Ctrl Pts',(-24.,3.87824108090548,1.25081028003167));
#14349=CARTESIAN_POINT('Ctrl Pts',(-24.,3.72508063115409,-2.34116693437582));
#14350=CARTESIAN_POINT('Ctrl Pts',(-24.7,3.72508063115409,-2.34116693437582));
#14351=CARTESIAN_POINT('Ctrl Pts',(-24.,4.58569649166188,-2.34116693437582));
#14352=CARTESIAN_POINT('Ctrl Pts',(-24.7,4.58569649166188,-2.34116693437582));
#14353=CARTESIAN_POINT('Ctrl Pts',(-24.,5.50830586754522,-1.42220423586751));
#14354=CARTESIAN_POINT('Ctrl Pts',(-24.7,5.50830586754522,-1.42220423586751));
#14355=CARTESIAN_POINT('Ctrl Pts',(-24.,5.50830586754522,-0.572528407484822));
#14356=CARTESIAN_POINT('Ctrl Pts',(-24.7,5.50830586754522,-0.572528407484822));
#14357=CARTESIAN_POINT('',(-24.7,5.50830586754522,-0.572528407484822));
#14358=CARTESIAN_POINT('',(-24.7,3.72508063115409,-2.34116693437582));
#14359=CARTESIAN_POINT('Ctrl Pts',(-24.,3.00303851089756,-2.24270664524993));
#14360=CARTESIAN_POINT('Ctrl Pts',(-24.7,3.00303851089756,-2.24270664524993));
#14361=CARTESIAN_POINT('Ctrl Pts',(-24.,3.15984563802398,-2.29011345112536));
#14362=CARTESIAN_POINT('Ctrl Pts',(-24.7,3.15984563802398,-2.29011345112536));
#14363=CARTESIAN_POINT('Ctrl Pts',(-24.,3.48804660177695,-2.34116693437582));
#14364=CARTESIAN_POINT('Ctrl Pts',(-24.7,3.48804660177695,-2.34116693437582));
#14365=CARTESIAN_POINT('Ctrl Pts',(-24.,3.72508063115409,-2.34116693437582));
#14366=CARTESIAN_POINT('Ctrl Pts',(-24.7,3.72508063115409,-2.34116693437582));
#14367=CARTESIAN_POINT('',(-24.7,3.00303851089756,-2.24270664524993));
#14368=CARTESIAN_POINT('Ctrl Pts',(-24.,2.52532377476824,-2.06037277649828));
#14369=CARTESIAN_POINT('Ctrl Pts',(-24.7,2.52532377476824,-2.06037277649828));
#14370=CARTESIAN_POINT('Ctrl Pts',(-24.,2.64201745076929,-2.11142625974874));
#14371=CARTESIAN_POINT('Ctrl Pts',(-24.7,2.64201745076929,-2.11142625974874));
#14372=CARTESIAN_POINT('Ctrl Pts',(-24.,2.83529135164604,-2.19894651674954));
#14373=CARTESIAN_POINT('Ctrl Pts',(-24.7,2.83529135164604,-2.19894651674954));
#14374=CARTESIAN_POINT('Ctrl Pts',(-24.,3.00303851089756,-2.24270664524993));
#14375=CARTESIAN_POINT('Ctrl Pts',(-24.7,3.00303851089756,-2.24270664524993));
#14376=CARTESIAN_POINT('',(-24.7,2.52532377476824,-2.06037277649828));
#14377=CARTESIAN_POINT('Origin',(-24.7,2.52532377476824,-1.62277149149432));
#14378=CARTESIAN_POINT('',(-24.7,2.52532377476824,-1.18517020649036));
#14379=CARTESIAN_POINT('Origin',(-24.7,2.5763772580187,-1.18517020649036));
#14380=CARTESIAN_POINT('',(-24.7,2.62743074126916,-1.18517020649037));
#14381=CARTESIAN_POINT('Ctrl Pts',(-24.,3.00303851089756,-1.42585091324254));
#14382=CARTESIAN_POINT('Ctrl Pts',(-24.7,3.00303851089756,-1.42585091324254));
#14383=CARTESIAN_POINT('Ctrl Pts',(-24.,2.8863448348965,-1.37115075261705));
#14384=CARTESIAN_POINT('Ctrl Pts',(-24.7,2.8863448348965,-1.37115075261705));
#14385=CARTESIAN_POINT('Ctrl Pts',(-24.,2.68942425664472,-1.23622368974083));
#14386=CARTESIAN_POINT('Ctrl Pts',(-24.7,2.68942425664472,-1.23622368974083));
#14387=CARTESIAN_POINT('Ctrl Pts',(-24.,2.62743074126916,-1.18517020649036));
#14388=CARTESIAN_POINT('Ctrl Pts',(-24.7,2.62743074126916,-1.18517020649036));
#14389=CARTESIAN_POINT('',(-24.7,3.00303851089756,-1.42585091324254));
#14390=CARTESIAN_POINT('Ctrl Pts',(-24.,3.62297366465317,-1.57536468561889));
#14391=CARTESIAN_POINT('Ctrl Pts',(-24.7,3.62297366465317,-1.57536468561889));
#14392=CARTESIAN_POINT('Ctrl Pts',(-24.,3.45887318277668,-1.57536468561889));
#14393=CARTESIAN_POINT('Ctrl Pts',(-24.7,3.45887318277668,-1.57536468561889));
#14394=CARTESIAN_POINT('Ctrl Pts',(-24.,3.13796557377378,-1.49513778336817));
#14395=CARTESIAN_POINT('Ctrl Pts',(-24.7,3.13796557377378,-1.49513778336817));
#14396=CARTESIAN_POINT('Ctrl Pts',(-24.,3.00303851089756,-1.42585091324254));
#14397=CARTESIAN_POINT('Ctrl Pts',(-24.7,3.00303851089756,-1.42585091324254));
#14398=CARTESIAN_POINT('',(-24.7,3.62297366465317,-1.57536468561889));
#14399=CARTESIAN_POINT('Ctrl Pts',(-24.,4.26478888265897,-1.40032417161731));
#14400=CARTESIAN_POINT('Ctrl Pts',(-24.7,4.26478888265897,-1.40032417161731));
#14401=CARTESIAN_POINT('Ctrl Pts',(-24.,4.14444852928288,-1.49513778336817));
#14402=CARTESIAN_POINT('Ctrl Pts',(-24.7,4.14444852928289,-1.49513778336817));
#14403=CARTESIAN_POINT('Ctrl Pts',(-24.,3.81624756552992,-1.57536468561889));
#14404=CARTESIAN_POINT('Ctrl Pts',(-24.7,3.81624756552992,-1.57536468561889));
#14405=CARTESIAN_POINT('Ctrl Pts',(-24.,3.62297366465317,-1.57536468561889));
#14406=CARTESIAN_POINT('Ctrl Pts',(-24.7,3.62297366465317,-1.57536468561889));
#14407=CARTESIAN_POINT('',(-24.7,4.26478888265897,-1.40032417161731));
#14408=CARTESIAN_POINT('Ctrl Pts',(-24.,4.55652307266161,-0.754862276236472));
#14409=CARTESIAN_POINT('Ctrl Pts',(-24.7,4.55652307266161,-0.754862276236472));
#14410=CARTESIAN_POINT('Ctrl Pts',(-24.,4.54193636316148,-0.991896305613617));
#14411=CARTESIAN_POINT('Ctrl Pts',(-24.7,4.54193636316148,-0.991896305613617));
#14412=CARTESIAN_POINT('Ctrl Pts',(-24.,4.39242259078513,-1.30551055986645));
#14413=CARTESIAN_POINT('Ctrl Pts',(-24.7,4.39242259078513,-1.30551055986645));
#14414=CARTESIAN_POINT('Ctrl Pts',(-24.,4.26478888265897,-1.40032417161731));
#14415=CARTESIAN_POINT('Ctrl Pts',(-24.7,4.26478888265897,-1.40032417161731));
#14416=CARTESIAN_POINT('',(-24.7,4.55652307266161,-0.754862276236472));
#14417=CARTESIAN_POINT('Origin',(-24.7,3.51357334340218,-0.754862276236472));
#14418=CARTESIAN_POINT('',(-24.7,2.47062361414274,-0.754862276236472));
#14419=CARTESIAN_POINT('Origin',(-24.7,2.47062361414274,-0.56341171404724));
#14420=CARTESIAN_POINT('',(-24.7,2.47062361414274,-0.371961151858008));
#14421=CARTESIAN_POINT('Ctrl Pts',(-24.,3.87824108090548,1.25081028003167));
#14422=CARTESIAN_POINT('Ctrl Pts',(-24.7,3.87824108090548,1.25081028003167));
#14423=CARTESIAN_POINT('Ctrl Pts',(-24.,3.17807902489914,1.25081028003167));
#14424=CARTESIAN_POINT('Ctrl Pts',(-24.7,3.17807902489914,1.25081028003167));
#14425=CARTESIAN_POINT('Ctrl Pts',(-24.,2.47062361414274,0.408427806399052));
#14426=CARTESIAN_POINT('Ctrl Pts',(-24.7,2.47062361414274,0.408427806399052));
#14427=CARTESIAN_POINT('Ctrl Pts',(-24.,2.47062361414274,-0.371961151858008));
#14428=CARTESIAN_POINT('Ctrl Pts',(-24.7,2.47062361414274,-0.371961151858008));
#14429=CARTESIAN_POINT('',(-24.7,3.87824108090548,1.25081028003167));
#14430=CARTESIAN_POINT('Ctrl Pts',(-24.,5.50830586754522,-0.572528407484822));
#14431=CARTESIAN_POINT('Ctrl Pts',(-24.7,5.50830586754522,-0.572528407484822));
#14432=CARTESIAN_POINT('Ctrl Pts',(-24.,5.50830586754522,0.258914034022699));
#14433=CARTESIAN_POINT('Ctrl Pts',(-24.7,5.50830586754522,0.258914034022699));
#14434=CARTESIAN_POINT('Ctrl Pts',(-24.,4.65133668441247,1.25081028003167));
#14435=CARTESIAN_POINT('Ctrl Pts',(-24.7,4.65133668441247,1.25081028003167));
#14436=CARTESIAN_POINT('Ctrl Pts',(-24.,3.87824108090548,1.25081028003167));
#14437=CARTESIAN_POINT('Ctrl Pts',(-24.7,3.87824108090548,1.25081028003167));
#14438=CARTESIAN_POINT('Ctrl Pts',(-24.,6.77734951435843,-0.528768278984426));
#14439=CARTESIAN_POINT('Ctrl Pts',(-24.7,6.77734951435844,-0.528768278984426));
#14440=CARTESIAN_POINT('Ctrl Pts',(-24.,6.77734951435843,-0.0328201559799391));
#14441=CARTESIAN_POINT('Ctrl Pts',(-24.7,6.77734951435844,-0.0328201559799391));
#14442=CARTESIAN_POINT('Ctrl Pts',(-24.,7.05085031748591,0.412074483774086));
#14443=CARTESIAN_POINT('Ctrl Pts',(-24.7,7.05085031748591,0.412074483774086));
#14444=CARTESIAN_POINT('Ctrl Pts',(-24.,7.33893783011351,0.412074483774086));
#14445=CARTESIAN_POINT('Ctrl Pts',(-24.7,7.33893783011352,0.412074483774086));
#14446=CARTESIAN_POINT('',(-24.,6.77734951435843,-0.528768278984426));
#14447=CARTESIAN_POINT('',(-24.,7.33893783011351,0.412074483774086));
#14448=CARTESIAN_POINT('Ctrl Pts',(-24.,6.77734951435843,-0.528768278984426));
#14449=CARTESIAN_POINT('Ctrl Pts',(-24.,6.77734951435843,-0.0328201559799391));
#14450=CARTESIAN_POINT('Ctrl Pts',(-24.,7.05085031748591,0.412074483774086));
#14451=CARTESIAN_POINT('Ctrl Pts',(-24.,7.33893783011351,0.412074483774086));
#14452=CARTESIAN_POINT('',(-24.7,7.33893783011352,0.412074483774086));
#14453=CARTESIAN_POINT('',(-24.7,7.33893783011352,0.412074483774086));
#14454=CARTESIAN_POINT('',(-24.7,6.77734951435844,-0.528768278984426));
#14455=CARTESIAN_POINT('Ctrl Pts',(-24.7,6.77734951435844,-0.528768278984426));
#14456=CARTESIAN_POINT('Ctrl Pts',(-24.7,6.77734951435844,-0.0328201559799391));
#14457=CARTESIAN_POINT('Ctrl Pts',(-24.7,7.05085031748591,0.412074483774086));
#14458=CARTESIAN_POINT('Ctrl Pts',(-24.7,7.33893783011352,0.412074483774086));
#14459=CARTESIAN_POINT('',(-24.7,6.77734951435844,-0.528768278984426));
#14460=CARTESIAN_POINT('Ctrl Pts',(-24.,7.33893783011351,0.412074483774086));
#14461=CARTESIAN_POINT('Ctrl Pts',(-24.7,7.33893783011352,0.412074483774086));
#14462=CARTESIAN_POINT('Ctrl Pts',(-24.,7.46657153823967,0.412074483774086));
#14463=CARTESIAN_POINT('Ctrl Pts',(-24.7,7.46657153823967,0.412074483774086));
#14464=CARTESIAN_POINT('Ctrl Pts',(-24.,7.71819227711695,0.320907549398261));
#14465=CARTESIAN_POINT('Ctrl Pts',(-24.7,7.71819227711695,0.320907549398261));
#14466=CARTESIAN_POINT('Ctrl Pts',(-24.,7.83853263049303,0.229740615022436));
#14467=CARTESIAN_POINT('Ctrl Pts',(-24.7,7.83853263049303,0.229740615022436));
#14468=CARTESIAN_POINT('',(-24.,7.83853263049303,0.229740615022436));
#14469=CARTESIAN_POINT('Ctrl Pts',(-24.,7.33893783011351,0.412074483774086));
#14470=CARTESIAN_POINT('Ctrl Pts',(-24.,7.46657153823967,0.412074483774086));
#14471=CARTESIAN_POINT('Ctrl Pts',(-24.,7.71819227711695,0.320907549398261));
#14472=CARTESIAN_POINT('Ctrl Pts',(-24.,7.83853263049303,0.229740615022436));
#14473=CARTESIAN_POINT('',(-24.7,7.83853263049303,0.229740615022436));
#14474=CARTESIAN_POINT('',(-24.7,7.83853263049303,0.229740615022436));
#14475=CARTESIAN_POINT('Ctrl Pts',(-24.7,7.33893783011352,0.412074483774086));
#14476=CARTESIAN_POINT('Ctrl Pts',(-24.7,7.46657153823967,0.412074483774086));
#14477=CARTESIAN_POINT('Ctrl Pts',(-24.7,7.71819227711695,0.320907549398261));
#14478=CARTESIAN_POINT('Ctrl Pts',(-24.7,7.83853263049303,0.229740615022436));
#14479=CARTESIAN_POINT('Origin',(-24.7,7.83853263049303,-0.621758552047767));
#14480=CARTESIAN_POINT('',(-24.,7.83853263049303,-1.47325771911797));
#14481=CARTESIAN_POINT('',(-24.,7.83853263049303,-0.310879276023884));
#14482=CARTESIAN_POINT('',(-24.7,7.83853263049303,-1.47325771911797));
#14483=CARTESIAN_POINT('',(-24.7,7.83853263049303,-1.47325771911797));
#14484=CARTESIAN_POINT('',(-24.7,7.83853263049303,-0.310879276023884));
#14485=CARTESIAN_POINT('Ctrl Pts',(-24.,7.83853263049303,-1.47325771911797));
#14486=CARTESIAN_POINT('Ctrl Pts',(-24.7,7.83853263049303,-1.47325771911797));
#14487=CARTESIAN_POINT('Ctrl Pts',(-24.,7.76195240561734,-1.5097244928683));
#14488=CARTESIAN_POINT('Ctrl Pts',(-24.7,7.76195240561734,-1.5097244928683));
#14489=CARTESIAN_POINT('Ctrl Pts',(-24.,7.58326521424073,-1.53889791186856));
#14490=CARTESIAN_POINT('Ctrl Pts',(-24.7,7.58326521424073,-1.53889791186856));
#14491=CARTESIAN_POINT('Ctrl Pts',(-24.,7.4592781834896,-1.53889791186856));
#14492=CARTESIAN_POINT('Ctrl Pts',(-24.7,7.45927818348961,-1.53889791186856));
#14493=CARTESIAN_POINT('',(-24.,7.4592781834896,-1.53889791186856));
#14494=CARTESIAN_POINT('Ctrl Pts',(-24.,7.83853263049303,-1.47325771911797));
#14495=CARTESIAN_POINT('Ctrl Pts',(-24.,7.76195240561734,-1.5097244928683));
#14496=CARTESIAN_POINT('Ctrl Pts',(-24.,7.58326521424073,-1.53889791186856));
#14497=CARTESIAN_POINT('Ctrl Pts',(-24.,7.4592781834896,-1.53889791186856));
#14498=CARTESIAN_POINT('',(-24.7,7.45927818348961,-1.53889791186856));
#14499=CARTESIAN_POINT('',(-24.7,7.45927818348961,-1.53889791186856));
#14500=CARTESIAN_POINT('Ctrl Pts',(-24.7,7.83853263049303,-1.47325771911797));
#14501=CARTESIAN_POINT('Ctrl Pts',(-24.7,7.76195240561734,-1.5097244928683));
#14502=CARTESIAN_POINT('Ctrl Pts',(-24.7,7.58326521424073,-1.53889791186856));
#14503=CARTESIAN_POINT('Ctrl Pts',(-24.7,7.45927818348961,-1.53889791186856));
#14504=CARTESIAN_POINT('Ctrl Pts',(-24.,7.4592781834896,-1.53889791186856));
#14505=CARTESIAN_POINT('Ctrl Pts',(-24.7,7.45927818348961,-1.53889791186856));
#14506=CARTESIAN_POINT('Ctrl Pts',(-24.,7.11284383286147,-1.53889791186856));
#14507=CARTESIAN_POINT('Ctrl Pts',(-24.7,7.11284383286147,-1.53889791186856));
#14508=CARTESIAN_POINT('Ctrl Pts',(-24.,6.77734951435843,-1.03565643411401));
#14509=CARTESIAN_POINT('Ctrl Pts',(-24.7,6.77734951435844,-1.03565643411401));
#14510=CARTESIAN_POINT('Ctrl Pts',(-24.,6.77734951435843,-0.528768278984426));
#14511=CARTESIAN_POINT('Ctrl Pts',(-24.7,6.77734951435844,-0.528768278984426));
#14512=CARTESIAN_POINT('Ctrl Pts',(-24.,7.4592781834896,-1.53889791186856));
#14513=CARTESIAN_POINT('Ctrl Pts',(-24.,7.11284383286147,-1.53889791186856));
#14514=CARTESIAN_POINT('Ctrl Pts',(-24.,6.77734951435843,-1.03565643411401));
#14515=CARTESIAN_POINT('Ctrl Pts',(-24.,6.77734951435843,-0.528768278984426));
#14516=CARTESIAN_POINT('Ctrl Pts',(-24.7,7.45927818348961,-1.53889791186856));
#14517=CARTESIAN_POINT('Ctrl Pts',(-24.7,7.11284383286147,-1.53889791186856));
#14518=CARTESIAN_POINT('Ctrl Pts',(-24.7,6.77734951435844,-1.03565643411401));
#14519=CARTESIAN_POINT('Ctrl Pts',(-24.7,6.77734951435844,-0.528768278984426));
#14520=CARTESIAN_POINT('Origin',(-24.0000000000001,-24.7000000000001,0.));
#14521=CARTESIAN_POINT('',(-24.,5.80003997784959,-0.506888214734228));
#14522=CARTESIAN_POINT('',(-24.,7.0836704138612,-2.31564019275059));
#14523=CARTESIAN_POINT('Ctrl Pts',(-24.,5.80003997784959,-0.506888214734228));
#14524=CARTESIAN_POINT('Ctrl Pts',(-24.,5.80003997784959,-1.32009726936658));
#14525=CARTESIAN_POINT('Ctrl Pts',(-24.,6.54031548498129,-2.31564019275059));
#14526=CARTESIAN_POINT('Ctrl Pts',(-24.,7.0836704138612,-2.31564019275059));
#14527=CARTESIAN_POINT('',(-24.,6.90862989985962,1.23622357053154));
#14528=CARTESIAN_POINT('Ctrl Pts',(-24.,6.90862989985962,1.23622357053154));
#14529=CARTESIAN_POINT('Ctrl Pts',(-24.,6.37986168047984,1.23622357053154));
#14530=CARTESIAN_POINT('Ctrl Pts',(-24.,5.80003997784959,0.299027485148063));
#14531=CARTESIAN_POINT('Ctrl Pts',(-24.,5.80003997784959,-0.506888214734228));
#14532=CARTESIAN_POINT('',(-24.,7.83853263049303,0.787682253402484));
#14533=CARTESIAN_POINT('Ctrl Pts',(-24.,7.83853263049303,0.787682253402484));
#14534=CARTESIAN_POINT('Ctrl Pts',(-24.,7.63067202011615,0.988249509029298));
#14535=CARTESIAN_POINT('Ctrl Pts',(-24.,7.19671741248723,1.23622357053154));
#14536=CARTESIAN_POINT('Ctrl Pts',(-24.,6.90862989985962,1.23622357053154));
#14537=CARTESIAN_POINT('',(-24.,7.83853263049303,1.14505663615572));
#14538=CARTESIAN_POINT('',(-24.,7.83853263049303,1.14505663615572));
#14539=CARTESIAN_POINT('',(-24.,8.79031542537664,1.14505663615572));
#14540=CARTESIAN_POINT('',(-24.,8.79031542537664,1.14505663615572));
#14541=CARTESIAN_POINT('',(-24.,8.79031542537664,-3.49351698488625));
#14542=CARTESIAN_POINT('',(-24.,8.79031542537664,-3.49351698488625));
#14543=CARTESIAN_POINT('',(-24.,7.83853263049303,-3.49351698488625));
#14544=CARTESIAN_POINT('',(-24.,7.83853263049303,-3.49351698488625));
#14545=CARTESIAN_POINT('',(-24.,7.83853263049303,-2.07860616337345));
#14546=CARTESIAN_POINT('',(-24.,7.83853263049303,-2.07860616337345));
#14547=CARTESIAN_POINT('Ctrl Pts',(-24.,7.0836704138612,-2.31564019275059));
#14548=CARTESIAN_POINT('Ctrl Pts',(-24.,7.31341108848828,-2.31564019275059));
#14549=CARTESIAN_POINT('Ctrl Pts',(-24.,7.64890540699132,-2.20259319412457));
#14550=CARTESIAN_POINT('Ctrl Pts',(-24.,7.83853263049303,-2.07860616337345));
#14551=CARTESIAN_POINT('Ctrl Pts',(-24.,5.80003997784959,-0.506888214734228));
#14552=CARTESIAN_POINT('Ctrl Pts',(-24.7,5.80003997784959,-0.506888214734228));
#14553=CARTESIAN_POINT('Ctrl Pts',(-24.,5.80003997784959,-1.32009726936658));
#14554=CARTESIAN_POINT('Ctrl Pts',(-24.7,5.80003997784959,-1.32009726936658));
#14555=CARTESIAN_POINT('Ctrl Pts',(-24.,6.54031548498129,-2.31564019275059));
#14556=CARTESIAN_POINT('Ctrl Pts',(-24.7,6.54031548498129,-2.31564019275059));
#14557=CARTESIAN_POINT('Ctrl Pts',(-24.,7.0836704138612,-2.31564019275059));
#14558=CARTESIAN_POINT('Ctrl Pts',(-24.7,7.08367041386121,-2.31564019275059));
#14559=CARTESIAN_POINT('',(-24.7,7.08367041386121,-2.31564019275059));
#14560=CARTESIAN_POINT('',(-24.7,5.80003997784959,-0.506888214734228));
#14561=CARTESIAN_POINT('Ctrl Pts',(-24.,6.90862989985962,1.23622357053154));
#14562=CARTESIAN_POINT('Ctrl Pts',(-24.7,6.90862989985962,1.23622357053154));
#14563=CARTESIAN_POINT('Ctrl Pts',(-24.,6.37986168047984,1.23622357053154));
#14564=CARTESIAN_POINT('Ctrl Pts',(-24.7,6.37986168047984,1.23622357053154));
#14565=CARTESIAN_POINT('Ctrl Pts',(-24.,5.80003997784959,0.299027485148063));
#14566=CARTESIAN_POINT('Ctrl Pts',(-24.7,5.80003997784959,0.299027485148063));
#14567=CARTESIAN_POINT('Ctrl Pts',(-24.,5.80003997784959,-0.506888214734228));
#14568=CARTESIAN_POINT('Ctrl Pts',(-24.7,5.80003997784959,-0.506888214734228));
#14569=CARTESIAN_POINT('',(-24.7,6.90862989985962,1.23622357053154));
#14570=CARTESIAN_POINT('Ctrl Pts',(-24.,7.83853263049303,0.787682253402484));
#14571=CARTESIAN_POINT('Ctrl Pts',(-24.7,7.83853263049303,0.787682253402484));
#14572=CARTESIAN_POINT('Ctrl Pts',(-24.,7.63067202011615,0.988249509029298));
#14573=CARTESIAN_POINT('Ctrl Pts',(-24.7,7.63067202011615,0.988249509029298));
#14574=CARTESIAN_POINT('Ctrl Pts',(-24.,7.19671741248723,1.23622357053154));
#14575=CARTESIAN_POINT('Ctrl Pts',(-24.7,7.19671741248723,1.23622357053154));
#14576=CARTESIAN_POINT('Ctrl Pts',(-24.,6.90862989985962,1.23622357053154));
#14577=CARTESIAN_POINT('Ctrl Pts',(-24.7,6.90862989985962,1.23622357053154));
#14578=CARTESIAN_POINT('',(-24.7,7.83853263049303,0.787682253402484));
#14579=CARTESIAN_POINT('Origin',(-24.7,7.83853263049303,0.9663694447791));
#14580=CARTESIAN_POINT('',(-24.7,7.83853263049303,1.14505663615572));
#14581=CARTESIAN_POINT('Origin',(-24.7,8.31442402793484,1.14505663615572));
#14582=CARTESIAN_POINT('',(-24.7,8.79031542537665,1.14505663615572));
#14583=CARTESIAN_POINT('Origin',(-24.7,8.79031542537665,-1.17423017436527));
#14584=CARTESIAN_POINT('',(-24.7,8.79031542537665,-3.49351698488625));
#14585=CARTESIAN_POINT('Origin',(-24.7,8.31442402793484,-3.49351698488625));
#14586=CARTESIAN_POINT('',(-24.7,7.83853263049303,-3.49351698488625));
#14587=CARTESIAN_POINT('Origin',(-24.7,7.83853263049303,-2.78606157412985));
#14588=CARTESIAN_POINT('',(-24.7,7.83853263049303,-2.07860616337345));
#14589=CARTESIAN_POINT('Ctrl Pts',(-24.,7.0836704138612,-2.31564019275059));
#14590=CARTESIAN_POINT('Ctrl Pts',(-24.7,7.08367041386121,-2.31564019275059));
#14591=CARTESIAN_POINT('Ctrl Pts',(-24.,7.31341108848828,-2.31564019275059));
#14592=CARTESIAN_POINT('Ctrl Pts',(-24.7,7.31341108848829,-2.31564019275059));
#14593=CARTESIAN_POINT('Ctrl Pts',(-24.,7.64890540699132,-2.20259319412457));
#14594=CARTESIAN_POINT('Ctrl Pts',(-24.7,7.64890540699132,-2.20259319412457));
#14595=CARTESIAN_POINT('Ctrl Pts',(-24.,7.83853263049303,-2.07860616337345));
#14596=CARTESIAN_POINT('Ctrl Pts',(-24.7,7.83853263049303,-2.07860616337345));
#14597=CARTESIAN_POINT('Ctrl Pts',(-24.,10.2745130841697,-0.561588375359723));
#14598=CARTESIAN_POINT('Ctrl Pts',(-24.7,10.2745130841697,-0.561588375359723));
#14599=CARTESIAN_POINT('Ctrl Pts',(-24.,10.2745130841697,-0.258914153231984));
#14600=CARTESIAN_POINT('Ctrl Pts',(-24.7,10.2745130841697,-0.258914153231984));
#14601=CARTESIAN_POINT('Ctrl Pts',(-24.,10.3620333411705,0.145867035396678));
#14602=CARTESIAN_POINT('Ctrl Pts',(-24.7,10.3620333411705,0.145867035396678));
#14603=CARTESIAN_POINT('Ctrl Pts',(-24.,10.4422602434212,0.266207388772766));
#14604=CARTESIAN_POINT('Ctrl Pts',(-24.7,10.4422602434212,0.266207388772766));
#14605=CARTESIAN_POINT('',(-24.,10.2745130841697,-0.561588375359723));
#14606=CARTESIAN_POINT('',(-24.,10.4422602434212,0.266207388772766));
#14607=CARTESIAN_POINT('Ctrl Pts',(-24.,10.2745130841697,-0.561588375359723));
#14608=CARTESIAN_POINT('Ctrl Pts',(-24.,10.2745130841697,-0.258914153231984));
#14609=CARTESIAN_POINT('Ctrl Pts',(-24.,10.3620333411705,0.145867035396678));
#14610=CARTESIAN_POINT('Ctrl Pts',(-24.,10.4422602434212,0.266207388772766));
#14611=CARTESIAN_POINT('',(-24.7,10.4422602434212,0.266207388772766));
#14612=CARTESIAN_POINT('',(-24.7,10.4422602434212,0.266207388772766));
#14613=CARTESIAN_POINT('',(-24.7,10.2745130841697,-0.561588375359723));
#14614=CARTESIAN_POINT('Ctrl Pts',(-24.7,10.2745130841697,-0.561588375359723));
#14615=CARTESIAN_POINT('Ctrl Pts',(-24.7,10.2745130841697,-0.258914153231984));
#14616=CARTESIAN_POINT('Ctrl Pts',(-24.7,10.3620333411705,0.145867035396678));
#14617=CARTESIAN_POINT('Ctrl Pts',(-24.7,10.4422602434212,0.266207388772766));
#14618=CARTESIAN_POINT('',(-24.7,10.2745130841697,-0.561588375359723));
#14619=CARTESIAN_POINT('Ctrl Pts',(-24.,10.4422602434212,0.266207388772766));
#14620=CARTESIAN_POINT('Ctrl Pts',(-24.7,10.4422602434212,0.266207388772766));
#14621=CARTESIAN_POINT('Ctrl Pts',(-24.,10.526133823047,0.393841096898921));
#14622=CARTESIAN_POINT('Ctrl Pts',(-24.7,10.526133823047,0.393841096898921));
#14623=CARTESIAN_POINT('Ctrl Pts',(-24.,10.7376411107989,0.492301386024811));
#14624=CARTESIAN_POINT('Ctrl Pts',(-24.7,10.7376411107989,0.492301386024811));
#14625=CARTESIAN_POINT('Ctrl Pts',(-24.,10.8725681736751,0.492301386024811));
#14626=CARTESIAN_POINT('Ctrl Pts',(-24.7,10.8725681736751,0.492301386024811));
#14627=CARTESIAN_POINT('',(-24.,10.8725681736751,0.492301386024811));
#14628=CARTESIAN_POINT('Ctrl Pts',(-24.,10.4422602434212,0.266207388772766));
#14629=CARTESIAN_POINT('Ctrl Pts',(-24.,10.526133823047,0.393841096898921));
#14630=CARTESIAN_POINT('Ctrl Pts',(-24.,10.7376411107989,0.492301386024811));
#14631=CARTESIAN_POINT('Ctrl Pts',(-24.,10.8725681736751,0.492301386024811));
#14632=CARTESIAN_POINT('',(-24.7,10.8725681736751,0.492301386024811));
#14633=CARTESIAN_POINT('',(-24.7,10.8725681736751,0.492301386024811));
#14634=CARTESIAN_POINT('Ctrl Pts',(-24.7,10.4422602434212,0.266207388772766));
#14635=CARTESIAN_POINT('Ctrl Pts',(-24.7,10.526133823047,0.393841096898921));
#14636=CARTESIAN_POINT('Ctrl Pts',(-24.7,10.7376411107989,0.492301386024811));
#14637=CARTESIAN_POINT('Ctrl Pts',(-24.7,10.8725681736751,0.492301386024811));
#14638=CARTESIAN_POINT('Ctrl Pts',(-24.,10.8725681736751,0.492301386024811));
#14639=CARTESIAN_POINT('Ctrl Pts',(-24.7,10.8725681736751,0.492301386024811));
#14640=CARTESIAN_POINT('Ctrl Pts',(-24.,11.0002018818013,0.492301386024811));
#14641=CARTESIAN_POINT('Ctrl Pts',(-24.7,11.0002018818013,0.492301386024811));
#14642=CARTESIAN_POINT('Ctrl Pts',(-24.,11.2044158148031,0.40478112902402));
#14643=CARTESIAN_POINT('Ctrl Pts',(-24.7,11.2044158148031,0.40478112902402));
#14644=CARTESIAN_POINT('Ctrl Pts',(-24.,11.2919360718039,0.280794098272898));
#14645=CARTESIAN_POINT('Ctrl Pts',(-24.7,11.2919360718039,0.280794098272898));
#14646=CARTESIAN_POINT('',(-24.,11.2919360718039,0.280794098272898));
#14647=CARTESIAN_POINT('Ctrl Pts',(-24.,10.8725681736751,0.492301386024811));
#14648=CARTESIAN_POINT('Ctrl Pts',(-24.,11.0002018818013,0.492301386024811));
#14649=CARTESIAN_POINT('Ctrl Pts',(-24.,11.2044158148031,0.40478112902402));
#14650=CARTESIAN_POINT('Ctrl Pts',(-24.,11.2919360718039,0.280794098272898));
#14651=CARTESIAN_POINT('',(-24.7,11.2919360718039,0.280794098272898));
#14652=CARTESIAN_POINT('',(-24.7,11.2919360718039,0.280794098272898));
#14653=CARTESIAN_POINT('Ctrl Pts',(-24.7,10.8725681736751,0.492301386024811));
#14654=CARTESIAN_POINT('Ctrl Pts',(-24.7,11.0002018818013,0.492301386024811));
#14655=CARTESIAN_POINT('Ctrl Pts',(-24.7,11.2044158148031,0.40478112902402));
#14656=CARTESIAN_POINT('Ctrl Pts',(-24.7,11.2919360718039,0.280794098272898));
#14657=CARTESIAN_POINT('Ctrl Pts',(-24.,11.2919360718039,0.280794098272898));
#14658=CARTESIAN_POINT('Ctrl Pts',(-24.7,11.2919360718039,0.280794098272898));
#14659=CARTESIAN_POINT('Ctrl Pts',(-24.,11.3721629740547,0.164100422271843));
#14660=CARTESIAN_POINT('Ctrl Pts',(-24.7,11.3721629740547,0.164100422271843));
#14661=CARTESIAN_POINT('Ctrl Pts',(-24.,11.4706232631805,-0.247974121106885));
#14662=CARTESIAN_POINT('Ctrl Pts',(-24.7,11.4706232631805,-0.247974121106885));
#14663=CARTESIAN_POINT('Ctrl Pts',(-24.,11.4706232631805,-0.561588375359723));
#14664=CARTESIAN_POINT('Ctrl Pts',(-24.7,11.4706232631805,-0.561588375359723));
#14665=CARTESIAN_POINT('',(-24.,11.4706232631805,-0.561588375359723));
#14666=CARTESIAN_POINT('Ctrl Pts',(-24.,11.2919360718039,0.280794098272898));
#14667=CARTESIAN_POINT('Ctrl Pts',(-24.,11.3721629740547,0.164100422271843));
#14668=CARTESIAN_POINT('Ctrl Pts',(-24.,11.4706232631805,-0.247974121106885));
#14669=CARTESIAN_POINT('Ctrl Pts',(-24.,11.4706232631805,-0.561588375359723));
#14670=CARTESIAN_POINT('',(-24.7,11.4706232631805,-0.561588375359723));
#14671=CARTESIAN_POINT('',(-24.7,11.4706232631805,-0.561588375359723));
#14672=CARTESIAN_POINT('Ctrl Pts',(-24.7,11.2919360718039,0.280794098272898));
#14673=CARTESIAN_POINT('Ctrl Pts',(-24.7,11.3721629740547,0.164100422271843));
#14674=CARTESIAN_POINT('Ctrl Pts',(-24.7,11.4706232631805,-0.247974121106885));
#14675=CARTESIAN_POINT('Ctrl Pts',(-24.7,11.4706232631805,-0.561588375359723));
#14676=CARTESIAN_POINT('Ctrl Pts',(-24.,11.4706232631805,-0.561588375359723));
#14677=CARTESIAN_POINT('Ctrl Pts',(-24.7,11.4706232631805,-0.561588375359723));
#14678=CARTESIAN_POINT('Ctrl Pts',(-24.,11.4706232631805,-0.871555952237527));
#14679=CARTESIAN_POINT('Ctrl Pts',(-24.7,11.4706232631805,-0.871555952237527));
#14680=CARTESIAN_POINT('Ctrl Pts',(-24.,11.3794563288047,-1.25445707661599));
#14681=CARTESIAN_POINT('Ctrl Pts',(-24.7,11.3794563288047,-1.25445707661599));
#14682=CARTESIAN_POINT('Ctrl Pts',(-24.,11.3065227813041,-1.37115075261705));
#14683=CARTESIAN_POINT('Ctrl Pts',(-24.7,11.3065227813041,-1.37115075261705));
#14684=CARTESIAN_POINT('',(-24.,11.3065227813041,-1.37115075261705));
#14685=CARTESIAN_POINT('Ctrl Pts',(-24.,11.4706232631805,-0.561588375359723));
#14686=CARTESIAN_POINT('Ctrl Pts',(-24.,11.4706232631805,-0.871555952237527));
#14687=CARTESIAN_POINT('Ctrl Pts',(-24.,11.3794563288047,-1.25445707661599));
#14688=CARTESIAN_POINT('Ctrl Pts',(-24.,11.3065227813041,-1.37115075261705));
#14689=CARTESIAN_POINT('',(-24.7,11.3065227813041,-1.37115075261705));
#14690=CARTESIAN_POINT('',(-24.7,11.3065227813041,-1.37115075261705));
#14691=CARTESIAN_POINT('Ctrl Pts',(-24.7,11.4706232631805,-0.561588375359723));
#14692=CARTESIAN_POINT('Ctrl Pts',(-24.7,11.4706232631805,-0.871555952237527));
#14693=CARTESIAN_POINT('Ctrl Pts',(-24.7,11.3794563288047,-1.25445707661599));
#14694=CARTESIAN_POINT('Ctrl Pts',(-24.7,11.3065227813041,-1.37115075261705));
#14695=CARTESIAN_POINT('Ctrl Pts',(-24.,11.3065227813041,-1.37115075261705));
#14696=CARTESIAN_POINT('Ctrl Pts',(-24.7,11.3065227813041,-1.37115075261705));
#14697=CARTESIAN_POINT('Ctrl Pts',(-24.,11.2299425564284,-1.4878444286181));
#14698=CARTESIAN_POINT('Ctrl Pts',(-24.7,11.2299425564284,-1.4878444286181));
#14699=CARTESIAN_POINT('Ctrl Pts',(-24.,11.0038485591763,-1.59724474986909));
#14700=CARTESIAN_POINT('Ctrl Pts',(-24.7,11.0038485591763,-1.59724474986909));
#14701=CARTESIAN_POINT('Ctrl Pts',(-24.,10.8652748189251,-1.59724474986909));
#14702=CARTESIAN_POINT('Ctrl Pts',(-24.7,10.8652748189251,-1.59724474986909));
#14703=CARTESIAN_POINT('',(-24.,10.8652748189251,-1.59724474986909));
#14704=CARTESIAN_POINT('Ctrl Pts',(-24.,11.3065227813041,-1.37115075261705));
#14705=CARTESIAN_POINT('Ctrl Pts',(-24.,11.2299425564284,-1.4878444286181));
#14706=CARTESIAN_POINT('Ctrl Pts',(-24.,11.0038485591763,-1.59724474986909));
#14707=CARTESIAN_POINT('Ctrl Pts',(-24.,10.8652748189251,-1.59724474986909));
#14708=CARTESIAN_POINT('',(-24.7,10.8652748189251,-1.59724474986909));
#14709=CARTESIAN_POINT('',(-24.7,10.8652748189251,-1.59724474986909));
#14710=CARTESIAN_POINT('Ctrl Pts',(-24.7,11.3065227813041,-1.37115075261705));
#14711=CARTESIAN_POINT('Ctrl Pts',(-24.7,11.2299425564284,-1.4878444286181));
#14712=CARTESIAN_POINT('Ctrl Pts',(-24.7,11.0038485591763,-1.59724474986909));
#14713=CARTESIAN_POINT('Ctrl Pts',(-24.7,10.8652748189251,-1.59724474986909));
#14714=CARTESIAN_POINT('Ctrl Pts',(-24.,10.8652748189251,-1.59724474986909));
#14715=CARTESIAN_POINT('Ctrl Pts',(-24.7,10.8652748189251,-1.59724474986909));
#14716=CARTESIAN_POINT('Ctrl Pts',(-24.,10.752227820299,-1.59724474986909));
#14717=CARTESIAN_POINT('Ctrl Pts',(-24.7,10.752227820299,-1.59724474986909));
#14718=CARTESIAN_POINT('Ctrl Pts',(-24.,10.5151937909219,-1.4878444286181));
#14719=CARTESIAN_POINT('Ctrl Pts',(-24.7,10.5151937909219,-1.4878444286181));
#14720=CARTESIAN_POINT('Ctrl Pts',(-24.,10.4459069207963,-1.37844410736711));
#14721=CARTESIAN_POINT('Ctrl Pts',(-24.7,10.4459069207963,-1.37844410736711));
#14722=CARTESIAN_POINT('',(-24.,10.4459069207963,-1.37844410736711));
#14723=CARTESIAN_POINT('Ctrl Pts',(-24.,10.8652748189251,-1.59724474986909));
#14724=CARTESIAN_POINT('Ctrl Pts',(-24.,10.752227820299,-1.59724474986909));
#14725=CARTESIAN_POINT('Ctrl Pts',(-24.,10.5151937909219,-1.4878444286181));
#14726=CARTESIAN_POINT('Ctrl Pts',(-24.,10.4459069207963,-1.37844410736711));
#14727=CARTESIAN_POINT('',(-24.7,10.4459069207963,-1.37844410736711));
#14728=CARTESIAN_POINT('',(-24.7,10.4459069207963,-1.37844410736711));
#14729=CARTESIAN_POINT('Ctrl Pts',(-24.7,10.8652748189251,-1.59724474986909));
#14730=CARTESIAN_POINT('Ctrl Pts',(-24.7,10.752227820299,-1.59724474986909));
#14731=CARTESIAN_POINT('Ctrl Pts',(-24.7,10.5151937909219,-1.4878444286181));
#14732=CARTESIAN_POINT('Ctrl Pts',(-24.7,10.4459069207963,-1.37844410736711));
#14733=CARTESIAN_POINT('Ctrl Pts',(-24.,10.4459069207963,-1.37844410736711));
#14734=CARTESIAN_POINT('Ctrl Pts',(-24.7,10.4459069207963,-1.37844410736711));
#14735=CARTESIAN_POINT('Ctrl Pts',(-24.,10.3620333411705,-1.25081039924096));
#14736=CARTESIAN_POINT('Ctrl Pts',(-24.7,10.3620333411705,-1.25081039924096));
#14737=CARTESIAN_POINT('Ctrl Pts',(-24.,10.2745130841697,-0.882495984362626));
#14738=CARTESIAN_POINT('Ctrl Pts',(-24.7,10.2745130841697,-0.882495984362626));
#14739=CARTESIAN_POINT('Ctrl Pts',(-24.,10.2745130841697,-0.561588375359723));
#14740=CARTESIAN_POINT('Ctrl Pts',(-24.7,10.2745130841697,-0.561588375359723));
#14741=CARTESIAN_POINT('Ctrl Pts',(-24.,10.4459069207963,-1.37844410736711));
#14742=CARTESIAN_POINT('Ctrl Pts',(-24.,10.3620333411705,-1.25081039924096));
#14743=CARTESIAN_POINT('Ctrl Pts',(-24.,10.2745130841697,-0.882495984362626));
#14744=CARTESIAN_POINT('Ctrl Pts',(-24.,10.2745130841697,-0.561588375359723));
#14745=CARTESIAN_POINT('Ctrl Pts',(-24.7,10.4459069207963,-1.37844410736711));
#14746=CARTESIAN_POINT('Ctrl Pts',(-24.7,10.3620333411705,-1.25081039924096));
#14747=CARTESIAN_POINT('Ctrl Pts',(-24.7,10.2745130841697,-0.882495984362626));
#14748=CARTESIAN_POINT('Ctrl Pts',(-24.7,10.2745130841697,-0.561588375359723));
#14749=CARTESIAN_POINT('Origin',(-24.0000000000001,-24.7000000000001,0.));
#14750=CARTESIAN_POINT('',(-24.,9.29720354766088,-0.554295020609657));
#14751=CARTESIAN_POINT('',(-24.,10.8725681736751,-2.35575364387595));
#14752=CARTESIAN_POINT('Ctrl Pts',(-24.,9.29720354766088,-0.554295020609657));
#14753=CARTESIAN_POINT('Ctrl Pts',(-24.,9.29720354766088,-1.39303081686724));
#14754=CARTESIAN_POINT('Ctrl Pts',(-24.,10.1213526344183,-2.35575364387595));
#14755=CARTESIAN_POINT('Ctrl Pts',(-24.,10.8725681736751,-2.35575364387595));
#14756=CARTESIAN_POINT('',(-24.,10.8725681736751,1.25081028003167));
#14757=CARTESIAN_POINT('Ctrl Pts',(-24.,10.8725681736751,1.25081028003167));
#14758=CARTESIAN_POINT('Ctrl Pts',(-24.,10.1213526344183,1.25081028003167));
#14759=CARTESIAN_POINT('Ctrl Pts',(-24.,9.29720354766088,0.288087453022964));
#14760=CARTESIAN_POINT('Ctrl Pts',(-24.,9.29720354766088,-0.554295020609657));
#14761=CARTESIAN_POINT('',(-24.,12.4479327996894,-0.554295020609657));
#14762=CARTESIAN_POINT('Ctrl Pts',(-24.,12.4479327996894,-0.554295020609657));
#14763=CARTESIAN_POINT('Ctrl Pts',(-24.,12.4479327996894,0.291734130397998));
#14764=CARTESIAN_POINT('Ctrl Pts',(-24.,11.6201370355569,1.25081028003167));
#14765=CARTESIAN_POINT('Ctrl Pts',(-24.,10.8725681736751,1.25081028003167));
#14766=CARTESIAN_POINT('Ctrl Pts',(-24.,10.8725681736751,-2.35575364387595));
#14767=CARTESIAN_POINT('Ctrl Pts',(-24.,11.6201370355569,-2.35575364387595));
#14768=CARTESIAN_POINT('Ctrl Pts',(-24.,12.4479327996894,-1.39303081686724));
#14769=CARTESIAN_POINT('Ctrl Pts',(-24.,12.4479327996894,-0.554295020609657));
#14770=CARTESIAN_POINT('Ctrl Pts',(-24.,9.29720354766088,-0.554295020609657));
#14771=CARTESIAN_POINT('Ctrl Pts',(-24.7,9.29720354766089,-0.554295020609657));
#14772=CARTESIAN_POINT('Ctrl Pts',(-24.,9.29720354766088,-1.39303081686724));
#14773=CARTESIAN_POINT('Ctrl Pts',(-24.7,9.29720354766089,-1.39303081686724));
#14774=CARTESIAN_POINT('Ctrl Pts',(-24.,10.1213526344183,-2.35575364387595));
#14775=CARTESIAN_POINT('Ctrl Pts',(-24.7,10.1213526344183,-2.35575364387595));
#14776=CARTESIAN_POINT('Ctrl Pts',(-24.,10.8725681736751,-2.35575364387595));
#14777=CARTESIAN_POINT('Ctrl Pts',(-24.7,10.8725681736751,-2.35575364387595));
#14778=CARTESIAN_POINT('',(-24.7,10.8725681736751,-2.35575364387595));
#14779=CARTESIAN_POINT('',(-24.7,9.29720354766089,-0.554295020609657));
#14780=CARTESIAN_POINT('Ctrl Pts',(-24.,10.8725681736751,1.25081028003167));
#14781=CARTESIAN_POINT('Ctrl Pts',(-24.7,10.8725681736751,1.25081028003167));
#14782=CARTESIAN_POINT('Ctrl Pts',(-24.,10.1213526344183,1.25081028003167));
#14783=CARTESIAN_POINT('Ctrl Pts',(-24.7,10.1213526344183,1.25081028003167));
#14784=CARTESIAN_POINT('Ctrl Pts',(-24.,9.29720354766088,0.288087453022964));
#14785=CARTESIAN_POINT('Ctrl Pts',(-24.7,9.29720354766089,0.288087453022964));
#14786=CARTESIAN_POINT('Ctrl Pts',(-24.,9.29720354766088,-0.554295020609657));
#14787=CARTESIAN_POINT('Ctrl Pts',(-24.7,9.29720354766089,-0.554295020609657));
#14788=CARTESIAN_POINT('',(-24.7,10.8725681736751,1.25081028003167));
#14789=CARTESIAN_POINT('Ctrl Pts',(-24.,12.4479327996894,-0.554295020609657));
#14790=CARTESIAN_POINT('Ctrl Pts',(-24.7,12.4479327996894,-0.554295020609657));
#14791=CARTESIAN_POINT('Ctrl Pts',(-24.,12.4479327996894,0.291734130397998));
#14792=CARTESIAN_POINT('Ctrl Pts',(-24.7,12.4479327996894,0.291734130397998));
#14793=CARTESIAN_POINT('Ctrl Pts',(-24.,11.6201370355569,1.25081028003167));
#14794=CARTESIAN_POINT('Ctrl Pts',(-24.7,11.6201370355569,1.25081028003167));
#14795=CARTESIAN_POINT('Ctrl Pts',(-24.,10.8725681736751,1.25081028003167));
#14796=CARTESIAN_POINT('Ctrl Pts',(-24.7,10.8725681736751,1.25081028003167));
#14797=CARTESIAN_POINT('',(-24.7,12.4479327996894,-0.554295020609657));
#14798=CARTESIAN_POINT('Ctrl Pts',(-24.,10.8725681736751,-2.35575364387595));
#14799=CARTESIAN_POINT('Ctrl Pts',(-24.7,10.8725681736751,-2.35575364387595));
#14800=CARTESIAN_POINT('Ctrl Pts',(-24.,11.6201370355569,-2.35575364387595));
#14801=CARTESIAN_POINT('Ctrl Pts',(-24.7,11.6201370355569,-2.35575364387595));
#14802=CARTESIAN_POINT('Ctrl Pts',(-24.,12.4479327996894,-1.39303081686724));
#14803=CARTESIAN_POINT('Ctrl Pts',(-24.7,12.4479327996894,-1.39303081686724));
#14804=CARTESIAN_POINT('Ctrl Pts',(-24.,12.4479327996894,-0.554295020609657));
#14805=CARTESIAN_POINT('Ctrl Pts',(-24.7,12.4479327996894,-0.554295020609657));
#14806=CARTESIAN_POINT('Origin',(-24.0000000000001,-24.7000000000001,0.));
#14807=CARTESIAN_POINT('',(-24.,-3.26924657367617,-2.34481361175086));
#14808=CARTESIAN_POINT('',(-24.,-1.57718827166086,-0.623581890735285));
#14809=CARTESIAN_POINT('Ctrl Pts',(-24.,-3.26924657367617,-2.34481361175086));
#14810=CARTESIAN_POINT('Ctrl Pts',(-24.,-2.45603751904381,-2.34481361175086));
#14811=CARTESIAN_POINT('Ctrl Pts',(-24.,-1.57718827166086,-1.46961104174294));
#14812=CARTESIAN_POINT('Ctrl Pts',(-24.,-1.57718827166086,-0.623581890735285));
#14813=CARTESIAN_POINT('',(-24.,-4.96495155306651,-0.619935213360253));
#14814=CARTESIAN_POINT('Ctrl Pts',(-24.,-4.96495155306651,-0.619935213360253));
#14815=CARTESIAN_POINT('Ctrl Pts',(-24.,-4.96495155306651,-1.45137765486777));
#14816=CARTESIAN_POINT('Ctrl Pts',(-24.,-4.10798236993375,-2.34481361175086));
#14817=CARTESIAN_POINT('Ctrl Pts',(-24.,-3.26924657367617,-2.34481361175086));
#14818=CARTESIAN_POINT('',(-24.,-4.96495155306651,2.24999988079071));
#14819=CARTESIAN_POINT('',(-24.,-4.96495155306651,2.24999988079071));
#14820=CARTESIAN_POINT('',(-24.,-3.9475285654323,2.24999988079071));
#14821=CARTESIAN_POINT('',(-24.,-3.9475285654323,2.24999988079071));
#14822=CARTESIAN_POINT('',(-24.,-3.9475285654323,-0.557941697984692));
#14823=CARTESIAN_POINT('',(-24.,-3.9475285654323,-0.557941697984692));
#14824=CARTESIAN_POINT('',(-24.,-3.26924657367617,-1.4878444286181));
#14825=CARTESIAN_POINT('Ctrl Pts',(-24.,-3.26924657367617,-1.4878444286181));
#14826=CARTESIAN_POINT('Ctrl Pts',(-24.,-3.61932760167933,-1.4878444286181));
#14827=CARTESIAN_POINT('Ctrl Pts',(-24.,-3.9475285654323,-1.04659646623911));
#14828=CARTESIAN_POINT('Ctrl Pts',(-24.,-3.9475285654323,-0.557941697984692));
#14829=CARTESIAN_POINT('',(-24.,-2.59461125929506,-0.557941697984691));
#14830=CARTESIAN_POINT('Ctrl Pts',(-24.,-2.59461125929506,-0.557941697984692));
#14831=CARTESIAN_POINT('Ctrl Pts',(-24.,-2.59461125929506,-1.02836307936395));
#14832=CARTESIAN_POINT('Ctrl Pts',(-24.,-2.91187219092293,-1.4878444286181));
#14833=CARTESIAN_POINT('Ctrl Pts',(-24.,-3.26924657367617,-1.4878444286181));
#14834=CARTESIAN_POINT('',(-24.,-2.59461125929506,2.24999988079071));
#14835=CARTESIAN_POINT('',(-24.,-2.59461125929506,2.24999988079071));
#14836=CARTESIAN_POINT('',(-24.,-1.57718827166086,2.24999988079071));
#14837=CARTESIAN_POINT('',(-24.,-1.57718827166086,2.24999988079071));
#14838=CARTESIAN_POINT('',(-24.,-1.57718827166086,-0.623581890735285));
#14839=CARTESIAN_POINT('Ctrl Pts',(-24.,-3.26924657367617,-2.34481361175086));
#14840=CARTESIAN_POINT('Ctrl Pts',(-24.7,-3.26924657367617,-2.34481361175086));
#14841=CARTESIAN_POINT('Ctrl Pts',(-24.,-2.45603751904381,-2.34481361175086));
#14842=CARTESIAN_POINT('Ctrl Pts',(-24.7,-2.45603751904381,-2.34481361175086));
#14843=CARTESIAN_POINT('Ctrl Pts',(-24.,-1.57718827166086,-1.46961104174294));
#14844=CARTESIAN_POINT('Ctrl Pts',(-24.7,-1.57718827166086,-1.46961104174294));
#14845=CARTESIAN_POINT('Ctrl Pts',(-24.,-1.57718827166086,-0.623581890735285));
#14846=CARTESIAN_POINT('Ctrl Pts',(-24.7,-1.57718827166086,-0.623581890735285));
#14847=CARTESIAN_POINT('',(-24.7,-1.57718827166086,-0.623581890735285));
#14848=CARTESIAN_POINT('',(-24.7,-3.26924657367617,-2.34481361175086));
#14849=CARTESIAN_POINT('Ctrl Pts',(-24.,-4.96495155306651,-0.619935213360253));
#14850=CARTESIAN_POINT('Ctrl Pts',(-24.7,-4.96495155306651,-0.619935213360253));
#14851=CARTESIAN_POINT('Ctrl Pts',(-24.,-4.96495155306651,-1.45137765486777));
#14852=CARTESIAN_POINT('Ctrl Pts',(-24.7,-4.96495155306651,-1.45137765486777));
#14853=CARTESIAN_POINT('Ctrl Pts',(-24.,-4.10798236993375,-2.34481361175086));
#14854=CARTESIAN_POINT('Ctrl Pts',(-24.7,-4.10798236993375,-2.34481361175086));
#14855=CARTESIAN_POINT('Ctrl Pts',(-24.,-3.26924657367617,-2.34481361175086));
#14856=CARTESIAN_POINT('Ctrl Pts',(-24.7,-3.26924657367617,-2.34481361175086));
#14857=CARTESIAN_POINT('',(-24.7,-4.96495155306651,-0.619935213360253));
#14858=CARTESIAN_POINT('Origin',(-24.7,-4.96495155306651,0.815032333715229));
#14859=CARTESIAN_POINT('',(-24.7,-4.96495155306651,2.24999988079071));
#14860=CARTESIAN_POINT('Origin',(-24.7,-4.4562400592494,2.24999988079071));
#14861=CARTESIAN_POINT('',(-24.7,-3.9475285654323,2.24999988079071));
#14862=CARTESIAN_POINT('Origin',(-24.7,-3.9475285654323,0.84602909140301));
#14863=CARTESIAN_POINT('',(-24.7,-3.9475285654323,-0.557941697984692));
#14864=CARTESIAN_POINT('Ctrl Pts',(-24.,-3.26924657367617,-1.4878444286181));
#14865=CARTESIAN_POINT('Ctrl Pts',(-24.7,-3.26924657367617,-1.4878444286181));
#14866=CARTESIAN_POINT('Ctrl Pts',(-24.,-3.61932760167933,-1.4878444286181));
#14867=CARTESIAN_POINT('Ctrl Pts',(-24.7,-3.61932760167933,-1.4878444286181));
#14868=CARTESIAN_POINT('Ctrl Pts',(-24.,-3.9475285654323,-1.04659646623911));
#14869=CARTESIAN_POINT('Ctrl Pts',(-24.7,-3.9475285654323,-1.04659646623911));
#14870=CARTESIAN_POINT('Ctrl Pts',(-24.,-3.9475285654323,-0.557941697984692));
#14871=CARTESIAN_POINT('Ctrl Pts',(-24.7,-3.9475285654323,-0.557941697984692));
#14872=CARTESIAN_POINT('',(-24.7,-3.26924657367617,-1.4878444286181));
#14873=CARTESIAN_POINT('Ctrl Pts',(-24.,-2.59461125929506,-0.557941697984692));
#14874=CARTESIAN_POINT('Ctrl Pts',(-24.7,-2.59461125929506,-0.557941697984692));
#14875=CARTESIAN_POINT('Ctrl Pts',(-24.,-2.59461125929506,-1.02836307936395));
#14876=CARTESIAN_POINT('Ctrl Pts',(-24.7,-2.59461125929506,-1.02836307936395));
#14877=CARTESIAN_POINT('Ctrl Pts',(-24.,-2.91187219092293,-1.4878444286181));
#14878=CARTESIAN_POINT('Ctrl Pts',(-24.7,-2.91187219092293,-1.4878444286181));
#14879=CARTESIAN_POINT('Ctrl Pts',(-24.,-3.26924657367617,-1.4878444286181));
#14880=CARTESIAN_POINT('Ctrl Pts',(-24.7,-3.26924657367617,-1.4878444286181));
#14881=CARTESIAN_POINT('',(-24.7,-2.59461125929506,-0.557941697984691));
#14882=CARTESIAN_POINT('Origin',(-24.7,-2.59461125929506,0.84602909140301));
#14883=CARTESIAN_POINT('',(-24.7,-2.59461125929506,2.24999988079071));
#14884=CARTESIAN_POINT('Origin',(-24.7,-2.08589976547796,2.24999988079071));
#14885=CARTESIAN_POINT('',(-24.7,-1.57718827166086,2.24999988079071));
#14886=CARTESIAN_POINT('Origin',(-24.7,-1.57718827166086,0.813208995027713));
#14887=CARTESIAN_POINT('Origin',(-24.0000000000001,-24.7000000000001,0.));
#14888=CARTESIAN_POINT('',(-24.,-12.4297002097969,-2.25));
#14889=CARTESIAN_POINT('',(-24.,-9.45765814914503,-2.25));
#14890=CARTESIAN_POINT('',(-24.,-12.4297002097969,-2.25));
#14891=CARTESIAN_POINT('',(-24.,-12.4297002097969,-1.40032417161731));
#14892=CARTESIAN_POINT('',(-24.,-12.4297002097969,-1.40032417161731));
#14893=CARTESIAN_POINT('',(-24.,-10.7157618435314,-1.40032417161731));
#14894=CARTESIAN_POINT('',(-24.,-10.7157618435314,-1.40032417161731));
#14895=CARTESIAN_POINT('',(-24.,-11.5253242207887,-0.623581890735286));
#14896=CARTESIAN_POINT('Ctrl Pts',(-24.,-11.5253242207887,-0.623581890735287));
#14897=CARTESIAN_POINT('Ctrl Pts',(-24.,-11.2809968366615,-0.893436016487728));
#14898=CARTESIAN_POINT('Ctrl Pts',(-24.,-10.8178688100323,-1.31280391461652));
#14899=CARTESIAN_POINT('Ctrl Pts',(-24.,-10.7157618435314,-1.40032417161731));
#14900=CARTESIAN_POINT('',(-24.,-12.2546596957953,0.977309476904196));
#14901=CARTESIAN_POINT('Ctrl Pts',(-24.,-12.2546596957953,0.977309476904196));
#14902=CARTESIAN_POINT('Ctrl Pts',(-24.,-12.2546596957953,0.5798216430256));
#14903=CARTESIAN_POINT('Ctrl Pts',(-24.,-11.9191653772923,-0.185980605731328));
#14904=CARTESIAN_POINT('Ctrl Pts',(-24.,-11.5253242207887,-0.623581890735287));
#14905=CARTESIAN_POINT('',(-24.,-10.7923420684071,2.3375201377915));
#14906=CARTESIAN_POINT('Ctrl Pts',(-24.,-10.7923420684071,2.3375201377915));
#14907=CARTESIAN_POINT('Ctrl Pts',(-24.,-11.5143841886636,2.3375201377915));
#14908=CARTESIAN_POINT('Ctrl Pts',(-24.,-12.2546596957953,1.62277137228504));
#14909=CARTESIAN_POINT('Ctrl Pts',(-24.,-12.2546596957953,0.977309476904196));
#14910=CARTESIAN_POINT('',(-24.,-9.55611843827091,2.05672597991396));
#14911=CARTESIAN_POINT('Ctrl Pts',(-24.,-9.55611843827091,2.05672597991396));
#14912=CARTESIAN_POINT('Ctrl Pts',(-24.,-9.72751227489747,2.14789291428979));
#14913=CARTESIAN_POINT('Ctrl Pts',(-24.,-10.4568477499041,2.3375201377915));
#14914=CARTESIAN_POINT('Ctrl Pts',(-24.,-10.7923420684071,2.3375201377915));
#14915=CARTESIAN_POINT('',(-24.,-9.55611843827091,1.07576976603009));
#14916=CARTESIAN_POINT('',(-24.,-9.55611843827091,1.07576976603009));
#14917=CARTESIAN_POINT('',(-24.,-9.63634534052164,1.07576976603009));
#14918=CARTESIAN_POINT('',(-24.,-9.63634534052164,1.07576976603009));
#14919=CARTESIAN_POINT('',(-24.,-10.0192464649001,1.32739050490736));
#14920=CARTESIAN_POINT('Ctrl Pts',(-24.,-10.0192464649001,1.32739050490736));
#14921=CARTESIAN_POINT('Ctrl Pts',(-24.,-9.88067272464885,1.25810363478174));
#14922=CARTESIAN_POINT('Ctrl Pts',(-24.,-9.68375214639707,1.11223653978042));
#14923=CARTESIAN_POINT('Ctrl Pts',(-24.,-9.63634534052164,1.07576976603009));
#14924=CARTESIAN_POINT('',(-24.,-10.5881281354053,1.47690427728372));
#14925=CARTESIAN_POINT('Ctrl Pts',(-24.,-10.5881281354053,1.47690427728372));
#14926=CARTESIAN_POINT('Ctrl Pts',(-24.,-10.4349676856539,1.47690427728372));
#14927=CARTESIAN_POINT('Ctrl Pts',(-24.,-10.1578202051514,1.39303069765796));
#14928=CARTESIAN_POINT('Ctrl Pts',(-24.,-10.0192464649001,1.32739050490736));
#14929=CARTESIAN_POINT('',(-24.,-11.226296676036,0.827795704527843));
#14930=CARTESIAN_POINT('Ctrl Pts',(-24.,-11.226296676036,0.827795704527843));
#14931=CARTESIAN_POINT('Ctrl Pts',(-24.,-11.226296676036,1.14140995878068));
#14932=CARTESIAN_POINT('Ctrl Pts',(-24.,-10.890802357533,1.47690427728372));
#14933=CARTESIAN_POINT('Ctrl Pts',(-24.,-10.5881281354053,1.47690427728372));
#14934=CARTESIAN_POINT('',(-24.,-10.6647083602809,-0.324554345982581));
#14935=CARTESIAN_POINT('Ctrl Pts',(-24.,-10.6647083602809,-0.324554345982581));
#14936=CARTESIAN_POINT('Ctrl Pts',(-24.,-10.9600892276586,0.0218800046455529));
#14937=CARTESIAN_POINT('Ctrl Pts',(-24.,-11.226296676036,0.550648224025336));
#14938=CARTESIAN_POINT('Ctrl Pts',(-24.,-11.226296676036,0.827795704527843));
#14939=CARTESIAN_POINT('',(-24.,-9.45765814914503,-1.51701784761837));
#14940=CARTESIAN_POINT('Ctrl Pts',(-24.,-9.45765814914503,-1.51701784761837));
#14941=CARTESIAN_POINT('Ctrl Pts',(-24.,-9.83691259614845,-1.18152352911533));
#14942=CARTESIAN_POINT('Ctrl Pts',(-24.,-10.4349676856539,-0.59076179435999));
#14943=CARTESIAN_POINT('Ctrl Pts',(-24.,-10.6647083602809,-0.324554345982581));
#14944=CARTESIAN_POINT('',(-24.,-9.45765814914503,-2.25));
#14945=CARTESIAN_POINT('Origin',(-24.7,-10.943679179471,-2.25));
#14946=CARTESIAN_POINT('',(-24.7,-9.45765814914502,-2.25));
#14947=CARTESIAN_POINT('',(-24.7,-12.4297002097969,-2.25));
#14948=CARTESIAN_POINT('Origin',(-24.7,-12.4297002097969,-1.82516208580866));
#14949=CARTESIAN_POINT('',(-24.7,-12.4297002097969,-1.40032417161731));
#14950=CARTESIAN_POINT('Origin',(-24.7,-11.5727310266642,-1.40032417161731));
#14951=CARTESIAN_POINT('',(-24.7,-10.7157618435314,-1.40032417161731));
#14952=CARTESIAN_POINT('Ctrl Pts',(-24.,-11.5253242207887,-0.623581890735287));
#14953=CARTESIAN_POINT('Ctrl Pts',(-24.7,-11.5253242207887,-0.623581890735287));
#14954=CARTESIAN_POINT('Ctrl Pts',(-24.,-11.2809968366615,-0.893436016487728));
#14955=CARTESIAN_POINT('Ctrl Pts',(-24.7,-11.2809968366615,-0.893436016487728));
#14956=CARTESIAN_POINT('Ctrl Pts',(-24.,-10.8178688100323,-1.31280391461652));
#14957=CARTESIAN_POINT('Ctrl Pts',(-24.7,-10.8178688100323,-1.31280391461652));
#14958=CARTESIAN_POINT('Ctrl Pts',(-24.,-10.7157618435314,-1.40032417161731));
#14959=CARTESIAN_POINT('Ctrl Pts',(-24.7,-10.7157618435314,-1.40032417161731));
#14960=CARTESIAN_POINT('',(-24.7,-11.5253242207887,-0.623581890735286));
#14961=CARTESIAN_POINT('Ctrl Pts',(-24.,-12.2546596957953,0.977309476904196));
#14962=CARTESIAN_POINT('Ctrl Pts',(-24.7,-12.2546596957953,0.977309476904196));
#14963=CARTESIAN_POINT('Ctrl Pts',(-24.,-12.2546596957953,0.5798216430256));
#14964=CARTESIAN_POINT('Ctrl Pts',(-24.7,-12.2546596957953,0.5798216430256));
#14965=CARTESIAN_POINT('Ctrl Pts',(-24.,-11.9191653772923,-0.185980605731328));
#14966=CARTESIAN_POINT('Ctrl Pts',(-24.7,-11.9191653772923,-0.185980605731328));
#14967=CARTESIAN_POINT('Ctrl Pts',(-24.,-11.5253242207887,-0.623581890735287));
#14968=CARTESIAN_POINT('Ctrl Pts',(-24.7,-11.5253242207887,-0.623581890735287));
#14969=CARTESIAN_POINT('',(-24.7,-12.2546596957953,0.977309476904196));
#14970=CARTESIAN_POINT('Ctrl Pts',(-24.,-10.7923420684071,2.3375201377915));
#14971=CARTESIAN_POINT('Ctrl Pts',(-24.7,-10.7923420684071,2.3375201377915));
#14972=CARTESIAN_POINT('Ctrl Pts',(-24.,-11.5143841886636,2.3375201377915));
#14973=CARTESIAN_POINT('Ctrl Pts',(-24.7,-11.5143841886636,2.3375201377915));
#14974=CARTESIAN_POINT('Ctrl Pts',(-24.,-12.2546596957953,1.62277137228504));
#14975=CARTESIAN_POINT('Ctrl Pts',(-24.7,-12.2546596957953,1.62277137228504));
#14976=CARTESIAN_POINT('Ctrl Pts',(-24.,-12.2546596957953,0.977309476904196));
#14977=CARTESIAN_POINT('Ctrl Pts',(-24.7,-12.2546596957953,0.977309476904196));
#14978=CARTESIAN_POINT('',(-24.7,-10.7923420684071,2.3375201377915));
#14979=CARTESIAN_POINT('Ctrl Pts',(-24.,-9.55611843827091,2.05672597991396));
#14980=CARTESIAN_POINT('Ctrl Pts',(-24.7,-9.55611843827091,2.05672597991396));
#14981=CARTESIAN_POINT('Ctrl Pts',(-24.,-9.72751227489747,2.14789291428979));
#14982=CARTESIAN_POINT('Ctrl Pts',(-24.7,-9.72751227489746,2.14789291428979));
#14983=CARTESIAN_POINT('Ctrl Pts',(-24.,-10.4568477499041,2.3375201377915));
#14984=CARTESIAN_POINT('Ctrl Pts',(-24.7,-10.4568477499041,2.3375201377915));
#14985=CARTESIAN_POINT('Ctrl Pts',(-24.,-10.7923420684071,2.3375201377915));
#14986=CARTESIAN_POINT('Ctrl Pts',(-24.7,-10.7923420684071,2.3375201377915));
#14987=CARTESIAN_POINT('',(-24.7,-9.55611843827091,2.05672597991396));
#14988=CARTESIAN_POINT('Origin',(-24.7,-9.55611843827091,1.56624787297202));
#14989=CARTESIAN_POINT('',(-24.7,-9.55611843827091,1.07576976603009));
#14990=CARTESIAN_POINT('Origin',(-24.7,-9.59623188939628,1.07576976603009));
#14991=CARTESIAN_POINT('',(-24.7,-9.63634534052164,1.07576976603009));
#14992=CARTESIAN_POINT('Ctrl Pts',(-24.,-10.0192464649001,1.32739050490736));
#14993=CARTESIAN_POINT('Ctrl Pts',(-24.7,-10.0192464649001,1.32739050490736));
#14994=CARTESIAN_POINT('Ctrl Pts',(-24.,-9.88067272464885,1.25810363478174));
#14995=CARTESIAN_POINT('Ctrl Pts',(-24.7,-9.88067272464885,1.25810363478174));
#14996=CARTESIAN_POINT('Ctrl Pts',(-24.,-9.68375214639707,1.11223653978042));
#14997=CARTESIAN_POINT('Ctrl Pts',(-24.7,-9.68375214639707,1.11223653978042));
#14998=CARTESIAN_POINT('Ctrl Pts',(-24.,-9.63634534052164,1.07576976603009));
#14999=CARTESIAN_POINT('Ctrl Pts',(-24.7,-9.63634534052164,1.07576976603009));
#15000=CARTESIAN_POINT('',(-24.7,-10.0192464649001,1.32739050490736));
#15001=CARTESIAN_POINT('Ctrl Pts',(-24.,-10.5881281354053,1.47690427728372));
#15002=CARTESIAN_POINT('Ctrl Pts',(-24.7,-10.5881281354053,1.47690427728372));
#15003=CARTESIAN_POINT('Ctrl Pts',(-24.,-10.4349676856539,1.47690427728372));
#15004=CARTESIAN_POINT('Ctrl Pts',(-24.7,-10.4349676856539,1.47690427728372));
#15005=CARTESIAN_POINT('Ctrl Pts',(-24.,-10.1578202051514,1.39303069765796));
#15006=CARTESIAN_POINT('Ctrl Pts',(-24.7,-10.1578202051514,1.39303069765796));
#15007=CARTESIAN_POINT('Ctrl Pts',(-24.,-10.0192464649001,1.32739050490736));
#15008=CARTESIAN_POINT('Ctrl Pts',(-24.7,-10.0192464649001,1.32739050490736));
#15009=CARTESIAN_POINT('',(-24.7,-10.5881281354053,1.47690427728372));
#15010=CARTESIAN_POINT('Ctrl Pts',(-24.,-11.226296676036,0.827795704527843));
#15011=CARTESIAN_POINT('Ctrl Pts',(-24.7,-11.226296676036,0.827795704527843));
#15012=CARTESIAN_POINT('Ctrl Pts',(-24.,-11.226296676036,1.14140995878068));
#15013=CARTESIAN_POINT('Ctrl Pts',(-24.7,-11.226296676036,1.14140995878068));
#15014=CARTESIAN_POINT('Ctrl Pts',(-24.,-10.890802357533,1.47690427728372));
#15015=CARTESIAN_POINT('Ctrl Pts',(-24.7,-10.890802357533,1.47690427728372));
#15016=CARTESIAN_POINT('Ctrl Pts',(-24.,-10.5881281354053,1.47690427728372));
#15017=CARTESIAN_POINT('Ctrl Pts',(-24.7,-10.5881281354053,1.47690427728372));
#15018=CARTESIAN_POINT('',(-24.7,-11.226296676036,0.827795704527843));
#15019=CARTESIAN_POINT('Ctrl Pts',(-24.,-10.6647083602809,-0.324554345982581));
#15020=CARTESIAN_POINT('Ctrl Pts',(-24.7,-10.6647083602809,-0.324554345982581));
#15021=CARTESIAN_POINT('Ctrl Pts',(-24.,-10.9600892276586,0.0218800046455529));
#15022=CARTESIAN_POINT('Ctrl Pts',(-24.7,-10.9600892276586,0.0218800046455529));
#15023=CARTESIAN_POINT('Ctrl Pts',(-24.,-11.226296676036,0.550648224025336));
#15024=CARTESIAN_POINT('Ctrl Pts',(-24.7,-11.226296676036,0.550648224025336));
#15025=CARTESIAN_POINT('Ctrl Pts',(-24.,-11.226296676036,0.827795704527843));
#15026=CARTESIAN_POINT('Ctrl Pts',(-24.7,-11.226296676036,0.827795704527843));
#15027=CARTESIAN_POINT('',(-24.7,-10.6647083602809,-0.324554345982581));
#15028=CARTESIAN_POINT('Ctrl Pts',(-24.,-9.45765814914503,-1.51701784761837));
#15029=CARTESIAN_POINT('Ctrl Pts',(-24.7,-9.45765814914502,-1.51701784761837));
#15030=CARTESIAN_POINT('Ctrl Pts',(-24.,-9.83691259614845,-1.18152352911533));
#15031=CARTESIAN_POINT('Ctrl Pts',(-24.7,-9.83691259614845,-1.18152352911533));
#15032=CARTESIAN_POINT('Ctrl Pts',(-24.,-10.4349676856539,-0.59076179435999));
#15033=CARTESIAN_POINT('Ctrl Pts',(-24.7,-10.4349676856539,-0.59076179435999));
#15034=CARTESIAN_POINT('Ctrl Pts',(-24.,-10.6647083602809,-0.324554345982581));
#15035=CARTESIAN_POINT('Ctrl Pts',(-24.7,-10.6647083602809,-0.324554345982581));
#15036=CARTESIAN_POINT('',(-24.7,-9.45765814914502,-1.51701784761837));
#15037=CARTESIAN_POINT('Origin',(-24.7,-9.45765814914502,-1.88350892380918));
#15038=CARTESIAN_POINT('Origin',(-24.7000000000001,-24.7000000000001,0.));
#15039=CARTESIAN_POINT('Origin',(-24.7000000000001,-24.7000000000001,0.));
#15040=CARTESIAN_POINT('Origin',(-21.9,1.07279059605308E-14,7.39999999999999));
#15041=CARTESIAN_POINT('',(-21.9,1.07279059605308E-14,7.39999999999999));
#15042=CARTESIAN_POINT('',(-22.6,1.10708070642921E-14,8.1));
#15043=CARTESIAN_POINT('Origin',(-21.9,1.07279059605308E-14,7.20000000000002));
#15044=CARTESIAN_POINT('',(-21.9,1.07279059605308E-14,7.20000000000002));
#15045=CARTESIAN_POINT('Origin',(-22.6,1.10708070642921E-14,6.50000000000001));
#15046=CARTESIAN_POINT('',(-21.9,1.07279059605308E-14,7.20000000000002));
#15047=CARTESIAN_POINT('Origin',(-21.9,0.,3.80000000000002));
#15048=CARTESIAN_POINT('',(-21.9,0.,3.80000000000002));
#15049=CARTESIAN_POINT('',(-21.9,0.,3.80000000000002));
#15050=CARTESIAN_POINT('Origin',(-21.9,0.,3.99999999999999));
#15051=CARTESIAN_POINT('',(-21.9,0.,3.99999999999999));
#15052=CARTESIAN_POINT('Origin',(-22.6,0.,4.70000000000001));
#15053=CARTESIAN_POINT('',(-22.6,0.,4.70000000000001));
#15054=CARTESIAN_POINT('Ctrl Pts',(-21.9,0.,3.99999999999999));
#15055=CARTESIAN_POINT('Ctrl Pts',(-21.9,-3.52825021095469,4.04358974358974));
#15056=CARTESIAN_POINT('Ctrl Pts',(-20.1635566939887,-10.5816265523876,
4.13076923076922));
#15057=CARTESIAN_POINT('Ctrl Pts',(-12.9350880234847,-18.7405398117627,
4.26153846153845));
#15058=CARTESIAN_POINT('Ctrl Pts',(-2.74492883116089,-22.604914010145,4.39230769230768));
#15059=CARTESIAN_POINT('Ctrl Pts',(8.07482647862209,-21.291410270414,4.52307692307691));
#15060=CARTESIAN_POINT('Ctrl Pts',(17.0443616527568,-15.0999890662826,4.65384615384614));
#15061=CARTESIAN_POINT('Ctrl Pts',(22.1094232008721,-5.44949574805796,4.78461538461537));
#15062=CARTESIAN_POINT('Ctrl Pts',(22.1093917334394,5.44948682217563,4.9153846153846));
#15063=CARTESIAN_POINT('Ctrl Pts',(17.0444096398001,15.1000205298265,5.04615384615383));
#15064=CARTESIAN_POINT('Ctrl Pts',(8.07473676763186,21.2913397481672,5.17692307692307));
#15065=CARTESIAN_POINT('Ctrl Pts',(-2.74475016867208,22.6050606708553,5.30769230769229));
#15066=CARTESIAN_POINT('Ctrl Pts',(-12.935453297146,18.7402389680469,5.43846153846153));
#15067=CARTESIAN_POINT('Ctrl Pts',(-20.1627972033975,10.5822523169866,5.56923076923076));
#15068=CARTESIAN_POINT('Ctrl Pts',(-22.7710888516955,8.37016970560113E-15,
5.69999999999999));
#15069=CARTESIAN_POINT('Ctrl Pts',(-20.1627972033975,-10.5822523169865,
5.83076923076922));
#15070=CARTESIAN_POINT('Ctrl Pts',(-12.935453297146,-18.7402389680469,5.96153846153846));
#15071=CARTESIAN_POINT('Ctrl Pts',(-2.74475016867211,-22.6050606708553,
6.09230769230768));
#15072=CARTESIAN_POINT('Ctrl Pts',(8.07473676763184,-21.2913397481672,6.22307692307691));
#15073=CARTESIAN_POINT('Ctrl Pts',(17.0444096398,-15.1000205298265,6.35384615384614));
#15074=CARTESIAN_POINT('Ctrl Pts',(22.1093917334394,-5.44948682217565,6.48461538461537));
#15075=CARTESIAN_POINT('Ctrl Pts',(22.1094232008721,5.44949574805793,6.6153846153846));
#15076=CARTESIAN_POINT('Ctrl Pts',(17.0443616527568,15.0999890662826,6.74615384615383));
#15077=CARTESIAN_POINT('Ctrl Pts',(8.0748264786221,21.291410270414,6.87692307692306));
#15078=CARTESIAN_POINT('Ctrl Pts',(-2.74492883116085,22.604914010145,7.0076923076923));
#15079=CARTESIAN_POINT('Ctrl Pts',(-12.9350880234847,18.7405398117627,7.13846153846153));
#15080=CARTESIAN_POINT('Ctrl Pts',(-20.1635566939887,10.5816265523876,7.26923076923076));
#15081=CARTESIAN_POINT('Ctrl Pts',(-21.9,3.52825021095471,7.35641025641025));
#15082=CARTESIAN_POINT('Ctrl Pts',(-21.9,1.07279059605308E-14,7.39999999999999));
#15083=CARTESIAN_POINT('Ctrl Pts',(-22.1333333333333,0.,4.23333333333333));
#15084=CARTESIAN_POINT('Ctrl Pts',(-22.1333333333333,-3.56584191792072,
4.27692307692307));
#15085=CARTESIAN_POINT('Ctrl Pts',(-20.3783891092975,-10.6943683878011,
4.36410256410256));
#15086=CARTESIAN_POINT('Ctrl Pts',(-13.0729047908582,-18.9402107077785,
4.49487179487179));
#15087=CARTESIAN_POINT('Ctrl Pts',(-2.77417464823566,-22.8457578428254,
4.62564102564102));
#15088=CARTESIAN_POINT('Ctrl Pts',(8.16085963745064,-21.5182593904945,4.75641025641025));
#15089=CARTESIAN_POINT('Ctrl Pts',(17.2259606353584,-15.2608717503983,4.88717948717947));
#15090=CARTESIAN_POINT('Ctrl Pts',(22.3449878316272,-5.50755734659129,5.01794871794871));
#15091=CARTESIAN_POINT('Ctrl Pts',(22.3449560289251,5.50754832560824,5.14871794871793));
#15092=CARTESIAN_POINT('Ctrl Pts',(17.2260091336792,15.2609035491702,5.27948717948717));
#15093=CARTESIAN_POINT('Ctrl Pts',(8.16076897063555,21.5181881168691,5.4102564102564));
#15094=CARTESIAN_POINT('Ctrl Pts',(-2.77399408218914,22.8459060661308,5.54102564102563));
#15095=CARTESIAN_POINT('Ctrl Pts',(-13.0732739563241,18.9399066587263,5.67179487179486));
#15096=CARTESIAN_POINT('Ctrl Pts',(-20.3776215267214,10.6950008196029,5.8025641025641));
#15097=CARTESIAN_POINT('Ctrl Pts',(-23.0137031925812,1.07616467643443E-14,
5.93333333333333));
#15098=CARTESIAN_POINT('Ctrl Pts',(-20.3776215267214,-10.6950008196028,
6.06410256410256));
#15099=CARTESIAN_POINT('Ctrl Pts',(-13.0732739563241,-18.9399066587262,
6.19487179487179));
#15100=CARTESIAN_POINT('Ctrl Pts',(-2.77399408218916,-22.8459060661308,
6.32564102564102));
#15101=CARTESIAN_POINT('Ctrl Pts',(8.16076897063553,-21.5181881168691,6.45641025641025));
#15102=CARTESIAN_POINT('Ctrl Pts',(17.2260091336792,-15.2609035491702,6.58717948717948));
#15103=CARTESIAN_POINT('Ctrl Pts',(22.3449560289251,-5.50754832560826,6.7179487179487));
#15104=CARTESIAN_POINT('Ctrl Pts',(22.3449878316272,5.50755734659126,6.84871794871794));
#15105=CARTESIAN_POINT('Ctrl Pts',(17.2259606353585,15.2608717503983,6.97948717948717));
#15106=CARTESIAN_POINT('Ctrl Pts',(8.16085963745063,21.5182593904945,7.1102564102564));
#15107=CARTESIAN_POINT('Ctrl Pts',(-2.77417464823562,22.8457578428254,7.24102564102564));
#15108=CARTESIAN_POINT('Ctrl Pts',(-13.0729047908582,18.9402107077785,7.37179487179487));
#15109=CARTESIAN_POINT('Ctrl Pts',(-20.3783891092975,10.6943683878012,7.50256410256409));
#15110=CARTESIAN_POINT('Ctrl Pts',(-22.1333333333333,3.56584191792074,7.58974358974359));
#15111=CARTESIAN_POINT('Ctrl Pts',(-22.1333333333333,1.08422063284512E-14,
7.63333333333333));
#15112=CARTESIAN_POINT('Ctrl Pts',(-22.3666666666667,0.,4.46666666666667));
#15113=CARTESIAN_POINT('Ctrl Pts',(-22.3666666666667,-3.60343362488676,
4.51025641025641));
#15114=CARTESIAN_POINT('Ctrl Pts',(-20.5932215246064,-10.8071102232147,
4.5974358974359));
#15115=CARTESIAN_POINT('Ctrl Pts',(-13.2107215582317,-19.1398816037942,
4.72820512820513));
#15116=CARTESIAN_POINT('Ctrl Pts',(-2.80342046531045,-23.0866016755058,
4.85897435897436));
#15117=CARTESIAN_POINT('Ctrl Pts',(8.2468927962792,-21.745108510575,4.98974358974358));
#15118=CARTESIAN_POINT('Ctrl Pts',(17.4075596179601,-15.4217544345139,5.12051282051282));
#15119=CARTESIAN_POINT('Ctrl Pts',(22.5805524623824,-5.56561894512464,5.25128205128204));
#15120=CARTESIAN_POINT('Ctrl Pts',(22.5805203244107,5.56560982904085,5.38205128205128));
#15121=CARTESIAN_POINT('Ctrl Pts',(17.4076086275584,15.4217865685138,5.5128205128205));
#15122=CARTESIAN_POINT('Ctrl Pts',(8.24680117363924,21.745036485571,5.64358974358974));
#15123=CARTESIAN_POINT('Ctrl Pts',(-2.80323799570619,23.0867514614063,5.77435897435897));
#15124=CARTESIAN_POINT('Ctrl Pts',(-13.2110946155022,19.1395743494056,5.9051282051282));
#15125=CARTESIAN_POINT('Ctrl Pts',(-20.5924458500452,10.8077493222192,6.03589743589744));
#15126=CARTESIAN_POINT('Ctrl Pts',(-23.2563175334668,7.17443117622954E-15,
6.16666666666667));
#15127=CARTESIAN_POINT('Ctrl Pts',(-20.5924458500453,-10.8077493222191,
6.2974358974359));
#15128=CARTESIAN_POINT('Ctrl Pts',(-13.2110946155022,-19.1395743494056,
6.42820512820513));
#15129=CARTESIAN_POINT('Ctrl Pts',(-2.80323799570623,-23.0867514614063,
6.55897435897435));
#15130=CARTESIAN_POINT('Ctrl Pts',(8.24680117363923,-21.7450364855711,6.68974358974359));
#15131=CARTESIAN_POINT('Ctrl Pts',(17.4076086275583,-15.4217865685138,6.82051282051281));
#15132=CARTESIAN_POINT('Ctrl Pts',(22.5805203244107,-5.56560982904089,6.95128205128205));
#15133=CARTESIAN_POINT('Ctrl Pts',(22.5805524623824,5.56561894512461,7.08205128205127));
#15134=CARTESIAN_POINT('Ctrl Pts',(17.4075596179601,15.4217544345139,7.21282051282051));
#15135=CARTESIAN_POINT('Ctrl Pts',(8.24689279627919,21.745108510575,7.34358974358974));
#15136=CARTESIAN_POINT('Ctrl Pts',(-2.8034204653104,23.0866016755058,7.47435897435897));
#15137=CARTESIAN_POINT('Ctrl Pts',(-13.2107215582317,19.1398816037942,7.6051282051282));
#15138=CARTESIAN_POINT('Ctrl Pts',(-20.5932215246064,10.8071102232147,7.73589743589743));
#15139=CARTESIAN_POINT('Ctrl Pts',(-22.3666666666667,3.60343362488678,7.82307692307692));
#15140=CARTESIAN_POINT('Ctrl Pts',(-22.3666666666667,1.09565066963717E-14,
7.86666666666667));
#15141=CARTESIAN_POINT('Ctrl Pts',(-22.6,0.,4.70000000000001));
#15142=CARTESIAN_POINT('Ctrl Pts',(-22.6,-3.64102533185279,4.74358974358975));
#15143=CARTESIAN_POINT('Ctrl Pts',(-20.8080539399153,-10.9198520586283,
4.83076923076923));
#15144=CARTESIAN_POINT('Ctrl Pts',(-13.3485383256052,-19.3395524998099,
4.96153846153847));
#15145=CARTESIAN_POINT('Ctrl Pts',(-2.83266628238521,-23.3274455081862,
5.09230769230769));
#15146=CARTESIAN_POINT('Ctrl Pts',(8.33292595510774,-21.9719576306556,5.22307692307693));
#15147=CARTESIAN_POINT('Ctrl Pts',(17.5891586005618,-15.5826371186296,5.35384615384615));
#15148=CARTESIAN_POINT('Ctrl Pts',(22.8161170931375,-5.62368054365799,5.48461538461538));
#15149=CARTESIAN_POINT('Ctrl Pts',(22.8160846198964,5.62367133247348,5.61538461538461));
#15150=CARTESIAN_POINT('Ctrl Pts',(17.5892081214375,15.5826695878575,5.74615384615384));
#15151=CARTESIAN_POINT('Ctrl Pts',(8.33283337664293,21.971884854273,5.87692307692309));
#15152=CARTESIAN_POINT('Ctrl Pts',(-2.83248190922325,23.3275968566818,6.00769230769231));
#15153=CARTESIAN_POINT('Ctrl Pts',(-13.3489152746803,19.339242040085,6.13846153846154));
#15154=CARTESIAN_POINT('Ctrl Pts',(-20.8072701733691,10.9204978248355,6.26923076923077));
#15155=CARTESIAN_POINT('Ctrl Pts',(-23.4989318743525,9.56590823497272E-15,
6.4));
#15156=CARTESIAN_POINT('Ctrl Pts',(-20.8072701733691,-10.9204978248354,
6.53076923076924));
#15157=CARTESIAN_POINT('Ctrl Pts',(-13.3489152746804,-19.3392420400849,
6.66153846153847));
#15158=CARTESIAN_POINT('Ctrl Pts',(-2.83248190922328,-23.3275968566818,
6.79230769230769));
#15159=CARTESIAN_POINT('Ctrl Pts',(8.33283337664292,-21.971884854273,6.92307692307693));
#15160=CARTESIAN_POINT('Ctrl Pts',(17.5892081214375,-15.5826695878575,7.05384615384615));
#15161=CARTESIAN_POINT('Ctrl Pts',(22.8160846198964,-5.62367133247349,7.18461538461539));
#15162=CARTESIAN_POINT('Ctrl Pts',(22.8161170931374,5.62368054365794,7.31538461538461));
#15163=CARTESIAN_POINT('Ctrl Pts',(17.5891586005618,15.5826371186296,7.44615384615385));
#15164=CARTESIAN_POINT('Ctrl Pts',(8.33292595510773,21.9719576306555,7.57692307692307));
#15165=CARTESIAN_POINT('Ctrl Pts',(-2.83266628238517,23.3274455081862,7.70769230769232));
#15166=CARTESIAN_POINT('Ctrl Pts',(-13.3485383256052,19.3395524998099,7.83846153846154));
#15167=CARTESIAN_POINT('Ctrl Pts',(-20.8080539399153,10.9198520586283,7.96923076923078));
#15168=CARTESIAN_POINT('Ctrl Pts',(-22.6,3.64102533185281,8.05641025641026));
#15169=CARTESIAN_POINT('Ctrl Pts',(-22.6,1.10708070642921E-14,8.1));
#15170=CARTESIAN_POINT('Ctrl Pts',(21.8983648912859,-3.62149479113394E-6,
4.84999999999998));
#15171=CARTESIAN_POINT('Ctrl Pts',(21.8983626131584,1.76447392949015,4.87179487179486));
#15172=CARTESIAN_POINT('Ctrl Pts',(21.2652280511662,7.0579091067841,4.93717948717947));
#15173=CARTESIAN_POINT('Ctrl Pts',(17.0444096398001,15.1000205298265,5.04615384615383));
#15174=CARTESIAN_POINT('Ctrl Pts',(8.07473676763186,21.2913397481672,5.17692307692307));
#15175=CARTESIAN_POINT('Ctrl Pts',(-2.74475016867208,22.6050606708553,5.30769230769229));
#15176=CARTESIAN_POINT('Ctrl Pts',(-12.935453297146,18.7402389680469,5.43846153846153));
#15177=CARTESIAN_POINT('Ctrl Pts',(-20.1627972033975,10.5822523169866,5.56923076923076));
#15178=CARTESIAN_POINT('Ctrl Pts',(-22.7710888516955,8.37016970560113E-15,
5.69999999999999));
#15179=CARTESIAN_POINT('Ctrl Pts',(-20.1627972033975,-10.5822523169865,
5.83076923076922));
#15180=CARTESIAN_POINT('Ctrl Pts',(-12.935453297146,-18.7402389680469,5.96153846153846));
#15181=CARTESIAN_POINT('Ctrl Pts',(-2.74475016867211,-22.6050606708553,
6.09230769230768));
#15182=CARTESIAN_POINT('Ctrl Pts',(8.07473676763184,-21.2913397481672,6.22307692307691));
#15183=CARTESIAN_POINT('Ctrl Pts',(17.0444096398,-15.1000205298265,6.35384615384614));
#15184=CARTESIAN_POINT('Ctrl Pts',(21.2652280511662,-7.05790910678413,6.4628205128205));
#15185=CARTESIAN_POINT('Ctrl Pts',(21.8983626131584,-1.76447392949019,6.52820512820511));
#15186=CARTESIAN_POINT('Ctrl Pts',(21.8983648912859,3.62149473520645E-6,
6.54999999999998));
#15187=CARTESIAN_POINT('Origin',(2.25946824243217E-15,0.,3.80000000000001));
#15188=CARTESIAN_POINT('Ctrl Pts',(21.8983646087203,-3.64547357106781E-6,
4.65000000000001));
#15189=CARTESIAN_POINT('Ctrl Pts',(21.8983622759612,1.76447389349924,4.67179487179488));
#15190=CARTESIAN_POINT('Ctrl Pts',(21.2652274994961,7.05790904961019,4.7371794871795));
#15191=CARTESIAN_POINT('Ctrl Pts',(17.0444094825645,15.1000202223148,4.84615384615386));
#15192=CARTESIAN_POINT('Ctrl Pts',(8.07473655919122,21.2913394126549,4.97692307692309));
#15193=CARTESIAN_POINT('Ctrl Pts',(-2.74475008434295,22.6050602695947,5.10769230769233));
#15194=CARTESIAN_POINT('Ctrl Pts',(-12.9354530968481,18.7402386559913,5.23846153846155));
#15195=CARTESIAN_POINT('Ctrl Pts',(-20.1627968465072,10.5822521329778,5.36923076923079));
#15196=CARTESIAN_POINT('Ctrl Pts',(-22.7710884732566,1.80130461872622E-14,
5.50000000000002));
#15197=CARTESIAN_POINT('Ctrl Pts',(-20.1627968465072,-10.5822521329777,
5.63076923076925));
#15198=CARTESIAN_POINT('Ctrl Pts',(-12.9354530968482,-18.7402386559913,
5.76153846153847));
#15199=CARTESIAN_POINT('Ctrl Pts',(-2.74475008434299,-22.6050602695947,
5.89230769230771));
#15200=CARTESIAN_POINT('Ctrl Pts',(8.07473655919122,-21.2913394126549,6.02307692307694));
#15201=CARTESIAN_POINT('Ctrl Pts',(17.0444094825644,-15.1000202223148,6.15384615384617));
#15202=CARTESIAN_POINT('Ctrl Pts',(21.2652274994961,-7.05790904961024,6.26282051282052));
#15203=CARTESIAN_POINT('Ctrl Pts',(21.8983622759612,-1.76447389349931,6.32820512820514));
#15204=CARTESIAN_POINT('Ctrl Pts',(21.8983646087202,3.64547349099298E-6,
6.35000000000001));
#15205=CARTESIAN_POINT('Ctrl Pts',(-22.6,0.,3.1));
#15206=CARTESIAN_POINT('Ctrl Pts',(-22.6,-3.64102533185279,3.14358974358975));
#15207=CARTESIAN_POINT('Ctrl Pts',(-20.8080690981403,-10.9198513277216,
3.23076923076924));
#15208=CARTESIAN_POINT('Ctrl Pts',(-13.348532319606,-19.3395525783357,3.36153846153846));
#15209=CARTESIAN_POINT('Ctrl Pts',(-2.83266941444178,-23.3274446602493,
3.49230769230769));
#15210=CARTESIAN_POINT('Ctrl Pts',(8.33292752527062,-21.9719576055936,3.62307692307693));
#15211=CARTESIAN_POINT('Ctrl Pts',(17.5891573793072,-15.5826366157474,3.75384615384615));
#15212=CARTESIAN_POINT('Ctrl Pts',(22.816117195451,-5.62368059603367,3.88461538461538));
#15213=CARTESIAN_POINT('Ctrl Pts',(22.8160839691846,5.62367132514,4.01538461538461));
#15214=CARTESIAN_POINT('Ctrl Pts',(17.5892079591761,15.5826692705166,4.14615384615385));
#15215=CARTESIAN_POINT('Ctrl Pts',(8.33283316153981,21.9718845080366,4.27692307692307));
#15216=CARTESIAN_POINT('Ctrl Pts',(-2.83248182219867,23.3275964425955,4.40769230769232));
#15217=CARTESIAN_POINT('Ctrl Pts',(-13.3489150679803,19.3392417180549,4.53846153846154));
#15218=CARTESIAN_POINT('Ctrl Pts',(-20.8072698050714,10.9204976349451,4.66923076923077));
#15219=CARTESIAN_POINT('Ctrl Pts',(-23.4989314838173,1.08078277123573E-14,
4.80000000000001));
#15220=CARTESIAN_POINT('Ctrl Pts',(-20.8072698050714,-10.9204976349451,
4.93076923076924));
#15221=CARTESIAN_POINT('Ctrl Pts',(-13.3489150679803,-19.3392417180549,
5.06153846153847));
#15222=CARTESIAN_POINT('Ctrl Pts',(-2.8324818221987,-23.3275964425954,5.19230769230769));
#15223=CARTESIAN_POINT('Ctrl Pts',(8.3328331615398,-21.9718845080366,5.32307692307692));
#15224=CARTESIAN_POINT('Ctrl Pts',(17.5892079591761,-15.5826692705167,5.45384615384615));
#15225=CARTESIAN_POINT('Ctrl Pts',(22.8160839691846,-5.62367132514002,5.58461538461538));
#15226=CARTESIAN_POINT('Ctrl Pts',(22.816117195451,5.62368059603365,5.71538461538462));
#15227=CARTESIAN_POINT('Ctrl Pts',(17.5891573793072,15.5826366157474,5.84615384615384));
#15228=CARTESIAN_POINT('Ctrl Pts',(8.33292752527065,21.9719576055937,5.97692307692308));
#15229=CARTESIAN_POINT('Ctrl Pts',(-2.83266941444175,23.3274446602493,6.10769230769231));
#15230=CARTESIAN_POINT('Ctrl Pts',(-13.348532319606,19.3395525783357,6.23846153846154));
#15231=CARTESIAN_POINT('Ctrl Pts',(-20.8080690981402,10.9198513277217,6.36923076923078));
#15232=CARTESIAN_POINT('Ctrl Pts',(-22.6,3.64102533185281,6.45641025641026));
#15233=CARTESIAN_POINT('Ctrl Pts',(-22.6,1.10708070642921E-14,6.50000000000001));
#15234=CARTESIAN_POINT('Ctrl Pts',(-22.3666666666667,0.,3.33333333333334));
#15235=CARTESIAN_POINT('Ctrl Pts',(-22.3666666666667,-3.60343362488675,
3.37692307692309));
#15236=CARTESIAN_POINT('Ctrl Pts',(-20.5932365263305,-10.8071094998543,
3.46410256410257));
#15237=CARTESIAN_POINT('Ctrl Pts',(-13.2107156142413,-19.1398816815092,
3.5948717948718));
#15238=CARTESIAN_POINT('Ctrl Pts',(-2.80342356503014,-23.0866008363235,
3.72564102564103));
#15239=CARTESIAN_POINT('Ctrl Pts',(8.24689435023096,-21.7451084857719,3.85641025641027));
#15240=CARTESIAN_POINT('Ctrl Pts',(17.4075584093143,-15.4217539368238,3.98717948717948));
#15241=CARTESIAN_POINT('Ctrl Pts',(22.5805525636396,-5.56561899695958,4.11794871794872));
#15242=CARTESIAN_POINT('Ctrl Pts',(22.5805196804172,5.56560982178308,4.24871794871794));
#15243=CARTESIAN_POINT('Ctrl Pts',(17.4076084669722,15.4217862544494,4.37948717948719));
#15244=CARTESIAN_POINT('Ctrl Pts',(8.24680096075696,21.7450361429094,4.51025641025641));
#15245=CARTESIAN_POINT('Ctrl Pts',(-2.8032379095801,23.0867510515952,4.64102564102565));
#15246=CARTESIAN_POINT('Ctrl Pts',(-13.2110944109362,19.1395740307004,4.77179487179488));
#15247=CARTESIAN_POINT('Ctrl Pts',(-20.59244548555,10.8077491342893,4.90256410256411));
#15248=CARTESIAN_POINT('Ctrl Pts',(-23.2563171469638,2.16156554247147E-14,
5.03333333333335));
#15249=CARTESIAN_POINT('Ctrl Pts',(-20.59244548555,-10.8077491342893,5.16410256410257));
#15250=CARTESIAN_POINT('Ctrl Pts',(-13.2110944109363,-19.1395740307004,
5.29487179487181));
#15251=CARTESIAN_POINT('Ctrl Pts',(-2.80323790958013,-23.0867510515952,
5.42564102564103));
#15252=CARTESIAN_POINT('Ctrl Pts',(8.24680096075694,-21.7450361429094,5.55641025641026));
#15253=CARTESIAN_POINT('Ctrl Pts',(17.4076084669722,-15.4217862544494,5.68717948717949));
#15254=CARTESIAN_POINT('Ctrl Pts',(22.5805196804172,-5.56560982178311,5.81794871794872));
#15255=CARTESIAN_POINT('Ctrl Pts',(22.5805525636396,5.56561899695955,5.94871794871795));
#15256=CARTESIAN_POINT('Ctrl Pts',(17.4075584093143,15.4217539368237,6.07948717948718));
#15257=CARTESIAN_POINT('Ctrl Pts',(8.24689435023098,21.7451084857719,6.21025641025642));
#15258=CARTESIAN_POINT('Ctrl Pts',(-2.80342356503011,23.0866008363234,6.34102564102564));
#15259=CARTESIAN_POINT('Ctrl Pts',(-13.2107156142413,19.1398816815093,6.47179487179489));
#15260=CARTESIAN_POINT('Ctrl Pts',(-20.5932365263305,10.8071094998543,6.60256410256411));
#15261=CARTESIAN_POINT('Ctrl Pts',(-22.3666666666667,3.60343362488678,6.6897435897436));
#15262=CARTESIAN_POINT('Ctrl Pts',(-22.3666666666667,1.09565066963717E-14,
6.73333333333334));
#15263=CARTESIAN_POINT('Ctrl Pts',(-22.1333333333333,0.,3.56666666666668));
#15264=CARTESIAN_POINT('Ctrl Pts',(-22.1333333333333,-3.56584191792073,
3.61025641025642));
#15265=CARTESIAN_POINT('Ctrl Pts',(-20.3784039545208,-10.694367671987,3.69743589743591));
#15266=CARTESIAN_POINT('Ctrl Pts',(-13.0728989088767,-18.9402107846828,
3.82820512820514));
#15267=CARTESIAN_POINT('Ctrl Pts',(-2.7741777156185,-22.8457570123975,3.95897435897437));
#15268=CARTESIAN_POINT('Ctrl Pts',(8.16086117519129,-21.5182593659501,4.0897435897436));
#15269=CARTESIAN_POINT('Ctrl Pts',(17.2259594393215,-15.2608712579001,4.22051282051283));
#15270=CARTESIAN_POINT('Ctrl Pts',(22.3449879318281,-5.50755739788549,4.35128205128206));
#15271=CARTESIAN_POINT('Ctrl Pts',(22.3449553916498,5.50754831842619,4.48205128205128));
#15272=CARTESIAN_POINT('Ctrl Pts',(17.2260089747684,15.2609032383821,4.61282051282052));
#15273=CARTESIAN_POINT('Ctrl Pts',(8.16076875997409,21.5181877777822,4.74358974358975));
#15274=CARTESIAN_POINT('Ctrl Pts',(-2.77399399696153,22.8459056605949,4.87435897435899));
#15275=CARTESIAN_POINT('Ctrl Pts',(-13.0732737538922,18.9399063433459,5.00512820512821));
#15276=CARTESIAN_POINT('Ctrl Pts',(-20.3776211660286,10.6950006336335,5.13589743589746));
#15277=CARTESIAN_POINT('Ctrl Pts',(-23.0137028101102,1.44104369498098E-14,
5.26666666666668));
#15278=CARTESIAN_POINT('Ctrl Pts',(-20.3776211660286,-10.6950006336335,
5.39743589743591));
#15279=CARTESIAN_POINT('Ctrl Pts',(-13.0732737538922,-18.9399063433458,
5.52820512820514));
#15280=CARTESIAN_POINT('Ctrl Pts',(-2.77399399696156,-22.8459056605949,
5.65897435897437));
#15281=CARTESIAN_POINT('Ctrl Pts',(8.16076875997407,-21.5181877777822,5.78974358974359));
#15282=CARTESIAN_POINT('Ctrl Pts',(17.2260089747683,-15.2609032383821,5.92051282051283));
#15283=CARTESIAN_POINT('Ctrl Pts',(22.3449553916498,-5.50754831842622,6.05128205128205));
#15284=CARTESIAN_POINT('Ctrl Pts',(22.3449879318282,5.50755739788546,6.18205128205129));
#15285=CARTESIAN_POINT('Ctrl Pts',(17.2259594393215,15.2608712579001,6.31282051282052));
#15286=CARTESIAN_POINT('Ctrl Pts',(8.16086117519132,21.5182593659501,6.44358974358976));
#15287=CARTESIAN_POINT('Ctrl Pts',(-2.77417771561848,22.8457570123975,6.57435897435898));
#15288=CARTESIAN_POINT('Ctrl Pts',(-13.0728989088766,18.9402107846828,6.70512820512822));
#15289=CARTESIAN_POINT('Ctrl Pts',(-20.3784039545208,10.694367671987,6.83589743589745));
#15290=CARTESIAN_POINT('Ctrl Pts',(-22.1333333333333,3.56584191792075,6.92307692307694));
#15291=CARTESIAN_POINT('Ctrl Pts',(-22.1333333333333,1.08422063284512E-14,
6.96666666666668));
#15292=CARTESIAN_POINT('Ctrl Pts',(-21.9,0.,3.80000000000002));
#15293=CARTESIAN_POINT('Ctrl Pts',(-21.9,-3.52825021095469,3.84358974358976));
#15294=CARTESIAN_POINT('Ctrl Pts',(-20.1635713827111,-10.5816258441196,
3.93076923076925));
#15295=CARTESIAN_POINT('Ctrl Pts',(-12.935082203512,-18.7405398878563,4.06153846153848));
#15296=CARTESIAN_POINT('Ctrl Pts',(-2.74493186620686,-22.6049131884717,
4.19230769230771));
#15297=CARTESIAN_POINT('Ctrl Pts',(8.07482800015162,-21.2914102461283,4.32307692307693));
#15298=CARTESIAN_POINT('Ctrl Pts',(17.0443604693286,-15.0999885789765,4.45384615384617));
#15299=CARTESIAN_POINT('Ctrl Pts',(22.1094233000167,-5.44949579881139,4.58461538461539));
#15300=CARTESIAN_POINT('Ctrl Pts',(22.1093911028824,5.44948681506928,4.71538461538462));
#15301=CARTESIAN_POINT('Ctrl Pts',(17.0444094825645,15.1000202223148,4.84615384615386));
#15302=CARTESIAN_POINT('Ctrl Pts',(8.07473655919122,21.2913394126549,4.97692307692309));
#15303=CARTESIAN_POINT('Ctrl Pts',(-2.74475008434295,22.6050602695947,5.10769230769233));
#15304=CARTESIAN_POINT('Ctrl Pts',(-12.9354530968481,18.7402386559913,5.23846153846155));
#15305=CARTESIAN_POINT('Ctrl Pts',(-20.1627968465072,10.5822521329778,5.36923076923079));
#15306=CARTESIAN_POINT('Ctrl Pts',(-22.7710884732566,1.80130461872622E-14,
5.50000000000002));
#15307=CARTESIAN_POINT('Ctrl Pts',(-20.1627968465072,-10.5822521329777,
5.63076923076925));
#15308=CARTESIAN_POINT('Ctrl Pts',(-12.9354530968482,-18.7402386559913,
5.76153846153847));
#15309=CARTESIAN_POINT('Ctrl Pts',(-2.74475008434299,-22.6050602695947,
5.89230769230771));
#15310=CARTESIAN_POINT('Ctrl Pts',(8.07473655919122,-21.2913394126549,6.02307692307694));
#15311=CARTESIAN_POINT('Ctrl Pts',(17.0444094825644,-15.1000202223148,6.15384615384617));
#15312=CARTESIAN_POINT('Ctrl Pts',(22.1093911028824,-5.44948681506932,6.28461538461539));
#15313=CARTESIAN_POINT('Ctrl Pts',(22.1094233000167,5.44949579881137,6.41538461538463));
#15314=CARTESIAN_POINT('Ctrl Pts',(17.0443604693286,15.0999885789764,6.54615384615385));
#15315=CARTESIAN_POINT('Ctrl Pts',(8.07482800015164,21.2914102461283,6.67692307692309));
#15316=CARTESIAN_POINT('Ctrl Pts',(-2.74493186620682,22.6049131884717,6.80769230769232));
#15317=CARTESIAN_POINT('Ctrl Pts',(-12.935082203512,18.7405398878563,6.93846153846156));
#15318=CARTESIAN_POINT('Ctrl Pts',(-20.1635713827111,10.5816258441197,7.06923076923079));
#15319=CARTESIAN_POINT('Ctrl Pts',(-21.9,3.52825021095471,7.15641025641028));
#15320=CARTESIAN_POINT('Ctrl Pts',(-21.9,1.07279059605308E-14,7.20000000000002));
#15321=CARTESIAN_POINT('Origin',(3.67393210151572E-16,0.,-6.5));
#15322=CARTESIAN_POINT('',(19.9,2.43704713030323E-15,-6.3));
#15323=CARTESIAN_POINT('',(19.7,2.41255419432028E-15,-6.5));
#15324=CARTESIAN_POINT('Origin',(4.0413253116673E-16,0.,-6.3));
#15325=CARTESIAN_POINT('Origin',(-21.7,0.,-6.29999999999999));
#15326=CARTESIAN_POINT('',(21.7,2.65748355414976E-15,-6.3));
#15327=CARTESIAN_POINT('Origin',(4.04132531166731E-16,0.,-6.29999999999999));
#15328=CARTESIAN_POINT('Origin',(1.16647344223124E-15,0.,-2.15000000000001));
#15329=CARTESIAN_POINT('',(21.7,2.65748355414976E-15,1.99999999999996));
#15330=CARTESIAN_POINT('',(21.7,2.65748355414976E-15,-2.15000000000002));
#15331=CARTESIAN_POINT('Origin',(1.92881435329575E-15,0.,1.99999999999997));
#15332=CARTESIAN_POINT('Origin',(2.01147782557986E-15,0.,2.44999999999998));
#15333=CARTESIAN_POINT('',(22.15,2.71259266011139E-15,2.44999999999998));
#15334=CARTESIAN_POINT('Origin',(24.6999999999999,-24.6999999999999,0.));
#15335=CARTESIAN_POINT('Origin',(16.95,20.9084970647278,0.));
#15336=CARTESIAN_POINT('',(20.9084970647277,16.95,0.));
#15337=CARTESIAN_POINT('Origin',(20.9084970647277,16.95,0.));
#15338=CARTESIAN_POINT('Origin',(20.9084970647278,-16.95,0.));
#15339=CARTESIAN_POINT('',(20.9084970647278,-16.95,0.));
#15340=CARTESIAN_POINT('Origin',(24.6999999999999,-16.95,0.));
#15341=CARTESIAN_POINT('Origin',(-24.7000000000001,-24.7000000000001,0.));
#15342=UNCERTAINTY_MEASURE_WITH_UNIT(LENGTH_MEASURE(0.01),#15346,
'DISTANCE_ACCURACY_VALUE',
'Maximum model space distance between geometric entities at asserted c
onnectivities');
#15343=UNCERTAINTY_MEASURE_WITH_UNIT(LENGTH_MEASURE(0.01),#15346,
'DISTANCE_ACCURACY_VALUE',
'Maximum model space distance between geometric entities at asserted c
onnectivities');
#15344=(
GEOMETRIC_REPRESENTATION_CONTEXT(3)
GLOBAL_UNCERTAINTY_ASSIGNED_CONTEXT((#15342))
GLOBAL_UNIT_ASSIGNED_CONTEXT((#15346,#15348,#15349))
REPRESENTATION_CONTEXT('','3D')
);
#15345=(
GEOMETRIC_REPRESENTATION_CONTEXT(3)
GLOBAL_UNCERTAINTY_ASSIGNED_CONTEXT((#15343))
GLOBAL_UNIT_ASSIGNED_CONTEXT((#15346,#15348,#15349))
REPRESENTATION_CONTEXT('','3D')
);
#15346=(
LENGTH_UNIT()
NAMED_UNIT(*)
SI_UNIT(.MILLI.,.METRE.)
);
#15347=(
LENGTH_UNIT()
NAMED_UNIT(*)
SI_UNIT(.CENTI.,.METRE.)
);
#15348=(
NAMED_UNIT(*)
PLANE_ANGLE_UNIT()
SI_UNIT($,.RADIAN.)
);
#15349=(
NAMED_UNIT(*)
SI_UNIT($,.STERADIAN.)
SOLID_ANGLE_UNIT()
);
#15350=SHAPE_DEFINITION_REPRESENTATION(#15351,#15352);
#15351=PRODUCT_DEFINITION_SHAPE('',$,#15354);
#15352=SHAPE_REPRESENTATION('',(#8724),#15344);
#15353=PRODUCT_DEFINITION_CONTEXT('part definition',#15358,'design');
#15354=PRODUCT_DEFINITION('PRT - 2027 - INSLEND43F-50 - V04',
'PRT - 2027 - INSLEND43F-50 - V04',#15355,#15353);
#15355=PRODUCT_DEFINITION_FORMATION('',$,#15360);
#15356=PRODUCT_RELATED_PRODUCT_CATEGORY(
'PRT - 2027 - INSLEND43F-50 - V04','PRT - 2027 - INSLEND43F-50 - V04',(#15360));
#15357=APPLICATION_PROTOCOL_DEFINITION('international standard',
'automotive_design',2009,#15358);
#15358=APPLICATION_CONTEXT(
'Core Data for Automotive Mechanical Design Process');
#15359=PRODUCT_CONTEXT('part definition',#15358,'mechanical');
#15360=PRODUCT('PRT - 2027 - INSLEND43F-50 - V04',
'PRT - 2027 - INSLEND43F-50 - V04','Insert for lens',(#15359));
#15361=PRESENTATION_STYLE_ASSIGNMENT((#15363));
#15362=PRESENTATION_STYLE_ASSIGNMENT((#15364));
#15363=SURFACE_STYLE_USAGE(.BOTH.,#15369);
#15364=SURFACE_STYLE_USAGE(.BOTH.,#15370);
#15365=SURFACE_STYLE_RENDERING_WITH_PROPERTIES($,#15377,(#15367));
#15366=SURFACE_STYLE_RENDERING_WITH_PROPERTIES($,#15378,(#15368));
#15367=SURFACE_STYLE_TRANSPARENT(0.);
#15368=SURFACE_STYLE_TRANSPARENT(0.);
#15369=SURFACE_SIDE_STYLE('',(#15371,#15365));
#15370=SURFACE_SIDE_STYLE('',(#15372,#15366));
#15371=SURFACE_STYLE_FILL_AREA(#15373);
#15372=SURFACE_STYLE_FILL_AREA(#15374);
#15373=FILL_AREA_STYLE('',(#15375));
#15374=FILL_AREA_STYLE('',(#15376));
#15375=FILL_AREA_STYLE_COLOUR('',#15377);
#15376=FILL_AREA_STYLE_COLOUR('',#15378);
#15377=COLOUR_RGB('',0.92156862745098,0.92156862745098,0.92156862745098);
#15378=COLOUR_RGB('',0.,0.,0.);
ENDSEC;
END-ISO-10303-21;
